lesion_id,image_id,dx,dx_type,age,sex,localization,image_path,split,true_idx,pred_idx,true_class,pred_class,confidence,is_correct,error_pair,prob_akiec,prob_bcc,prob_bkl,prob_df,prob_mel,prob_nv,prob_vasc
HAM_0002761,ISIC_0029176,bkl,histo,60.0,male,face,data/raw/HAM10000_images_part_1/ISIC_0029176.jpg,test,2,1,bkl,bcc,0.4613019,False,bkl → bcc,0.1073978,0.4613019,0.10911385,0.19676124,0.015866298,0.052938893,0.05661999
HAM_0002761,ISIC_0029068,bkl,histo,60.0,male,face,data/raw/HAM10000_images_part_1/ISIC_0029068.jpg,test,2,1,bkl,bcc,0.3412079,False,bkl → bcc,0.08939458,0.3412079,0.106342584,0.2776532,0.01201436,0.08855072,0.084836744
HAM_0005132,ISIC_0025837,bkl,histo,70.0,female,back,data/raw/HAM10000_images_part_1/ISIC_0025837.jpg,test,2,0,bkl,akiec,0.2910548,False,bkl → akiec,0.2910548,0.23747173,0.29026732,0.08142296,0.059105013,0.02515355,0.015524653
HAM_0005132,ISIC_0025209,bkl,histo,70.0,female,back,data/raw/HAM10000_images_part_1/ISIC_0025209.jpg,test,2,2,bkl,bkl,0.3774201,True,bkl → bkl,0.29018614,0.14051186,0.3774201,0.04275743,0.120246045,0.01954606,0.009332457
HAM_0007571,ISIC_0029836,bkl,histo,70.0,male,chest,data/raw/HAM10000_images_part_2/ISIC_0029836.jpg,test,2,1,bkl,bcc,0.44126955,False,bkl → bcc,0.15772168,0.44126955,0.12924331,0.11149269,0.045434903,0.043578602,0.07125924
HAM_0007571,ISIC_0032129,bkl,histo,70.0,male,chest,data/raw/HAM10000_images_part_2/ISIC_0032129.jpg,test,2,1,bkl,bcc,0.20798618,False,bkl → bcc,0.20407331,0.20798618,0.19586843,0.055149607,0.19223487,0.07609345,0.06859422
HAM_0001480,ISIC_0031753,bkl,histo,70.0,male,abdomen,data/raw/HAM10000_images_part_2/ISIC_0031753.jpg,test,2,2,bkl,bkl,0.57185405,True,bkl → bkl,0.05698601,0.02585182,0.57185405,0.039390776,0.15905108,0.13523231,0.011633935
HAM_0001480,ISIC_0026835,bkl,histo,70.0,male,abdomen,data/raw/HAM10000_images_part_1/ISIC_0026835.jpg,test,2,1,bkl,bcc,0.29887804,False,bkl → bcc,0.26114553,0.29887804,0.24325037,0.08811978,0.06572347,0.035195664,0.007687122
HAM_0007409,ISIC_0025076,bkl,histo,50.0,male,upper extremity,data/raw/HAM10000_images_part_1/ISIC_0025076.jpg,test,2,1,bkl,bcc,0.25580847,False,bkl → bcc,0.2084124,0.25580847,0.19452177,0.09662633,0.11142908,0.0938281,0.03937384
HAM_0007409,ISIC_0029687,bkl,histo,50.0,male,upper extremity,data/raw/HAM10000_images_part_2/ISIC_0029687.jpg,test,2,5,bkl,nv,0.33009785,False,bkl → nv,0.07850144,0.09178046,0.18667313,0.09038979,0.1754338,0.33009785,0.047123455
HAM_0007409,ISIC_0025642,bkl,histo,50.0,male,upper extremity,data/raw/HAM10000_images_part_1/ISIC_0025642.jpg,test,2,5,bkl,nv,0.44292524,False,bkl → nv,0.03731297,0.02404996,0.21489894,0.05382622,0.20245387,0.44292524,0.024532797
HAM_0003670,ISIC_0030105,bkl,histo,80.0,female,unknown,data/raw/HAM10000_images_part_2/ISIC_0030105.jpg,test,2,1,bkl,bcc,0.31487298,False,bkl → bcc,0.13744658,0.31487298,0.12635818,0.11357377,0.08100701,0.14461967,0.08212173
HAM_0004641,ISIC_0025099,bkl,histo,60.0,male,abdomen,data/raw/HAM10000_images_part_1/ISIC_0025099.jpg,test,2,5,bkl,nv,0.7706874,False,bkl → nv,0.016427662,0.008397666,0.07856941,0.051385652,0.05415538,0.7706874,0.02037684
HAM_0004641,ISIC_0031485,bkl,histo,60.0,male,abdomen,data/raw/HAM10000_images_part_2/ISIC_0031485.jpg,test,2,5,bkl,nv,0.7930458,False,bkl → nv,0.010951607,0.01126233,0.03573,0.07759972,0.015221425,0.7930458,0.056189105
HAM_0004341,ISIC_0031967,bkl,histo,70.0,female,scalp,data/raw/HAM10000_images_part_2/ISIC_0031967.jpg,test,2,1,bkl,bcc,0.25521192,False,bkl → bcc,0.2382523,0.25521192,0.22960965,0.11000986,0.09017444,0.06335035,0.013391526
HAM_0004341,ISIC_0031584,bkl,histo,70.0,female,scalp,data/raw/HAM10000_images_part_2/ISIC_0031584.jpg,test,2,2,bkl,bkl,0.26391405,True,bkl → bkl,0.1981714,0.23541373,0.26391405,0.15305692,0.04485653,0.08521301,0.019374305
HAM_0001469,ISIC_0029289,bkl,histo,60.0,female,trunk,data/raw/HAM10000_images_part_1/ISIC_0029289.jpg,test,2,5,bkl,nv,0.72115725,False,bkl → nv,0.011793178,0.016199842,0.033741876,0.082368836,0.023080586,0.72115725,0.11165841
HAM_0001469,ISIC_0029912,bkl,histo,60.0,female,trunk,data/raw/HAM10000_images_part_2/ISIC_0029912.jpg,test,2,5,bkl,nv,0.8007089,False,bkl → nv,0.015305117,0.009890452,0.041744534,0.04718911,0.05265653,0.8007089,0.03250536
HAM_0007179,ISIC_0025906,bkl,histo,0.0,female,back,data/raw/HAM10000_images_part_1/ISIC_0025906.jpg,test,2,5,bkl,nv,0.5841082,False,bkl → nv,0.02683958,0.03130423,0.1327812,0.068142675,0.11820458,0.5841082,0.038619567
HAM_0007179,ISIC_0027151,bkl,histo,0.0,female,back,data/raw/HAM10000_images_part_1/ISIC_0027151.jpg,test,2,5,bkl,nv,0.43383896,False,bkl → nv,0.017905422,0.11833181,0.046413355,0.13312784,0.027971108,0.43383896,0.22241142
HAM_0005077,ISIC_0028646,bkl,histo,75.0,male,upper extremity,data/raw/HAM10000_images_part_1/ISIC_0028646.jpg,test,2,2,bkl,bkl,0.40021598,True,bkl → bkl,0.094345056,0.061355215,0.40021598,0.05810294,0.19124871,0.16902377,0.025708295
HAM_0006654,ISIC_0033691,bkl,histo,75.0,male,back,data/raw/HAM10000_images_part_2/ISIC_0033691.jpg,test,2,5,bkl,nv,0.56081545,False,bkl → nv,0.035991177,0.027931878,0.15621457,0.065859474,0.1247178,0.56081545,0.028469667
HAM_0006654,ISIC_0033910,bkl,histo,75.0,male,back,data/raw/HAM10000_images_part_2/ISIC_0033910.jpg,test,2,5,bkl,nv,0.53390086,False,bkl → nv,0.047105394,0.057073917,0.14614518,0.089478016,0.08880903,0.53390086,0.037487634
HAM_0006654,ISIC_0032556,bkl,histo,75.0,male,back,data/raw/HAM10000_images_part_2/ISIC_0032556.jpg,test,2,5,bkl,nv,0.37128657,False,bkl → nv,0.0289317,0.016558379,0.34882784,0.046513364,0.17343043,0.37128657,0.014451641
HAM_0003743,ISIC_0033646,bkl,histo,50.0,male,upper extremity,data/raw/HAM10000_images_part_2/ISIC_0033646.jpg,test,2,2,bkl,bkl,0.43967143,True,bkl → bkl,0.08428597,0.042779174,0.43967143,0.03388213,0.2615687,0.11663092,0.021181745
HAM_0003743,ISIC_0033592,bkl,histo,50.0,male,upper extremity,data/raw/HAM10000_images_part_2/ISIC_0033592.jpg,test,2,2,bkl,bkl,0.2550569,True,bkl → bkl,0.17226493,0.14118451,0.2550569,0.05725976,0.23258892,0.10514361,0.036501344
HAM_0003743,ISIC_0033899,bkl,histo,50.0,male,upper extremity,data/raw/HAM10000_images_part_2/ISIC_0033899.jpg,test,2,2,bkl,bkl,0.4944296,True,bkl → bkl,0.14142708,0.07257073,0.4944296,0.05361115,0.16485383,0.06242141,0.01068627
HAM_0006938,ISIC_0033716,bkl,histo,45.0,male,face,data/raw/HAM10000_images_part_2/ISIC_0033716.jpg,test,2,2,bkl,bkl,0.31940642,True,bkl → bkl,0.17103355,0.15651228,0.31940642,0.121218346,0.11204536,0.0977863,0.02199767
HAM_0006938,ISIC_0034011,bkl,histo,45.0,male,face,data/raw/HAM10000_images_part_2/ISIC_0034011.jpg,test,2,5,bkl,nv,0.30994794,False,bkl → nv,0.077524096,0.18291202,0.15646759,0.10187374,0.11780521,0.30994794,0.053469393
HAM_0006938,ISIC_0033613,bkl,histo,45.0,male,face,data/raw/HAM10000_images_part_2/ISIC_0033613.jpg,test,2,5,bkl,nv,0.4001013,False,bkl → nv,0.055560794,0.059597146,0.20424645,0.07453509,0.16755572,0.4001013,0.038403478
HAM_0000802,ISIC_0033437,bkl,histo,60.0,female,lower extremity,data/raw/HAM10000_images_part_2/ISIC_0033437.jpg,test,2,5,bkl,nv,0.5041701,False,bkl → nv,0.02897811,0.012760351,0.100867204,0.035100907,0.29676607,0.5041701,0.021357212
HAM_0000802,ISIC_0033195,bkl,histo,60.0,female,lower extremity,data/raw/HAM10000_images_part_2/ISIC_0033195.jpg,test,2,5,bkl,nv,0.44783047,False,bkl → nv,0.038519893,0.019941518,0.12632672,0.041526835,0.29911706,0.44783047,0.026737506
HAM_0000802,ISIC_0032553,bkl,histo,60.0,female,lower extremity,data/raw/HAM10000_images_part_2/ISIC_0032553.jpg,test,2,4,bkl,mel,0.45865834,False,bkl → mel,0.037536807,0.014596474,0.09475782,0.026420394,0.45865834,0.3457647,0.022265458
HAM_0003050,ISIC_0033744,bkl,histo,70.0,male,face,data/raw/HAM10000_images_part_2/ISIC_0033744.jpg,test,2,2,bkl,bkl,0.3292638,True,bkl → bkl,0.20164165,0.16959839,0.3292638,0.09080786,0.119528815,0.07470023,0.014459238
HAM_0003050,ISIC_0033659,bkl,histo,70.0,male,face,data/raw/HAM10000_images_part_2/ISIC_0033659.jpg,test,2,2,bkl,bkl,0.28184718,True,bkl → bkl,0.18731809,0.20323361,0.28184718,0.14137073,0.04954944,0.11015857,0.026522456
HAM_0007341,ISIC_0032898,bkl,histo,50.0,female,lower extremity,data/raw/HAM10000_images_part_2/ISIC_0032898.jpg,test,2,5,bkl,nv,0.3215934,False,bkl → nv,0.07567755,0.063231856,0.16039075,0.058954377,0.27394116,0.3215934,0.04621099
HAM_0007341,ISIC_0033488,bkl,histo,50.0,female,lower extremity,data/raw/HAM10000_images_part_2/ISIC_0033488.jpg,test,2,5,bkl,nv,0.46797353,False,bkl → nv,0.042479955,0.038904086,0.14825526,0.061431754,0.20273684,0.46797353,0.038218535
HAM_0007341,ISIC_0033758,bkl,histo,50.0,female,lower extremity,data/raw/HAM10000_images_part_2/ISIC_0033758.jpg,test,2,5,bkl,nv,0.7240948,False,bkl → nv,0.022131387,0.019202657,0.059432164,0.055079106,0.08188364,0.7240948,0.038176194
HAM_0001384,ISIC_0033397,bkl,histo,70.0,male,back,data/raw/HAM10000_images_part_2/ISIC_0033397.jpg,test,2,2,bkl,bkl,0.47918123,True,bkl → bkl,0.04147651,0.020915708,0.47918123,0.040896397,0.18217714,0.2206344,0.014718628
HAM_0001384,ISIC_0033414,bkl,histo,70.0,male,back,data/raw/HAM10000_images_part_2/ISIC_0033414.jpg,test,2,2,bkl,bkl,0.36348823,True,bkl → bkl,0.12034758,0.06590608,0.36348823,0.04380815,0.26522917,0.115947805,0.025272992
HAM_0001384,ISIC_0034113,bkl,histo,70.0,male,back,data/raw/HAM10000_images_part_2/ISIC_0034113.jpg,test,2,2,bkl,bkl,0.4807599,True,bkl → bkl,0.04142806,0.020670732,0.4807599,0.040103134,0.18764742,0.21506101,0.01432982
HAM_0004555,ISIC_0034259,bkl,histo,75.0,male,lower extremity,data/raw/HAM10000_images_part_2/ISIC_0034259.jpg,test,2,5,bkl,nv,0.45376974,False,bkl → nv,0.04286599,0.03755653,0.11409269,0.05477321,0.24732202,0.45376974,0.04961977
HAM_0004555,ISIC_0033446,bkl,histo,75.0,male,lower extremity,data/raw/HAM10000_images_part_2/ISIC_0033446.jpg,test,2,4,bkl,mel,0.30109715,False,bkl → mel,0.13215491,0.086332634,0.28177854,0.043815278,0.30109715,0.120537885,0.03428355
HAM_0004555,ISIC_0033200,bkl,histo,75.0,male,lower extremity,data/raw/HAM10000_images_part_2/ISIC_0033200.jpg,test,2,5,bkl,nv,0.3840296,False,bkl → nv,0.06352497,0.07139841,0.18174182,0.07905794,0.175417,0.3840296,0.044830263
HAM_0004029,ISIC_0029472,bkl,histo,65.0,male,upper extremity,data/raw/HAM10000_images_part_2/ISIC_0029472.jpg,test,2,4,bkl,mel,0.48870632,False,bkl → mel,0.01854408,0.004266224,0.10800755,0.016221065,0.48870632,0.35537753,0.008877323
HAM_0004029,ISIC_0029682,bkl,histo,65.0,male,upper extremity,data/raw/HAM10000_images_part_2/ISIC_0029682.jpg,test,2,4,bkl,mel,0.59448045,False,bkl → mel,0.020497696,0.0040896498,0.10580227,0.012239535,0.59448045,0.2552297,0.0076607037
HAM_0004406,ISIC_0034125,bkl,histo,80.0,male,back,data/raw/HAM10000_images_part_2/ISIC_0034125.jpg,test,2,5,bkl,nv,0.66345006,False,bkl → nv,0.020266503,0.009534416,0.051627368,0.033641137,0.19348012,0.66345006,0.028000386
HAM_0004406,ISIC_0033060,bkl,histo,80.0,male,back,data/raw/HAM10000_images_part_2/ISIC_0033060.jpg,test,2,4,bkl,mel,0.34396932,False,bkl → mel,0.08492715,0.049407665,0.17341895,0.047386684,0.34396932,0.26412147,0.036768783
HAM_0001738,ISIC_0027218,bkl,histo,50.0,female,lower extremity,data/raw/HAM10000_images_part_1/ISIC_0027218.jpg,test,2,5,bkl,nv,0.40141076,False,bkl → nv,0.030684326,0.02027965,0.34669146,0.059561584,0.122228205,0.40141076,0.01914404
HAM_0006697,ISIC_0030272,bkl,histo,50.0,female,trunk,data/raw/HAM10000_images_part_2/ISIC_0030272.jpg,test,2,1,bkl,bcc,0.4609874,False,bkl → bcc,0.030299425,0.4609874,0.04881099,0.22936058,0.0072435914,0.10122525,0.1220727
HAM_0001562,ISIC_0027713,bkl,histo,80.0,male,face,data/raw/HAM10000_images_part_1/ISIC_0027713.jpg,test,2,2,bkl,bkl,0.54326046,True,bkl → bkl,0.19530177,0.06557101,0.54326046,0.027695337,0.14746596,0.016282996,0.004422526
HAM_0003293,ISIC_0029010,bkl,histo,55.0,male,back,data/raw/HAM10000_images_part_1/ISIC_0029010.jpg,test,2,2,bkl,bkl,0.5683335,True,bkl → bkl,0.13063398,0.04651385,0.5683335,0.02610033,0.18960124,0.031221742,0.007595317
HAM_0001995,ISIC_0024581,bkl,histo,40.0,male,lower extremity,data/raw/HAM10000_images_part_1/ISIC_0024581.jpg,test,2,2,bkl,bkl,0.5197583,True,bkl → bkl,0.16151336,0.06729329,0.5197583,0.034237795,0.17604929,0.03310138,0.008046654
HAM_0004947,ISIC_0029003,bkl,histo,75.0,male,abdomen,data/raw/HAM10000_images_part_1/ISIC_0029003.jpg,test,2,5,bkl,nv,0.4401832,False,bkl → nv,0.050521474,0.057483245,0.18778859,0.07932877,0.14019048,0.4401832,0.044504225
HAM_0004947,ISIC_0024711,bkl,histo,75.0,male,abdomen,data/raw/HAM10000_images_part_1/ISIC_0024711.jpg,test,2,5,bkl,nv,0.5070355,False,bkl → nv,0.03916137,0.032482278,0.11852538,0.05503613,0.21042782,0.5070355,0.037331555
HAM_0003000,ISIC_0025326,bkl,histo,50.0,female,upper extremity,data/raw/HAM10000_images_part_1/ISIC_0025326.jpg,test,2,2,bkl,bkl,0.26890025,True,bkl → bkl,0.16295044,0.14617194,0.26890025,0.07119055,0.19841297,0.1235529,0.028821036
HAM_0002078,ISIC_0027042,bkl,histo,60.0,female,lower extremity,data/raw/HAM10000_images_part_1/ISIC_0027042.jpg,test,2,4,bkl,mel,0.5330786,False,bkl → mel,0.07719748,0.018835895,0.28273723,0.013787857,0.5330786,0.06552515,0.0088378135
HAM_0003752,ISIC_0028308,bkl,histo,50.0,female,chest,data/raw/HAM10000_images_part_1/ISIC_0028308.jpg,test,2,1,bkl,bcc,0.4179901,False,bkl → bcc,0.172101,0.4179901,0.13793541,0.13974412,0.035633262,0.049947206,0.046648953
HAM_0000364,ISIC_0024505,bkl,histo,40.0,female,face,data/raw/HAM10000_images_part_1/ISIC_0024505.jpg,test,2,2,bkl,bkl,0.2583198,True,bkl → bkl,0.1325909,0.10805835,0.2583198,0.05534908,0.25708112,0.1479012,0.040699467
HAM_0002988,ISIC_0025337,bkl,histo,35.0,male,face,data/raw/HAM10000_images_part_1/ISIC_0025337.jpg,test,2,2,bkl,bkl,0.5140966,True,bkl → bkl,0.14690278,0.078220904,0.5140966,0.052035555,0.14456034,0.05413877,0.010045015
HAM_0006987,ISIC_0027649,bkl,histo,85.0,female,upper extremity,data/raw/HAM10000_images_part_1/ISIC_0027649.jpg,test,2,2,bkl,bkl,0.3259702,True,bkl → bkl,0.073570356,0.06181985,0.3259702,0.06336387,0.1866305,0.25474817,0.03389696
HAM_0005325,ISIC_0024971,bkl,histo,50.0,male,neck,data/raw/HAM10000_images_part_1/ISIC_0024971.jpg,test,2,2,bkl,bkl,0.3261161,True,bkl → bkl,0.2177464,0.14891215,0.3261161,0.054737546,0.17437007,0.056913298,0.021204399
HAM_0003689,ISIC_0025874,bkl,histo,80.0,male,upper extremity,data/raw/HAM10000_images_part_1/ISIC_0025874.jpg,test,2,2,bkl,bkl,0.36215794,True,bkl → bkl,0.1288586,0.07222195,0.36215794,0.041567333,0.27474388,0.09617744,0.02427286
HAM_0004928,ISIC_0031424,bkl,histo,65.0,male,neck,data/raw/HAM10000_images_part_2/ISIC_0031424.jpg,test,2,5,bkl,nv,0.23391752,False,bkl → nv,0.11227473,0.166427,0.20656273,0.09395354,0.14638929,0.23391752,0.040475227
HAM_0004928,ISIC_0029770,bkl,histo,65.0,male,neck,data/raw/HAM10000_images_part_2/ISIC_0029770.jpg,test,2,2,bkl,bkl,0.24553788,True,bkl → bkl,0.20489445,0.160522,0.24553788,0.05835894,0.21211952,0.0871951,0.031372163
HAM_0006541,ISIC_0024883,bkl,histo,35.0,female,lower extremity,data/raw/HAM10000_images_part_1/ISIC_0024883.jpg,test,2,5,bkl,nv,0.6922138,False,bkl → nv,0.009841559,0.017714396,0.02702921,0.10994375,0.010080625,0.6922138,0.13317667
HAM_0006472,ISIC_0027394,bkl,histo,75.0,male,back,data/raw/HAM10000_images_part_1/ISIC_0027394.jpg,test,2,1,bkl,bcc,0.37514004,False,bkl → bcc,0.12254479,0.37514004,0.17120297,0.13743049,0.052309573,0.116657905,0.02471426
HAM_0003913,ISIC_0027295,bkl,histo,60.0,male,hand,data/raw/HAM10000_images_part_1/ISIC_0027295.jpg,test,2,2,bkl,bkl,0.3027415,True,bkl → bkl,0.14440796,0.093244605,0.3027415,0.046761915,0.27733588,0.106073394,0.029434744
HAM_0000933,ISIC_0024358,bkl,histo,60.0,female,back,data/raw/HAM10000_images_part_1/ISIC_0024358.jpg,test,2,2,bkl,bkl,0.20593211,True,bkl → bkl,0.1574507,0.16156074,0.20593211,0.07023666,0.20526947,0.1538966,0.04565369
HAM_0000933,ISIC_0027771,bkl,histo,60.0,female,back,data/raw/HAM10000_images_part_1/ISIC_0027771.jpg,test,2,2,bkl,bkl,0.31355038,True,bkl → bkl,0.13264176,0.088538274,0.31355038,0.06113094,0.2277271,0.14722632,0.02918511
HAM_0003420,ISIC_0024748,bkl,histo,45.0,male,abdomen,data/raw/HAM10000_images_part_1/ISIC_0024748.jpg,test,2,5,bkl,nv,0.5242999,False,bkl → nv,0.03114597,0.026178138,0.06709904,0.03893003,0.2711541,0.5242999,0.041192845
HAM_0005546,ISIC_0029519,bkl,histo,60.0,male,back,data/raw/HAM10000_images_part_2/ISIC_0029519.jpg,test,2,2,bkl,bkl,0.45038798,True,bkl → bkl,0.18078418,0.07775995,0.45038798,0.038217735,0.20589845,0.038050245,0.008901593
HAM_0000782,ISIC_0030723,bkl,histo,75.0,female,face,data/raw/HAM10000_images_part_2/ISIC_0030723.jpg,test,2,2,bkl,bkl,0.43945703,True,bkl → bkl,0.15588333,0.07966937,0.43945703,0.040357854,0.21328263,0.056104943,0.015244863
HAM_0001562,ISIC_0029789,bkl,histo,80.0,male,face,data/raw/HAM10000_images_part_2/ISIC_0029789.jpg,test,2,0,bkl,akiec,0.3572277,False,bkl → akiec,0.3572277,0.14619385,0.35212284,0.03657872,0.09149289,0.010297836,0.006086211
HAM_0004400,ISIC_0030026,bkl,histo,75.0,female,face,data/raw/HAM10000_images_part_2/ISIC_0030026.jpg,test,2,2,bkl,bkl,0.30242637,True,bkl → bkl,0.1324419,0.08386903,0.30242637,0.04849706,0.2764092,0.1265617,0.02979475
HAM_0003840,ISIC_0027801,bkl,histo,55.0,female,face,data/raw/HAM10000_images_part_1/ISIC_0027801.jpg,test,2,2,bkl,bkl,0.3221577,True,bkl → bkl,0.19952776,0.20444663,0.3221577,0.12897126,0.052632533,0.07054202,0.021722047
HAM_0006580,ISIC_0025376,bkl,histo,75.0,male,back,data/raw/HAM10000_images_part_1/ISIC_0025376.jpg,test,2,1,bkl,bcc,0.21195813,False,bkl → bcc,0.19901818,0.21195813,0.20428601,0.11054302,0.10022662,0.13159929,0.04236885
HAM_0001605,ISIC_0024422,bkl,histo,75.0,male,upper extremity,data/raw/HAM10000_images_part_1/ISIC_0024422.jpg,test,2,1,bkl,bcc,0.3354227,False,bkl → bcc,0.14633334,0.3354227,0.2078191,0.15513165,0.04247104,0.083917454,0.02890474
HAM_0001809,ISIC_0029897,bkl,histo,80.0,female,unknown,data/raw/HAM10000_images_part_2/ISIC_0029897.jpg,test,2,2,bkl,bkl,0.48239928,True,bkl → bkl,0.20922464,0.061376527,0.48239928,0.019768534,0.20846201,0.013688183,0.0050808424
HAM_0001815,ISIC_0024970,bkl,histo,85.0,male,chest,data/raw/HAM10000_images_part_1/ISIC_0024970.jpg,test,2,2,bkl,bkl,0.3561607,True,bkl → bkl,0.1744615,0.097095646,0.3561607,0.039122157,0.2543586,0.06006423,0.018737154
HAM_0001605,ISIC_0028881,bkl,histo,75.0,male,upper extremity,data/raw/HAM10000_images_part_1/ISIC_0028881.jpg,test,2,5,bkl,nv,0.41512293,False,bkl → nv,0.07766845,0.110874824,0.1526391,0.11383924,0.08208006,0.41512293,0.0477755
HAM_0001958,ISIC_0029580,bkl,histo,60.0,female,face,data/raw/HAM10000_images_part_2/ISIC_0029580.jpg,test,2,0,bkl,akiec,0.37591544,False,bkl → akiec,0.37591544,0.22310178,0.27793494,0.051214617,0.054058515,0.010628821,0.0071458607
HAM_0000207,ISIC_0027451,bkl,histo,75.0,female,chest,data/raw/HAM10000_images_part_1/ISIC_0027451.jpg,test,2,4,bkl,mel,0.30134898,False,bkl → mel,0.115723714,0.067430794,0.2697876,0.059593834,0.30134898,0.16478962,0.02132552
HAM_0006827,ISIC_0031702,bkl,histo,70.0,male,face,data/raw/HAM10000_images_part_2/ISIC_0031702.jpg,test,2,0,bkl,akiec,0.3948789,False,bkl → akiec,0.3948789,0.28341424,0.19738643,0.04460117,0.06321471,0.010973289,0.005531317
HAM_0004143,ISIC_0029031,bkl,histo,50.0,male,chest,data/raw/HAM10000_images_part_1/ISIC_0029031.jpg,test,2,2,bkl,bkl,0.33053863,True,bkl → bkl,0.15655391,0.09435762,0.33053863,0.04199,0.26937276,0.08165828,0.025528712
HAM_0002400,ISIC_0024772,bkl,histo,70.0,male,lower extremity,data/raw/HAM10000_images_part_1/ISIC_0024772.jpg,test,2,5,bkl,nv,0.43770412,False,bkl → nv,0.052383296,0.11197395,0.1372741,0.107048504,0.091911204,0.43770412,0.061704777
HAM_0000973,ISIC_0025222,bkl,histo,65.0,female,face,data/raw/HAM10000_images_part_1/ISIC_0025222.jpg,test,2,2,bkl,bkl,0.4972347,True,bkl → bkl,0.12488859,0.08497672,0.4972347,0.09019695,0.08810695,0.10432202,0.010274031
HAM_0004010,ISIC_0031061,bkl,histo,60.0,male,back,data/raw/HAM10000_images_part_2/ISIC_0031061.jpg,test,2,4,bkl,mel,0.32989964,False,bkl → mel,0.10806681,0.06742888,0.25360367,0.043423902,0.32989964,0.16146612,0.03611103
HAM_0006541,ISIC_0025064,bkl,histo,35.0,female,lower extremity,data/raw/HAM10000_images_part_1/ISIC_0025064.jpg,test,2,5,bkl,nv,0.51023823,False,bkl → nv,0.017613545,0.06375381,0.03754812,0.14277735,0.016673714,0.51023823,0.2113953
HAM_0004801,ISIC_0030365,bkl,histo,50.0,male,back,data/raw/HAM10000_images_part_2/ISIC_0030365.jpg,test,2,4,bkl,mel,0.4672785,False,bkl → mel,0.10914631,0.03425393,0.28989172,0.018723423,0.4672785,0.06686686,0.013839242
HAM_0005053,ISIC_0024761,bkl,histo,65.0,male,face,data/raw/HAM10000_images_part_1/ISIC_0024761.jpg,test,2,2,bkl,bkl,0.2826473,True,bkl → bkl,0.10096047,0.17907901,0.2826473,0.22092994,0.0374155,0.15169862,0.0272691
HAM_0002357,ISIC_0031783,bkl,histo,70.0,male,neck,data/raw/HAM10000_images_part_2/ISIC_0031783.jpg,test,2,2,bkl,bkl,0.38916597,True,bkl → bkl,0.07920861,0.028678939,0.38916597,0.023557136,0.36944523,0.09424324,0.015700852
HAM_0002357,ISIC_0030137,bkl,histo,70.0,male,neck,data/raw/HAM10000_images_part_2/ISIC_0030137.jpg,test,2,4,bkl,mel,0.43157482,False,bkl → mel,0.08802202,0.02291765,0.3816806,0.014484574,0.43157482,0.05151087,0.0098093925
HAM_0000425,ISIC_0026947,bkl,histo,50.0,male,scalp,data/raw/HAM10000_images_part_1/ISIC_0026947.jpg,test,2,5,bkl,nv,0.28663835,False,bkl → nv,0.09883834,0.17069757,0.16905311,0.0838272,0.14462191,0.28663835,0.04632354
HAM_0000425,ISIC_0024839,bkl,histo,50.0,male,scalp,data/raw/HAM10000_images_part_1/ISIC_0024839.jpg,test,2,4,bkl,mel,0.32810107,False,bkl → mel,0.14282776,0.10333082,0.2022622,0.04426856,0.32810107,0.14118545,0.0380242
HAM_0002400,ISIC_0026316,bkl,histo,70.0,male,lower extremity,data/raw/HAM10000_images_part_1/ISIC_0026316.jpg,test,2,5,bkl,nv,0.48100573,False,bkl → nv,0.04402387,0.05281712,0.19747755,0.09333293,0.086898424,0.48100573,0.044444412
HAM_0002548,ISIC_0027470,bkl,histo,50.0,female,lower extremity,data/raw/HAM10000_images_part_1/ISIC_0027470.jpg,test,2,5,bkl,nv,0.34090608,False,bkl → nv,0.050243072,0.1320083,0.12152819,0.2512214,0.01866607,0.34090608,0.08542688
HAM_0001094,ISIC_0031150,bkl,histo,70.0,female,upper extremity,data/raw/HAM10000_images_part_2/ISIC_0031150.jpg,test,2,2,bkl,bkl,0.59577,True,bkl → bkl,0.08014525,0.033106823,0.59577,0.031810295,0.17825672,0.06976929,0.01114151
HAM_0006622,ISIC_0026072,bkl,histo,45.0,male,face,data/raw/HAM10000_images_part_1/ISIC_0026072.jpg,test,2,1,bkl,bcc,0.5146166,False,bkl → bcc,0.21043175,0.5146166,0.11881338,0.11392372,0.013679084,0.012409122,0.016126284
HAM_0006622,ISIC_0025939,bkl,histo,45.0,male,face,data/raw/HAM10000_images_part_1/ISIC_0025939.jpg,test,2,2,bkl,bkl,0.42103606,True,bkl → bkl,0.10040656,0.08941872,0.42103606,0.08041191,0.13214897,0.15525301,0.021324852
HAM_0006670,ISIC_0027335,bkl,histo,75.0,male,back,data/raw/HAM10000_images_part_1/ISIC_0027335.jpg,test,2,4,bkl,mel,0.28420812,False,bkl → mel,0.11410297,0.0944568,0.17481731,0.057698403,0.28420812,0.22383709,0.050879333
HAM_0002548,ISIC_0028656,bkl,histo,50.0,female,lower extremity,data/raw/HAM10000_images_part_1/ISIC_0028656.jpg,test,2,5,bkl,nv,0.49337167,False,bkl → nv,0.04435615,0.07988555,0.1506783,0.12115946,0.05630816,0.49337167,0.05424072
HAM_0002358,ISIC_0028650,bkl,histo,85.0,female,face,data/raw/HAM10000_images_part_1/ISIC_0028650.jpg,test,2,0,bkl,akiec,0.35108224,False,bkl → akiec,0.35108224,0.16651389,0.34299204,0.041186035,0.07996543,0.011295609,0.006964729
HAM_0002358,ISIC_0027973,bkl,histo,85.0,female,face,data/raw/HAM10000_images_part_1/ISIC_0027973.jpg,test,2,2,bkl,bkl,0.48426053,True,bkl → bkl,0.19073918,0.08641463,0.48426053,0.041630544,0.15871727,0.030661026,0.0075767813
HAM_0004908,ISIC_0031138,bkl,histo,45.0,female,hand,data/raw/HAM10000_images_part_2/ISIC_0031138.jpg,test,2,2,bkl,bkl,0.46139872,True,bkl → bkl,0.1651499,0.09338604,0.46139872,0.05495794,0.15676892,0.05610462,0.012233914
HAM_0004908,ISIC_0028710,bkl,histo,45.0,female,hand,data/raw/HAM10000_images_part_1/ISIC_0028710.jpg,test,2,2,bkl,bkl,0.45461965,True,bkl → bkl,0.16632937,0.09754092,0.45461965,0.05916001,0.1504061,0.059088554,0.012855394
HAM_0006181,ISIC_0026961,bkl,histo,65.0,male,upper extremity,data/raw/HAM10000_images_part_1/ISIC_0026961.jpg,test,2,2,bkl,bkl,0.45372522,True,bkl → bkl,0.17654887,0.08433064,0.45372522,0.03765365,0.1958694,0.039916947,0.011955292
HAM_0006181,ISIC_0030849,bkl,histo,65.0,male,upper extremity,data/raw/HAM10000_images_part_2/ISIC_0030849.jpg,test,2,2,bkl,bkl,0.28174824,True,bkl → bkl,0.14745922,0.11456384,0.28174824,0.060851507,0.23468234,0.12841359,0.032281235
HAM_0006472,ISIC_0029032,bkl,histo,75.0,male,back,data/raw/HAM10000_images_part_1/ISIC_0029032.jpg,test,2,2,bkl,bkl,0.45601368,True,bkl → bkl,0.14775383,0.11456029,0.45601368,0.07431322,0.11826972,0.0769338,0.012155494
HAM_0006541,ISIC_0025040,bkl,histo,35.0,female,lower extremity,data/raw/HAM10000_images_part_1/ISIC_0025040.jpg,test,2,5,bkl,nv,0.7418442,False,bkl → nv,0.013705657,0.017093645,0.04415687,0.08235199,0.026101807,0.7418442,0.07474586
HAM_0006732,ISIC_0024336,bkl,histo,50.0,female,lower extremity,data/raw/HAM10000_images_part_1/ISIC_0024336.jpg,test,2,2,bkl,bkl,0.41041547,True,bkl → bkl,0.12941268,0.08476898,0.41041547,0.057231974,0.19277845,0.10456308,0.020829521
HAM_0006737,ISIC_0029302,bkl,histo,45.0,female,face,data/raw/HAM10000_images_part_1/ISIC_0029302.jpg,test,2,2,bkl,bkl,0.51128453,True,bkl → bkl,0.053193096,0.0257891,0.51128453,0.05207349,0.15542777,0.18943307,0.012798971
HAM_0003205,ISIC_0031287,bkl,histo,75.0,female,lower extremity,data/raw/HAM10000_images_part_2/ISIC_0031287.jpg,test,2,2,bkl,bkl,0.29562375,True,bkl → bkl,0.16203438,0.19931449,0.29562375,0.10945747,0.10355729,0.11033965,0.019673044
HAM_0001722,ISIC_0030976,bkl,histo,60.0,male,back,data/raw/HAM10000_images_part_2/ISIC_0030976.jpg,test,2,0,bkl,akiec,0.37640777,False,bkl → akiec,0.37640777,0.28288028,0.19686618,0.06505478,0.05392951,0.014227647,0.010633905
HAM_0000893,ISIC_0026409,bkl,histo,70.0,male,lower extremity,data/raw/HAM10000_images_part_1/ISIC_0026409.jpg,test,2,2,bkl,bkl,0.32297066,True,bkl → bkl,0.14774466,0.10061855,0.32297066,0.057020288,0.2400568,0.10682951,0.024759522
HAM_0000893,ISIC_0025345,bkl,histo,70.0,male,lower extremity,data/raw/HAM10000_images_part_1/ISIC_0025345.jpg,test,2,5,bkl,nv,0.2597024,False,bkl → nv,0.09043858,0.113293484,0.25304744,0.088542566,0.15424722,0.2597024,0.040728297
HAM_0000893,ISIC_0032303,bkl,histo,70.0,male,lower extremity,data/raw/HAM10000_images_part_2/ISIC_0032303.jpg,test,2,5,bkl,nv,0.23866652,False,bkl → nv,0.10496009,0.18581364,0.20674895,0.108278766,0.11759804,0.23866652,0.037934113
HAM_0000893,ISIC_0032103,bkl,histo,70.0,male,lower extremity,data/raw/HAM10000_images_part_2/ISIC_0032103.jpg,test,2,1,bkl,bcc,0.27366257,False,bkl → bcc,0.14384104,0.27366257,0.2220511,0.12947614,0.0787077,0.12923312,0.023028346
HAM_0000893,ISIC_0024825,bkl,histo,70.0,male,lower extremity,data/raw/HAM10000_images_part_1/ISIC_0024825.jpg,test,2,2,bkl,bkl,0.2501953,True,bkl → bkl,0.2304733,0.18283571,0.2501953,0.066917084,0.18360615,0.06518803,0.02078445
HAM_0001725,ISIC_0027509,bkl,histo,60.0,female,face,data/raw/HAM10000_images_part_1/ISIC_0027509.jpg,test,2,2,bkl,bkl,0.49940628,True,bkl → bkl,0.12471269,0.049867406,0.49940628,0.031291246,0.22981626,0.05220718,0.012699029
HAM_0001240,ISIC_0026871,bkl,histo,55.0,male,face,data/raw/HAM10000_images_part_1/ISIC_0026871.jpg,test,2,0,bkl,akiec,0.35686025,False,bkl → akiec,0.35686025,0.2034607,0.29132918,0.042628706,0.08549613,0.0139335,0.006291669
HAM_0001815,ISIC_0026663,bkl,histo,85.0,male,chest,data/raw/HAM10000_images_part_1/ISIC_0026663.jpg,test,2,2,bkl,bkl,0.3990828,True,bkl → bkl,0.13485229,0.07121758,0.3990828,0.03815051,0.25859514,0.07769491,0.020406807
HAM_0000846,ISIC_0029115,bkl,histo,60.0,female,lower extremity,data/raw/HAM10000_images_part_1/ISIC_0029115.jpg,test,2,1,bkl,bcc,0.43018296,False,bkl → bcc,0.2394011,0.43018296,0.14382741,0.105062686,0.0345418,0.024950905,0.022033265
HAM_0002193,ISIC_0031000,bkl,histo,85.0,male,upper extremity,data/raw/HAM10000_images_part_2/ISIC_0031000.jpg,test,2,1,bkl,bcc,0.60854053,False,bkl → bcc,0.15626015,0.60854053,0.07814303,0.110577196,0.012698099,0.015385931,0.018395137
HAM_0002193,ISIC_0027392,bkl,histo,85.0,male,upper extremity,data/raw/HAM10000_images_part_1/ISIC_0027392.jpg,test,2,2,bkl,bkl,0.32486397,True,bkl → bkl,0.2458441,0.17707732,0.32486397,0.06994471,0.121406816,0.044855185,0.016007986
HAM_0005967,ISIC_0032395,bkl,confocal,65.0,female,face,data/raw/HAM10000_images_part_2/ISIC_0032395.jpg,test,2,5,bkl,nv,0.339691,False,bkl → nv,0.07268065,0.06540025,0.31873843,0.14079753,0.04024233,0.339691,0.022449838
HAM_0005967,ISIC_0032031,bkl,confocal,65.0,female,face,data/raw/HAM10000_images_part_2/ISIC_0032031.jpg,test,2,5,bkl,nv,0.34749746,False,bkl → nv,0.08219401,0.14232847,0.16171359,0.18645148,0.03216741,0.34749746,0.047647614
HAM_0000083,ISIC_0028622,bkl,confocal,60.0,female,face,data/raw/HAM10000_images_part_1/ISIC_0028622.jpg,test,2,2,bkl,bkl,0.44384056,True,bkl → bkl,0.089495264,0.05665182,0.44384056,0.059036326,0.1635634,0.16644941,0.020963274
HAM_0000083,ISIC_0031872,bkl,confocal,60.0,female,face,data/raw/HAM10000_images_part_2/ISIC_0031872.jpg,test,2,2,bkl,bkl,0.27938733,True,bkl → bkl,0.10808514,0.17855345,0.27938733,0.23828654,0.027646923,0.11993484,0.048105747
HAM_0006346,ISIC_0026280,bkl,confocal,50.0,male,face,data/raw/HAM10000_images_part_1/ISIC_0026280.jpg,test,2,2,bkl,bkl,0.5160947,True,bkl → bkl,0.05177554,0.025792936,0.5160947,0.04080097,0.17701785,0.17260289,0.015915178
HAM_0006346,ISIC_0027811,bkl,confocal,50.0,male,face,data/raw/HAM10000_images_part_1/ISIC_0027811.jpg,test,2,2,bkl,bkl,0.33765277,True,bkl → bkl,0.19374,0.14404614,0.33765277,0.08569148,0.14451045,0.077830575,0.016528545
HAM_0007590,ISIC_0031528,bkl,confocal,40.0,male,unknown,data/raw/HAM10000_images_part_2/ISIC_0031528.jpg,test,2,2,bkl,bkl,0.4737904,True,bkl → bkl,0.089040294,0.055859677,0.4737904,0.06317899,0.14340086,0.15731053,0.017419226
HAM_0007590,ISIC_0028615,bkl,confocal,40.0,male,unknown,data/raw/HAM10000_images_part_1/ISIC_0028615.jpg,test,2,2,bkl,bkl,0.3406772,True,bkl → bkl,0.13730463,0.14055602,0.3406772,0.11238978,0.099918835,0.14704585,0.022107642
HAM_0001310,ISIC_0027820,bkl,consensus,50.0,male,face,data/raw/HAM10000_images_part_1/ISIC_0027820.jpg,test,2,2,bkl,bkl,0.451077,True,bkl → bkl,0.18902238,0.09754068,0.451077,0.05972213,0.14542636,0.04867206,0.008539422
HAM_0006988,ISIC_0024943,bkl,consensus,75.0,female,face,data/raw/HAM10000_images_part_1/ISIC_0024943.jpg,test,2,2,bkl,bkl,0.3647403,True,bkl → bkl,0.12318095,0.120790765,0.3647403,0.10637316,0.11762005,0.1474401,0.019854637
HAM_0005442,ISIC_0034197,bkl,consensus,70.0,male,scalp,data/raw/HAM10000_images_part_2/ISIC_0034197.jpg,test,2,4,bkl,mel,0.33679166,False,bkl → mel,0.11988734,0.06486699,0.29993954,0.035995334,0.33679166,0.1133354,0.029183665
HAM_0005442,ISIC_0034057,bkl,consensus,70.0,male,scalp,data/raw/HAM10000_images_part_2/ISIC_0034057.jpg,test,2,4,bkl,mel,0.30291378,False,bkl → mel,0.15158562,0.100937575,0.25449368,0.045026787,0.30291378,0.10931519,0.035727374
HAM_0006003,ISIC_0032827,bkl,consensus,85.0,female,lower extremity,data/raw/HAM10000_images_part_2/ISIC_0032827.jpg,test,2,2,bkl,bkl,0.40059844,True,bkl → bkl,0.17506222,0.08349898,0.40059844,0.037828717,0.24158438,0.047893118,0.01353415
HAM_0006003,ISIC_0033022,bkl,consensus,85.0,female,lower extremity,data/raw/HAM10000_images_part_2/ISIC_0033022.jpg,test,2,2,bkl,bkl,0.61044526,True,bkl → bkl,0.08080423,0.030301636,0.61044526,0.029122684,0.18011203,0.059883475,0.0093306955
HAM_0005749,ISIC_0033246,bkl,consensus,85.0,male,back,data/raw/HAM10000_images_part_2/ISIC_0033246.jpg,test,2,4,bkl,mel,0.30642936,False,bkl → mel,0.10000428,0.05456247,0.27631807,0.048957363,0.30642936,0.18680182,0.026926542
HAM_0005749,ISIC_0032843,bkl,consensus,85.0,male,back,data/raw/HAM10000_images_part_2/ISIC_0032843.jpg,test,2,5,bkl,nv,0.31162763,False,bkl → nv,0.059616167,0.03167037,0.23575471,0.04711761,0.28848907,0.31162763,0.025724523
HAM_0000571,ISIC_0032773,bkl,consensus,70.0,male,back,data/raw/HAM10000_images_part_2/ISIC_0032773.jpg,test,2,4,bkl,mel,0.5717891,False,bkl → mel,0.07257301,0.039615396,0.092464596,0.020877255,0.5717891,0.15395404,0.048726644
HAM_0000571,ISIC_0033156,bkl,consensus,70.0,male,back,data/raw/HAM10000_images_part_2/ISIC_0033156.jpg,test,2,4,bkl,mel,0.55355495,False,bkl → mel,0.08415928,0.040100034,0.11214994,0.022854365,0.55355495,0.15097962,0.03620179
HAM_0006238,ISIC_0034151,bkl,consensus,60.0,male,unknown,data/raw/HAM10000_images_part_2/ISIC_0034151.jpg,test,2,5,bkl,nv,0.37842855,False,bkl → nv,0.036407106,0.021048663,0.30280775,0.050925333,0.19205067,0.37842855,0.018331949
HAM_0000372,ISIC_0033685,bkl,consensus,,unknown,unknown,data/raw/HAM10000_images_part_2/ISIC_0033685.jpg,test,2,4,bkl,mel,0.32588327,False,bkl → mel,0.10019092,0.059081107,0.30505574,0.03959733,0.32588327,0.14195207,0.02823959
HAM_0000825,ISIC_0034186,bkl,consensus,,unknown,unknown,data/raw/HAM10000_images_part_2/ISIC_0034186.jpg,test,2,2,bkl,bkl,0.3503903,True,bkl → bkl,0.11204384,0.055088505,0.3503903,0.034514725,0.31611082,0.10757419,0.024277717
HAM_0006074,ISIC_0034252,bkl,consensus,,unknown,unknown,data/raw/HAM10000_images_part_2/ISIC_0034252.jpg,test,2,2,bkl,bkl,0.47203258,True,bkl → bkl,0.079437,0.042349726,0.47203258,0.03853517,0.22081964,0.12473437,0.0220915
HAM_0006074,ISIC_0033829,bkl,consensus,,unknown,unknown,data/raw/HAM10000_images_part_2/ISIC_0033829.jpg,test,2,2,bkl,bkl,0.6248378,True,bkl → bkl,0.03681893,0.011674748,0.6248378,0.019595802,0.20644118,0.093254045,0.0073775244
HAM_0002371,ISIC_0032271,bkl,consensus,50.0,male,chest,data/raw/HAM10000_images_part_2/ISIC_0032271.jpg,test,2,2,bkl,bkl,0.24383147,True,bkl → bkl,0.14781985,0.20283057,0.24383147,0.19719233,0.031887926,0.1330941,0.0433438
HAM_0004322,ISIC_0027142,bkl,consensus,55.0,male,trunk,data/raw/HAM10000_images_part_1/ISIC_0027142.jpg,test,2,5,bkl,nv,0.39310268,False,bkl → nv,0.07407022,0.13438793,0.15795185,0.11489037,0.080043904,0.39310268,0.045553155
HAM_0002355,ISIC_0029202,bkl,consensus,35.0,male,abdomen,data/raw/HAM10000_images_part_1/ISIC_0029202.jpg,test,2,5,bkl,nv,0.7441909,False,bkl → nv,0.02156894,0.015148875,0.082747154,0.06853755,0.04063463,0.7441909,0.027172
HAM_0005136,ISIC_0024337,bkl,consensus,50.0,female,lower extremity,data/raw/HAM10000_images_part_1/ISIC_0024337.jpg,test,2,5,bkl,nv,0.8132713,False,bkl → nv,0.00699237,0.008553439,0.021222744,0.08497351,0.0047645387,0.8132713,0.060222078
HAM_0003926,ISIC_0026422,bkl,consensus,80.0,male,face,data/raw/HAM10000_images_part_1/ISIC_0026422.jpg,test,2,5,bkl,nv,0.6375469,False,bkl → nv,0.041835077,0.048981965,0.076440446,0.10308715,0.037923485,0.6375469,0.054184955
HAM_0001167,ISIC_0028448,bkl,consensus,55.0,male,trunk,data/raw/HAM10000_images_part_1/ISIC_0028448.jpg,test,2,1,bkl,bcc,0.27474168,False,bkl → bcc,0.050416585,0.27474168,0.08982765,0.21598329,0.020967532,0.23709868,0.110964574
HAM_0002209,ISIC_0031226,bkl,consensus,70.0,male,trunk,data/raw/HAM10000_images_part_2/ISIC_0031226.jpg,test,2,5,bkl,nv,0.6456894,False,bkl → nv,0.03247475,0.028217029,0.12334964,0.08275268,0.053801343,0.6456894,0.0337151
HAM_0001589,ISIC_0030067,bkl,consensus,70.0,male,face,data/raw/HAM10000_images_part_2/ISIC_0030067.jpg,test,2,5,bkl,nv,0.84243083,False,bkl → nv,0.011871072,0.010092788,0.022639513,0.07403775,0.0056545455,0.84243083,0.033273544
HAM_0002034,ISIC_0027954,bkl,consensus,5.0,male,abdomen,data/raw/HAM10000_images_part_1/ISIC_0027954.jpg,test,2,5,bkl,nv,0.8652762,False,bkl → nv,0.011354549,0.008265157,0.021035232,0.0594623,0.007873659,0.8652762,0.0267329
HAM_0002043,ISIC_0030160,bkl,consensus,80.0,male,lower extremity,data/raw/HAM10000_images_part_2/ISIC_0030160.jpg,test,2,5,bkl,nv,0.8656215,False,bkl → nv,0.011853835,0.008403712,0.018941851,0.06275447,0.0056976844,0.8656215,0.026726957
HAM_0001443,ISIC_0025804,bkl,consensus,50.0,male,lower extremity,data/raw/HAM10000_images_part_1/ISIC_0025804.jpg,test,2,5,bkl,nv,0.7649467,False,bkl → nv,0.01992883,0.015267348,0.06055127,0.06425237,0.03705683,0.7649467,0.03799666
HAM_0004713,ISIC_0031125,bkl,consensus,60.0,female,trunk,data/raw/HAM10000_images_part_2/ISIC_0031125.jpg,test,2,5,bkl,nv,0.8035532,False,bkl → nv,0.019181682,0.014233876,0.04529125,0.07272626,0.01675342,0.8035532,0.028260225
HAM_0001423,ISIC_0025454,bkl,consensus,70.0,male,back,data/raw/HAM10000_images_part_1/ISIC_0025454.jpg,test,2,5,bkl,nv,0.63108134,False,bkl → nv,0.026158692,0.023462972,0.14736357,0.074847125,0.06944464,0.63108134,0.027641676
HAM_0002005,ISIC_0026556,bkl,consensus,70.0,female,back,data/raw/HAM10000_images_part_1/ISIC_0026556.jpg,test,2,5,bkl,nv,0.33956495,False,bkl → nv,0.07908194,0.09638117,0.23859093,0.10143699,0.109945364,0.33956495,0.03499864
HAM_0003715,ISIC_0026941,bkl,consensus,70.0,female,trunk,data/raw/HAM10000_images_part_1/ISIC_0026941.jpg,test,2,5,bkl,nv,0.86245257,False,bkl → nv,0.011927456,0.008866742,0.02253855,0.06094382,0.00786937,0.86245257,0.025401475
HAM_0000792,ISIC_0025387,bkl,consensus,70.0,female,back,data/raw/HAM10000_images_part_1/ISIC_0025387.jpg,test,2,4,bkl,mel,0.31952205,False,bkl → mel,0.06896822,0.03726922,0.23350944,0.045100436,0.31952205,0.2664998,0.02913082
HAM_0000215,ISIC_0025484,bkl,consensus,70.0,female,lower extremity,data/raw/HAM10000_images_part_1/ISIC_0025484.jpg,test,2,1,bkl,bcc,0.6800835,False,bkl → bcc,0.060322475,0.6800835,0.053037465,0.15205748,0.006603934,0.022676216,0.025218872
HAM_0000465,ISIC_0030583,bkl,consensus,35.0,female,trunk,data/raw/HAM10000_images_part_2/ISIC_0030583.jpg,test,2,5,bkl,nv,0.6332216,False,bkl → nv,0.021910774,0.03706293,0.0667636,0.14944407,0.013309101,0.6332216,0.078287825
HAM_0004330,ISIC_0029760,df,histo,70.0,male,lower extremity,data/raw/HAM10000_images_part_2/ISIC_0029760.jpg,test,3,6,df,vasc,0.76569337,False,df → vasc,0.0072638956,0.050795488,0.0191338,0.056774724,0.02010467,0.08023408,0.76569337
HAM_0004330,ISIC_0030555,df,histo,70.0,male,lower extremity,data/raw/HAM10000_images_part_2/ISIC_0030555.jpg,test,3,6,df,vasc,0.5093524,False,df → vasc,0.03759894,0.1293366,0.062966906,0.06662994,0.07953288,0.11458239,0.5093524
HAM_0002546,ISIC_0030579,df,histo,55.0,female,upper extremity,data/raw/HAM10000_images_part_2/ISIC_0030579.jpg,test,3,1,df,bcc,0.59190434,False,df → bcc,0.1318042,0.59190434,0.08021079,0.1100884,0.021258263,0.0324998,0.032234248
HAM_0002909,ISIC_0032642,df,histo,50.0,male,lower extremity,data/raw/HAM10000_images_part_2/ISIC_0032642.jpg,test,3,2,df,bkl,0.34165224,False,df → bkl,0.05837593,0.030664936,0.34165224,0.048324842,0.24072511,0.25691298,0.02334388
HAM_0002909,ISIC_0033790,df,histo,50.0,male,lower extremity,data/raw/HAM10000_images_part_2/ISIC_0033790.jpg,test,3,0,df,akiec,0.261712,False,df → akiec,0.261712,0.24019001,0.23308,0.0769015,0.11614728,0.051773615,0.02019561
HAM_0002909,ISIC_0033675,df,histo,50.0,male,lower extremity,data/raw/HAM10000_images_part_2/ISIC_0033675.jpg,test,3,2,df,bkl,0.24811883,False,df → bkl,0.12709828,0.12543748,0.24811883,0.075124145,0.20338075,0.18451312,0.03632726
HAM_0003290,ISIC_0030757,df,histo,80.0,male,upper extremity,data/raw/HAM10000_images_part_2/ISIC_0030757.jpg,test,3,1,df,bcc,0.7076974,False,df → bcc,0.068227865,0.7076974,0.05258507,0.11869886,0.0067594736,0.013877627,0.032153722
HAM_0003290,ISIC_0031358,df,histo,80.0,male,upper extremity,data/raw/HAM10000_images_part_2/ISIC_0031358.jpg,test,3,1,df,bcc,0.7747109,False,df → bcc,0.054218814,0.7747109,0.033911876,0.107950225,0.0027419704,0.0066345655,0.019831723
HAM_0003290,ISIC_0031735,df,histo,80.0,male,upper extremity,data/raw/HAM10000_images_part_2/ISIC_0031735.jpg,test,3,1,df,bcc,0.23328431,False,df → bcc,0.21907292,0.23328431,0.21852185,0.07890541,0.14482419,0.07518111,0.03021033
HAM_0007410,ISIC_0029962,df,histo,65.0,male,foot,data/raw/HAM10000_images_part_2/ISIC_0029962.jpg,test,3,1,df,bcc,0.2534781,False,df → bcc,0.25058207,0.2534781,0.22343847,0.10271715,0.08876623,0.05844274,0.0225752
HAM_0007410,ISIC_0031457,df,histo,65.0,male,foot,data/raw/HAM10000_images_part_2/ISIC_0031457.jpg,test,3,4,df,mel,0.2390927,False,df → mel,0.10478817,0.081022054,0.23450044,0.06882963,0.2390927,0.23383401,0.037933078
HAM_0007418,ISIC_0031372,df,consensus,50.0,male,lower extremity,data/raw/HAM10000_images_part_2/ISIC_0031372.jpg,test,3,0,df,akiec,0.2512458,False,df → akiec,0.2512458,0.19717091,0.23853366,0.070436284,0.16553073,0.059927516,0.017155098
HAM_0007418,ISIC_0026313,df,consensus,50.0,male,lower extremity,data/raw/HAM10000_images_part_1/ISIC_0026313.jpg,test,3,4,df,mel,0.28970042,False,df → mel,0.11369392,0.08861609,0.1771385,0.061360605,0.28970042,0.22930269,0.040187795
HAM_0000827,ISIC_0031443,df,consensus,60.0,male,upper extremity,data/raw/HAM10000_images_part_2/ISIC_0031443.jpg,test,3,1,df,bcc,0.30859688,False,df → bcc,0.14682364,0.30859688,0.1574231,0.14392027,0.074343905,0.111116275,0.057775937
HAM_0000827,ISIC_0025223,df,consensus,60.0,male,upper extremity,data/raw/HAM10000_images_part_1/ISIC_0025223.jpg,test,3,1,df,bcc,0.5209747,False,df → bcc,0.20241944,0.5209747,0.11626463,0.109687395,0.019189427,0.015619242,0.015845096
HAM_0003597,ISIC_0033422,df,consensus,45.0,male,lower extremity,data/raw/HAM10000_images_part_2/ISIC_0033422.jpg,test,3,5,df,nv,0.22388607,False,df → nv,0.11913471,0.12386547,0.18719642,0.07803151,0.21219786,0.22388607,0.05568799
HAM_0003597,ISIC_0027488,df,consensus,45.0,male,lower extremity,data/raw/HAM10000_images_part_1/ISIC_0027488.jpg,test,3,2,df,bkl,0.24757215,False,df → bkl,0.14512292,0.15109731,0.24757215,0.081927516,0.1789199,0.15927425,0.036086038
HAM_0002960,ISIC_0024994,df,consensus,40.0,female,lower extremity,data/raw/HAM10000_images_part_1/ISIC_0024994.jpg,test,3,5,df,nv,0.56334424,False,df → nv,0.00648412,0.015704297,0.018187502,0.16438699,0.0028052833,0.56334424,0.22908764
HAM_0004090,ISIC_0031271,df,consensus,45.0,female,lower extremity,data/raw/HAM10000_images_part_2/ISIC_0031271.jpg,test,3,5,df,nv,0.31315416,False,df → nv,0.06454936,0.12117575,0.120948546,0.26366404,0.0166862,0.31315416,0.09982205
HAM_0002045,ISIC_0029973,df,consensus,60.0,male,lower extremity,data/raw/HAM10000_images_part_2/ISIC_0029973.jpg,test,3,5,df,nv,0.46794888,False,df → nv,0.012858771,0.03253426,0.03130615,0.22283661,0.0042844494,0.46794888,0.22823091
HAM_0006722,ISIC_0030443,mel,histo,85.0,female,lower extremity,data/raw/HAM10000_images_part_2/ISIC_0030443.jpg,test,4,4,mel,mel,0.35398644,True,mel → mel,0.14529453,0.0953118,0.18997814,0.041300002,0.35398644,0.1398758,0.03425336
HAM_0006722,ISIC_0031499,mel,histo,85.0,female,lower extremity,data/raw/HAM10000_images_part_2/ISIC_0031499.jpg,test,4,4,mel,mel,0.42605492,True,mel → mel,0.08043065,0.036790006,0.16490954,0.036314856,0.42605492,0.22861683,0.026883204
HAM_0003832,ISIC_0025450,mel,histo,60.0,female,lower extremity,data/raw/HAM10000_images_part_1/ISIC_0025450.jpg,test,4,5,mel,nv,0.7355398,False,mel → nv,0.025958892,0.020861868,0.06979993,0.08084098,0.030393101,0.7355398,0.03660549
HAM_0003832,ISIC_0024586,mel,histo,60.0,female,lower extremity,data/raw/HAM10000_images_part_1/ISIC_0024586.jpg,test,4,5,mel,nv,0.558555,False,mel → nv,0.030450441,0.061446853,0.065816715,0.10789193,0.0532381,0.558555,0.12260102
HAM_0006453,ISIC_0029081,mel,histo,70.0,male,abdomen,data/raw/HAM10000_images_part_1/ISIC_0029081.jpg,test,4,4,mel,mel,0.25783667,True,mel → mel,0.14455698,0.13265346,0.20197009,0.05692852,0.25783667,0.15991406,0.04614022
HAM_0006453,ISIC_0025744,mel,histo,70.0,male,abdomen,data/raw/HAM10000_images_part_1/ISIC_0025744.jpg,test,4,4,mel,mel,0.30161488,True,mel → mel,0.07365294,0.048585493,0.1887921,0.0518988,0.30161488,0.29744902,0.03800675
HAM_0007454,ISIC_0032214,mel,histo,70.0,male,scalp,data/raw/HAM10000_images_part_2/ISIC_0032214.jpg,test,4,4,mel,mel,0.26903552,True,mel → mel,0.071161196,0.052672707,0.26543897,0.052641775,0.26903552,0.2523634,0.03668635
HAM_0001726,ISIC_0029281,mel,histo,35.0,female,back,data/raw/HAM10000_images_part_1/ISIC_0029281.jpg,test,4,5,mel,nv,0.4484046,False,mel → nv,0.03278861,0.014519735,0.13643803,0.03713879,0.30898944,0.4484046,0.021720806
HAM_0001726,ISIC_0024367,mel,histo,35.0,female,back,data/raw/HAM10000_images_part_1/ISIC_0024367.jpg,test,4,5,mel,nv,0.39998245,False,mel → nv,0.06869195,0.0657589,0.10803351,0.0627572,0.2405668,0.39998245,0.05420919
HAM_0000060,ISIC_0031953,mel,histo,55.0,male,abdomen,data/raw/HAM10000_images_part_2/ISIC_0031953.jpg,test,4,5,mel,nv,0.6434479,False,mel → nv,0.02256144,0.021733599,0.0970749,0.057979766,0.11843386,0.6434479,0.038768567
HAM_0000060,ISIC_0031406,mel,histo,55.0,male,abdomen,data/raw/HAM10000_images_part_2/ISIC_0031406.jpg,test,4,5,mel,nv,0.5911058,False,mel → nv,0.027895818,0.019284924,0.06991577,0.041833982,0.2078842,0.5911058,0.04207948
HAM_0004813,ISIC_0027063,mel,histo,80.0,male,abdomen,data/raw/HAM10000_images_part_1/ISIC_0027063.jpg,test,4,5,mel,nv,0.45595118,False,mel → nv,0.029801704,0.012397839,0.07485218,0.028576264,0.37463948,0.45595118,0.023781385
HAM_0004813,ISIC_0032331,mel,histo,80.0,male,abdomen,data/raw/HAM10000_images_part_2/ISIC_0032331.jpg,test,4,5,mel,nv,0.41130185,False,mel → nv,0.060432676,0.051540103,0.10811657,0.056448646,0.2630799,0.41130185,0.04908026
HAM_0007171,ISIC_0029913,mel,histo,30.0,female,lower extremity,data/raw/HAM10000_images_part_2/ISIC_0029913.jpg,test,4,5,mel,nv,0.73809576,False,mel → nv,0.01864561,0.020594724,0.040896088,0.066327564,0.048002392,0.73809576,0.0674379
HAM_0007171,ISIC_0026909,mel,histo,30.0,female,lower extremity,data/raw/HAM10000_images_part_1/ISIC_0026909.jpg,test,4,5,mel,nv,0.81296873,False,mel → nv,0.018706057,0.009624283,0.026619779,0.04125936,0.055602375,0.81296873,0.035219446
HAM_0001531,ISIC_0024951,mel,histo,70.0,male,back,data/raw/HAM10000_images_part_1/ISIC_0024951.jpg,test,4,1,mel,bcc,0.2534852,False,mel → bcc,0.15056203,0.2534852,0.16619161,0.08548601,0.14740978,0.14192533,0.054940004
HAM_0001531,ISIC_0030106,mel,histo,70.0,male,back,data/raw/HAM10000_images_part_2/ISIC_0030106.jpg,test,4,1,mel,bcc,0.24837664,False,mel → bcc,0.13995586,0.24837664,0.16625553,0.09333258,0.13761906,0.16643168,0.048028685
HAM_0001328,ISIC_0028442,mel,histo,75.0,male,unknown,data/raw/HAM10000_images_part_1/ISIC_0028442.jpg,test,4,1,mel,bcc,0.42302006,False,mel → bcc,0.17643349,0.42302006,0.19172674,0.12228022,0.03669708,0.029063694,0.020778582
HAM_0002182,ISIC_0031972,mel,histo,65.0,female,face,data/raw/HAM10000_images_part_2/ISIC_0031972.jpg,test,4,2,mel,bkl,0.5624599,False,mel → bkl,0.045889303,0.024615688,0.5624599,0.05518166,0.10556557,0.19396356,0.012324295
HAM_0002182,ISIC_0030539,mel,histo,65.0,female,face,data/raw/HAM10000_images_part_2/ISIC_0030539.jpg,test,4,5,mel,nv,0.29390055,False,mel → nv,0.071104266,0.092074044,0.23740384,0.23729546,0.02822163,0.29390055,0.04000013
HAM_0001202,ISIC_0031517,mel,histo,70.0,female,upper extremity,data/raw/HAM10000_images_part_2/ISIC_0031517.jpg,test,4,4,mel,mel,0.34390497,True,mel → mel,0.10414676,0.06266562,0.19799997,0.048562843,0.34390497,0.20789094,0.034828905
HAM_0001202,ISIC_0028022,mel,histo,70.0,female,upper extremity,data/raw/HAM10000_images_part_1/ISIC_0028022.jpg,test,4,4,mel,mel,0.3131911,True,mel → mel,0.06501657,0.0346185,0.20165244,0.04766947,0.3131911,0.3102755,0.027576432
HAM_0006522,ISIC_0026369,mel,histo,30.0,female,lower extremity,data/raw/HAM10000_images_part_1/ISIC_0026369.jpg,test,4,4,mel,mel,0.57130396,True,mel → mel,0.014949671,0.0028598928,0.0687514,0.010837239,0.57130396,0.32300362,0.008294234
HAM_0006522,ISIC_0030521,mel,histo,30.0,female,lower extremity,data/raw/HAM10000_images_part_2/ISIC_0030521.jpg,test,4,5,mel,nv,0.80695164,False,mel → nv,0.011316924,0.009151279,0.041003652,0.056223404,0.031998448,0.80695164,0.043354638
HAM_0001796,ISIC_0025363,mel,histo,70.0,male,abdomen,data/raw/HAM10000_images_part_1/ISIC_0025363.jpg,test,4,2,mel,bkl,0.25137675,False,mel → bkl,0.22851224,0.21416901,0.25137675,0.08421625,0.13378662,0.07008914,0.017849997
HAM_0001796,ISIC_0029473,mel,histo,70.0,male,abdomen,data/raw/HAM10000_images_part_2/ISIC_0029473.jpg,test,4,4,mel,mel,0.2687191,True,mel → mel,0.1336669,0.109720536,0.23629968,0.053037327,0.2687191,0.15112528,0.0474311
HAM_0000417,ISIC_0025783,mel,histo,65.0,male,back,data/raw/HAM10000_images_part_1/ISIC_0025783.jpg,test,4,5,mel,nv,0.7496333,False,mel → nv,0.031511456,0.022877071,0.049580388,0.085048944,0.02237776,0.7496333,0.03897114
HAM_0007229,ISIC_0031545,mel,histo,75.0,female,back,data/raw/HAM10000_images_part_2/ISIC_0031545.jpg,test,4,5,mel,nv,0.39510703,False,mel → nv,0.05252313,0.031841192,0.11594979,0.045767915,0.32049397,0.39510703,0.038317032
HAM_0003449,ISIC_0029242,mel,histo,85.0,male,back,data/raw/HAM10000_images_part_1/ISIC_0029242.jpg,test,4,4,mel,mel,0.30985552,True,mel → mel,0.10773983,0.08183304,0.18506865,0.052978255,0.30985552,0.2142384,0.048286375
HAM_0003449,ISIC_0027263,mel,histo,85.0,male,back,data/raw/HAM10000_images_part_1/ISIC_0027263.jpg,test,4,4,mel,mel,0.3177968,True,mel → mel,0.09020295,0.065067045,0.17168038,0.0517836,0.3177968,0.25629985,0.047169406
HAM_0004153,ISIC_0029216,mel,histo,80.0,male,foot,data/raw/HAM10000_images_part_1/ISIC_0029216.jpg,test,4,5,mel,nv,0.4673123,False,mel → nv,0.025156926,0.053287037,0.061218936,0.18904412,0.013590267,0.4673123,0.19039048
HAM_0004153,ISIC_0026489,mel,histo,80.0,male,foot,data/raw/HAM10000_images_part_1/ISIC_0026489.jpg,test,4,5,mel,nv,0.36628622,False,mel → nv,0.027842913,0.0726392,0.054088105,0.1121531,0.038843054,0.36628622,0.32814744
HAM_0006651,ISIC_0032182,mel,histo,70.0,female,back,data/raw/HAM10000_images_part_2/ISIC_0032182.jpg,test,4,4,mel,mel,0.56481546,True,mel → mel,0.14152591,0.05723771,0.15847036,0.013357711,0.56481546,0.03935637,0.02523649
HAM_0004102,ISIC_0029726,mel,histo,75.0,male,face,data/raw/HAM10000_images_part_2/ISIC_0029726.jpg,test,4,2,mel,bkl,0.42178807,False,mel → bkl,0.25387272,0.110640444,0.42178807,0.03678834,0.14823286,0.020803578,0.0078740325
HAM_0006208,ISIC_0028916,mel,histo,60.0,female,face,data/raw/HAM10000_images_part_1/ISIC_0028916.jpg,test,4,2,mel,bkl,0.5334772,False,mel → bkl,0.04775414,0.010033031,0.5334772,0.012339302,0.33330172,0.057347223,0.005747468
HAM_0002115,ISIC_0032408,mel,histo,60.0,female,upper extremity,data/raw/HAM10000_images_part_2/ISIC_0032408.jpg,test,4,4,mel,mel,0.6470311,True,mel → mel,0.0405176,0.012868897,0.08582595,0.014256115,0.6470311,0.18014671,0.019353604
HAM_0005403,ISIC_0026086,mel,histo,55.0,male,upper extremity,data/raw/HAM10000_images_part_1/ISIC_0026086.jpg,test,4,4,mel,mel,0.651483,True,mel → mel,0.0663241,0.00904416,0.22134313,0.0072632167,0.651483,0.040183246,0.0043591517
HAM_0007163,ISIC_0033268,mel,histo,50.0,female,lower extremity,data/raw/HAM10000_images_part_2/ISIC_0033268.jpg,test,4,5,mel,nv,0.4356901,False,mel → nv,0.03479696,0.015280952,0.21415763,0.04338446,0.23886244,0.4356901,0.017827528
HAM_0007163,ISIC_0032750,mel,histo,50.0,female,lower extremity,data/raw/HAM10000_images_part_2/ISIC_0032750.jpg,test,4,5,mel,nv,0.37254035,False,mel → nv,0.047858663,0.029929133,0.2357191,0.05295393,0.23425907,0.37254035,0.026739769
HAM_0004405,ISIC_0032532,mel,histo,80.0,male,back,data/raw/HAM10000_images_part_2/ISIC_0032532.jpg,test,4,2,mel,bkl,0.4229345,False,mel → bkl,0.06014574,0.020345176,0.4229345,0.028351873,0.31230935,0.14232992,0.013583472
HAM_0004405,ISIC_0033500,mel,histo,80.0,male,back,data/raw/HAM10000_images_part_2/ISIC_0033500.jpg,test,4,4,mel,mel,0.24651758,True,mel → mel,0.16920601,0.15094087,0.23190157,0.053723313,0.24651758,0.11660198,0.03110861
HAM_0000179,ISIC_0034046,mel,histo,45.0,male,back,data/raw/HAM10000_images_part_2/ISIC_0034046.jpg,test,4,5,mel,nv,0.4703917,False,mel → nv,0.035761666,0.025149029,0.08162034,0.03940986,0.3049808,0.4703917,0.04268653
HAM_0000179,ISIC_0032550,mel,histo,45.0,male,back,data/raw/HAM10000_images_part_2/ISIC_0032550.jpg,test,4,5,mel,nv,0.4724868,False,mel → nv,0.0392514,0.025193797,0.10596489,0.044973064,0.2771542,0.4724868,0.034975924
HAM_0000179,ISIC_0033700,mel,histo,45.0,male,back,data/raw/HAM10000_images_part_2/ISIC_0033700.jpg,test,4,4,mel,mel,0.39936528,True,mel → mel,0.03777677,0.020898668,0.09928086,0.031673618,0.39936528,0.37532994,0.035674766
HAM_0003983,ISIC_0033975,mel,histo,85.0,male,abdomen,data/raw/HAM10000_images_part_2/ISIC_0033975.jpg,test,4,1,mel,bcc,0.2681312,False,mel → bcc,0.12484883,0.2681312,0.15276253,0.14973192,0.066536,0.18845433,0.049535207
HAM_0003983,ISIC_0033278,mel,histo,85.0,male,abdomen,data/raw/HAM10000_images_part_2/ISIC_0033278.jpg,test,4,1,mel,bcc,0.35034254,False,mel → bcc,0.1073449,0.35034254,0.12280317,0.17622784,0.0340549,0.16529028,0.043936323
HAM_0003983,ISIC_0033679,mel,histo,85.0,male,abdomen,data/raw/HAM10000_images_part_2/ISIC_0033679.jpg,test,4,1,mel,bcc,0.6625877,False,mel → bcc,0.099536605,0.6625877,0.058720313,0.13716914,0.006403013,0.013789292,0.021793872
HAM_0005500,ISIC_0033636,mel,histo,75.0,male,trunk,data/raw/HAM10000_images_part_2/ISIC_0033636.jpg,test,4,4,mel,mel,0.4990692,True,mel → mel,0.08729189,0.029351372,0.26394624,0.01967179,0.4990692,0.08591275,0.014756728
HAM_0001266,ISIC_0029909,mel,histo,75.0,female,ear,data/raw/HAM10000_images_part_2/ISIC_0029909.jpg,test,4,2,mel,bkl,0.5595323,False,mel → bkl,0.041984465,0.017797787,0.5595323,0.031145956,0.18817604,0.14960892,0.011754535
HAM_0001174,ISIC_0033027,mel,histo,70.0,male,scalp,data/raw/HAM10000_images_part_2/ISIC_0033027.jpg,test,4,2,mel,bkl,0.37333974,False,mel → bkl,0.1319217,0.083775096,0.37333974,0.06442196,0.20262969,0.12069427,0.023217537
HAM_0000611,ISIC_0033804,mel,histo,30.0,female,back,data/raw/HAM10000_images_part_2/ISIC_0033804.jpg,test,4,5,mel,nv,0.70707875,False,mel → nv,0.02718854,0.025804242,0.051653635,0.055438846,0.0907022,0.70707875,0.042133782
HAM_0000611,ISIC_0033801,mel,histo,30.0,female,back,data/raw/HAM10000_images_part_2/ISIC_0033801.jpg,test,4,5,mel,nv,0.5229229,False,mel → nv,0.025673231,0.0155531615,0.05842377,0.031200606,0.31232265,0.5229229,0.033903763
HAM_0000611,ISIC_0033216,mel,histo,30.0,female,back,data/raw/HAM10000_images_part_2/ISIC_0033216.jpg,test,4,5,mel,nv,0.62426835,False,mel → nv,0.026547387,0.0291141,0.058211822,0.04605851,0.17374434,0.62426835,0.042055473
HAM_0005336,ISIC_0033154,mel,histo,30.0,male,trunk,data/raw/HAM10000_images_part_2/ISIC_0033154.jpg,test,4,5,mel,nv,0.39648873,False,mel → nv,0.045141704,0.025270864,0.08634868,0.036414713,0.3732067,0.39648873,0.037128553
HAM_0005336,ISIC_0033192,mel,histo,30.0,male,trunk,data/raw/HAM10000_images_part_2/ISIC_0033192.jpg,test,4,4,mel,mel,0.45025513,True,mel → mel,0.034129016,0.015599313,0.06633687,0.025253795,0.45025513,0.37911996,0.029305888
HAM_0002235,ISIC_0034222,mel,histo,30.0,male,back,data/raw/HAM10000_images_part_2/ISIC_0034222.jpg,test,4,5,mel,nv,0.345327,False,mel → nv,0.07564985,0.14075018,0.17391285,0.10805217,0.11315969,0.345327,0.04314828
HAM_0002235,ISIC_0032569,mel,histo,30.0,male,back,data/raw/HAM10000_images_part_2/ISIC_0032569.jpg,test,4,5,mel,nv,0.37310687,False,mel → nv,0.07254045,0.13063128,0.13310154,0.09034344,0.14433332,0.37310687,0.05594314
HAM_0002235,ISIC_0034064,mel,histo,30.0,male,back,data/raw/HAM10000_images_part_2/ISIC_0034064.jpg,test,4,5,mel,nv,0.28899416,False,mel → nv,0.091893844,0.09378465,0.28883693,0.13638805,0.07688051,0.28899416,0.023221875
HAM_0005581,ISIC_0033337,mel,histo,50.0,male,back,data/raw/HAM10000_images_part_2/ISIC_0033337.jpg,test,4,5,mel,nv,0.30125722,False,mel → nv,0.09008436,0.07496853,0.15393947,0.060005892,0.2768395,0.30125722,0.042905048
HAM_0005581,ISIC_0033594,mel,histo,50.0,male,back,data/raw/HAM10000_images_part_2/ISIC_0033594.jpg,test,4,4,mel,mel,0.30516988,True,mel → mel,0.10353166,0.081043854,0.15194634,0.05520746,0.30516988,0.2603995,0.042701274
HAM_0005628,ISIC_0032940,mel,histo,70.0,male,scalp,data/raw/HAM10000_images_part_2/ISIC_0032940.jpg,test,4,4,mel,mel,0.6315834,True,mel → mel,0.06644211,0.013384061,0.22181633,0.009143908,0.6315834,0.05004315,0.007587009
HAM_0004321,ISIC_0033479,mel,histo,40.0,female,back,data/raw/HAM10000_images_part_2/ISIC_0033479.jpg,test,4,4,mel,mel,0.41008282,True,mel → mel,0.044780567,0.020114865,0.11978409,0.032291457,0.41008282,0.345437,0.027509289
HAM_0004321,ISIC_0033522,mel,histo,40.0,female,back,data/raw/HAM10000_images_part_2/ISIC_0033522.jpg,test,4,5,mel,nv,0.38222325,False,mel → nv,0.047893573,0.031399257,0.09477198,0.03901401,0.36028686,0.38222325,0.04441109
HAM_0001465,ISIC_0033209,mel,histo,65.0,male,ear,data/raw/HAM10000_images_part_2/ISIC_0033209.jpg,test,4,4,mel,mel,0.31237736,True,mel → mel,0.08911307,0.050977148,0.27228916,0.045321632,0.31237736,0.20055862,0.029363025
HAM_0001465,ISIC_0034074,mel,histo,65.0,male,ear,data/raw/HAM10000_images_part_2/ISIC_0034074.jpg,test,4,2,mel,bkl,0.27285883,False,mel → bkl,0.108657144,0.08198719,0.27285883,0.0664259,0.23690636,0.19845681,0.03470783
HAM_0001465,ISIC_0032699,mel,histo,65.0,male,ear,data/raw/HAM10000_images_part_2/ISIC_0032699.jpg,test,4,4,mel,mel,0.2650241,True,mel → mel,0.11714852,0.09281099,0.19850557,0.058992587,0.2650241,0.21786235,0.04965592
HAM_0003421,ISIC_0033470,mel,histo,55.0,female,upper extremity,data/raw/HAM10000_images_part_2/ISIC_0033470.jpg,test,4,5,mel,nv,0.5251552,False,mel → nv,0.012873955,0.0043443157,0.04716052,0.016924538,0.37739614,0.5251552,0.016145367
HAM_0003421,ISIC_0034094,mel,histo,55.0,female,upper extremity,data/raw/HAM10000_images_part_2/ISIC_0034094.jpg,test,4,4,mel,mel,0.58734125,True,mel → mel,0.01864556,0.00547059,0.058017913,0.012417649,0.58734125,0.30194032,0.016166745
HAM_0003421,ISIC_0033560,mel,histo,55.0,female,upper extremity,data/raw/HAM10000_images_part_2/ISIC_0033560.jpg,test,4,5,mel,nv,0.5963002,False,mel → nv,0.015081158,0.0052729603,0.062142007,0.023290383,0.28032634,0.5963002,0.017586917
HAM_0004881,ISIC_0033806,mel,histo,85.0,male,abdomen,data/raw/HAM10000_images_part_2/ISIC_0033806.jpg,test,4,2,mel,bkl,0.38043892,False,mel → bkl,0.059742454,0.019387336,0.38043892,0.02464365,0.3679087,0.13493592,0.012943084
HAM_0004881,ISIC_0032913,mel,histo,85.0,male,abdomen,data/raw/HAM10000_images_part_2/ISIC_0032913.jpg,test,4,4,mel,mel,0.34304354,True,mel → mel,0.07566163,0.031557977,0.33328918,0.033343475,0.34304354,0.16305636,0.020047883
HAM_0007574,ISIC_0033624,mel,histo,70.0,male,scalp,data/raw/HAM10000_images_part_2/ISIC_0033624.jpg,test,4,4,mel,mel,0.36640933,True,mel → mel,0.1269804,0.06756171,0.2362091,0.043112993,0.36640933,0.13177273,0.027953837
HAM_0007574,ISIC_0033238,mel,histo,70.0,male,scalp,data/raw/HAM10000_images_part_2/ISIC_0033238.jpg,test,4,4,mel,mel,0.33122388,True,mel → mel,0.08131386,0.037350073,0.30598143,0.039314963,0.33122388,0.18045297,0.02436284
HAM_0007574,ISIC_0034089,mel,histo,70.0,male,scalp,data/raw/HAM10000_images_part_2/ISIC_0034089.jpg,test,4,4,mel,mel,0.4289198,True,mel → mel,0.12852894,0.054865982,0.24011675,0.028522164,0.4289198,0.09656399,0.022482518
HAM_0000042,ISIC_0034048,mel,histo,45.0,female,upper extremity,data/raw/HAM10000_images_part_2/ISIC_0034048.jpg,test,4,5,mel,nv,0.31464007,False,mel → nv,0.061956733,0.035656027,0.23781829,0.051649593,0.2660782,0.31464007,0.032201163
HAM_0000042,ISIC_0033905,mel,histo,45.0,female,upper extremity,data/raw/HAM10000_images_part_2/ISIC_0033905.jpg,test,4,4,mel,mel,0.50533044,True,mel → mel,0.031400688,0.0080690365,0.14920697,0.019517027,0.50533044,0.2744417,0.012034146
HAM_0000042,ISIC_0033981,mel,histo,45.0,female,upper extremity,data/raw/HAM10000_images_part_2/ISIC_0033981.jpg,test,4,4,mel,mel,0.3116057,True,mel → mel,0.036398456,0.01272265,0.31083205,0.03161359,0.3116057,0.28295615,0.013871394
HAM_0002149,ISIC_0033042,mel,histo,60.0,female,face,data/raw/HAM10000_images_part_2/ISIC_0033042.jpg,test,4,1,mel,bcc,0.26986757,False,mel → bcc,0.19371504,0.26986757,0.23020442,0.10099626,0.09159015,0.08032814,0.033298407
HAM_0001863,ISIC_0032797,mel,histo,70.0,male,upper extremity,data/raw/HAM10000_images_part_2/ISIC_0032797.jpg,test,4,5,mel,nv,0.34611627,False,mel → nv,0.059919193,0.034151446,0.14163378,0.045256276,0.33844295,0.34611627,0.034480102
HAM_0001863,ISIC_0032596,mel,histo,70.0,male,upper extremity,data/raw/HAM10000_images_part_2/ISIC_0032596.jpg,test,4,4,mel,mel,0.33074743,True,mel → mel,0.052316118,0.022061592,0.22453007,0.03953563,0.33074743,0.3106058,0.020203372
HAM_0001863,ISIC_0032856,mel,histo,70.0,male,upper extremity,data/raw/HAM10000_images_part_2/ISIC_0032856.jpg,test,4,5,mel,nv,0.37259445,False,mel → nv,0.043911755,0.020441093,0.18860221,0.040916145,0.312183,0.37259445,0.021351336
HAM_0001863,ISIC_0033193,mel,histo,70.0,male,upper extremity,data/raw/HAM10000_images_part_2/ISIC_0033193.jpg,test,4,2,mel,bkl,0.3616368,False,mel → bkl,0.056438807,0.032202672,0.3616368,0.041815195,0.26403192,0.22283657,0.021038046
HAM_0001863,ISIC_0033125,mel,histo,70.0,male,upper extremity,data/raw/HAM10000_images_part_2/ISIC_0033125.jpg,test,4,4,mel,mel,0.33586842,True,mel → mel,0.055356,0.021994058,0.30505323,0.034798484,0.33586842,0.23030014,0.016629664
HAM_0001863,ISIC_0032810,mel,histo,70.0,male,upper extremity,data/raw/HAM10000_images_part_2/ISIC_0032810.jpg,test,4,4,mel,mel,0.32919863,True,mel → mel,0.088952675,0.05342075,0.20703508,0.048477087,0.32919863,0.23609805,0.036817715
HAM_0003566,ISIC_0032684,mel,histo,50.0,male,abdomen,data/raw/HAM10000_images_part_2/ISIC_0032684.jpg,test,4,5,mel,nv,0.51226187,False,mel → nv,0.006652543,0.0018765773,0.023364453,0.008883017,0.43397906,0.51226187,0.012982554
HAM_0003566,ISIC_0034052,mel,histo,50.0,male,abdomen,data/raw/HAM10000_images_part_2/ISIC_0034052.jpg,test,4,5,mel,nv,0.5109437,False,mel → nv,0.009143342,0.0027470186,0.027997497,0.011336463,0.4232349,0.5109437,0.014597054
HAM_0003566,ISIC_0033171,mel,histo,50.0,male,abdomen,data/raw/HAM10000_images_part_2/ISIC_0033171.jpg,test,4,5,mel,nv,0.5318648,False,mel → nv,0.018257083,0.007710314,0.04774726,0.021861875,0.34845322,0.5318648,0.024105374
HAM_0003495,ISIC_0032869,mel,histo,85.0,male,back,data/raw/HAM10000_images_part_2/ISIC_0032869.jpg,test,4,2,mel,bkl,0.28446165,False,mel → bkl,0.24167916,0.19196777,0.28446165,0.069783874,0.1370288,0.051953577,0.023125133
HAM_0003495,ISIC_0033524,mel,histo,85.0,male,back,data/raw/HAM10000_images_part_2/ISIC_0033524.jpg,test,4,2,mel,bkl,0.33613008,False,mel → bkl,0.2100006,0.15202752,0.33613008,0.07186694,0.15015191,0.06320526,0.016617792
HAM_0006376,ISIC_0032845,mel,histo,70.0,female,lower extremity,data/raw/HAM10000_images_part_2/ISIC_0032845.jpg,test,4,5,mel,nv,0.63601995,False,mel → nv,0.018580526,0.013990644,0.047938433,0.033599067,0.2114386,0.63601995,0.038432807
HAM_0007589,ISIC_0034049,mel,histo,70.0,male,back,data/raw/HAM10000_images_part_2/ISIC_0034049.jpg,test,4,4,mel,mel,0.43635327,True,mel → mel,0.031468544,0.009349526,0.12767275,0.024519784,0.43635327,0.3556977,0.014938434
HAM_0002841,ISIC_0032982,mel,histo,20.0,male,back,data/raw/HAM10000_images_part_2/ISIC_0032982.jpg,test,4,5,mel,nv,0.71504205,False,mel → nv,0.02126431,0.023255104,0.05577109,0.07372047,0.048391473,0.71504205,0.06255552
HAM_0002841,ISIC_0033196,mel,histo,20.0,male,back,data/raw/HAM10000_images_part_2/ISIC_0033196.jpg,test,4,5,mel,nv,0.8006404,False,mel → nv,0.014518201,0.0158644,0.029528985,0.0578392,0.030615147,0.8006404,0.05099369
HAM_0002841,ISIC_0032653,mel,histo,20.0,male,back,data/raw/HAM10000_images_part_2/ISIC_0032653.jpg,test,4,5,mel,nv,0.7234421,False,mel → nv,0.031523645,0.024727995,0.06732226,0.082809724,0.03545054,0.7234421,0.03472381
HAM_0004859,ISIC_0033812,mel,histo,70.0,female,neck,data/raw/HAM10000_images_part_2/ISIC_0033812.jpg,test,4,2,mel,bkl,0.45428443,False,mel → bkl,0.050295852,0.028207451,0.45428443,0.047449917,0.17533723,0.22664537,0.017779797
HAM_0004859,ISIC_0033653,mel,histo,70.0,female,neck,data/raw/HAM10000_images_part_2/ISIC_0033653.jpg,test,4,5,mel,nv,0.46355432,False,mel → nv,0.036433596,0.024537144,0.2710055,0.06305147,0.119423315,0.46355432,0.021994691
HAM_0003351,ISIC_0033878,mel,histo,80.0,female,face,data/raw/HAM10000_images_part_2/ISIC_0033878.jpg,test,4,2,mel,bkl,0.55037963,False,mel → bkl,0.0983111,0.021878084,0.55037963,0.0138657605,0.28763515,0.023484709,0.0044455673
HAM_0006517,ISIC_0032672,mel,histo,55.0,female,lower extremity,data/raw/HAM10000_images_part_2/ISIC_0032672.jpg,test,4,5,mel,nv,0.3378882,False,mel → nv,0.0605697,0.0382578,0.22832371,0.05450843,0.25044894,0.3378882,0.030003244
HAM_0006517,ISIC_0034076,mel,histo,55.0,female,lower extremity,data/raw/HAM10000_images_part_2/ISIC_0034076.jpg,test,4,5,mel,nv,0.33800346,False,mel → nv,0.079477474,0.0722846,0.15584883,0.066564344,0.2367309,0.33800346,0.051090427
HAM_0006462,ISIC_0033520,mel,histo,55.0,male,neck,data/raw/HAM10000_images_part_2/ISIC_0033520.jpg,test,4,4,mel,mel,0.5263737,True,mel → mel,0.07510488,0.02274227,0.1561855,0.024832744,0.5263737,0.17806654,0.01669441
HAM_0006462,ISIC_0034028,mel,histo,55.0,male,neck,data/raw/HAM10000_images_part_2/ISIC_0034028.jpg,test,4,4,mel,mel,0.47694007,True,mel → mel,0.07475461,0.028218197,0.14610834,0.030901382,0.47694007,0.22130203,0.02177543
HAM_0003439,ISIC_0033050,mel,histo,75.0,female,back,data/raw/HAM10000_images_part_2/ISIC_0033050.jpg,test,4,4,mel,mel,0.4201865,True,mel → mel,0.077365465,0.025529666,0.31547466,0.02433595,0.4201865,0.122051835,0.015055883
HAM_0003439,ISIC_0033526,mel,histo,75.0,female,back,data/raw/HAM10000_images_part_2/ISIC_0033526.jpg,test,4,4,mel,mel,0.43588737,True,mel → mel,0.07400021,0.022835173,0.29453954,0.024453495,0.43588737,0.13402797,0.0142562445
HAM_0001974,ISIC_0033807,mel,histo,65.0,female,lower extremity,data/raw/HAM10000_images_part_2/ISIC_0033807.jpg,test,4,5,mel,nv,0.2530484,False,mel → nv,0.10973166,0.15446775,0.1297628,0.08385348,0.14900538,0.2530484,0.12013049
HAM_0001974,ISIC_0033533,mel,histo,65.0,female,lower extremity,data/raw/HAM10000_images_part_2/ISIC_0033533.jpg,test,4,5,mel,nv,0.38656956,False,mel → nv,0.07425224,0.07593209,0.08816475,0.06399565,0.18564466,0.38656956,0.12544103
HAM_0006376,ISIC_0034317,mel,histo,70.0,female,lower extremity,data/raw/HAM10000_images_part_2/ISIC_0034317.jpg,test,4,5,mel,nv,0.73041624,False,mel → nv,0.013927683,0.020538688,0.04226503,0.04051196,0.117717065,0.73041624,0.03462332
HAM_0006376,ISIC_0033662,mel,histo,70.0,female,lower extremity,data/raw/HAM10000_images_part_2/ISIC_0033662.jpg,test,4,5,mel,nv,0.58575255,False,mel → nv,0.023343809,0.020054817,0.08234608,0.041172195,0.21781972,0.58575255,0.029510843
HAM_0001647,ISIC_0033730,mel,histo,70.0,female,back,data/raw/HAM10000_images_part_2/ISIC_0033730.jpg,test,4,4,mel,mel,0.41809872,True,mel → mel,0.035760343,0.015332413,0.12856403,0.028983133,0.41809872,0.3497796,0.023481848
HAM_0001647,ISIC_0032975,mel,histo,70.0,female,back,data/raw/HAM10000_images_part_2/ISIC_0032975.jpg,test,4,4,mel,mel,0.5920593,True,mel → mel,0.025947638,0.00797206,0.080094464,0.0145828435,0.5920593,0.26228878,0.01705486
HAM_0002723,ISIC_0034243,mel,histo,45.0,female,lower extremity,data/raw/HAM10000_images_part_2/ISIC_0034243.jpg,test,4,5,mel,nv,0.2836327,False,mel → nv,0.13075359,0.10384319,0.16462454,0.0778902,0.17473015,0.2836327,0.06452565
HAM_0002723,ISIC_0034050,mel,histo,45.0,female,lower extremity,data/raw/HAM10000_images_part_2/ISIC_0034050.jpg,test,4,5,mel,nv,0.4674442,False,mel → nv,0.080536224,0.06978985,0.10284285,0.082147926,0.13059114,0.4674442,0.066647775
HAM_0000988,ISIC_0031186,mel,histo,70.0,male,face,data/raw/HAM10000_images_part_2/ISIC_0031186.jpg,test,4,2,mel,bkl,0.40046656,False,mel → bkl,0.26582673,0.121405326,0.40046656,0.03907633,0.142689,0.021412894,0.009123109
HAM_0003617,ISIC_0029502,mel,histo,50.0,female,upper extremity,data/raw/HAM10000_images_part_2/ISIC_0029502.jpg,test,4,1,mel,bcc,0.38853973,False,mel → bcc,0.18944103,0.38853973,0.15090357,0.1420655,0.039183877,0.06329714,0.02656917
HAM_0001299,ISIC_0031208,mel,histo,55.0,female,back,data/raw/HAM10000_images_part_2/ISIC_0031208.jpg,test,4,5,mel,nv,0.34531182,False,mel → nv,0.046460513,0.021454275,0.20086578,0.040151626,0.32488823,0.34531182,0.0208678
HAM_0001299,ISIC_0026545,mel,histo,55.0,female,back,data/raw/HAM10000_images_part_1/ISIC_0026545.jpg,test,4,5,mel,nv,0.32756376,False,mel → nv,0.07261683,0.04494934,0.19470043,0.055223998,0.27373254,0.32756376,0.031213025
HAM_0004427,ISIC_0029092,mel,histo,65.0,female,upper extremity,data/raw/HAM10000_images_part_1/ISIC_0029092.jpg,test,4,5,mel,nv,0.55064523,False,mel → nv,0.05050906,0.048324496,0.07952377,0.07785308,0.089618705,0.55064523,0.10352562
HAM_0007586,ISIC_0029819,mel,histo,70.0,female,upper extremity,data/raw/HAM10000_images_part_2/ISIC_0029819.jpg,test,4,5,mel,nv,0.41149586,False,mel → nv,0.04350876,0.0332319,0.13070235,0.047645487,0.29017162,0.41149586,0.043244075
HAM_0006207,ISIC_0030034,mel,histo,50.0,female,back,data/raw/HAM10000_images_part_2/ISIC_0030034.jpg,test,4,5,mel,nv,0.7317074,False,mel → nv,0.024523178,0.03832823,0.03472075,0.08741787,0.020082,0.7317074,0.063220635
HAM_0003761,ISIC_0025316,mel,histo,45.0,female,lower extremity,data/raw/HAM10000_images_part_1/ISIC_0025316.jpg,test,4,5,mel,nv,0.69660455,False,mel → nv,0.013372294,0.04289052,0.022180628,0.08266025,0.017026218,0.69660455,0.12526558
HAM_0006088,ISIC_0028760,mel,histo,30.0,female,abdomen,data/raw/HAM10000_images_part_1/ISIC_0028760.jpg,test,4,5,mel,nv,0.859302,False,mel → nv,0.005858684,0.0055983206,0.011178355,0.056775853,0.0056280307,0.859302,0.055658806
HAM_0001726,ISIC_0024700,mel,histo,35.0,female,trunk,data/raw/HAM10000_images_part_1/ISIC_0024700.jpg,test,4,5,mel,nv,0.6223093,False,mel → nv,0.027188173,0.022631451,0.062385753,0.046680212,0.16238971,0.6223093,0.05641536
HAM_0006453,ISIC_0030192,mel,histo,70.0,male,abdomen,data/raw/HAM10000_images_part_2/ISIC_0030192.jpg,test,4,5,mel,nv,0.53197247,False,mel → nv,0.04692937,0.033094086,0.10137178,0.059985526,0.1820157,0.53197247,0.044631142
HAM_0003484,ISIC_0028003,mel,histo,30.0,male,lower extremity,data/raw/HAM10000_images_part_1/ISIC_0028003.jpg,test,4,5,mel,nv,0.59777355,False,mel → nv,0.024368735,0.025314426,0.04238757,0.039992083,0.19269857,0.59777355,0.07746515
HAM_0002764,ISIC_0030366,mel,histo,60.0,female,back,data/raw/HAM10000_images_part_2/ISIC_0030366.jpg,test,4,5,mel,nv,0.7489236,False,mel → nv,0.020787815,0.032062434,0.030208914,0.08066101,0.020024065,0.7489236,0.067332126
HAM_0000417,ISIC_0031386,mel,histo,65.0,male,back,data/raw/HAM10000_images_part_2/ISIC_0031386.jpg,test,4,5,mel,nv,0.3497024,False,mel → nv,0.04376181,0.02476482,0.30752054,0.05191769,0.20109373,0.3497024,0.02123898
HAM_0006497,ISIC_0027302,mel,histo,35.0,female,lower extremity,data/raw/HAM10000_images_part_1/ISIC_0027302.jpg,test,4,5,mel,nv,0.46134856,False,mel → nv,0.02211017,0.0096724825,0.051077772,0.021776723,0.40730816,0.46134856,0.02670607
HAM_0004878,ISIC_0029056,mel,histo,85.0,male,back,data/raw/HAM10000_images_part_1/ISIC_0029056.jpg,test,4,5,mel,nv,0.45842174,False,mel → nv,0.044980142,0.034370795,0.07789484,0.044806104,0.2917437,0.45842174,0.04778267
HAM_0004817,ISIC_0025238,mel,histo,55.0,male,lower extremity,data/raw/HAM10000_images_part_1/ISIC_0025238.jpg,test,4,5,mel,nv,0.3859681,False,mel → nv,0.06056438,0.14242826,0.111329116,0.09476999,0.121214285,0.3859681,0.08372592
HAM_0000075,ISIC_0025651,mel,histo,70.0,male,back,data/raw/HAM10000_images_part_1/ISIC_0025651.jpg,test,4,1,mel,bcc,0.25929815,False,mel → bcc,0.24150941,0.25929815,0.2012835,0.07596516,0.13447045,0.06316227,0.024311068
HAM_0004654,ISIC_0027130,mel,histo,70.0,male,chest,data/raw/HAM10000_images_part_1/ISIC_0027130.jpg,test,4,4,mel,mel,0.33852953,True,mel → mel,0.09670858,0.06777461,0.15809996,0.04999451,0.33852953,0.24651791,0.042374928
HAM_0004021,ISIC_0025800,mel,histo,65.0,male,back,data/raw/HAM10000_images_part_1/ISIC_0025800.jpg,test,4,4,mel,mel,0.5463841,True,mel → mel,0.06163317,0.025723513,0.12637566,0.023276519,0.5463841,0.19009319,0.026513841
HAM_0002525,ISIC_0026811,mel,histo,55.0,male,face,data/raw/HAM10000_images_part_1/ISIC_0026811.jpg,test,4,2,mel,bkl,0.45620435,False,mel → bkl,0.10781062,0.036782555,0.45620435,0.021589195,0.3124212,0.05252842,0.012663716
HAM_0002906,ISIC_0026604,mel,histo,70.0,male,ear,data/raw/HAM10000_images_part_1/ISIC_0026604.jpg,test,4,5,mel,nv,0.4171716,False,mel → nv,0.064132646,0.124642655,0.1584793,0.100900546,0.09612043,0.4171716,0.038552817
HAM_0007488,ISIC_0029157,mel,histo,60.0,male,back,data/raw/HAM10000_images_part_1/ISIC_0029157.jpg,test,4,4,mel,mel,0.49035725,True,mel → mel,0.021519741,0.009290926,0.034835976,0.016188627,0.49035725,0.39344984,0.034357652
HAM_0007488,ISIC_0024952,mel,histo,60.0,male,back,data/raw/HAM10000_images_part_1/ISIC_0024952.jpg,test,4,5,mel,nv,0.4702783,False,mel → nv,0.043930385,0.11280104,0.06701025,0.06618746,0.15867987,0.4702783,0.081112675
HAM_0007498,ISIC_0025546,mel,histo,55.0,male,upper extremity,data/raw/HAM10000_images_part_1/ISIC_0025546.jpg,test,4,4,mel,mel,0.30083632,True,mel → mel,0.072748855,0.04190597,0.23163168,0.049263693,0.30083632,0.27378494,0.029828532
HAM_0005623,ISIC_0030616,mel,histo,80.0,female,upper extremity,data/raw/HAM10000_images_part_2/ISIC_0030616.jpg,test,4,1,mel,bcc,0.2013771,False,mel → bcc,0.14832215,0.2013771,0.1763331,0.07701695,0.18498324,0.1657255,0.046241898
HAM_0006130,ISIC_0031670,mel,histo,80.0,female,upper extremity,data/raw/HAM10000_images_part_2/ISIC_0031670.jpg,test,4,2,mel,bkl,0.353703,False,mel → bkl,0.13719594,0.053905588,0.353703,0.033202242,0.33847335,0.07062762,0.0128922565
HAM_0001744,ISIC_0031339,mel,histo,60.0,male,back,data/raw/HAM10000_images_part_2/ISIC_0031339.jpg,test,4,4,mel,mel,0.25904164,True,mel → mel,0.20927009,0.15332462,0.21696046,0.045995664,0.25904164,0.08018668,0.035220847
HAM_0006940,ISIC_0027021,mel,histo,55.0,male,upper extremity,data/raw/HAM10000_images_part_1/ISIC_0027021.jpg,test,4,4,mel,mel,0.20998257,True,mel → mel,0.14579912,0.18088147,0.1469807,0.066797756,0.20998257,0.17617548,0.07338298
HAM_0002906,ISIC_0027517,mel,histo,70.0,male,ear,data/raw/HAM10000_images_part_1/ISIC_0027517.jpg,test,4,2,mel,bkl,0.5373793,False,mel → bkl,0.098606445,0.048677612,0.5373793,0.057892244,0.13696204,0.10945051,0.01103194
HAM_0001744,ISIC_0032476,mel,histo,60.0,male,back,data/raw/HAM10000_images_part_2/ISIC_0032476.jpg,test,4,2,mel,bkl,0.3522403,False,mel → bkl,0.27467337,0.14511082,0.3522403,0.043221284,0.14859252,0.026245115,0.009916619
HAM_0001744,ISIC_0029353,mel,histo,60.0,male,back,data/raw/HAM10000_images_part_2/ISIC_0029353.jpg,test,4,1,mel,bcc,0.50850445,False,mel → bcc,0.19801737,0.50850445,0.11474056,0.101045236,0.030085182,0.025659757,0.021947445
HAM_0001814,ISIC_0029170,mel,histo,65.0,female,foot,data/raw/HAM10000_images_part_1/ISIC_0029170.jpg,test,4,5,mel,nv,0.6317496,False,mel → nv,0.027540803,0.045791093,0.09244459,0.080251254,0.07674436,0.6317496,0.04547834
HAM_0001976,ISIC_0026586,mel,histo,85.0,male,upper extremity,data/raw/HAM10000_images_part_1/ISIC_0026586.jpg,test,4,4,mel,mel,0.35475418,True,mel → mel,0.17496803,0.110528484,0.165054,0.04038962,0.35475418,0.11913284,0.0351728
HAM_0001976,ISIC_0025732,mel,histo,85.0,male,upper extremity,data/raw/HAM10000_images_part_1/ISIC_0025732.jpg,test,4,4,mel,mel,0.35133538,True,mel → mel,0.09472445,0.06770094,0.1206217,0.048032682,0.35133538,0.27460775,0.042977042
HAM_0001814,ISIC_0028567,mel,histo,65.0,female,foot,data/raw/HAM10000_images_part_1/ISIC_0028567.jpg,test,4,5,mel,nv,0.68293923,False,mel → nv,0.023537412,0.043262385,0.06933069,0.08228107,0.049493484,0.68293923,0.049155753
HAM_0003435,ISIC_0031350,mel,histo,60.0,male,back,data/raw/HAM10000_images_part_2/ISIC_0031350.jpg,test,4,4,mel,mel,0.29793444,True,mel → mel,0.13966355,0.10142131,0.17714962,0.053255554,0.29793444,0.17678814,0.05378737
HAM_0001964,ISIC_0032149,mel,histo,50.0,male,neck,data/raw/HAM10000_images_part_2/ISIC_0032149.jpg,test,4,2,mel,bkl,0.40852344,False,mel → bkl,0.07719983,0.035712443,0.40852344,0.034678474,0.29780778,0.12754752,0.018530538
HAM_0001964,ISIC_0024733,mel,histo,50.0,male,neck,data/raw/HAM10000_images_part_1/ISIC_0024733.jpg,test,4,2,mel,bkl,0.3146506,False,mel → bkl,0.20369647,0.13488623,0.3146506,0.05491752,0.20610233,0.066583015,0.019163841
HAM_0005504,ISIC_0032433,mel,histo,55.0,female,foot,data/raw/HAM10000_images_part_2/ISIC_0032433.jpg,test,4,2,mel,bkl,0.58609426,False,mel → bkl,0.023506394,0.009143001,0.58609426,0.03425034,0.11617607,0.2223103,0.008519679
HAM_0005504,ISIC_0027480,mel,histo,55.0,female,foot,data/raw/HAM10000_images_part_1/ISIC_0027480.jpg,test,4,5,mel,nv,0.48362577,False,mel → nv,0.02917067,0.024413915,0.24489523,0.06275191,0.13500994,0.48362577,0.020132584
HAM_0005789,ISIC_0028033,mel,histo,55.0,male,chest,data/raw/HAM10000_images_part_1/ISIC_0028033.jpg,test,4,5,mel,nv,0.4940536,False,mel → nv,0.034082707,0.02057077,0.072518274,0.03737681,0.30687475,0.4940536,0.034523103
HAM_0005789,ISIC_0032204,mel,histo,55.0,male,chest,data/raw/HAM10000_images_part_2/ISIC_0032204.jpg,test,4,5,mel,nv,0.4679177,False,mel → nv,0.034509383,0.018703923,0.11797915,0.04017038,0.2928961,0.4679177,0.027823353
HAM_0005789,ISIC_0032095,mel,histo,55.0,male,chest,data/raw/HAM10000_images_part_2/ISIC_0032095.jpg,test,4,5,mel,nv,0.41567177,False,mel → nv,0.04838026,0.030518606,0.120434925,0.046696138,0.30083477,0.41567177,0.037463576
HAM_0004878,ISIC_0026802,mel,histo,85.0,male,back,data/raw/HAM10000_images_part_1/ISIC_0026802.jpg,test,4,5,mel,nv,0.53234917,False,mel → nv,0.035052348,0.05763705,0.060127463,0.04853679,0.21227978,0.53234917,0.054017387
HAM_0004878,ISIC_0032232,mel,histo,85.0,male,back,data/raw/HAM10000_images_part_2/ISIC_0032232.jpg,test,4,5,mel,nv,0.43216047,False,mel → nv,0.049794354,0.14709759,0.09064614,0.08347892,0.1236199,0.43216047,0.073202595
HAM_0000517,ISIC_0031005,mel,histo,65.0,male,back,data/raw/HAM10000_images_part_2/ISIC_0031005.jpg,test,4,2,mel,bkl,0.23285852,False,mel → bkl,0.2023251,0.16578655,0.23285852,0.05673476,0.21805204,0.08911931,0.035123806
HAM_0000517,ISIC_0030507,mel,histo,65.0,male,back,data/raw/HAM10000_images_part_2/ISIC_0030507.jpg,test,4,2,mel,bkl,0.23254123,False,mel → bkl,0.10589589,0.10000488,0.23254123,0.0658245,0.23202056,0.22353242,0.04018047
HAM_0007293,ISIC_0026735,mel,histo,85.0,female,face,data/raw/HAM10000_images_part_1/ISIC_0026735.jpg,test,4,2,mel,bkl,0.6118214,False,mel → bkl,0.036319323,0.008540232,0.6118214,0.013773803,0.2565904,0.06773337,0.0052214954
HAM_0005909,ISIC_0026045,mel,histo,65.0,male,upper extremity,data/raw/HAM10000_images_part_1/ISIC_0026045.jpg,test,4,2,mel,bkl,0.32875058,False,mel → bkl,0.19039698,0.11323808,0.32875058,0.048039254,0.23763691,0.06335706,0.01858118
HAM_0007498,ISIC_0028156,mel,histo,55.0,male,upper extremity,data/raw/HAM10000_images_part_1/ISIC_0028156.jpg,test,4,5,mel,nv,0.46155012,False,mel → nv,0.052375212,0.05682867,0.13621746,0.06923056,0.18463501,0.46155012,0.039163
HAM_0003167,ISIC_0024864,mel,histo,40.0,female,lower extremity,data/raw/HAM10000_images_part_1/ISIC_0024864.jpg,test,4,4,mel,mel,0.44329023,True,mel → mel,0.04975112,0.019391298,0.16072337,0.030659217,0.44329023,0.276985,0.019199863
HAM_0004547,ISIC_0031303,mel,histo,65.0,male,face,data/raw/HAM10000_images_part_2/ISIC_0031303.jpg,test,4,2,mel,bkl,0.57823247,False,mel → bkl,0.14655747,0.057138357,0.57823247,0.032402255,0.15162067,0.02783233,0.006216475
HAM_0004746,ISIC_0028764,mel,histo,65.0,female,back,data/raw/HAM10000_images_part_1/ISIC_0028764.jpg,test,4,4,mel,mel,0.26185542,True,mel → mel,0.1383193,0.11282493,0.22709492,0.05748329,0.26185542,0.16379882,0.038623318
HAM_0004746,ISIC_0029021,mel,histo,65.0,female,back,data/raw/HAM10000_images_part_1/ISIC_0029021.jpg,test,4,4,mel,mel,0.36996543,True,mel → mel,0.08426683,0.049595922,0.15547691,0.045645807,0.36996543,0.25716764,0.037881393
HAM_0002525,ISIC_0025188,mel,histo,55.0,male,face,data/raw/HAM10000_images_part_1/ISIC_0025188.jpg,test,4,4,mel,mel,0.33046308,True,mel → mel,0.091132544,0.05202872,0.26207253,0.044145808,0.33046308,0.19034235,0.029815039
HAM_0006617,ISIC_0028163,vasc,histo,25.0,female,abdomen,data/raw/HAM10000_images_part_1/ISIC_0028163.jpg,test,6,6,vasc,vasc,0.39578125,True,vasc → vasc,0.019936172,0.2856747,0.031000825,0.16971168,0.0066308444,0.091264516,0.39578125
HAM_0006617,ISIC_0024669,vasc,histo,25.0,female,abdomen,data/raw/HAM10000_images_part_1/ISIC_0024669.jpg,test,6,6,vasc,vasc,0.48939112,True,vasc → vasc,0.0105928425,0.199925,0.016860344,0.2088318,0.001997182,0.07240173,0.48939112
HAM_0004765,ISIC_0031217,vasc,histo,15.0,male,face,data/raw/HAM10000_images_part_2/ISIC_0031217.jpg,test,6,6,vasc,vasc,0.5272873,True,vasc → vasc,0.00439413,0.018301891,0.012569653,0.11465578,0.0035714041,0.31921992,0.5272873
HAM_0004765,ISIC_0025599,vasc,histo,15.0,male,face,data/raw/HAM10000_images_part_1/ISIC_0025599.jpg,test,6,6,vasc,vasc,0.81550056,True,vasc → vasc,0.0016465159,0.011634837,0.0052661104,0.055418134,0.0021702559,0.10836363,0.81550056
HAM_0003862,ISIC_0033031,vasc,histo,45.0,male,upper extremity,data/raw/HAM10000_images_part_2/ISIC_0033031.jpg,test,6,5,vasc,nv,0.28819704,False,vasc → nv,0.07742834,0.18247518,0.10301651,0.08037591,0.14748746,0.28819704,0.12101963
HAM_0003862,ISIC_0032775,vasc,histo,45.0,male,upper extremity,data/raw/HAM10000_images_part_2/ISIC_0032775.jpg,test,6,4,vasc,mel,0.33200333,False,vasc → mel,0.092076465,0.099148884,0.11758693,0.04944309,0.33200333,0.22033973,0.08940161
HAM_0003862,ISIC_0033458,vasc,histo,45.0,male,upper extremity,data/raw/HAM10000_images_part_2/ISIC_0033458.jpg,test,6,5,vasc,nv,0.21590783,False,vasc → nv,0.11714974,0.18216905,0.16178538,0.097739235,0.13750273,0.21590783,0.087746
HAM_0001852,ISIC_0033749,vasc,histo,80.0,male,lower extremity,data/raw/HAM10000_images_part_2/ISIC_0033749.jpg,test,6,1,vasc,bcc,0.2540913,False,vasc → bcc,0.0974009,0.2540913,0.12077041,0.08598472,0.09845347,0.11880852,0.22449072
HAM_0001852,ISIC_0034196,vasc,histo,80.0,male,lower extremity,data/raw/HAM10000_images_part_2/ISIC_0034196.jpg,test,6,6,vasc,vasc,0.40386692,True,vasc → vasc,0.039400663,0.14348544,0.06707261,0.07989312,0.08290334,0.18337792,0.40386692
HAM_0001719,ISIC_0031090,vasc,histo,55.0,female,upper extremity,data/raw/HAM10000_images_part_2/ISIC_0031090.jpg,test,6,5,vasc,nv,0.26519316,False,vasc → nv,0.052589796,0.08666903,0.066364475,0.046474066,0.23138206,0.26519316,0.25132746
HAM_0005471,ISIC_0028146,vasc,histo,60.0,female,back,data/raw/HAM10000_images_part_1/ISIC_0028146.jpg,test,6,5,vasc,nv,0.44607106,False,vasc → nv,0.035942405,0.023470093,0.07979486,0.036108218,0.33503065,0.44607106,0.043582655
HAM_0002610,ISIC_0026876,vasc,consensus,0.0,female,abdomen,data/raw/HAM10000_images_part_1/ISIC_0026876.jpg,test,6,6,vasc,vasc,0.8140632,True,vasc → vasc,0.004868732,0.08835032,0.01054096,0.046116143,0.006115214,0.029945383,0.8140632
HAM_0002610,ISIC_0030606,vasc,consensus,0.0,female,abdomen,data/raw/HAM10000_images_part_2/ISIC_0030606.jpg,test,6,6,vasc,vasc,0.8090954,True,vasc → vasc,0.0020529004,0.013501587,0.006257656,0.05711196,0.0029694384,0.10901103,0.8090954
HAM_0007020,ISIC_0031719,vasc,consensus,75.0,female,hand,data/raw/HAM10000_images_part_2/ISIC_0031719.jpg,test,6,5,vasc,nv,0.75499016,False,vasc → nv,0.017252658,0.00948433,0.029116029,0.035010997,0.1021762,0.75499016,0.051969606
HAM_0007020,ISIC_0030070,vasc,consensus,75.0,female,hand,data/raw/HAM10000_images_part_2/ISIC_0030070.jpg,test,6,5,vasc,nv,0.5143649,False,vasc → nv,0.0062361197,0.01896825,0.018014153,0.09638635,0.011554327,0.5143649,0.33447587
HAM_0004549,ISIC_0031201,vasc,consensus,45.0,male,trunk,data/raw/HAM10000_images_part_2/ISIC_0031201.jpg,test,6,6,vasc,vasc,0.9914493,True,vasc → vasc,2.6982516e-05,0.0036022728,0.00014431664,0.0035846632,6.545609e-05,0.0011269816,0.9914493
HAM_0000845,ISIC_0025244,vasc,consensus,45.0,female,trunk,data/raw/HAM10000_images_part_1/ISIC_0025244.jpg,test,6,6,vasc,vasc,0.5175947,True,vasc → vasc,0.01845684,0.06232081,0.030207712,0.12079105,0.017908435,0.23272043,0.5175947
HAM_0002650,ISIC_0029742,vasc,consensus,5.0,male,back,data/raw/HAM10000_images_part_2/ISIC_0029742.jpg,test,6,6,vasc,vasc,0.99496424,True,vasc → vasc,1.1788945e-05,0.0005591501,0.00011680019,0.0024380647,9.572729e-05,0.0018142036,0.99496424
HAM_0006291,ISIC_0026490,vasc,consensus,65.0,female,trunk,data/raw/HAM10000_images_part_1/ISIC_0026490.jpg,test,6,6,vasc,vasc,0.97833794,True,vasc → vasc,0.00014990546,0.0031759345,0.0008286315,0.009285616,0.00046674823,0.0077551813,0.97833794
HAM_0000109,ISIC_0031065,vasc,consensus,35.0,female,trunk,data/raw/HAM10000_images_part_2/ISIC_0031065.jpg,test,6,6,vasc,vasc,0.951199,True,vasc → vasc,0.000565124,0.007801623,0.0021570935,0.01887495,0.0015278719,0.017874293,0.951199
HAM_0006280,ISIC_0027937,vasc,consensus,70.0,male,trunk,data/raw/HAM10000_images_part_1/ISIC_0027937.jpg,test,6,6,vasc,vasc,0.7748625,True,vasc → vasc,0.009484809,0.08402671,0.018806627,0.06317683,0.010663905,0.038978606,0.7748625
HAM_0000781,ISIC_0028155,bcc,histo,50.0,male,back,data/raw/HAM10000_images_part_1/ISIC_0028155.jpg,test,1,1,bcc,bcc,0.5157984,True,bcc → bcc,0.053129368,0.5157984,0.05064069,0.09553226,0.021751137,0.043242924,0.21990521
HAM_0007141,ISIC_0029230,bcc,histo,50.0,male,trunk,data/raw/HAM10000_images_part_1/ISIC_0029230.jpg,test,1,5,bcc,nv,0.5093314,False,bcc → nv,0.026592387,0.053104583,0.06119826,0.22681937,0.009184736,0.5093314,0.11376934
HAM_0007141,ISIC_0031513,bcc,histo,50.0,male,trunk,data/raw/HAM10000_images_part_2/ISIC_0031513.jpg,test,1,5,bcc,nv,0.4791374,False,bcc → nv,0.02917111,0.055986207,0.066779636,0.25808734,0.007882324,0.4791374,0.10295605
HAM_0005776,ISIC_0028238,bcc,histo,80.0,male,back,data/raw/HAM10000_images_part_1/ISIC_0028238.jpg,test,1,1,bcc,bcc,0.49063188,True,bcc → bcc,0.14807501,0.49063188,0.11612076,0.13106236,0.035370395,0.048301037,0.030438593
HAM_0005776,ISIC_0029755,bcc,histo,80.0,male,back,data/raw/HAM10000_images_part_2/ISIC_0029755.jpg,test,1,1,bcc,bcc,0.46592647,True,bcc → bcc,0.08520951,0.46592647,0.09794392,0.16927734,0.02349269,0.053358447,0.104791686
HAM_0003805,ISIC_0030446,bcc,histo,80.0,female,scalp,data/raw/HAM10000_images_part_2/ISIC_0030446.jpg,test,1,1,bcc,bcc,0.28223568,True,bcc → bcc,0.21331407,0.28223568,0.19199647,0.09822161,0.10507263,0.08908083,0.020078812
HAM_0003805,ISIC_0031527,bcc,histo,80.0,female,scalp,data/raw/HAM10000_images_part_2/ISIC_0031527.jpg,test,1,1,bcc,bcc,0.25253284,True,bcc → bcc,0.17243694,0.25253284,0.19003461,0.10703129,0.11606505,0.13142218,0.03047708
HAM_0000687,ISIC_0028994,bcc,histo,85.0,male,lower extremity,data/raw/HAM10000_images_part_1/ISIC_0028994.jpg,test,1,2,bcc,bkl,0.31240612,False,bcc → bkl,0.21030179,0.19631982,0.31240612,0.080560766,0.118944526,0.057767473,0.02369954
HAM_0007446,ISIC_0028457,bcc,histo,75.0,female,face,data/raw/HAM10000_images_part_1/ISIC_0028457.jpg,test,1,5,bcc,nv,0.4555965,False,bcc → nv,0.040143646,0.062792994,0.08962876,0.23343971,0.012119386,0.4555965,0.106278956
HAM_0000994,ISIC_0027545,bcc,histo,80.0,male,scalp,data/raw/HAM10000_images_part_1/ISIC_0027545.jpg,test,1,1,bcc,bcc,0.24186885,True,bcc → bcc,0.22607654,0.24186885,0.19515692,0.06725037,0.15906169,0.05636967,0.054215815
HAM_0000994,ISIC_0027609,bcc,histo,80.0,male,scalp,data/raw/HAM10000_images_part_1/ISIC_0027609.jpg,test,1,6,bcc,vasc,0.44900608,False,bcc → vasc,0.060520917,0.2565554,0.067303754,0.060501177,0.061531294,0.044581417,0.44900608
HAM_0002346,ISIC_0027365,bcc,histo,70.0,male,face,data/raw/HAM10000_images_part_1/ISIC_0027365.jpg,test,1,2,bcc,bkl,0.26991007,False,bcc → bkl,0.11984389,0.11732929,0.26991007,0.081377655,0.19087152,0.18692303,0.03374458
HAM_0002346,ISIC_0026343,bcc,histo,70.0,male,face,data/raw/HAM10000_images_part_1/ISIC_0026343.jpg,test,1,1,bcc,bcc,0.34849384,True,bcc → bcc,0.2152475,0.34849384,0.1805141,0.101573616,0.07756202,0.061611287,0.014997577
HAM_0002346,ISIC_0029341,bcc,histo,70.0,male,face,data/raw/HAM10000_images_part_2/ISIC_0029341.jpg,test,1,5,bcc,nv,0.26848534,False,bcc → nv,0.10384264,0.15550992,0.15458782,0.079375274,0.1740117,0.26848534,0.064187296
HAM_0005947,ISIC_0027998,bcc,histo,65.0,female,upper extremity,data/raw/HAM10000_images_part_1/ISIC_0027998.jpg,test,1,5,bcc,nv,0.36926204,False,bcc → nv,0.06843988,0.062236067,0.12241252,0.05905689,0.2638001,0.36926204,0.054792427
HAM_0005947,ISIC_0028079,bcc,histo,65.0,female,upper extremity,data/raw/HAM10000_images_part_1/ISIC_0028079.jpg,test,1,2,bcc,bkl,0.34293193,False,bcc → bkl,0.15556389,0.101501405,0.34293193,0.054348547,0.23358941,0.089664556,0.022400273
HAM_0001326,ISIC_0031824,bcc,histo,60.0,male,scalp,data/raw/HAM10000_images_part_2/ISIC_0031824.jpg,test,1,1,bcc,bcc,0.31336474,True,bcc → bcc,0.28726828,0.31336474,0.23321842,0.10077057,0.035904273,0.017822651,0.01165112
HAM_0001326,ISIC_0030145,bcc,histo,60.0,male,scalp,data/raw/HAM10000_images_part_2/ISIC_0030145.jpg,test,1,2,bcc,bkl,0.35373628,False,bcc → bkl,0.29620352,0.17035717,0.35373628,0.050688136,0.097040705,0.021550257,0.010423951
HAM_0006384,ISIC_0031272,bcc,histo,80.0,male,face,data/raw/HAM10000_images_part_2/ISIC_0031272.jpg,test,1,1,bcc,bcc,0.26170442,True,bcc → bcc,0.19306982,0.26170442,0.2035301,0.110680245,0.083649725,0.099242896,0.048122793
HAM_0005058,ISIC_0026324,bcc,histo,85.0,female,face,data/raw/HAM10000_images_part_1/ISIC_0026324.jpg,test,1,1,bcc,bcc,0.51982254,True,bcc → bcc,0.16885501,0.51982254,0.10578575,0.14088829,0.017735474,0.026315702,0.020597246
HAM_0005058,ISIC_0025700,bcc,histo,85.0,female,face,data/raw/HAM10000_images_part_1/ISIC_0025700.jpg,test,1,1,bcc,bcc,0.50354254,True,bcc → bcc,0.13915986,0.50354254,0.11377526,0.15449059,0.020909898,0.033308458,0.034813397
HAM_0006387,ISIC_0026831,bcc,histo,70.0,male,face,data/raw/HAM10000_images_part_1/ISIC_0026831.jpg,test,1,3,bcc,df,0.3310854,False,bcc → df,0.051601555,0.10860536,0.08920141,0.3310854,0.009161556,0.2841974,0.12614734
HAM_0006387,ISIC_0032482,bcc,histo,70.0,male,face,data/raw/HAM10000_images_part_2/ISIC_0032482.jpg,test,1,5,bcc,nv,0.33347052,False,bcc → nv,0.026405072,0.07491473,0.053872865,0.23437406,0.009905633,0.33347052,0.2670571
HAM_0005396,ISIC_0033720,bcc,histo,75.0,male,abdomen,data/raw/HAM10000_images_part_2/ISIC_0033720.jpg,test,1,1,bcc,bcc,0.63114846,True,bcc → bcc,0.07839228,0.63114846,0.071097285,0.15181625,0.010089211,0.024587682,0.032868788
HAM_0005396,ISIC_0034255,bcc,histo,75.0,male,abdomen,data/raw/HAM10000_images_part_2/ISIC_0034255.jpg,test,1,1,bcc,bcc,0.38801786,True,bcc → bcc,0.07018733,0.38801786,0.1144338,0.17096502,0.036063533,0.15353571,0.06679663
HAM_0005396,ISIC_0032834,bcc,histo,75.0,male,abdomen,data/raw/HAM10000_images_part_2/ISIC_0032834.jpg,test,1,5,bcc,nv,0.32716322,False,bcc → nv,0.06289907,0.19283162,0.14978373,0.13593087,0.069981255,0.32716322,0.06141023
HAM_0007335,ISIC_0034299,bcc,histo,60.0,male,upper extremity,data/raw/HAM10000_images_part_2/ISIC_0034299.jpg,test,1,2,bcc,bkl,0.24089202,False,bcc → bkl,0.1643927,0.1536476,0.24089202,0.090649925,0.17683578,0.14170988,0.031872172
HAM_0007335,ISIC_0032808,bcc,histo,60.0,male,upper extremity,data/raw/HAM10000_images_part_2/ISIC_0032808.jpg,test,1,2,bcc,bkl,0.4265758,False,bcc → bkl,0.04991022,0.031074844,0.4265758,0.050974503,0.17812061,0.24254562,0.020798389
HAM_0007248,ISIC_0025102,bcc,histo,70.0,male,lower extremity,data/raw/HAM10000_images_part_1/ISIC_0025102.jpg,test,1,1,bcc,bcc,0.42790672,True,bcc → bcc,0.07822587,0.42790672,0.10477658,0.12770107,0.0530484,0.14324,0.06510134
HAM_0007248,ISIC_0032850,bcc,histo,70.0,male,lower extremity,data/raw/HAM10000_images_part_2/ISIC_0032850.jpg,test,1,3,bcc,df,0.2892015,False,bcc → df,0.036730696,0.18201157,0.06915964,0.2892015,0.011260357,0.22159001,0.19004619
HAM_0007248,ISIC_0030712,bcc,histo,70.0,male,lower extremity,data/raw/HAM10000_images_part_2/ISIC_0030712.jpg,test,1,1,bcc,bcc,0.3817512,True,bcc → bcc,0.04499994,0.3817512,0.08288094,0.18384361,0.026616437,0.14893158,0.13097632
HAM_0003600,ISIC_0031836,bcc,histo,40.0,female,abdomen,data/raw/HAM10000_images_part_2/ISIC_0031836.jpg,test,1,5,bcc,nv,0.3352204,False,bcc → nv,0.057034362,0.05835469,0.29352733,0.076144144,0.14827496,0.3352204,0.031444106
HAM_0007550,ISIC_0026528,bcc,histo,70.0,male,trunk,data/raw/HAM10000_images_part_1/ISIC_0026528.jpg,test,1,5,bcc,nv,0.50682837,False,bcc → nv,0.013179908,0.033119094,0.026470847,0.16139784,0.0062325643,0.50682837,0.25277138
HAM_0004515,ISIC_0029564,bcc,histo,55.0,female,face,data/raw/HAM10000_images_part_2/ISIC_0029564.jpg,test,1,1,bcc,bcc,0.2553844,True,bcc → bcc,0.1973463,0.2553844,0.2148355,0.22094385,0.016216677,0.06829176,0.026981588
HAM_0003112,ISIC_0030233,bcc,histo,80.0,male,chest,data/raw/HAM10000_images_part_2/ISIC_0030233.jpg,test,1,4,bcc,mel,0.27941775,False,bcc → mel,0.111769564,0.09061877,0.20482364,0.056576874,0.27941775,0.2114318,0.045361657
HAM_0006844,ISIC_0028688,bcc,histo,60.0,male,scalp,data/raw/HAM10000_images_part_1/ISIC_0028688.jpg,test,1,4,bcc,mel,0.34236974,False,bcc → mel,0.11533073,0.06503372,0.26657912,0.039516594,0.34236974,0.14038435,0.030785754
HAM_0003694,ISIC_0028818,bcc,histo,70.0,male,foot,data/raw/HAM10000_images_part_1/ISIC_0028818.jpg,test,1,1,bcc,bcc,0.35652176,True,bcc → bcc,0.15899886,0.35652176,0.162811,0.12212923,0.06446484,0.09761057,0.037463725
HAM_0006115,ISIC_0025576,bcc,histo,55.0,male,back,data/raw/HAM10000_images_part_1/ISIC_0025576.jpg,test,1,1,bcc,bcc,0.43058068,True,bcc → bcc,0.26958093,0.43058068,0.13918613,0.0943809,0.030108644,0.017220581,0.018942107
HAM_0002983,ISIC_0029392,bcc,histo,75.0,male,upper extremity,data/raw/HAM10000_images_part_2/ISIC_0029392.jpg,test,1,1,bcc,bcc,0.39995968,True,bcc → bcc,0.16111271,0.39995968,0.1420499,0.10926055,0.066827275,0.0939643,0.026825683
HAM_0002818,ISIC_0028570,bcc,histo,85.0,female,back,data/raw/HAM10000_images_part_1/ISIC_0028570.jpg,test,1,2,bcc,bkl,0.2887588,False,bcc → bkl,0.18172666,0.138758,0.2887588,0.07311897,0.19181271,0.10162539,0.024199443
HAM_0000987,ISIC_0025301,bcc,histo,70.0,male,back,data/raw/HAM10000_images_part_1/ISIC_0025301.jpg,test,1,5,bcc,nv,0.37044078,False,bcc → nv,0.06634169,0.16928592,0.09222852,0.09097571,0.1063079,0.37044078,0.104419425
HAM_0000953,ISIC_0026213,bcc,histo,70.0,male,chest,data/raw/HAM10000_images_part_1/ISIC_0026213.jpg,test,1,1,bcc,bcc,0.62151724,True,bcc → bcc,0.09140762,0.62151724,0.06916682,0.13192104,0.01253799,0.028821459,0.04462791
HAM_0000953,ISIC_0026442,bcc,histo,70.0,male,chest,data/raw/HAM10000_images_part_1/ISIC_0026442.jpg,test,1,1,bcc,bcc,0.33176023,True,bcc → bcc,0.32388714,0.33176023,0.18083566,0.06627251,0.05978034,0.017829541,0.019634517
HAM_0000504,ISIC_0026716,bcc,histo,45.0,male,back,data/raw/HAM10000_images_part_1/ISIC_0026716.jpg,test,1,2,bcc,bkl,0.2089733,False,bcc → bkl,0.2071776,0.20183387,0.2089733,0.06261013,0.19100344,0.09281759,0.035584096
HAM_0000504,ISIC_0025971,bcc,histo,45.0,male,back,data/raw/HAM10000_images_part_1/ISIC_0025971.jpg,test,1,1,bcc,bcc,0.72985274,True,bcc → bcc,0.04939993,0.72985274,0.040945888,0.13547072,0.0038216608,0.012762783,0.027746331
HAM_0006575,ISIC_0029391,bcc,histo,65.0,female,chest,data/raw/HAM10000_images_part_2/ISIC_0029391.jpg,test,1,1,bcc,bcc,0.4516349,True,bcc → bcc,0.26112533,0.4516349,0.13079056,0.08579663,0.029922387,0.016843706,0.023886586
HAM_0004027,ISIC_0030403,bcc,histo,65.0,female,back,data/raw/HAM10000_images_part_2/ISIC_0030403.jpg,test,1,1,bcc,bcc,0.6514461,True,bcc → bcc,0.08094053,0.6514461,0.06117471,0.138093,0.008379108,0.027013028,0.032953568
HAM_0004027,ISIC_0024595,bcc,histo,65.0,female,back,data/raw/HAM10000_images_part_1/ISIC_0024595.jpg,test,1,2,bcc,bkl,0.34734944,False,bcc → bkl,0.14794779,0.14285143,0.34734944,0.087661795,0.13468711,0.10609595,0.03340645
HAM_0000512,ISIC_0030528,bcc,histo,45.0,female,face,data/raw/HAM10000_images_part_2/ISIC_0030528.jpg,test,1,2,bcc,bkl,0.26152614,False,bcc → bkl,0.18219036,0.15681878,0.26152614,0.06720587,0.19882749,0.10759184,0.025839595
HAM_0002736,ISIC_0030594,bcc,histo,75.0,male,back,data/raw/HAM10000_images_part_2/ISIC_0030594.jpg,test,1,0,bcc,akiec,0.28862664,False,bcc → akiec,0.28862664,0.16230549,0.26999316,0.044300824,0.18605117,0.032859493,0.015863251
HAM_0005933,ISIC_0024634,bcc,histo,80.0,female,back,data/raw/HAM10000_images_part_1/ISIC_0024634.jpg,test,1,1,bcc,bcc,0.42969817,True,bcc → bcc,0.24253884,0.42969817,0.14464274,0.09824916,0.036710296,0.022364272,0.025796555
HAM_0006609,ISIC_0031266,bcc,histo,80.0,male,back,data/raw/HAM10000_images_part_2/ISIC_0031266.jpg,test,1,1,bcc,bcc,0.30732223,True,bcc → bcc,0.29668903,0.30732223,0.2098141,0.08302329,0.06060146,0.027442474,0.015107374
HAM_0003610,ISIC_0028937,bcc,histo,80.0,male,face,data/raw/HAM10000_images_part_1/ISIC_0028937.jpg,test,1,4,bcc,mel,0.29307523,False,bcc → mel,0.22070527,0.1181867,0.2684429,0.035108957,0.29307523,0.045691427,0.018789541
HAM_0006005,ISIC_0029489,bcc,histo,85.0,female,lower extremity,data/raw/HAM10000_images_part_2/ISIC_0029489.jpg,test,1,1,bcc,bcc,0.5921153,True,bcc → bcc,0.09596325,0.5921153,0.08283288,0.14248879,0.014856862,0.030140162,0.0416028
HAM_0005536,ISIC_0026798,bcc,histo,45.0,male,lower extremity,data/raw/HAM10000_images_part_1/ISIC_0026798.jpg,test,1,2,bcc,bkl,0.38893172,False,bcc → bkl,0.11551262,0.079171434,0.38893172,0.060595475,0.20126182,0.12948169,0.025045237
HAM_0006708,ISIC_0027189,bcc,histo,80.0,female,lower extremity,data/raw/HAM10000_images_part_1/ISIC_0027189.jpg,test,1,0,bcc,akiec,0.29929563,False,bcc → akiec,0.29929563,0.22863705,0.2950677,0.0870269,0.05279031,0.024225393,0.012956949
HAM_0006851,ISIC_0031976,bcc,histo,80.0,male,face,data/raw/HAM10000_images_part_2/ISIC_0031976.jpg,test,1,4,bcc,mel,0.4373489,False,bcc → mel,0.11141261,0.07074566,0.1479158,0.033425648,0.4373489,0.15459198,0.04455941
HAM_0005268,ISIC_0027825,bcc,histo,55.0,male,chest,data/raw/HAM10000_images_part_1/ISIC_0027825.jpg,test,1,1,bcc,bcc,0.45078197,True,bcc → bcc,0.12932882,0.45078197,0.11945586,0.16848084,0.023616532,0.05907738,0.049258564
HAM_0001457,ISIC_0029856,bcc,histo,75.0,male,back,data/raw/HAM10000_images_part_2/ISIC_0029856.jpg,test,1,1,bcc,bcc,0.7467947,True,bcc → bcc,0.06020084,0.7467947,0.037255786,0.12740798,0.0024421376,0.0065193605,0.01937929
HAM_0005501,ISIC_0025711,bcc,histo,80.0,male,back,data/raw/HAM10000_images_part_1/ISIC_0025711.jpg,test,1,1,bcc,bcc,0.37782985,True,bcc → bcc,0.07118182,0.37782985,0.08237402,0.11586295,0.05672576,0.14672218,0.14930342
HAM_0004495,ISIC_0024743,bcc,histo,65.0,female,lower extremity,data/raw/HAM10000_images_part_1/ISIC_0024743.jpg,test,1,1,bcc,bcc,0.60135883,True,bcc → bcc,0.030003333,0.60135883,0.028165571,0.24135047,0.0014578464,0.019234767,0.07842921
HAM_0005669,ISIC_0024949,bcc,histo,75.0,male,upper extremity,data/raw/HAM10000_images_part_1/ISIC_0024949.jpg,test,1,1,bcc,bcc,0.29128113,True,bcc → bcc,0.1928139,0.29128113,0.21243939,0.12479188,0.0642628,0.08219627,0.03221464
HAM_0000987,ISIC_0027722,bcc,histo,70.0,male,back,data/raw/HAM10000_images_part_1/ISIC_0027722.jpg,test,1,1,bcc,bcc,0.43872428,True,bcc → bcc,0.26317158,0.43872428,0.13383698,0.10093274,0.02621918,0.016728604,0.020386716
HAM_0006872,ISIC_0030514,bcc,histo,85.0,male,back,data/raw/HAM10000_images_part_2/ISIC_0030514.jpg,test,1,1,bcc,bcc,0.39711472,True,bcc → bcc,0.19598082,0.39711472,0.15928958,0.13977666,0.035416365,0.04645403,0.025967728
HAM_0006872,ISIC_0024345,bcc,histo,85.0,male,back,data/raw/HAM10000_images_part_1/ISIC_0024345.jpg,test,1,1,bcc,bcc,0.48157585,True,bcc → bcc,0.16579047,0.48157585,0.117513,0.14319102,0.026033444,0.041237626,0.024658568
HAM_0002812,ISIC_0029053,bcc,histo,75.0,female,back,data/raw/HAM10000_images_part_1/ISIC_0029053.jpg,test,1,0,bcc,akiec,0.34148163,False,bcc → akiec,0.34148163,0.2399438,0.23647384,0.06350394,0.08518679,0.020803465,0.012606494
HAM_0003827,ISIC_0028350,bcc,histo,70.0,female,back,data/raw/HAM10000_images_part_1/ISIC_0028350.jpg,test,1,1,bcc,bcc,0.37403247,True,bcc → bcc,0.22954892,0.37403247,0.18625684,0.10536469,0.04572999,0.030450804,0.028616246
HAM_0005375,ISIC_0028814,bcc,histo,70.0,male,neck,data/raw/HAM10000_images_part_1/ISIC_0028814.jpg,test,1,1,bcc,bcc,0.32940283,True,bcc → bcc,0.30557767,0.32940283,0.1848655,0.07340794,0.061798573,0.024198454,0.020749029
HAM_0002812,ISIC_0027788,bcc,histo,75.0,female,back,data/raw/HAM10000_images_part_1/ISIC_0027788.jpg,test,1,1,bcc,bcc,0.6024648,True,bcc → bcc,0.10253702,0.6024648,0.07858169,0.14822823,0.0106922565,0.022761237,0.034734864
HAM_0005026,ISIC_0028978,bcc,histo,40.0,female,abdomen,data/raw/HAM10000_images_part_1/ISIC_0028978.jpg,test,1,1,bcc,bcc,0.42593455,True,bcc → bcc,0.056180444,0.42593455,0.07683091,0.23121792,0.013050997,0.07908716,0.11769807
HAM_0005026,ISIC_0028728,bcc,histo,40.0,female,abdomen,data/raw/HAM10000_images_part_1/ISIC_0028728.jpg,test,1,1,bcc,bcc,0.40907896,True,bcc → bcc,0.1239178,0.40907896,0.11775687,0.1839577,0.02398841,0.08336897,0.057931308
HAM_0002530,ISIC_0028239,nv,follow_up,45.0,female,lower extremity,data/raw/HAM10000_images_part_1/ISIC_0028239.jpg,test,5,5,nv,nv,0.8045261,True,nv → nv,0.018408725,0.016673883,0.023223802,0.09133154,0.0043644356,0.8045261,0.041471463
HAM_0006830,ISIC_0032285,nv,follow_up,45.0,female,abdomen,data/raw/HAM10000_images_part_2/ISIC_0032285.jpg,test,5,5,nv,nv,0.8972387,True,nv → nv,0.008964093,0.00506059,0.011743904,0.041801408,0.008367536,0.8972387,0.026823888
HAM_0004233,ISIC_0029979,nv,follow_up,45.0,female,back,data/raw/HAM10000_images_part_2/ISIC_0029979.jpg,test,5,5,nv,nv,0.7507754,True,nv → nv,0.021225268,0.019284444,0.07406727,0.078237474,0.024891635,0.7507754,0.03151858
HAM_0003042,ISIC_0031282,nv,follow_up,50.0,male,trunk,data/raw/HAM10000_images_part_2/ISIC_0031282.jpg,test,5,5,nv,nv,0.8413303,True,nv → nv,0.016266031,0.009974526,0.024753198,0.055540618,0.017122025,0.8413303,0.035013404
HAM_0000727,ISIC_0029961,nv,follow_up,50.0,male,lower extremity,data/raw/HAM10000_images_part_2/ISIC_0029961.jpg,test,5,5,nv,nv,0.8694505,True,nv → nv,0.008759191,0.00687447,0.014467629,0.049122967,0.01056674,0.8694505,0.040758494
HAM_0007329,ISIC_0026583,nv,follow_up,50.0,male,lower extremity,data/raw/HAM10000_images_part_1/ISIC_0026583.jpg,test,5,5,nv,nv,0.7258993,True,nv → nv,0.023958102,0.024728846,0.045403287,0.10678502,0.014856629,0.7258993,0.05836885
HAM_0000289,ISIC_0032226,nv,follow_up,50.0,male,lower extremity,data/raw/HAM10000_images_part_2/ISIC_0032226.jpg,test,5,5,nv,nv,0.5439227,True,nv → nv,0.035644934,0.07380063,0.052037913,0.13866642,0.023138748,0.5439227,0.13278861
HAM_0004408,ISIC_0026824,nv,follow_up,50.0,male,foot,data/raw/HAM10000_images_part_1/ISIC_0026824.jpg,test,5,5,nv,nv,0.39280793,True,nv → nv,0.06891043,0.06014392,0.16387178,0.069372416,0.2001855,0.39280793,0.04470803
HAM_0003396,ISIC_0031068,nv,follow_up,45.0,male,lower extremity,data/raw/HAM10000_images_part_2/ISIC_0031068.jpg,test,5,5,nv,nv,0.8202834,True,nv → nv,0.016116375,0.01147565,0.03553869,0.07582973,0.0083176205,0.8202834,0.032438435
HAM_0001263,ISIC_0031463,nv,follow_up,45.0,male,back,data/raw/HAM10000_images_part_2/ISIC_0031463.jpg,test,5,5,nv,nv,0.7575461,True,nv → nv,0.020290092,0.017658692,0.068731844,0.06749625,0.03676341,0.7575461,0.031513643
HAM_0003548,ISIC_0028480,nv,follow_up,55.0,male,back,data/raw/HAM10000_images_part_1/ISIC_0028480.jpg,test,5,5,nv,nv,0.8325196,True,nv → nv,0.015000314,0.011242245,0.03172114,0.07472102,0.007176432,0.8325196,0.02761934
HAM_0005093,ISIC_0030517,nv,follow_up,55.0,male,back,data/raw/HAM10000_images_part_2/ISIC_0030517.jpg,test,5,5,nv,nv,0.88015145,True,nv → nv,0.011163143,0.0065470613,0.01379557,0.052846115,0.00614143,0.88015145,0.029355256
HAM_0002514,ISIC_0026768,nv,follow_up,55.0,male,lower extremity,data/raw/HAM10000_images_part_1/ISIC_0026768.jpg,test,5,5,nv,nv,0.8790828,True,nv → nv,0.009538476,0.007238275,0.014098118,0.05742834,0.0045974385,0.8790828,0.028016575
HAM_0001061,ISIC_0029526,nv,follow_up,45.0,male,back,data/raw/HAM10000_images_part_2/ISIC_0029526.jpg,test,5,5,nv,nv,0.76798034,True,nv → nv,0.011718244,0.0155152595,0.024635246,0.09889622,0.007501958,0.76798034,0.07375272
HAM_0007316,ISIC_0031895,nv,follow_up,50.0,female,upper extremity,data/raw/HAM10000_images_part_2/ISIC_0031895.jpg,test,5,5,nv,nv,0.6404409,True,nv → nv,0.027054299,0.05890876,0.041855346,0.094641775,0.032056913,0.6404409,0.105042
HAM_0002112,ISIC_0030820,nv,follow_up,55.0,male,upper extremity,data/raw/HAM10000_images_part_2/ISIC_0030820.jpg,test,5,5,nv,nv,0.8635479,True,nv → nv,0.0120806545,0.007885337,0.021023043,0.06243436,0.0064850114,0.8635479,0.026543759
HAM_0000381,ISIC_0030148,nv,follow_up,55.0,male,back,data/raw/HAM10000_images_part_2/ISIC_0030148.jpg,test,5,5,nv,nv,0.8543028,True,nv → nv,0.0146356365,0.0084549645,0.024315896,0.06366965,0.008345782,0.8543028,0.026275251
HAM_0001807,ISIC_0029637,nv,follow_up,45.0,male,trunk,data/raw/HAM10000_images_part_2/ISIC_0029637.jpg,test,5,5,nv,nv,0.89579666,True,nv → nv,0.009382601,0.0053061717,0.010088149,0.04568162,0.005476908,0.89579666,0.028267868
HAM_0000561,ISIC_0025143,nv,follow_up,45.0,male,genital,data/raw/HAM10000_images_part_1/ISIC_0025143.jpg,test,5,5,nv,nv,0.88379,True,nv → nv,0.010666471,0.007237511,0.012358375,0.05043062,0.006580682,0.88379,0.028936327
HAM_0006715,ISIC_0025161,nv,follow_up,20.0,male,trunk,data/raw/HAM10000_images_part_1/ISIC_0025161.jpg,test,5,5,nv,nv,0.7757151,True,nv → nv,0.020386612,0.007827757,0.02967188,0.036276884,0.088275254,0.7757151,0.04184655
HAM_0007391,ISIC_0031926,nv,follow_up,55.0,female,trunk,data/raw/HAM10000_images_part_2/ISIC_0031926.jpg,test,5,5,nv,nv,0.65305114,True,nv → nv,0.04109161,0.04241218,0.059608173,0.0760986,0.067431234,0.65305114,0.06030699
HAM_0004737,ISIC_0027221,nv,follow_up,75.0,male,trunk,data/raw/HAM10000_images_part_1/ISIC_0027221.jpg,test,5,5,nv,nv,0.85524166,True,nv → nv,0.015198307,0.009648322,0.018245634,0.060322937,0.008829455,0.85524166,0.03251367
HAM_0006703,ISIC_0031833,nv,follow_up,45.0,female,lower extremity,data/raw/HAM10000_images_part_2/ISIC_0031833.jpg,test,5,6,nv,vasc,0.89108515,False,nv → vasc,0.0014056033,0.011247395,0.004570355,0.02839752,0.0054030786,0.05789087,0.89108515
HAM_0002443,ISIC_0029685,nv,follow_up,50.0,female,trunk,data/raw/HAM10000_images_part_2/ISIC_0029685.jpg,test,5,5,nv,nv,0.8251221,True,nv → nv,0.01507721,0.012817615,0.030361965,0.072766006,0.009441067,0.8251221,0.034414105
HAM_0000647,ISIC_0029911,nv,follow_up,45.0,female,upper extremity,data/raw/HAM10000_images_part_2/ISIC_0029911.jpg,test,5,5,nv,nv,0.78669935,True,nv → nv,0.008379423,0.010087128,0.020444043,0.096686475,0.0045055826,0.78669935,0.073198095
HAM_0001723,ISIC_0027784,nv,follow_up,45.0,female,lower extremity,data/raw/HAM10000_images_part_1/ISIC_0027784.jpg,test,5,5,nv,nv,0.54189885,True,nv → nv,0.013949855,0.101496756,0.030530252,0.10503404,0.022331152,0.54189885,0.18475915
HAM_0006668,ISIC_0027808,nv,follow_up,50.0,female,abdomen,data/raw/HAM10000_images_part_1/ISIC_0027808.jpg,test,5,5,nv,nv,0.76534027,True,nv → nv,0.025769455,0.012745596,0.04192329,0.05280878,0.057941295,0.76534027,0.04347133
HAM_0001957,ISIC_0025593,nv,follow_up,50.0,female,abdomen,data/raw/HAM10000_images_part_1/ISIC_0025593.jpg,test,5,5,nv,nv,0.85871184,True,nv → nv,0.01391405,0.007964433,0.01873159,0.049476422,0.015121841,0.85871184,0.036079917
HAM_0005690,ISIC_0025487,nv,follow_up,50.0,female,lower extremity,data/raw/HAM10000_images_part_1/ISIC_0025487.jpg,test,5,5,nv,nv,0.7098618,True,nv → nv,0.029257642,0.023378473,0.051578622,0.06409823,0.062269416,0.7098618,0.05955575
HAM_0007241,ISIC_0027752,nv,follow_up,50.0,female,trunk,data/raw/HAM10000_images_part_1/ISIC_0027752.jpg,test,5,5,nv,nv,0.8300063,True,nv → nv,0.010883592,0.009825663,0.019195609,0.069734015,0.007988954,0.8300063,0.05236589
HAM_0000472,ISIC_0028339,nv,follow_up,50.0,female,back,data/raw/HAM10000_images_part_1/ISIC_0028339.jpg,test,5,5,nv,nv,0.90070325,True,nv → nv,0.008699202,0.004787793,0.011384571,0.039384868,0.009022502,0.90070325,0.026017774
HAM_0003250,ISIC_0031997,nv,follow_up,50.0,female,lower extremity,data/raw/HAM10000_images_part_2/ISIC_0031997.jpg,test,5,5,nv,nv,0.85943305,True,nv → nv,0.006725699,0.006633145,0.011924708,0.05540842,0.0065398146,0.85943305,0.053335134
HAM_0007244,ISIC_0030669,nv,follow_up,40.0,male,abdomen,data/raw/HAM10000_images_part_2/ISIC_0030669.jpg,test,5,5,nv,nv,0.775023,True,nv → nv,0.022111315,0.02010882,0.03745709,0.06547038,0.03452354,0.775023,0.045305945
HAM_0001662,ISIC_0030050,nv,follow_up,50.0,female,upper extremity,data/raw/HAM10000_images_part_2/ISIC_0030050.jpg,test,5,5,nv,nv,0.8200481,True,nv → nv,0.018061036,0.015402292,0.026316263,0.07435844,0.00934767,0.8200481,0.03646619
HAM_0004163,ISIC_0025142,nv,follow_up,40.0,male,trunk,data/raw/HAM10000_images_part_1/ISIC_0025142.jpg,test,5,5,nv,nv,0.7538916,True,nv → nv,0.02389349,0.023674445,0.031338666,0.067954786,0.02864843,0.7538916,0.0705986
HAM_0001494,ISIC_0026621,nv,follow_up,45.0,female,abdomen,data/raw/HAM10000_images_part_1/ISIC_0026621.jpg,test,5,5,nv,nv,0.73114705,True,nv → nv,0.03316356,0.023311514,0.057514243,0.07845903,0.036065355,0.73114705,0.040339246
HAM_0004074,ISIC_0030599,nv,follow_up,45.0,female,back,data/raw/HAM10000_images_part_2/ISIC_0030599.jpg,test,5,5,nv,nv,0.7090355,True,nv → nv,0.026435874,0.022038318,0.09252654,0.08034995,0.034842692,0.7090355,0.034771066
HAM_0002994,ISIC_0027836,nv,follow_up,50.0,female,back,data/raw/HAM10000_images_part_1/ISIC_0027836.jpg,test,5,5,nv,nv,0.85138845,True,nv → nv,0.010399276,0.008638335,0.021505423,0.0631935,0.008118057,0.85138845,0.036756985
HAM_0006279,ISIC_0027195,nv,follow_up,25.0,female,neck,data/raw/HAM10000_images_part_1/ISIC_0027195.jpg,test,5,5,nv,nv,0.75450087,True,nv → nv,0.020319184,0.020831382,0.03138738,0.093616955,0.011493633,0.75450087,0.06785062
HAM_0000572,ISIC_0025224,nv,follow_up,55.0,male,trunk,data/raw/HAM10000_images_part_1/ISIC_0025224.jpg,test,5,5,nv,nv,0.84503955,True,nv → nv,0.016681388,0.010777043,0.021314481,0.06718725,0.008314839,0.84503955,0.030685425
HAM_0000326,ISIC_0028353,nv,follow_up,65.0,female,trunk,data/raw/HAM10000_images_part_1/ISIC_0028353.jpg,test,5,5,nv,nv,0.4582015,True,nv → nv,0.017640688,0.038647648,0.025012955,0.09923921,0.014816563,0.4582015,0.34644148
HAM_0001915,ISIC_0025813,nv,follow_up,50.0,male,trunk,data/raw/HAM10000_images_part_1/ISIC_0025813.jpg,test,5,5,nv,nv,0.768404,True,nv → nv,0.019599883,0.017069887,0.058644067,0.067858644,0.032469854,0.768404,0.035953697
HAM_0006306,ISIC_0026242,nv,follow_up,50.0,male,trunk,data/raw/HAM10000_images_part_1/ISIC_0026242.jpg,test,5,5,nv,nv,0.5199975,True,nv → nv,0.033109292,0.030276114,0.17854576,0.065199204,0.14369248,0.5199975,0.029179648
HAM_0002624,ISIC_0028282,nv,follow_up,50.0,male,foot,data/raw/HAM10000_images_part_1/ISIC_0028282.jpg,test,5,5,nv,nv,0.8457793,True,nv → nv,0.01073449,0.009932639,0.021738563,0.064990446,0.007926893,0.8457793,0.038897656
HAM_0006511,ISIC_0029892,nv,follow_up,50.0,female,trunk,data/raw/HAM10000_images_part_2/ISIC_0029892.jpg,test,5,5,nv,nv,0.8186043,True,nv → nv,0.015770765,0.015033966,0.029476682,0.07099143,0.0110352645,0.8186043,0.039087594
HAM_0002918,ISIC_0031704,nv,follow_up,35.0,female,abdomen,data/raw/HAM10000_images_part_2/ISIC_0031704.jpg,test,5,5,nv,nv,0.8794201,True,nv → nv,0.0114992075,0.006590231,0.013490575,0.050382774,0.007137164,0.8794201,0.03147994
HAM_0000329,ISIC_0031185,nv,follow_up,35.0,female,back,data/raw/HAM10000_images_part_2/ISIC_0031185.jpg,test,5,5,nv,nv,0.86894274,True,nv → nv,0.012656571,0.0065106037,0.014837714,0.04318381,0.014894514,0.86894274,0.038974017
HAM_0004657,ISIC_0024369,nv,follow_up,60.0,male,trunk,data/raw/HAM10000_images_part_1/ISIC_0024369.jpg,test,5,5,nv,nv,0.73047316,True,nv → nv,0.03148167,0.025617387,0.050843846,0.07068381,0.04725131,0.73047316,0.043648764
HAM_0002321,ISIC_0029015,nv,follow_up,45.0,male,back,data/raw/HAM10000_images_part_1/ISIC_0029015.jpg,test,5,5,nv,nv,0.8197812,True,nv → nv,0.018625634,0.013042412,0.025556505,0.075903326,0.0075834095,0.8197812,0.039507516
HAM_0001675,ISIC_0024433,nv,follow_up,40.0,female,lower extremity,data/raw/HAM10000_images_part_1/ISIC_0024433.jpg,test,5,5,nv,nv,0.7831238,True,nv → nv,0.011382621,0.013448207,0.020468144,0.0835438,0.008664839,0.7831238,0.07936862
HAM_0002433,ISIC_0032011,nv,follow_up,45.0,female,upper extremity,data/raw/HAM10000_images_part_2/ISIC_0032011.jpg,test,5,5,nv,nv,0.78040767,True,nv → nv,0.020263925,0.013364392,0.050388478,0.05971254,0.03541838,0.78040767,0.04044471
HAM_0004046,ISIC_0032366,nv,follow_up,50.0,male,trunk,data/raw/HAM10000_images_part_2/ISIC_0032366.jpg,test,5,5,nv,nv,0.8653091,True,nv → nv,0.013476931,0.00856275,0.01303232,0.057428498,0.006204678,0.8653091,0.035985757
HAM_0006909,ISIC_0031777,nv,follow_up,45.0,female,lower extremity,data/raw/HAM10000_images_part_2/ISIC_0031777.jpg,test,5,5,nv,nv,0.85188884,True,nv → nv,0.014380505,0.008414574,0.027597565,0.056256093,0.0140178865,0.85188884,0.02744455
HAM_0004744,ISIC_0024692,nv,follow_up,45.0,female,abdomen,data/raw/HAM10000_images_part_1/ISIC_0024692.jpg,test,5,5,nv,nv,0.83541995,True,nv → nv,0.018308036,0.009793715,0.024857529,0.062001012,0.012871054,0.83541995,0.036748786
HAM_0001482,ISIC_0027691,nv,follow_up,45.0,female,trunk,data/raw/HAM10000_images_part_1/ISIC_0027691.jpg,test,5,5,nv,nv,0.7926031,True,nv → nv,0.020220302,0.018842421,0.024284463,0.07171599,0.015062084,0.7926031,0.057271678
HAM_0002344,ISIC_0026778,nv,follow_up,45.0,female,trunk,data/raw/HAM10000_images_part_1/ISIC_0026778.jpg,test,5,5,nv,nv,0.8248159,True,nv → nv,0.016970566,0.012346926,0.027000261,0.07300509,0.009646289,0.8248159,0.03621498
HAM_0006270,ISIC_0031606,nv,follow_up,55.0,female,lower extremity,data/raw/HAM10000_images_part_2/ISIC_0031606.jpg,test,5,5,nv,nv,0.7856869,True,nv → nv,0.024794241,0.018976528,0.03502981,0.079997055,0.01425344,0.7856869,0.04126197
HAM_0005563,ISIC_0029784,nv,follow_up,50.0,male,abdomen,data/raw/HAM10000_images_part_2/ISIC_0029784.jpg,test,5,5,nv,nv,0.74833155,True,nv → nv,0.023900772,0.014619386,0.074520454,0.06782294,0.03535208,0.74833155,0.035452805
HAM_0000548,ISIC_0027763,nv,follow_up,55.0,male,abdomen,data/raw/HAM10000_images_part_1/ISIC_0027763.jpg,test,5,5,nv,nv,0.8595846,True,nv → nv,0.013010837,0.0076155406,0.022987118,0.06210966,0.007406758,0.8595846,0.027285576
HAM_0006901,ISIC_0026700,nv,follow_up,55.0,male,abdomen,data/raw/HAM10000_images_part_1/ISIC_0026700.jpg,test,5,5,nv,nv,0.8524098,True,nv → nv,0.014492063,0.010516473,0.021261951,0.060931094,0.009806191,0.8524098,0.030582393
HAM_0000713,ISIC_0031174,nv,follow_up,55.0,male,abdomen,data/raw/HAM10000_images_part_2/ISIC_0031174.jpg,test,5,5,nv,nv,0.85440457,True,nv → nv,0.014251413,0.0085807135,0.018031476,0.05893653,0.008698933,0.85440457,0.0370964
HAM_0000053,ISIC_0030376,nv,follow_up,55.0,male,back,data/raw/HAM10000_images_part_2/ISIC_0030376.jpg,test,5,5,nv,nv,0.8746805,True,nv → nv,0.0109649105,0.0069648805,0.014903646,0.05681857,0.005415506,0.8746805,0.030251978
HAM_0002404,ISIC_0031776,nv,follow_up,55.0,male,back,data/raw/HAM10000_images_part_2/ISIC_0031776.jpg,test,5,5,nv,nv,0.49578637,True,nv → nv,0.048035827,0.041491903,0.20764214,0.08250786,0.0919961,0.49578637,0.03253975
HAM_0005187,ISIC_0029385,nv,follow_up,40.0,female,trunk,data/raw/HAM10000_images_part_2/ISIC_0029385.jpg,test,5,5,nv,nv,0.40187052,True,nv → nv,0.04819283,0.08513168,0.086965874,0.06471247,0.20876123,0.40187052,0.10436544
HAM_0006044,ISIC_0026986,nv,follow_up,40.0,female,lower extremity,data/raw/HAM10000_images_part_1/ISIC_0026986.jpg,test,5,5,nv,nv,0.85484564,True,nv → nv,0.010465415,0.009459247,0.015657645,0.06190912,0.0068755653,0.85484564,0.04078739
HAM_0005800,ISIC_0028864,nv,follow_up,40.0,female,upper extremity,data/raw/HAM10000_images_part_1/ISIC_0028864.jpg,test,5,5,nv,nv,0.8913947,True,nv → nv,0.008675546,0.005817256,0.009117601,0.046204276,0.0054332037,0.8913947,0.033357438
HAM_0000705,ISIC_0025508,nv,follow_up,40.0,female,back,data/raw/HAM10000_images_part_1/ISIC_0025508.jpg,test,5,5,nv,nv,0.768589,True,nv → nv,0.028559117,0.02031889,0.04047959,0.07524214,0.02418957,0.768589,0.04262168
HAM_0001121,ISIC_0024788,nv,follow_up,40.0,female,trunk,data/raw/HAM10000_images_part_1/ISIC_0024788.jpg,test,5,5,nv,nv,0.6105757,True,nv → nv,0.033819657,0.06948238,0.06196586,0.08633495,0.059444506,0.6105757,0.07837704
HAM_0006671,ISIC_0027843,nv,follow_up,60.0,male,lower extremity,data/raw/HAM10000_images_part_1/ISIC_0027843.jpg,test,5,5,nv,nv,0.40240517,True,nv → nv,0.08425179,0.14500482,0.10990955,0.12712382,0.0607854,0.40240517,0.07051955
HAM_0004790,ISIC_0030902,nv,follow_up,35.0,female,trunk,data/raw/HAM10000_images_part_2/ISIC_0030902.jpg,test,5,5,nv,nv,0.8398669,True,nv → nv,0.015285349,0.011022588,0.019662954,0.06125487,0.010927645,0.8398669,0.041979697
HAM_0006689,ISIC_0024493,nv,follow_up,40.0,male,lower extremity,data/raw/HAM10000_images_part_1/ISIC_0024493.jpg,test,5,5,nv,nv,0.8285477,True,nv → nv,0.017689781,0.011152167,0.031226574,0.06537406,0.0124328565,0.8285477,0.033576895
HAM_0004134,ISIC_0026075,nv,follow_up,30.0,male,back,data/raw/HAM10000_images_part_1/ISIC_0026075.jpg,test,5,5,nv,nv,0.8491143,True,nv → nv,0.013874536,0.011473378,0.02003163,0.0674324,0.00643016,0.8491143,0.03164366
HAM_0001918,ISIC_0031291,nv,follow_up,45.0,female,back,data/raw/HAM10000_images_part_2/ISIC_0031291.jpg,test,5,5,nv,nv,0.76043713,True,nv → nv,0.020318683,0.028140528,0.02958448,0.07190295,0.024704253,0.76043713,0.06491192
HAM_0000120,ISIC_0030904,nv,follow_up,55.0,male,lower extremity,data/raw/HAM10000_images_part_2/ISIC_0030904.jpg,test,5,5,nv,nv,0.8400637,True,nv → nv,0.009155634,0.009071533,0.016601909,0.070181094,0.005741368,0.8400637,0.04918471
HAM_0004253,ISIC_0031035,nv,follow_up,60.0,male,lower extremity,data/raw/HAM10000_images_part_2/ISIC_0031035.jpg,test,5,5,nv,nv,0.8356394,True,nv → nv,0.016207783,0.010965663,0.019187152,0.06431679,0.008343756,0.8356394,0.045339454
HAM_0001392,ISIC_0030411,nv,follow_up,45.0,female,lower extremity,data/raw/HAM10000_images_part_2/ISIC_0030411.jpg,test,5,5,nv,nv,0.8482224,True,nv → nv,0.013148548,0.01065099,0.018732976,0.058358196,0.011302843,0.8482224,0.039584108
HAM_0002584,ISIC_0030315,nv,follow_up,45.0,female,upper extremity,data/raw/HAM10000_images_part_2/ISIC_0030315.jpg,test,5,5,nv,nv,0.8539309,True,nv → nv,0.013273014,0.0059877615,0.0155274505,0.036987834,0.029654134,0.8539309,0.0446389
HAM_0005295,ISIC_0024690,nv,follow_up,40.0,female,back,data/raw/HAM10000_images_part_1/ISIC_0024690.jpg,test,5,5,nv,nv,0.7754954,True,nv → nv,0.023072742,0.019520853,0.049491536,0.09022693,0.01141706,0.7754954,0.030775527
HAM_0001231,ISIC_0025878,nv,follow_up,45.0,male,trunk,data/raw/HAM10000_images_part_1/ISIC_0025878.jpg,test,5,4,nv,mel,0.32685837,False,nv → mel,0.0746216,0.050577775,0.15014873,0.05050191,0.32685837,0.30496696,0.042324662
HAM_0001357,ISIC_0027145,nv,follow_up,45.0,male,back,data/raw/HAM10000_images_part_1/ISIC_0027145.jpg,test,5,5,nv,nv,0.8138551,True,nv → nv,0.014636641,0.013103664,0.021597743,0.067132495,0.012862483,0.8138551,0.056811906
HAM_0006569,ISIC_0030483,nv,follow_up,35.0,male,lower extremity,data/raw/HAM10000_images_part_2/ISIC_0030483.jpg,test,5,5,nv,nv,0.8318904,True,nv → nv,0.015698506,0.011196257,0.026520913,0.076065086,0.006172617,0.8318904,0.032456297
HAM_0001572,ISIC_0028933,nv,follow_up,35.0,male,lower extremity,data/raw/HAM10000_images_part_1/ISIC_0028933.jpg,test,5,5,nv,nv,0.852855,True,nv → nv,0.0132038295,0.010568524,0.017859517,0.05082545,0.016470594,0.852855,0.038216967
HAM_0002260,ISIC_0028699,nv,follow_up,35.0,male,lower extremity,data/raw/HAM10000_images_part_1/ISIC_0028699.jpg,test,5,5,nv,nv,0.8347576,True,nv → nv,0.011577961,0.011470832,0.019084154,0.076478854,0.0048156213,0.8347576,0.041815
HAM_0002464,ISIC_0030566,nv,follow_up,35.0,male,lower extremity,data/raw/HAM10000_images_part_2/ISIC_0030566.jpg,test,5,5,nv,nv,0.64683115,True,nv → nv,0.04972644,0.04026498,0.057215657,0.0763363,0.06776977,0.64683115,0.061855678
HAM_0003145,ISIC_0026136,nv,follow_up,75.0,male,neck,data/raw/HAM10000_images_part_1/ISIC_0026136.jpg,test,5,5,nv,nv,0.7947569,True,nv → nv,0.023882188,0.011897536,0.036386665,0.058684997,0.032965265,0.7947569,0.041426525
HAM_0003611,ISIC_0031699,nv,follow_up,75.0,male,hand,data/raw/HAM10000_images_part_2/ISIC_0031699.jpg,test,5,5,nv,nv,0.6975546,True,nv → nv,0.0055779144,0.0109452,0.013580521,0.12358394,0.0026559993,0.6975546,0.14610179
HAM_0007323,ISIC_0031038,nv,follow_up,75.0,male,back,data/raw/HAM10000_images_part_2/ISIC_0031038.jpg,test,5,5,nv,nv,0.88526505,True,nv → nv,0.010603624,0.005621267,0.010838851,0.038896017,0.01231891,0.88526505,0.03645631
HAM_0002038,ISIC_0032337,nv,follow_up,75.0,male,back,data/raw/HAM10000_images_part_2/ISIC_0032337.jpg,test,5,5,nv,nv,0.5911427,True,nv → nv,0.03380397,0.03799195,0.04476746,0.05521081,0.11704666,0.5911427,0.1200365
HAM_0005035,ISIC_0025536,nv,follow_up,35.0,female,trunk,data/raw/HAM10000_images_part_1/ISIC_0025536.jpg,test,5,5,nv,nv,0.8446201,True,nv → nv,0.012229162,0.0116732875,0.018541474,0.07247837,0.004762992,0.8446201,0.03569455
HAM_0002626,ISIC_0026822,nv,follow_up,45.0,male,lower extremity,data/raw/HAM10000_images_part_1/ISIC_0026822.jpg,test,5,5,nv,nv,0.80731654,True,nv → nv,0.023013521,0.011316013,0.026876325,0.053063117,0.0332098,0.80731654,0.045204755
HAM_0005066,ISIC_0030787,nv,follow_up,45.0,male,lower extremity,data/raw/HAM10000_images_part_2/ISIC_0030787.jpg,test,5,5,nv,nv,0.65490586,True,nv → nv,0.016824976,0.029206527,0.022285463,0.114820614,0.009818127,0.65490586,0.15213844
HAM_0003536,ISIC_0028819,nv,follow_up,45.0,male,back,data/raw/HAM10000_images_part_1/ISIC_0028819.jpg,test,5,5,nv,nv,0.57420415,True,nv → nv,0.046341516,0.057419233,0.0675935,0.16128843,0.017528243,0.57420415,0.075624965
HAM_0006792,ISIC_0026460,nv,follow_up,45.0,male,trunk,data/raw/HAM10000_images_part_1/ISIC_0026460.jpg,test,5,5,nv,nv,0.8379668,True,nv → nv,0.014092561,0.011139657,0.024789806,0.072362,0.0071882918,0.8379668,0.03246086
HAM_0001522,ISIC_0025084,nv,follow_up,45.0,male,back,data/raw/HAM10000_images_part_1/ISIC_0025084.jpg,test,5,5,nv,nv,0.7987169,True,nv → nv,0.013700461,0.014243571,0.027245075,0.08894998,0.00756982,0.7987169,0.04957414
HAM_0006272,ISIC_0024429,nv,follow_up,55.0,male,trunk,data/raw/HAM10000_images_part_1/ISIC_0024429.jpg,test,5,5,nv,nv,0.86524236,True,nv → nv,0.013787202,0.007716591,0.016900942,0.045499656,0.016528076,0.86524236,0.034325175
HAM_0003283,ISIC_0031469,nv,follow_up,50.0,female,upper extremity,data/raw/HAM10000_images_part_2/ISIC_0031469.jpg,test,5,5,nv,nv,0.7709614,True,nv → nv,0.015149479,0.014982023,0.027971217,0.085274555,0.012989889,0.7709614,0.07267143
HAM_0004269,ISIC_0025003,nv,follow_up,50.0,female,lower extremity,data/raw/HAM10000_images_part_1/ISIC_0025003.jpg,test,5,5,nv,nv,0.84376097,True,nv → nv,0.007311235,0.008771416,0.012206684,0.07315623,0.0029879948,0.84376097,0.051805478
HAM_0003151,ISIC_0024556,nv,follow_up,50.0,female,foot,data/raw/HAM10000_images_part_1/ISIC_0024556.jpg,test,5,5,nv,nv,0.7337516,True,nv → nv,0.007024704,0.011346087,0.017305067,0.11990541,0.0029228206,0.7337516,0.107744284
HAM_0004834,ISIC_0025328,nv,follow_up,20.0,female,trunk,data/raw/HAM10000_images_part_1/ISIC_0025328.jpg,test,5,5,nv,nv,0.7063775,True,nv → nv,0.01366744,0.014774613,0.014434889,0.055996712,0.01419065,0.7063775,0.18055816
HAM_0005241,ISIC_0029699,nv,follow_up,30.0,male,trunk,data/raw/HAM10000_images_part_2/ISIC_0029699.jpg,test,5,5,nv,nv,0.5904295,True,nv → nv,0.021343423,0.04281794,0.036763962,0.14534797,0.012264109,0.5904295,0.15103304
HAM_0006917,ISIC_0025861,nv,follow_up,30.0,male,upper extremity,data/raw/HAM10000_images_part_1/ISIC_0025861.jpg,test,5,5,nv,nv,0.88928515,True,nv → nv,0.008654686,0.0064993273,0.01245272,0.055123776,0.0038071033,0.88928515,0.024177304
HAM_0000564,ISIC_0027333,nv,follow_up,40.0,male,foot,data/raw/HAM10000_images_part_1/ISIC_0027333.jpg,test,5,5,nv,nv,0.7602824,True,nv → nv,0.025035845,0.018045627,0.040366877,0.06315605,0.03734004,0.7602824,0.05577308
HAM_0003296,ISIC_0024944,nv,follow_up,40.0,male,lower extremity,data/raw/HAM10000_images_part_1/ISIC_0024944.jpg,test,5,5,nv,nv,0.8000254,True,nv → nv,0.018617334,0.01170482,0.027052611,0.046167213,0.044101257,0.8000254,0.0523314
HAM_0000328,ISIC_0025482,nv,follow_up,40.0,male,lower extremity,data/raw/HAM10000_images_part_1/ISIC_0025482.jpg,test,5,5,nv,nv,0.82651025,True,nv → nv,0.016670978,0.014848226,0.020969879,0.060888924,0.0155283855,0.82651025,0.04458336
HAM_0001067,ISIC_0028813,nv,follow_up,40.0,male,lower extremity,data/raw/HAM10000_images_part_1/ISIC_0028813.jpg,test,5,5,nv,nv,0.7521338,True,nv → nv,0.02991688,0.021324793,0.05181742,0.08019231,0.022966923,0.7521338,0.041647885
HAM_0005361,ISIC_0024374,nv,follow_up,35.0,female,face,data/raw/HAM10000_images_part_1/ISIC_0024374.jpg,test,5,5,nv,nv,0.48587075,True,nv → nv,0.04466397,0.089745566,0.158214,0.1146851,0.062355865,0.48587075,0.04446471
HAM_0007152,ISIC_0028184,nv,follow_up,20.0,male,trunk,data/raw/HAM10000_images_part_1/ISIC_0028184.jpg,test,5,5,nv,nv,0.89055055,True,nv → nv,0.00941662,0.006003299,0.010216231,0.052567642,0.0037293464,0.89055055,0.027516289
HAM_0005036,ISIC_0025815,nv,follow_up,50.0,female,trunk,data/raw/HAM10000_images_part_1/ISIC_0025815.jpg,test,5,5,nv,nv,0.8742865,True,nv → nv,0.011498077,0.0076656337,0.015967853,0.054788243,0.0069970465,0.8742865,0.02879675
HAM_0007128,ISIC_0025104,nv,follow_up,50.0,female,upper extremity,data/raw/HAM10000_images_part_1/ISIC_0025104.jpg,test,5,5,nv,nv,0.89611226,True,nv → nv,0.0085202735,0.0050172987,0.010187405,0.043997645,0.0062831086,0.89611226,0.029882047
HAM_0003032,ISIC_0028789,nv,follow_up,45.0,female,trunk,data/raw/HAM10000_images_part_1/ISIC_0028789.jpg,test,5,5,nv,nv,0.8434141,True,nv → nv,0.01338613,0.010216299,0.024200432,0.074756086,0.0048058624,0.8434141,0.029221056
HAM_0006836,ISIC_0025678,nv,follow_up,30.0,male,back,data/raw/HAM10000_images_part_1/ISIC_0025678.jpg,test,5,5,nv,nv,0.7676798,True,nv → nv,0.02243229,0.014630313,0.06188712,0.06928562,0.02818088,0.7676798,0.035903938
HAM_0004964,ISIC_0028062,nv,follow_up,30.0,male,scalp,data/raw/HAM10000_images_part_1/ISIC_0028062.jpg,test,5,5,nv,nv,0.8234549,True,nv → nv,0.019847628,0.010420972,0.028878529,0.055754676,0.023683192,0.8234549,0.037960026
HAM_0005166,ISIC_0024815,nv,follow_up,25.0,female,abdomen,data/raw/HAM10000_images_part_1/ISIC_0024815.jpg,test,5,5,nv,nv,0.75641906,True,nv → nv,0.012285881,0.022092773,0.018460691,0.0842373,0.0088305995,0.75641906,0.09767373
HAM_0005214,ISIC_0031114,nv,follow_up,75.0,female,lower extremity,data/raw/HAM10000_images_part_2/ISIC_0031114.jpg,test,5,5,nv,nv,0.66748345,True,nv → nv,0.00884053,0.016895195,0.022600794,0.14825952,0.00389216,0.66748345,0.13202839
HAM_0004692,ISIC_0030734,nv,follow_up,60.0,male,abdomen,data/raw/HAM10000_images_part_2/ISIC_0030734.jpg,test,5,5,nv,nv,0.7799732,True,nv → nv,0.017110404,0.0143542355,0.06133446,0.0652089,0.029419238,0.7799732,0.03259957
HAM_0007035,ISIC_0030332,nv,follow_up,55.0,male,lower extremity,data/raw/HAM10000_images_part_2/ISIC_0030332.jpg,test,5,5,nv,nv,0.8438405,True,nv → nv,0.014081811,0.011066182,0.023081582,0.070386626,0.0059488057,0.8438405,0.03159455
HAM_0000723,ISIC_0031364,nv,follow_up,35.0,female,upper extremity,data/raw/HAM10000_images_part_2/ISIC_0031364.jpg,test,5,5,nv,nv,0.70466316,True,nv → nv,0.0319881,0.029408624,0.06841669,0.08314155,0.038188174,0.70466316,0.044193774
HAM_0005521,ISIC_0031963,nv,follow_up,65.0,male,lower extremity,data/raw/HAM10000_images_part_2/ISIC_0031963.jpg,test,5,5,nv,nv,0.28544158,True,nv → nv,0.08633626,0.20520815,0.097662576,0.21670036,0.021837259,0.28544158,0.08681373
HAM_0003513,ISIC_0030743,nv,follow_up,60.0,male,upper extremity,data/raw/HAM10000_images_part_2/ISIC_0030743.jpg,test,5,5,nv,nv,0.65928733,True,nv → nv,0.02358072,0.019523095,0.12959088,0.06542246,0.07259506,0.65928733,0.030000431
HAM_0007095,ISIC_0030374,nv,follow_up,60.0,male,abdomen,data/raw/HAM10000_images_part_2/ISIC_0030374.jpg,test,5,5,nv,nv,0.81271297,True,nv → nv,0.017950494,0.015467336,0.032906096,0.07778452,0.009325934,0.81271297,0.033852674
HAM_0005111,ISIC_0030911,nv,follow_up,40.0,female,trunk,data/raw/HAM10000_images_part_2/ISIC_0030911.jpg,test,5,5,nv,nv,0.8155202,True,nv → nv,0.0110912435,0.011458802,0.017580353,0.07681471,0.0065497835,0.8155202,0.060984913
HAM_0002289,ISIC_0032266,nv,follow_up,55.0,female,lower extremity,data/raw/HAM10000_images_part_2/ISIC_0032266.jpg,test,5,5,nv,nv,0.7494704,True,nv → nv,0.028319776,0.021615943,0.04686229,0.090355165,0.015272792,0.7494704,0.04810362
HAM_0002144,ISIC_0031682,nv,follow_up,35.0,female,abdomen,data/raw/HAM10000_images_part_2/ISIC_0031682.jpg,test,5,5,nv,nv,0.8084536,True,nv → nv,0.021457516,0.013295731,0.032821506,0.061936047,0.024100188,0.8084536,0.037935354
HAM_0005178,ISIC_0030285,nv,follow_up,45.0,female,foot,data/raw/HAM10000_images_part_2/ISIC_0030285.jpg,test,5,3,nv,df,0.31199682,False,nv → df,0.06944798,0.24551167,0.08951998,0.31199682,0.009531809,0.14298409,0.13100769
HAM_0005097,ISIC_0031018,nv,follow_up,75.0,male,lower extremity,data/raw/HAM10000_images_part_2/ISIC_0031018.jpg,test,5,5,nv,nv,0.7743481,True,nv → nv,0.021608248,0.014195478,0.060681093,0.07103923,0.024055766,0.7743481,0.034072086
HAM_0005784,ISIC_0030679,nv,follow_up,65.0,female,trunk,data/raw/HAM10000_images_part_2/ISIC_0030679.jpg,test,5,5,nv,nv,0.8683265,True,nv → nv,0.012193107,0.007943026,0.018030956,0.05979606,0.0059740557,0.8683265,0.02773632
HAM_0000141,ISIC_0030477,nv,follow_up,35.0,female,lower extremity,data/raw/HAM10000_images_part_2/ISIC_0030477.jpg,test,5,5,nv,nv,0.83760816,True,nv → nv,0.011263555,0.010475765,0.01900435,0.06569641,0.009015834,0.83760816,0.04693587
HAM_0007544,ISIC_0031390,nv,follow_up,60.0,male,lower extremity,data/raw/HAM10000_images_part_2/ISIC_0031390.jpg,test,5,5,nv,nv,0.82288563,True,nv → nv,0.010148768,0.009436553,0.022273347,0.08244376,0.005379276,0.82288563,0.04743271
HAM_0002262,ISIC_0027307,nv,follow_up,50.0,female,abdomen,data/raw/HAM10000_images_part_1/ISIC_0027307.jpg,test,5,5,nv,nv,0.8173219,True,nv → nv,0.01710283,0.013827722,0.034710556,0.06979398,0.013222009,0.8173219,0.034020986
HAM_0003721,ISIC_0029490,nv,follow_up,50.0,female,lower extremity,data/raw/HAM10000_images_part_2/ISIC_0029490.jpg,test,5,5,nv,nv,0.898961,True,nv → nv,0.008621173,0.0051316884,0.008511078,0.04839863,0.0035867658,0.898961,0.02678961
HAM_0003412,ISIC_0026241,nv,follow_up,50.0,female,back,data/raw/HAM10000_images_part_1/ISIC_0026241.jpg,test,5,5,nv,nv,0.8330735,True,nv → nv,0.014521869,0.012101477,0.028106378,0.074187204,0.006856905,0.8330735,0.03115268
HAM_0000474,ISIC_0030099,nv,follow_up,45.0,female,hand,data/raw/HAM10000_images_part_2/ISIC_0030099.jpg,test,5,5,nv,nv,0.7935724,True,nv → nv,0.00798296,0.010252132,0.01689349,0.09209868,0.004456452,0.7935724,0.07474384
HAM_0004629,ISIC_0027019,nv,follow_up,45.0,female,abdomen,data/raw/HAM10000_images_part_1/ISIC_0027019.jpg,test,5,5,nv,nv,0.66481376,True,nv → nv,0.026722636,0.023792652,0.050704706,0.05257055,0.1060407,0.66481376,0.075355
HAM_0000023,ISIC_0026144,nv,follow_up,40.0,male,lower extremity,data/raw/HAM10000_images_part_1/ISIC_0026144.jpg,test,5,5,nv,nv,0.87509793,True,nv → nv,0.007747667,0.0060925917,0.01120465,0.05943025,0.0034334557,0.87509793,0.03699352
HAM_0007201,ISIC_0026208,nv,follow_up,50.0,male,lower extremity,data/raw/HAM10000_images_part_1/ISIC_0026208.jpg,test,5,5,nv,nv,0.8824955,True,nv → nv,0.00900868,0.0069251247,0.011636832,0.05490215,0.0042311675,0.8824955,0.030800503
HAM_0004271,ISIC_0025474,nv,follow_up,55.0,female,trunk,data/raw/HAM10000_images_part_1/ISIC_0025474.jpg,test,5,5,nv,nv,0.85453844,True,nv → nv,0.0132444715,0.00927613,0.022381414,0.06399092,0.0073185377,0.85453844,0.029250097
HAM_0007453,ISIC_0024510,nv,follow_up,55.0,female,lower extremity,data/raw/HAM10000_images_part_1/ISIC_0024510.jpg,test,5,5,nv,nv,0.8345669,True,nv → nv,0.016339662,0.011543715,0.024865452,0.06767016,0.009748838,0.8345669,0.035265252
HAM_0003876,ISIC_0030481,nv,follow_up,55.0,female,lower extremity,data/raw/HAM10000_images_part_2/ISIC_0030481.jpg,test,5,5,nv,nv,0.9178784,True,nv → nv,0.006256716,0.0033758967,0.006335387,0.039874278,0.0029004298,0.9178784,0.023378959
HAM_0007608,ISIC_0028609,nv,follow_up,55.0,female,lower extremity,data/raw/HAM10000_images_part_1/ISIC_0028609.jpg,test,5,5,nv,nv,0.8671214,True,nv → nv,0.009398973,0.008520366,0.012541738,0.057954565,0.005096216,0.8671214,0.03936675
HAM_0001882,ISIC_0025866,nv,follow_up,55.0,female,trunk,data/raw/HAM10000_images_part_1/ISIC_0025866.jpg,test,5,5,nv,nv,0.7804245,True,nv → nv,0.005318526,0.008121966,0.012494765,0.094314404,0.002916963,0.7804245,0.0964089
HAM_0003865,ISIC_0032188,nv,follow_up,55.0,male,abdomen,data/raw/HAM10000_images_part_2/ISIC_0032188.jpg,test,5,5,nv,nv,0.9123324,True,nv → nv,0.006754261,0.004017627,0.00743889,0.043591656,0.002988745,0.9123324,0.02287651
HAM_0004404,ISIC_0025822,nv,follow_up,55.0,male,neck,data/raw/HAM10000_images_part_1/ISIC_0025822.jpg,test,5,5,nv,nv,0.8962261,True,nv → nv,0.009494146,0.005141702,0.009968443,0.045248445,0.0056659975,0.8962261,0.028255109
HAM_0001438,ISIC_0030490,nv,follow_up,55.0,male,back,data/raw/HAM10000_images_part_2/ISIC_0030490.jpg,test,5,5,nv,nv,0.8761747,True,nv → nv,0.010238138,0.0074558877,0.016313506,0.05623707,0.0055908677,0.8761747,0.02798978
HAM_0006786,ISIC_0029436,nv,follow_up,50.0,female,lower extremity,data/raw/HAM10000_images_part_2/ISIC_0029436.jpg,test,5,5,nv,nv,0.81293184,True,nv → nv,0.022777177,0.009426353,0.029833835,0.051621336,0.034972984,0.81293184,0.038436398
HAM_0005195,ISIC_0025929,nv,follow_up,50.0,female,lower extremity,data/raw/HAM10000_images_part_1/ISIC_0025929.jpg,test,5,5,nv,nv,0.9060947,True,nv → nv,0.007411066,0.0042496766,0.008127185,0.04597133,0.0030659335,0.9060947,0.02508022
HAM_0002418,ISIC_0030711,nv,follow_up,50.0,female,lower extremity,data/raw/HAM10000_images_part_2/ISIC_0030711.jpg,test,5,5,nv,nv,0.87279165,True,nv → nv,0.012877944,0.0076501667,0.014081368,0.0555518,0.0068735797,0.87279165,0.030173494
HAM_0001700,ISIC_0030971,nv,follow_up,50.0,female,lower extremity,data/raw/HAM10000_images_part_2/ISIC_0030971.jpg,test,5,5,nv,nv,0.85531485,True,nv → nv,0.008390839,0.007794194,0.01692367,0.068398334,0.004853035,0.85531485,0.038325094
HAM_0001008,ISIC_0031898,nv,follow_up,50.0,female,back,data/raw/HAM10000_images_part_2/ISIC_0031898.jpg,test,5,5,nv,nv,0.89103436,True,nv → nv,0.006750501,0.0053207865,0.00899896,0.049002085,0.0038240436,0.89103436,0.035069242
HAM_0000497,ISIC_0024563,nv,follow_up,50.0,female,lower extremity,data/raw/HAM10000_images_part_1/ISIC_0024563.jpg,test,5,5,nv,nv,0.9211511,True,nv → nv,0.0061269645,0.0031453425,0.0069365525,0.038166836,0.0034544268,0.9211511,0.021018784
HAM_0004015,ISIC_0027892,nv,follow_up,50.0,female,lower extremity,data/raw/HAM10000_images_part_1/ISIC_0027892.jpg,test,5,5,nv,nv,0.81577724,True,nv → nv,0.012923674,0.012627403,0.02403229,0.08445497,0.005930857,0.81577724,0.044253536
HAM_0002062,ISIC_0027400,nv,follow_up,45.0,female,trunk,data/raw/HAM10000_images_part_1/ISIC_0027400.jpg,test,5,5,nv,nv,0.87107134,True,nv → nv,0.013417464,0.006232834,0.014429039,0.0453592,0.013596712,0.87107134,0.03589339
HAM_0003022,ISIC_0025551,nv,follow_up,45.0,female,upper extremity,data/raw/HAM10000_images_part_1/ISIC_0025551.jpg,test,5,5,nv,nv,0.8476924,True,nv → nv,0.007477955,0.007839596,0.013485599,0.06861111,0.004484953,0.8476924,0.050408408
HAM_0005076,ISIC_0024404,nv,follow_up,45.0,female,lower extremity,data/raw/HAM10000_images_part_1/ISIC_0024404.jpg,test,5,5,nv,nv,0.75694704,True,nv → nv,0.005556,0.009398475,0.012358463,0.100356534,0.0029830376,0.75694704,0.112400495
HAM_0006850,ISIC_0030186,nv,follow_up,45.0,female,trunk,data/raw/HAM10000_images_part_2/ISIC_0030186.jpg,test,5,5,nv,nv,0.9122493,True,nv → nv,0.0065273936,0.0037603003,0.009223826,0.0449026,0.0030546996,0.9122493,0.020281807
HAM_0003199,ISIC_0027309,nv,follow_up,55.0,female,lower extremity,data/raw/HAM10000_images_part_1/ISIC_0027309.jpg,test,5,5,nv,nv,0.783117,True,nv → nv,0.006661574,0.009391732,0.014223065,0.094037615,0.0034934126,0.783117,0.08907557
HAM_0003917,ISIC_0026814,nv,follow_up,65.0,female,back,data/raw/HAM10000_images_part_1/ISIC_0026814.jpg,test,5,5,nv,nv,0.8972971,True,nv → nv,0.008638187,0.0054736775,0.0101304045,0.04599976,0.0051246313,0.8972971,0.027336303
HAM_0001584,ISIC_0029004,nv,follow_up,65.0,female,lower extremity,data/raw/HAM10000_images_part_1/ISIC_0029004.jpg,test,5,5,nv,nv,0.8471539,True,nv → nv,0.007380162,0.0077056815,0.013350117,0.0678402,0.0045703705,0.8471539,0.051999565
HAM_0005031,ISIC_0025109,nv,follow_up,65.0,male,abdomen,data/raw/HAM10000_images_part_1/ISIC_0025109.jpg,test,5,5,nv,nv,0.87491274,True,nv → nv,0.0120882075,0.0069201915,0.014699917,0.05450084,0.0068665547,0.87491274,0.030011563
HAM_0002035,ISIC_0024989,nv,follow_up,45.0,female,upper extremity,data/raw/HAM10000_images_part_1/ISIC_0024989.jpg,test,5,5,nv,nv,0.82090396,True,nv → nv,0.0153829465,0.012931922,0.032960366,0.08050009,0.0069329296,0.82090396,0.030387804
HAM_0002784,ISIC_0027712,nv,follow_up,55.0,male,lower extremity,data/raw/HAM10000_images_part_1/ISIC_0027712.jpg,test,5,5,nv,nv,0.89017767,True,nv → nv,0.0076166056,0.006006267,0.010187499,0.052476685,0.0035655152,0.89017767,0.029969845
HAM_0005170,ISIC_0026253,nv,follow_up,80.0,male,trunk,data/raw/HAM10000_images_part_1/ISIC_0026253.jpg,test,5,5,nv,nv,0.86094236,True,nv → nv,0.012333646,0.008909509,0.019168355,0.06723823,0.0049052183,0.86094236,0.026502734
HAM_0000213,ISIC_0029167,nv,follow_up,60.0,female,upper extremity,data/raw/HAM10000_images_part_1/ISIC_0029167.jpg,test,5,5,nv,nv,0.9099082,True,nv → nv,0.007324839,0.0041439664,0.009332239,0.043030523,0.0042986837,0.9099082,0.021961603
HAM_0004359,ISIC_0025087,nv,follow_up,50.0,female,neck,data/raw/HAM10000_images_part_1/ISIC_0025087.jpg,test,5,5,nv,nv,0.8368278,True,nv → nv,0.013941936,0.012632349,0.02481724,0.074247465,0.00604946,0.8368278,0.031483747
HAM_0002239,ISIC_0028021,nv,follow_up,70.0,female,lower extremity,data/raw/HAM10000_images_part_1/ISIC_0028021.jpg,test,5,5,nv,nv,0.8389654,True,nv → nv,0.009445041,0.010260737,0.016317915,0.078211695,0.0035898308,0.8389654,0.04320941
HAM_0002405,ISIC_0030380,nv,follow_up,80.0,male,upper extremity,data/raw/HAM10000_images_part_2/ISIC_0030380.jpg,test,5,5,nv,nv,0.82374305,True,nv → nv,0.017070005,0.01496944,0.027766135,0.07655899,0.008301278,0.82374305,0.03159115
HAM_0005080,ISIC_0027951,nv,follow_up,65.0,male,abdomen,data/raw/HAM10000_images_part_1/ISIC_0027951.jpg,test,5,5,nv,nv,0.90839124,True,nv → nv,0.008413773,0.00400287,0.009544521,0.03968424,0.0065946025,0.90839124,0.023368655
HAM_0004247,ISIC_0031532,nv,follow_up,65.0,male,trunk,data/raw/HAM10000_images_part_2/ISIC_0031532.jpg,test,5,5,nv,nv,0.8642719,True,nv → nv,0.008874345,0.007772062,0.0124875475,0.06522937,0.0036831556,0.8642719,0.03768161
HAM_0006874,ISIC_0025017,nv,follow_up,65.0,male,lower extremity,data/raw/HAM10000_images_part_1/ISIC_0025017.jpg,test,5,5,nv,nv,0.891731,True,nv → nv,0.0068621244,0.005158222,0.010810164,0.046678714,0.005809021,0.891731,0.03295074
HAM_0001558,ISIC_0025007,nv,follow_up,50.0,female,lower extremity,data/raw/HAM10000_images_part_1/ISIC_0025007.jpg,test,5,5,nv,nv,0.7283308,True,nv → nv,0.014515845,0.01927656,0.02772232,0.10693788,0.008942173,0.7283308,0.09427447
HAM_0000813,ISIC_0024395,nv,follow_up,60.0,female,lower extremity,data/raw/HAM10000_images_part_1/ISIC_0024395.jpg,test,5,5,nv,nv,0.7505802,True,nv → nv,0.0076193563,0.011702392,0.018253347,0.1107012,0.0036359206,0.7505802,0.097507596
HAM_0001636,ISIC_0030866,nv,follow_up,50.0,female,upper extremity,data/raw/HAM10000_images_part_2/ISIC_0030866.jpg,test,5,5,nv,nv,0.84042376,True,nv → nv,0.0050478997,0.005646057,0.010529374,0.072003774,0.0027510205,0.84042376,0.06359822
HAM_0000260,ISIC_0026436,nv,follow_up,75.0,male,trunk,data/raw/HAM10000_images_part_1/ISIC_0026436.jpg,test,5,5,nv,nv,0.7169499,True,nv → nv,0.029959587,0.025249135,0.07430877,0.090772234,0.024690699,0.7169499,0.038069747
HAM_0007388,ISIC_0031693,nv,follow_up,75.0,male,trunk,data/raw/HAM10000_images_part_2/ISIC_0031693.jpg,test,5,5,nv,nv,0.8618255,True,nv → nv,0.012548788,0.009501383,0.017094009,0.06391273,0.0055006198,0.8618255,0.02961699
HAM_0000363,ISIC_0027617,nv,follow_up,60.0,male,abdomen,data/raw/HAM10000_images_part_1/ISIC_0027617.jpg,test,5,5,nv,nv,0.9012647,True,nv → nv,0.006646092,0.0048037088,0.010483768,0.04859088,0.0036926307,0.9012647,0.024518149
HAM_0005890,ISIC_0027653,nv,follow_up,60.0,male,abdomen,data/raw/HAM10000_images_part_1/ISIC_0027653.jpg,test,5,5,nv,nv,0.87237126,True,nv → nv,0.011947451,0.0069219847,0.015630452,0.053826224,0.0076283924,0.87237126,0.031674214
HAM_0006767,ISIC_0031033,nv,follow_up,60.0,male,back,data/raw/HAM10000_images_part_2/ISIC_0031033.jpg,test,5,5,nv,nv,0.85650986,True,nv → nv,0.015389046,0.008904714,0.020461777,0.05124504,0.016727623,0.85650986,0.030761909
HAM_0004647,ISIC_0025639,nv,follow_up,60.0,female,trunk,data/raw/HAM10000_images_part_1/ISIC_0025639.jpg,test,5,5,nv,nv,0.85937786,True,nv → nv,0.014610209,0.00826415,0.017390216,0.058377948,0.008975014,0.85937786,0.033004675
HAM_0004527,ISIC_0027638,nv,follow_up,55.0,female,trunk,data/raw/HAM10000_images_part_1/ISIC_0027638.jpg,test,5,5,nv,nv,0.873732,True,nv → nv,0.010667377,0.0077631664,0.016485184,0.061671346,0.0046356623,0.873732,0.025045244
HAM_0005306,ISIC_0027056,nv,follow_up,60.0,male,back,data/raw/HAM10000_images_part_1/ISIC_0027056.jpg,test,5,5,nv,nv,0.8267902,True,nv → nv,0.016287375,0.013043643,0.028240912,0.06591246,0.013867274,0.8267902,0.035858102
HAM_0002019,ISIC_0030402,nv,follow_up,60.0,male,back,data/raw/HAM10000_images_part_2/ISIC_0030402.jpg,test,5,5,nv,nv,0.8288723,True,nv → nv,0.016892409,0.01207143,0.028212862,0.07170612,0.00908798,0.8288723,0.03315693
HAM_0003697,ISIC_0025438,nv,follow_up,40.0,male,back,data/raw/HAM10000_images_part_1/ISIC_0025438.jpg,test,5,5,nv,nv,0.8840252,True,nv → nv,0.009888902,0.006312501,0.011911559,0.05518446,0.004115586,0.8840252,0.02856182
HAM_0005390,ISIC_0024574,nv,follow_up,40.0,female,lower extremity,data/raw/HAM10000_images_part_1/ISIC_0024574.jpg,test,5,5,nv,nv,0.8226576,True,nv → nv,0.0060492586,0.0078097694,0.012980588,0.08200727,0.0030755538,0.8226576,0.06542
HAM_0002789,ISIC_0030578,nv,follow_up,50.0,male,back,data/raw/HAM10000_images_part_2/ISIC_0030578.jpg,test,5,5,nv,nv,0.8378244,True,nv → nv,0.010158115,0.0095927585,0.019599035,0.07782225,0.0046995804,0.8378244,0.040303875
HAM_0006307,ISIC_0024570,nv,follow_up,50.0,male,back,data/raw/HAM10000_images_part_1/ISIC_0024570.jpg,test,5,5,nv,nv,0.88368225,True,nv → nv,0.009753191,0.006303625,0.015884783,0.056940064,0.0047075315,0.88368225,0.022728572
HAM_0007624,ISIC_0026322,nv,follow_up,60.0,male,trunk,data/raw/HAM10000_images_part_1/ISIC_0026322.jpg,test,5,5,nv,nv,0.8213192,True,nv → nv,0.01675528,0.0114746345,0.03788012,0.06856596,0.012179149,0.8213192,0.03182565
HAM_0003390,ISIC_0024859,nv,follow_up,50.0,male,trunk,data/raw/HAM10000_images_part_1/ISIC_0024859.jpg,test,5,5,nv,nv,0.854694,True,nv → nv,0.012529512,0.010647819,0.018253375,0.0641262,0.0066796658,0.854694,0.033069443
HAM_0005445,ISIC_0027695,nv,follow_up,40.0,female,trunk,data/raw/HAM10000_images_part_1/ISIC_0027695.jpg,test,5,5,nv,nv,0.7647045,True,nv → nv,0.02037541,0.022973018,0.029694477,0.08717242,0.014064995,0.7647045,0.061015178
HAM_0000829,ISIC_0029440,nv,follow_up,60.0,male,lower extremity,data/raw/HAM10000_images_part_2/ISIC_0029440.jpg,test,5,5,nv,nv,0.8338681,True,nv → nv,0.015941864,0.0118188765,0.025546042,0.07439589,0.006190461,0.8338681,0.032238737
HAM_0007490,ISIC_0025968,nv,follow_up,60.0,male,lower extremity,data/raw/HAM10000_images_part_1/ISIC_0025968.jpg,test,5,5,nv,nv,0.8861534,True,nv → nv,0.008526415,0.0062548723,0.010687317,0.051494386,0.004689595,0.8861534,0.032194067
HAM_0000514,ISIC_0028934,nv,follow_up,80.0,male,trunk,data/raw/HAM10000_images_part_1/ISIC_0028934.jpg,test,5,5,nv,nv,0.67924464,True,nv → nv,0.039074626,0.033363376,0.072880335,0.085644595,0.042548414,0.67924464,0.04724399
HAM_0000489,ISIC_0024960,nv,follow_up,80.0,male,trunk,data/raw/HAM10000_images_part_1/ISIC_0024960.jpg,test,5,5,nv,nv,0.8025926,True,nv → nv,0.018778116,0.01823327,0.035596587,0.07377046,0.015578788,0.8025926,0.03545019
HAM_0007351,ISIC_0032183,nv,follow_up,35.0,male,back,data/raw/HAM10000_images_part_2/ISIC_0032183.jpg,test,5,5,nv,nv,0.8128793,True,nv → nv,0.017276457,0.014993049,0.03436683,0.08250775,0.00739913,0.8128793,0.030577477
HAM_0003511,ISIC_0024321,nv,follow_up,35.0,male,lower extremity,data/raw/HAM10000_images_part_1/ISIC_0024321.jpg,test,5,5,nv,nv,0.8538735,True,nv → nv,0.012319957,0.009556638,0.025502305,0.068619676,0.0059522633,0.8538735,0.024175625
HAM_0004602,ISIC_0031240,nv,follow_up,55.0,female,trunk,data/raw/HAM10000_images_part_2/ISIC_0031240.jpg,test,5,5,nv,nv,0.83281946,True,nv → nv,0.007676493,0.00872967,0.013885395,0.06888291,0.0058080535,0.83281946,0.06219798
HAM_0005128,ISIC_0025549,nv,follow_up,55.0,female,back,data/raw/HAM10000_images_part_1/ISIC_0025549.jpg,test,5,5,nv,nv,0.89509964,True,nv → nv,0.009563361,0.0049885977,0.012267725,0.04141618,0.00972064,0.89509964,0.026943881
HAM_0005589,ISIC_0026224,nv,follow_up,45.0,male,foot,data/raw/HAM10000_images_part_1/ISIC_0026224.jpg,test,5,5,nv,nv,0.59350544,True,nv → nv,0.009434114,0.019607466,0.022323404,0.16453461,0.0038681875,0.59350544,0.18672685
HAM_0006839,ISIC_0028683,nv,follow_up,50.0,female,trunk,data/raw/HAM10000_images_part_1/ISIC_0028683.jpg,test,5,5,nv,nv,0.84662265,True,nv → nv,0.014911084,0.00942846,0.024535036,0.068344824,0.007049747,0.84662265,0.02910824
HAM_0004938,ISIC_0027214,nv,follow_up,50.0,female,trunk,data/raw/HAM10000_images_part_1/ISIC_0027214.jpg,test,5,5,nv,nv,0.8633713,True,nv → nv,0.01148819,0.008169341,0.018502492,0.06509939,0.004593565,0.8633713,0.02877576
HAM_0002820,ISIC_0028422,nv,follow_up,35.0,male,back,data/raw/HAM10000_images_part_1/ISIC_0028422.jpg,test,5,5,nv,nv,0.86477274,True,nv → nv,0.013390285,0.008808471,0.017167047,0.05719853,0.008840345,0.86477274,0.029822627
HAM_0002389,ISIC_0026701,nv,follow_up,50.0,male,trunk,data/raw/HAM10000_images_part_1/ISIC_0026701.jpg,test,5,5,nv,nv,0.88203055,True,nv → nv,0.0069884337,0.0056200274,0.012410654,0.05766422,0.0036644752,0.88203055,0.031621683
HAM_0005069,ISIC_0028301,nv,follow_up,60.0,female,lower extremity,data/raw/HAM10000_images_part_1/ISIC_0028301.jpg,test,5,5,nv,nv,0.848537,True,nv → nv,0.007261248,0.007303345,0.01400319,0.07016122,0.0041469787,0.848537,0.048587047
HAM_0004723,ISIC_0032413,nv,follow_up,60.0,female,genital,data/raw/HAM10000_images_part_2/ISIC_0032413.jpg,test,5,5,nv,nv,0.8993048,True,nv → nv,0.008177533,0.0051283715,0.010008645,0.04758813,0.0041783103,0.8993048,0.025614234
HAM_0004236,ISIC_0032180,nv,follow_up,55.0,female,back,data/raw/HAM10000_images_part_2/ISIC_0032180.jpg,test,5,5,nv,nv,0.8844908,True,nv → nv,0.009251187,0.006835887,0.0127802985,0.05780754,0.0036534145,0.8844908,0.025180899
HAM_0005491,ISIC_0032083,nv,follow_up,55.0,female,trunk,data/raw/HAM10000_images_part_2/ISIC_0032083.jpg,test,5,5,nv,nv,0.8739709,True,nv → nv,0.0062016738,0.005332093,0.009297824,0.059002098,0.0029915497,0.8739709,0.04320387
HAM_0001441,ISIC_0024660,nv,follow_up,55.0,female,lower extremity,data/raw/HAM10000_images_part_1/ISIC_0024660.jpg,test,5,5,nv,nv,0.8253674,True,nv → nv,0.007212915,0.007977778,0.013669367,0.082588546,0.0028497162,0.8253674,0.06033435
HAM_0000784,ISIC_0030989,nv,follow_up,50.0,female,lower extremity,data/raw/HAM10000_images_part_2/ISIC_0030989.jpg,test,5,5,nv,nv,0.90136456,True,nv → nv,0.0077849934,0.004905113,0.009312557,0.048802577,0.0034507948,0.90136456,0.024379306
HAM_0003432,ISIC_0027962,nv,follow_up,50.0,female,upper extremity,data/raw/HAM10000_images_part_1/ISIC_0027962.jpg,test,5,5,nv,nv,0.7847464,True,nv → nv,0.021217365,0.018759301,0.038329903,0.09284143,0.008262183,0.7847464,0.035843376
HAM_0006361,ISIC_0030196,nv,follow_up,50.0,female,lower extremity,data/raw/HAM10000_images_part_2/ISIC_0030196.jpg,test,5,5,nv,nv,0.8417004,True,nv → nv,0.017411154,0.009580514,0.025152914,0.059257537,0.01305018,0.8417004,0.033847373
HAM_0005177,ISIC_0029423,nv,follow_up,40.0,female,lower extremity,data/raw/HAM10000_images_part_2/ISIC_0029423.jpg,test,5,5,nv,nv,0.82978594,True,nv → nv,0.0048838784,0.0059155263,0.009691711,0.07424047,0.0026233096,0.82978594,0.07285915
HAM_0000997,ISIC_0030385,nv,follow_up,75.0,female,trunk,data/raw/HAM10000_images_part_2/ISIC_0030385.jpg,test,5,5,nv,nv,0.8822828,True,nv → nv,0.00958592,0.0065378244,0.011878081,0.059521183,0.0030896915,0.8822828,0.027104475
HAM_0003612,ISIC_0024456,nv,follow_up,75.0,female,back,data/raw/HAM10000_images_part_1/ISIC_0024456.jpg,test,5,5,nv,nv,0.8863125,True,nv → nv,0.008187163,0.0062150704,0.011573542,0.056231868,0.003426999,0.8863125,0.028052952
HAM_0000839,ISIC_0032049,nv,follow_up,55.0,female,trunk,data/raw/HAM10000_images_part_2/ISIC_0032049.jpg,test,5,5,nv,nv,0.8776699,True,nv → nv,0.010444134,0.0073512257,0.01468266,0.05948684,0.0043884036,0.8776699,0.025976842
HAM_0001281,ISIC_0027048,nv,follow_up,55.0,female,lower extremity,data/raw/HAM10000_images_part_1/ISIC_0027048.jpg,test,5,5,nv,nv,0.8543194,True,nv → nv,0.0077717295,0.007776055,0.013708096,0.06811429,0.0041218265,0.8543194,0.04418873
HAM_0001653,ISIC_0027895,nv,follow_up,55.0,female,lower extremity,data/raw/HAM10000_images_part_1/ISIC_0027895.jpg,test,5,5,nv,nv,0.8749018,True,nv → nv,0.0057170577,0.005414428,0.0096972175,0.059687473,0.0029523217,0.8749018,0.041629747
HAM_0000550,ISIC_0024306,nv,follow_up,45.0,male,trunk,data/raw/HAM10000_images_part_1/ISIC_0024306.jpg,test,5,5,nv,nv,0.8856627,True,nv → nv,0.009601884,0.006783323,0.011780394,0.056085814,0.0038859656,0.8856627,0.026199931
HAM_0003467,ISIC_0031089,nv,follow_up,30.0,male,trunk,data/raw/HAM10000_images_part_2/ISIC_0031089.jpg,test,5,5,nv,nv,0.8569448,True,nv → nv,0.0063379877,0.006085324,0.01010612,0.06508677,0.0031554021,0.8569448,0.052283503
HAM_0002328,ISIC_0026896,nv,follow_up,40.0,female,back,data/raw/HAM10000_images_part_1/ISIC_0026896.jpg,test,5,5,nv,nv,0.8656769,True,nv → nv,0.00970706,0.0081514055,0.013693646,0.06409799,0.0039051664,0.8656769,0.03476788
HAM_0006278,ISIC_0031141,nv,follow_up,40.0,female,lower extremity,data/raw/HAM10000_images_part_2/ISIC_0031141.jpg,test,5,5,nv,nv,0.89736515,True,nv → nv,0.0059878877,0.0040298444,0.007899807,0.048122566,0.003149917,0.89736515,0.033444896
HAM_0003733,ISIC_0025448,nv,follow_up,40.0,female,lower extremity,data/raw/HAM10000_images_part_1/ISIC_0025448.jpg,test,5,5,nv,nv,0.82588315,True,nv → nv,0.0083524985,0.008092035,0.015395413,0.079214305,0.0039680665,0.82588315,0.05909454
HAM_0000969,ISIC_0028071,nv,follow_up,40.0,female,lower extremity,data/raw/HAM10000_images_part_1/ISIC_0028071.jpg,test,5,5,nv,nv,0.7309402,True,nv → nv,0.011330133,0.017097512,0.023307372,0.116300255,0.005508462,0.7309402,0.095515996
HAM_0002219,ISIC_0031679,nv,follow_up,55.0,female,trunk,data/raw/HAM10000_images_part_2/ISIC_0031679.jpg,test,5,5,nv,nv,0.89930093,True,nv → nv,0.008930073,0.0043560946,0.011657212,0.045182582,0.0054077157,0.89930093,0.025165452
HAM_0007593,ISIC_0031854,nv,follow_up,60.0,female,abdomen,data/raw/HAM10000_images_part_2/ISIC_0031854.jpg,test,5,5,nv,nv,0.8250604,True,nv → nv,0.01211465,0.012462074,0.025703177,0.08367796,0.005075183,0.8250604,0.035906546
HAM_0005827,ISIC_0026119,nv,follow_up,60.0,female,abdomen,data/raw/HAM10000_images_part_1/ISIC_0026119.jpg,test,5,5,nv,nv,0.89349896,True,nv → nv,0.009378489,0.005368691,0.0121735,0.048878,0.005321243,0.89349896,0.025381085
HAM_0000962,ISIC_0028674,nv,follow_up,60.0,female,lower extremity,data/raw/HAM10000_images_part_1/ISIC_0028674.jpg,test,5,5,nv,nv,0.8747175,True,nv → nv,0.0108068315,0.0077310167,0.0135893095,0.057462476,0.004860677,0.8747175,0.030832175
HAM_0002831,ISIC_0026977,nv,follow_up,45.0,male,lower extremity,data/raw/HAM10000_images_part_1/ISIC_0026977.jpg,test,5,5,nv,nv,0.89088404,True,nv → nv,0.0063372985,0.0051264167,0.0096539045,0.05418416,0.0027727818,0.89088404,0.031041382
HAM_0004394,ISIC_0025060,nv,follow_up,50.0,male,trunk,data/raw/HAM10000_images_part_1/ISIC_0025060.jpg,test,5,5,nv,nv,0.91247964,True,nv → nv,0.0070491186,0.003686733,0.008645608,0.04038275,0.004674507,0.91247964,0.023081584
HAM_0001251,ISIC_0026972,nv,follow_up,45.0,male,lower extremity,data/raw/HAM10000_images_part_1/ISIC_0026972.jpg,test,5,5,nv,nv,0.8808818,True,nv → nv,0.0097555,0.0067289197,0.016840525,0.05884061,0.004365687,0.8808818,0.022586977
HAM_0007386,ISIC_0024568,nv,follow_up,40.0,male,lower extremity,data/raw/HAM10000_images_part_1/ISIC_0024568.jpg,test,5,5,nv,nv,0.8840405,True,nv → nv,0.0048974026,0.0043545687,0.007874551,0.05358854,0.002805469,0.8840405,0.042439017
HAM_0000739,ISIC_0025561,nv,follow_up,40.0,male,trunk,data/raw/HAM10000_images_part_1/ISIC_0025561.jpg,test,5,5,nv,nv,0.8144081,True,nv → nv,0.017687792,0.015018844,0.03190087,0.085535504,0.006657171,0.8144081,0.02879176
HAM_0005070,ISIC_0030863,nv,follow_up,55.0,female,trunk,data/raw/HAM10000_images_part_2/ISIC_0030863.jpg,test,5,5,nv,nv,0.90538025,True,nv → nv,0.0076341825,0.0046780044,0.008949231,0.04602855,0.0037300643,0.90538025,0.023599736
HAM_0003481,ISIC_0029050,nv,follow_up,35.0,female,back,data/raw/HAM10000_images_part_1/ISIC_0029050.jpg,test,5,5,nv,nv,0.8243005,True,nv → nv,0.018572593,0.012918069,0.03126979,0.069530465,0.012408303,0.8243005,0.03100021
HAM_0003988,ISIC_0024427,nv,follow_up,65.0,male,abdomen,data/raw/HAM10000_images_part_1/ISIC_0024427.jpg,test,5,5,nv,nv,0.89169747,True,nv → nv,0.008157415,0.0055542705,0.01084323,0.05569815,0.0027986001,0.89169747,0.025250956
HAM_0003701,ISIC_0027191,nv,follow_up,45.0,female,lower extremity,data/raw/HAM10000_images_part_1/ISIC_0027191.jpg,test,5,5,nv,nv,0.839379,True,nv → nv,0.006600596,0.007245532,0.013406031,0.07465709,0.0036768047,0.839379,0.055034827
HAM_0002339,ISIC_0026597,nv,follow_up,75.0,female,trunk,data/raw/HAM10000_images_part_1/ISIC_0026597.jpg,test,5,5,nv,nv,0.81413233,True,nv → nv,0.01852237,0.013946976,0.03396671,0.08115049,0.007903516,0.81413233,0.030377604
HAM_0006441,ISIC_0029016,nv,follow_up,40.0,female,lower extremity,data/raw/HAM10000_images_part_1/ISIC_0029016.jpg,test,5,5,nv,nv,0.92160916,True,nv → nv,0.0059430143,0.003070579,0.007294075,0.034760293,0.005019107,0.92160916,0.022303766
HAM_0006119,ISIC_0029944,nv,follow_up,40.0,female,upper extremity,data/raw/HAM10000_images_part_2/ISIC_0029944.jpg,test,5,5,nv,nv,0.88607794,True,nv → nv,0.0075999866,0.0055626426,0.012405449,0.056308065,0.0036088403,0.88607794,0.0284371
HAM_0000522,ISIC_0024826,nv,follow_up,40.0,female,upper extremity,data/raw/HAM10000_images_part_1/ISIC_0024826.jpg,test,5,5,nv,nv,0.8080359,True,nv → nv,0.016231881,0.012910585,0.047873084,0.071411595,0.013800746,0.8080359,0.029736185
HAM_0000491,ISIC_0028207,nv,follow_up,45.0,male,trunk,data/raw/HAM10000_images_part_1/ISIC_0028207.jpg,test,5,5,nv,nv,0.87679625,True,nv → nv,0.010380129,0.008082388,0.012482893,0.055881422,0.0051399185,0.87679625,0.031237025
HAM_0006620,ISIC_0029378,nv,follow_up,45.0,female,upper extremity,data/raw/HAM10000_images_part_2/ISIC_0029378.jpg,test,5,5,nv,nv,0.81930244,True,nv → nv,0.005983932,0.0072281393,0.011564417,0.08052219,0.0028947073,0.81930244,0.07250413
HAM_0003226,ISIC_0029225,nv,follow_up,55.0,male,trunk,data/raw/HAM10000_images_part_1/ISIC_0029225.jpg,test,5,5,nv,nv,0.83666974,True,nv → nv,0.013608461,0.01125773,0.024797278,0.07208444,0.0076925284,0.83666974,0.033889875
HAM_0002524,ISIC_0026184,nv,follow_up,55.0,male,trunk,data/raw/HAM10000_images_part_1/ISIC_0026184.jpg,test,5,5,nv,nv,0.8758241,True,nv → nv,0.010526219,0.0068848077,0.013831058,0.058131233,0.0044121803,0.8758241,0.030390417
HAM_0002279,ISIC_0031427,nv,follow_up,45.0,female,lower extremity,data/raw/HAM10000_images_part_2/ISIC_0031427.jpg,test,5,5,nv,nv,0.70671767,True,nv → nv,0.005820235,0.011133678,0.015848119,0.121926166,0.0029705793,0.70671767,0.13558358
HAM_0002636,ISIC_0031782,nv,follow_up,45.0,female,trunk,data/raw/HAM10000_images_part_2/ISIC_0031782.jpg,test,5,5,nv,nv,0.8725354,True,nv → nv,0.007053968,0.005945789,0.011716186,0.059596326,0.0039799293,0.8725354,0.039172385
HAM_0001476,ISIC_0025343,nv,follow_up,35.0,male,lower extremity,data/raw/HAM10000_images_part_1/ISIC_0025343.jpg,test,5,5,nv,nv,0.8341666,True,nv → nv,0.014652286,0.012425418,0.029348832,0.06949867,0.00927748,0.8341666,0.03063074
HAM_0006087,ISIC_0032094,nv,follow_up,45.0,male,back,data/raw/HAM10000_images_part_2/ISIC_0032094.jpg,test,5,5,nv,nv,0.8655811,True,nv → nv,0.009183674,0.007577712,0.017609907,0.06370625,0.0050749113,0.8655811,0.03126637
HAM_0002133,ISIC_0027885,nv,follow_up,35.0,female,lower extremity,data/raw/HAM10000_images_part_1/ISIC_0027885.jpg,test,5,5,nv,nv,0.8748813,True,nv → nv,0.011610328,0.0063679777,0.017751874,0.056026317,0.0063196933,0.8748813,0.027042454
HAM_0003553,ISIC_0026469,nv,follow_up,45.0,female,abdomen,data/raw/HAM10000_images_part_1/ISIC_0026469.jpg,test,5,5,nv,nv,0.87773305,True,nv → nv,0.011242779,0.0066998745,0.01412842,0.053127013,0.0069585205,0.87773305,0.030110281
HAM_0006259,ISIC_0027785,nv,follow_up,45.0,female,foot,data/raw/HAM10000_images_part_1/ISIC_0027785.jpg,test,5,5,nv,nv,0.8593022,True,nv → nv,0.0053254557,0.0053376914,0.010783595,0.06333786,0.0034913085,0.8593022,0.05242181
HAM_0007371,ISIC_0026002,nv,follow_up,60.0,female,trunk,data/raw/HAM10000_images_part_1/ISIC_0026002.jpg,test,5,5,nv,nv,0.8634608,True,nv → nv,0.0045335633,0.0047631836,0.008706891,0.060100242,0.0030677894,0.8634608,0.055367507
HAM_0001942,ISIC_0027476,nv,follow_up,60.0,male,lower extremity,data/raw/HAM10000_images_part_1/ISIC_0027476.jpg,test,5,5,nv,nv,0.8431378,True,nv → nv,0.0056376574,0.006153386,0.010581733,0.0714578,0.0028369639,0.8431378,0.06019461
HAM_0002155,ISIC_0027696,nv,follow_up,40.0,female,back,data/raw/HAM10000_images_part_1/ISIC_0027696.jpg,test,5,5,nv,nv,0.8341028,True,nv → nv,0.016447315,0.010199807,0.027123014,0.06304686,0.012272724,0.8341028,0.036807403
HAM_0000450,ISIC_0025059,nv,follow_up,40.0,female,lower extremity,data/raw/HAM10000_images_part_1/ISIC_0025059.jpg,test,5,5,nv,nv,0.8205034,True,nv → nv,0.006412702,0.007634611,0.012311301,0.07742247,0.0038278718,0.8205034,0.07188762
HAM_0005344,ISIC_0029383,nv,follow_up,45.0,male,upper extremity,data/raw/HAM10000_images_part_2/ISIC_0029383.jpg,test,5,5,nv,nv,0.7030956,True,nv → nv,0.029616408,0.03150231,0.07982457,0.10300699,0.020750085,0.7030956,0.032203987
HAM_0006133,ISIC_0024755,nv,follow_up,45.0,male,lower extremity,data/raw/HAM10000_images_part_1/ISIC_0024755.jpg,test,5,5,nv,nv,0.8582103,True,nv → nv,0.0073854225,0.007040895,0.013220513,0.06605402,0.004188183,0.8582103,0.043900643
HAM_0006446,ISIC_0025591,nv,follow_up,60.0,male,trunk,data/raw/HAM10000_images_part_1/ISIC_0025591.jpg,test,5,5,nv,nv,0.86546165,True,nv → nv,0.011859877,0.0076674297,0.022161348,0.062319323,0.00641315,0.86546165,0.024117287
HAM_0004465,ISIC_0024500,nv,follow_up,45.0,male,abdomen,data/raw/HAM10000_images_part_1/ISIC_0024500.jpg,test,5,5,nv,nv,0.8638346,True,nv → nv,0.0048661972,0.005166443,0.009011206,0.060713213,0.00305015,0.8638346,0.05335822
HAM_0005965,ISIC_0029858,nv,follow_up,40.0,female,abdomen,data/raw/HAM10000_images_part_2/ISIC_0029858.jpg,test,5,5,nv,nv,0.8800149,True,nv → nv,0.00735363,0.005853247,0.010172907,0.05325102,0.0043995185,0.8800149,0.038954884
HAM_0004987,ISIC_0027132,nv,follow_up,70.0,male,back,data/raw/HAM10000_images_part_1/ISIC_0027132.jpg,test,5,5,nv,nv,0.8757839,True,nv → nv,0.0075635365,0.00596586,0.0102156205,0.05890508,0.0033079172,0.8757839,0.038258065
HAM_0007154,ISIC_0024719,nv,follow_up,70.0,male,upper extremity,data/raw/HAM10000_images_part_1/ISIC_0024719.jpg,test,5,5,nv,nv,0.85762197,True,nv → nv,0.013429096,0.009890825,0.016912382,0.063389674,0.0068856636,0.85762197,0.031870347
HAM_0002608,ISIC_0026484,nv,follow_up,40.0,female,foot,data/raw/HAM10000_images_part_1/ISIC_0026484.jpg,test,5,5,nv,nv,0.73238873,True,nv → nv,0.0064614373,0.011556796,0.013956572,0.10442405,0.0038593728,0.73238873,0.127353
HAM_0006534,ISIC_0028778,nv,follow_up,55.0,female,lower extremity,data/raw/HAM10000_images_part_1/ISIC_0028778.jpg,test,5,5,nv,nv,0.897054,True,nv → nv,0.0085198665,0.0055408436,0.009958382,0.04971386,0.003973979,0.897054,0.025238981
HAM_0007215,ISIC_0030294,nv,follow_up,40.0,female,back,data/raw/HAM10000_images_part_2/ISIC_0030294.jpg,test,5,5,nv,nv,0.844418,True,nv → nv,0.013178519,0.01075001,0.027679464,0.07160704,0.00644659,0.844418,0.025920425
HAM_0004994,ISIC_0028839,nv,follow_up,40.0,female,abdomen,data/raw/HAM10000_images_part_1/ISIC_0028839.jpg,test,5,5,nv,nv,0.89473176,True,nv → nv,0.0077938177,0.005586897,0.011104993,0.05118945,0.0038972213,0.89473176,0.02569583
HAM_0006336,ISIC_0032117,nv,follow_up,55.0,female,abdomen,data/raw/HAM10000_images_part_2/ISIC_0032117.jpg,test,5,5,nv,nv,0.8598748,True,nv → nv,0.009805143,0.008235984,0.015056181,0.06743111,0.0041411016,0.8598748,0.03545568
HAM_0000166,ISIC_0028954,nv,follow_up,55.0,female,lower extremity,data/raw/HAM10000_images_part_1/ISIC_0028954.jpg,test,5,5,nv,nv,0.87882566,True,nv → nv,0.011875585,0.0061649894,0.016034694,0.043031957,0.0149972495,0.87882566,0.029069835
HAM_0005771,ISIC_0030799,nv,follow_up,50.0,female,trunk,data/raw/HAM10000_images_part_2/ISIC_0030799.jpg,test,5,5,nv,nv,0.90055406,True,nv → nv,0.0093123065,0.003977694,0.011419713,0.035045944,0.012522727,0.90055406,0.027167542
HAM_0002420,ISIC_0028796,nv,follow_up,35.0,female,back,data/raw/HAM10000_images_part_1/ISIC_0028796.jpg,test,5,5,nv,nv,0.8350894,True,nv → nv,0.0054292073,0.006360093,0.010298341,0.07182575,0.003152493,0.8350894,0.06784467
HAM_0007582,ISIC_0027092,nv,follow_up,50.0,male,lower extremity,data/raw/HAM10000_images_part_1/ISIC_0027092.jpg,test,5,5,nv,nv,0.8686094,True,nv → nv,0.0043524136,0.0045216717,0.008209386,0.05874809,0.0027365927,0.8686094,0.05282239
HAM_0005945,ISIC_0032053,nv,follow_up,50.0,male,lower extremity,data/raw/HAM10000_images_part_2/ISIC_0032053.jpg,test,5,5,nv,nv,0.9044572,True,nv → nv,0.0063954517,0.0045504994,0.0080707995,0.04623041,0.0030595711,0.9044572,0.027236141
HAM_0002362,ISIC_0025307,nv,follow_up,40.0,male,back,data/raw/HAM10000_images_part_1/ISIC_0025307.jpg,test,5,5,nv,nv,0.89536756,True,nv → nv,0.009035288,0.005427812,0.010395909,0.05008421,0.0041146525,0.89536756,0.025574647
HAM_0005622,ISIC_0030213,nv,follow_up,45.0,male,lower extremity,data/raw/HAM10000_images_part_2/ISIC_0030213.jpg,test,5,5,nv,nv,0.8878795,True,nv → nv,0.009737308,0.005544853,0.013124204,0.052843314,0.0045568827,0.8878795,0.02631395
HAM_0001718,ISIC_0026357,nv,follow_up,50.0,male,abdomen,data/raw/HAM10000_images_part_1/ISIC_0026357.jpg,test,5,5,nv,nv,0.88479775,True,nv → nv,0.0088518765,0.006458319,0.01612218,0.058505327,0.003945552,0.88479775,0.02131903
HAM_0003849,ISIC_0027185,nv,follow_up,50.0,male,abdomen,data/raw/HAM10000_images_part_1/ISIC_0027185.jpg,test,5,5,nv,nv,0.7944413,True,nv → nv,0.005983076,0.00845667,0.012871402,0.08881901,0.0034710504,0.7944413,0.08595758
HAM_0002458,ISIC_0026155,nv,follow_up,50.0,male,lower extremity,data/raw/HAM10000_images_part_1/ISIC_0026155.jpg,test,5,5,nv,nv,0.7428191,True,nv → nv,0.011018268,0.01654142,0.021968413,0.11079188,0.0055946414,0.7428191,0.09126635
HAM_0002700,ISIC_0025011,nv,follow_up,55.0,female,trunk,data/raw/HAM10000_images_part_1/ISIC_0025011.jpg,test,5,5,nv,nv,0.8752813,True,nv → nv,0.0105404975,0.007443371,0.01468041,0.060617685,0.0041093756,0.8752813,0.02732738
HAM_0005904,ISIC_0024956,nv,follow_up,60.0,male,trunk,data/raw/HAM10000_images_part_1/ISIC_0024956.jpg,test,5,5,nv,nv,0.8633222,True,nv → nv,0.0062952214,0.005960767,0.009601438,0.06486777,0.0025861382,0.8633222,0.04736652
HAM_0007092,ISIC_0031370,nv,follow_up,50.0,male,upper extremity,data/raw/HAM10000_images_part_2/ISIC_0031370.jpg,test,5,5,nv,nv,0.8797186,True,nv → nv,0.010972462,0.006385956,0.01897278,0.049812652,0.009840084,0.8797186,0.024297448
HAM_0002767,ISIC_0031914,nv,follow_up,55.0,male,upper extremity,data/raw/HAM10000_images_part_2/ISIC_0031914.jpg,test,5,5,nv,nv,0.8505776,True,nv → nv,0.0071751983,0.007204322,0.013205789,0.069743216,0.0038190286,0.8505776,0.04827485
HAM_0004415,ISIC_0024532,nv,follow_up,40.0,male,abdomen,data/raw/HAM10000_images_part_1/ISIC_0024532.jpg,test,5,5,nv,nv,0.7928101,True,nv → nv,0.010520735,0.012667172,0.02238513,0.09322104,0.005837174,0.7928101,0.06255864
HAM_0002101,ISIC_0029398,nv,follow_up,35.0,female,upper extremity,data/raw/HAM10000_images_part_2/ISIC_0029398.jpg,test,5,5,nv,nv,0.7794556,True,nv → nv,0.021272065,0.020247022,0.034938566,0.085030384,0.012785581,0.7794556,0.046270836
HAM_0002213,ISIC_0030222,nv,follow_up,55.0,female,lower extremity,data/raw/HAM10000_images_part_2/ISIC_0030222.jpg,test,5,5,nv,nv,0.86623853,True,nv → nv,0.008510165,0.007402126,0.012465557,0.06188781,0.00427913,0.86623853,0.039216623
HAM_0006690,ISIC_0028942,nv,follow_up,55.0,female,unknown,data/raw/HAM10000_images_part_1/ISIC_0028942.jpg,test,5,5,nv,nv,0.8973474,True,nv → nv,0.008282419,0.005194711,0.010996679,0.04862125,0.0042204983,0.8973474,0.025337078
HAM_0005516,ISIC_0028748,nv,follow_up,50.0,male,abdomen,data/raw/HAM10000_images_part_1/ISIC_0028748.jpg,test,5,5,nv,nv,0.88745075,True,nv → nv,0.00970253,0.0055716247,0.011302292,0.05293533,0.0042639007,0.88745075,0.028773565
HAM_0007055,ISIC_0031235,nv,follow_up,55.0,female,upper extremity,data/raw/HAM10000_images_part_2/ISIC_0031235.jpg,test,5,5,nv,nv,0.73187226,True,nv → nv,0.022573898,0.01980956,0.0880527,0.079168566,0.028223911,0.73187226,0.030299075
HAM_0005528,ISIC_0028391,nv,follow_up,55.0,female,lower extremity,data/raw/HAM10000_images_part_1/ISIC_0028391.jpg,test,5,5,nv,nv,0.83617467,True,nv → nv,0.012065743,0.012894906,0.015579976,0.078777425,0.0033742392,0.83617467,0.04113302
HAM_0006952,ISIC_0027543,nv,follow_up,50.0,female,upper extremity,data/raw/HAM10000_images_part_1/ISIC_0027543.jpg,test,5,5,nv,nv,0.8378589,True,nv → nv,0.014343764,0.012193419,0.02420509,0.075461365,0.0057188743,0.8378589,0.030218538
HAM_0003624,ISIC_0025608,nv,follow_up,50.0,female,trunk,data/raw/HAM10000_images_part_1/ISIC_0025608.jpg,test,5,5,nv,nv,0.9031981,True,nv → nv,0.0072082714,0.004620111,0.0101895705,0.04644395,0.0039981157,0.9031981,0.024341848
HAM_0003347,ISIC_0032416,nv,follow_up,55.0,female,lower extremity,data/raw/HAM10000_images_part_2/ISIC_0032416.jpg,test,5,5,nv,nv,0.8157048,True,nv → nv,0.006617866,0.008200603,0.014536324,0.0841506,0.0033786492,0.8157048,0.06741116
HAM_0002157,ISIC_0030763,nv,follow_up,30.0,female,trunk,data/raw/HAM10000_images_part_2/ISIC_0030763.jpg,test,5,5,nv,nv,0.8323083,True,nv → nv,0.014596172,0.012241503,0.019051457,0.06864923,0.00834788,0.8323083,0.04480546
HAM_0000875,ISIC_0031022,nv,follow_up,60.0,male,back,data/raw/HAM10000_images_part_2/ISIC_0031022.jpg,test,5,5,nv,nv,0.86660796,True,nv → nv,0.012022374,0.0074903383,0.021916164,0.061863206,0.0061394325,0.86660796,0.023960592
HAM_0002937,ISIC_0029478,nv,follow_up,40.0,male,trunk,data/raw/HAM10000_images_part_2/ISIC_0029478.jpg,test,5,5,nv,nv,0.87704647,True,nv → nv,0.011485687,0.0075888215,0.013279941,0.056467384,0.0056599593,0.87704647,0.028471695
HAM_0001165,ISIC_0030199,nv,follow_up,40.0,male,upper extremity,data/raw/HAM10000_images_part_2/ISIC_0030199.jpg,test,5,5,nv,nv,0.91148335,True,nv → nv,0.007182658,0.0040200325,0.00862845,0.042111665,0.004022059,0.91148335,0.02255184
HAM_0006814,ISIC_0032264,nv,follow_up,40.0,male,trunk,data/raw/HAM10000_images_part_2/ISIC_0032264.jpg,test,5,5,nv,nv,0.6866378,True,nv → nv,0.015204973,0.022963617,0.038787916,0.15716198,0.0055763554,0.6866378,0.073667325
HAM_0007440,ISIC_0029882,nv,follow_up,50.0,male,upper extremity,data/raw/HAM10000_images_part_2/ISIC_0029882.jpg,test,5,5,nv,nv,0.9230372,True,nv → nv,0.005801199,0.003103629,0.005941246,0.03732525,0.0029308612,0.9230372,0.021860672
HAM_0002863,ISIC_0024769,nv,follow_up,50.0,male,back,data/raw/HAM10000_images_part_1/ISIC_0024769.jpg,test,5,5,nv,nv,0.7388636,True,nv → nv,0.024462188,0.0114296395,0.036763232,0.040687162,0.09564015,0.7388636,0.052154034
HAM_0000677,ISIC_0025494,nv,follow_up,55.0,male,abdomen,data/raw/HAM10000_images_part_1/ISIC_0025494.jpg,test,5,5,nv,nv,0.8562739,True,nv → nv,0.014191583,0.0089377845,0.020456977,0.061141785,0.008874609,0.8562739,0.030123375
HAM_0004759,ISIC_0030467,nv,follow_up,45.0,female,lower extremity,data/raw/HAM10000_images_part_2/ISIC_0030467.jpg,test,5,5,nv,nv,0.8614075,True,nv → nv,0.009644362,0.007157113,0.014726435,0.065261565,0.0041686296,0.8614075,0.037634302
HAM_0000367,ISIC_0025462,nv,follow_up,45.0,female,trunk,data/raw/HAM10000_images_part_1/ISIC_0025462.jpg,test,5,5,nv,nv,0.82338583,True,nv → nv,0.0132411495,0.014130495,0.019166324,0.079108156,0.005463814,0.82338583,0.04550425
HAM_0005039,ISIC_0024320,nv,follow_up,65.0,male,trunk,data/raw/HAM10000_images_part_1/ISIC_0024320.jpg,test,5,5,nv,nv,0.75948614,True,nv → nv,0.021386975,0.015293258,0.06332767,0.06460466,0.037244745,0.75948614,0.03865659
HAM_0002487,ISIC_0032503,nv,follow_up,55.0,female,trunk,data/raw/HAM10000_images_part_2/ISIC_0032503.jpg,test,5,5,nv,nv,0.742197,True,nv → nv,0.026523653,0.029447014,0.03590152,0.088223,0.017871251,0.742197,0.059836578
HAM_0003201,ISIC_0030386,nv,follow_up,50.0,female,trunk,data/raw/HAM10000_images_part_2/ISIC_0030386.jpg,test,5,5,nv,nv,0.75071657,True,nv → nv,0.028678099,0.014643268,0.05010983,0.059896797,0.051107567,0.75071657,0.044847988
HAM_0001229,ISIC_0032401,nv,follow_up,25.0,female,upper extremity,data/raw/HAM10000_images_part_2/ISIC_0032401.jpg,test,5,5,nv,nv,0.857641,True,nv → nv,0.009475953,0.008903294,0.015849315,0.067282595,0.004568291,0.857641,0.036279503
HAM_0002263,ISIC_0030252,nv,follow_up,25.0,female,abdomen,data/raw/HAM10000_images_part_2/ISIC_0030252.jpg,test,5,5,nv,nv,0.88532627,True,nv → nv,0.0074306983,0.0063009956,0.010586604,0.051380042,0.0043855673,0.88532627,0.034589835
HAM_0000989,ISIC_0028070,nv,follow_up,55.0,male,lower extremity,data/raw/HAM10000_images_part_1/ISIC_0028070.jpg,test,5,5,nv,nv,0.8346901,True,nv → nv,0.005561462,0.0066399868,0.011145116,0.07488145,0.0030543632,0.8346901,0.064027466
HAM_0006227,ISIC_0031264,nv,follow_up,45.0,female,abdomen,data/raw/HAM10000_images_part_2/ISIC_0031264.jpg,test,5,5,nv,nv,0.86751103,True,nv → nv,0.011703705,0.008921019,0.017359613,0.059941716,0.0063661532,0.86751103,0.02819668
HAM_0003731,ISIC_0031680,nv,follow_up,45.0,female,trunk,data/raw/HAM10000_images_part_2/ISIC_0031680.jpg,test,5,5,nv,nv,0.86100835,True,nv → nv,0.011693207,0.008840796,0.021783173,0.0634095,0.0064148908,0.86100835,0.026850035
HAM_0001898,ISIC_0026917,nv,follow_up,50.0,female,abdomen,data/raw/HAM10000_images_part_1/ISIC_0026917.jpg,test,5,5,nv,nv,0.870239,True,nv → nv,0.0062636323,0.0057410393,0.010950081,0.05793557,0.00411158,0.870239,0.04475906
HAM_0000493,ISIC_0030304,nv,follow_up,55.0,female,lower extremity,data/raw/HAM10000_images_part_2/ISIC_0030304.jpg,test,5,5,nv,nv,0.31473368,True,nv → nv,0.026491331,0.15144937,0.033634145,0.20263521,0.008224942,0.31473368,0.26283127
HAM_0002966,ISIC_0024509,nv,follow_up,55.0,female,trunk,data/raw/HAM10000_images_part_1/ISIC_0024509.jpg,test,5,5,nv,nv,0.8902442,True,nv → nv,0.0075116395,0.0056945095,0.010092358,0.05625196,0.0024974109,0.8902442,0.027707959
HAM_0002627,ISIC_0027014,nv,follow_up,40.0,female,lower extremity,data/raw/HAM10000_images_part_1/ISIC_0027014.jpg,test,5,6,nv,vasc,0.35537446,False,nv → vasc,0.017332893,0.1575009,0.027717793,0.20587486,0.0063930624,0.22980611,0.35537446
HAM_0005729,ISIC_0030113,nv,follow_up,40.0,male,back,data/raw/HAM10000_images_part_2/ISIC_0030113.jpg,test,5,5,nv,nv,0.81373674,True,nv → nv,0.016811972,0.01299996,0.040004294,0.0729889,0.0118651185,0.81373674,0.03159299
HAM_0007223,ISIC_0024783,nv,follow_up,35.0,female,abdomen,data/raw/HAM10000_images_part_1/ISIC_0024783.jpg,test,5,5,nv,nv,0.8986097,True,nv → nv,0.008326715,0.0048453705,0.010494246,0.048447363,0.0038948427,0.8986097,0.025381796
HAM_0000916,ISIC_0032167,nv,follow_up,45.0,female,abdomen,data/raw/HAM10000_images_part_2/ISIC_0032167.jpg,test,5,5,nv,nv,0.8020442,True,nv → nv,0.018850746,0.013916885,0.03050685,0.050967846,0.04086668,0.8020442,0.04284677
HAM_0003628,ISIC_0031324,nv,follow_up,45.0,female,trunk,data/raw/HAM10000_images_part_2/ISIC_0031324.jpg,test,5,5,nv,nv,0.8825118,True,nv → nv,0.0070939036,0.0056528705,0.01104965,0.056335878,0.0036561918,0.8825118,0.03369977
HAM_0003180,ISIC_0031058,nv,follow_up,40.0,male,upper extremity,data/raw/HAM10000_images_part_2/ISIC_0031058.jpg,test,5,5,nv,nv,0.82476646,True,nv → nv,0.01726432,0.014837339,0.02502049,0.065024376,0.014580578,0.82476646,0.038506467
HAM_0000281,ISIC_0030577,nv,follow_up,60.0,female,genital,data/raw/HAM10000_images_part_2/ISIC_0030577.jpg,test,5,5,nv,nv,0.9029872,True,nv → nv,0.0076211784,0.004509946,0.009372046,0.046225213,0.0036875405,0.9029872,0.025596831
HAM_0005554,ISIC_0027521,nv,follow_up,55.0,male,abdomen,data/raw/HAM10000_images_part_1/ISIC_0027521.jpg,test,5,5,nv,nv,0.8634157,True,nv → nv,0.012414619,0.008423737,0.017591277,0.06363578,0.0056166034,0.8634157,0.028902307
HAM_0002229,ISIC_0025423,nv,follow_up,55.0,female,lower extremity,data/raw/HAM10000_images_part_1/ISIC_0025423.jpg,test,5,5,nv,nv,0.8046896,True,nv → nv,0.009048714,0.01045906,0.01724702,0.08215699,0.00598802,0.8046896,0.070410594
HAM_0007319,ISIC_0029144,nv,follow_up,55.0,female,lower extremity,data/raw/HAM10000_images_part_1/ISIC_0029144.jpg,test,5,5,nv,nv,0.8852276,True,nv → nv,0.006360234,0.004999385,0.010108942,0.056440145,0.0030248028,0.8852276,0.03383894
HAM_0005099,ISIC_0029648,nv,follow_up,45.0,male,abdomen,data/raw/HAM10000_images_part_2/ISIC_0029648.jpg,test,5,5,nv,nv,0.81906444,True,nv → nv,0.017774522,0.012935521,0.03301703,0.073995136,0.01030871,0.81906444,0.03290458
HAM_0005140,ISIC_0026662,nv,follow_up,45.0,male,lower extremity,data/raw/HAM10000_images_part_1/ISIC_0026662.jpg,test,5,5,nv,nv,0.8520808,True,nv → nv,0.013066154,0.00943288,0.02282536,0.06934435,0.0053394823,0.8520808,0.02791093
HAM_0007363,ISIC_0028013,nv,follow_up,55.0,male,trunk,data/raw/HAM10000_images_part_1/ISIC_0028013.jpg,test,5,5,nv,nv,0.87491894,True,nv → nv,0.009836739,0.007948238,0.0148876915,0.0584712,0.004886605,0.87491894,0.029050604
HAM_0004771,ISIC_0024622,nv,follow_up,55.0,male,trunk,data/raw/HAM10000_images_part_1/ISIC_0024622.jpg,test,5,5,nv,nv,0.88019985,True,nv → nv,0.010276632,0.0069561237,0.015415861,0.05584961,0.0054142377,0.88019985,0.025887681
HAM_0005208,ISIC_0028781,nv,follow_up,45.0,male,abdomen,data/raw/HAM10000_images_part_1/ISIC_0028781.jpg,test,5,5,nv,nv,0.9041929,True,nv → nv,0.007789372,0.0049878256,0.009043313,0.043470964,0.004826125,0.9041929,0.02568946
HAM_0000384,ISIC_0030506,nv,follow_up,35.0,male,trunk,data/raw/HAM10000_images_part_2/ISIC_0030506.jpg,test,5,5,nv,nv,0.84476376,True,nv → nv,0.00801996,0.008724277,0.015205883,0.06956632,0.0050908495,0.84476376,0.048628896
HAM_0002528,ISIC_0025821,nv,follow_up,35.0,male,upper extremity,data/raw/HAM10000_images_part_1/ISIC_0025821.jpg,test,5,5,nv,nv,0.81885034,True,nv → nv,0.016372329,0.013677759,0.029726777,0.08000049,0.006777116,0.81885034,0.03459527
HAM_0006477,ISIC_0029237,nv,follow_up,35.0,male,foot,data/raw/HAM10000_images_part_1/ISIC_0029237.jpg,test,5,5,nv,nv,0.88552475,True,nv → nv,0.0069878255,0.005000696,0.011085211,0.05389435,0.0038083983,0.88552475,0.033698764
HAM_0006410,ISIC_0027449,nv,follow_up,45.0,female,abdomen,data/raw/HAM10000_images_part_1/ISIC_0027449.jpg,test,5,5,nv,nv,0.8866976,True,nv → nv,0.012033397,0.0049363943,0.01313254,0.041981235,0.011594395,0.8866976,0.029624412
HAM_0006308,ISIC_0030716,nv,follow_up,55.0,female,lower extremity,data/raw/HAM10000_images_part_2/ISIC_0030716.jpg,test,5,5,nv,nv,0.86560744,True,nv → nv,0.0063678417,0.0065115504,0.010379802,0.06184421,0.0032793458,0.86560744,0.04600977
HAM_0001985,ISIC_0027330,nv,follow_up,45.0,male,back,data/raw/HAM10000_images_part_1/ISIC_0027330.jpg,test,5,5,nv,nv,0.81630075,True,nv → nv,0.017219517,0.013737915,0.037528653,0.07348343,0.011732482,0.81630075,0.029997151
HAM_0001871,ISIC_0030834,nv,follow_up,50.0,female,abdomen,data/raw/HAM10000_images_part_2/ISIC_0030834.jpg,test,5,5,nv,nv,0.8973136,True,nv → nv,0.008616424,0.0049422258,0.010456193,0.048309624,0.004319707,0.8973136,0.026042199
HAM_0001351,ISIC_0031684,nv,follow_up,50.0,female,back,data/raw/HAM10000_images_part_2/ISIC_0031684.jpg,test,5,5,nv,nv,0.8772873,True,nv → nv,0.010248759,0.007708824,0.01559856,0.055965316,0.005655335,0.8772873,0.027535945
HAM_0002320,ISIC_0025163,nv,follow_up,50.0,male,abdomen,data/raw/HAM10000_images_part_1/ISIC_0025163.jpg,test,5,5,nv,nv,0.88282907,True,nv → nv,0.010887322,0.006670381,0.012055299,0.055066448,0.0047907075,0.88282907,0.027700836
HAM_0005399,ISIC_0030474,nv,follow_up,60.0,male,back,data/raw/HAM10000_images_part_2/ISIC_0030474.jpg,test,5,5,nv,nv,0.88770866,True,nv → nv,0.008901348,0.0059952685,0.0121379355,0.056807756,0.0032628614,0.88770866,0.02518626
HAM_0002251,ISIC_0024438,nv,follow_up,50.0,male,back,data/raw/HAM10000_images_part_1/ISIC_0024438.jpg,test,5,5,nv,nv,0.8641141,True,nv → nv,0.010248508,0.008106058,0.017645689,0.07190813,0.0027668464,0.8641141,0.025210714
HAM_0004107,ISIC_0029769,nv,follow_up,40.0,female,trunk,data/raw/HAM10000_images_part_2/ISIC_0029769.jpg,test,5,5,nv,nv,0.8817787,True,nv → nv,0.010855878,0.006980694,0.014994355,0.053971823,0.0065618213,0.8817787,0.024856765
HAM_0005167,ISIC_0031780,nv,follow_up,40.0,female,abdomen,data/raw/HAM10000_images_part_2/ISIC_0031780.jpg,test,5,5,nv,nv,0.88308537,True,nv → nv,0.007900126,0.0064340187,0.013784084,0.0582245,0.0035443439,0.88308537,0.027027488
HAM_0001893,ISIC_0025110,nv,follow_up,40.0,female,trunk,data/raw/HAM10000_images_part_1/ISIC_0025110.jpg,test,5,5,nv,nv,0.77836496,True,nv → nv,0.024520349,0.016497118,0.032645524,0.058580846,0.038961332,0.77836496,0.05042987
HAM_0007257,ISIC_0025537,nv,follow_up,50.0,female,back,data/raw/HAM10000_images_part_1/ISIC_0025537.jpg,test,5,5,nv,nv,0.65461874,True,nv → nv,0.027975395,0.042998858,0.08467777,0.07858131,0.065225065,0.65461874,0.04592285
HAM_0003604,ISIC_0028125,nv,follow_up,45.0,female,upper extremity,data/raw/HAM10000_images_part_1/ISIC_0028125.jpg,test,5,5,nv,nv,0.86085725,True,nv → nv,0.013938594,0.008418189,0.016894845,0.05788124,0.008168867,0.86085725,0.03384098
HAM_0001252,ISIC_0026284,nv,follow_up,40.0,male,hand,data/raw/HAM10000_images_part_1/ISIC_0026284.jpg,test,5,5,nv,nv,0.75695795,True,nv → nv,0.0045989645,0.0078591565,0.011494818,0.09977534,0.0025432543,0.75695795,0.11677053
HAM_0004597,ISIC_0027050,nv,follow_up,40.0,male,upper extremity,data/raw/HAM10000_images_part_1/ISIC_0027050.jpg,test,5,5,nv,nv,0.83557963,True,nv → nv,0.005585761,0.006450636,0.011662661,0.07386603,0.0033431759,0.83557963,0.06351208
HAM_0006773,ISIC_0026680,nv,follow_up,45.0,male,abdomen,data/raw/HAM10000_images_part_1/ISIC_0026680.jpg,test,5,5,nv,nv,0.86192274,True,nv → nv,0.014158615,0.007414078,0.020426445,0.05327746,0.012535699,0.86192274,0.030265003
HAM_0004353,ISIC_0029262,nv,follow_up,55.0,female,face,data/raw/HAM10000_images_part_1/ISIC_0029262.jpg,test,5,5,nv,nv,0.8070895,True,nv → nv,0.008233101,0.010245039,0.015920153,0.08672163,0.004285737,0.8070895,0.06750482
HAM_0005897,ISIC_0027511,nv,follow_up,50.0,male,lower extremity,data/raw/HAM10000_images_part_1/ISIC_0027511.jpg,test,5,5,nv,nv,0.9016073,True,nv → nv,0.008020583,0.0050809206,0.009371316,0.047243543,0.0038262145,0.9016073,0.024850108
HAM_0004729,ISIC_0026198,nv,follow_up,40.0,female,upper extremity,data/raw/HAM10000_images_part_1/ISIC_0026198.jpg,test,5,5,nv,nv,0.80384314,True,nv → nv,0.007893166,0.009713153,0.019077104,0.093882754,0.003808617,0.80384314,0.061782133
HAM_0002071,ISIC_0031616,nv,follow_up,45.0,female,abdomen,data/raw/HAM10000_images_part_2/ISIC_0031616.jpg,test,5,5,nv,nv,0.8394506,True,nv → nv,0.015258277,0.010211354,0.025868248,0.069206774,0.0078153405,0.8394506,0.032189418
HAM_0001945,ISIC_0026919,nv,follow_up,45.0,female,back,data/raw/HAM10000_images_part_1/ISIC_0026919.jpg,test,5,5,nv,nv,0.86081797,True,nv → nv,0.006912725,0.0063850028,0.011277726,0.06360083,0.0037999365,0.86081797,0.047205776
HAM_0006038,ISIC_0029969,nv,follow_up,50.0,male,abdomen,data/raw/HAM10000_images_part_2/ISIC_0029969.jpg,test,5,5,nv,nv,0.8076601,True,nv → nv,0.006865303,0.00811791,0.012550007,0.086615816,0.00271831,0.8076601,0.075472616
HAM_0007105,ISIC_0026616,nv,follow_up,35.0,male,abdomen,data/raw/HAM10000_images_part_1/ISIC_0026616.jpg,test,5,5,nv,nv,0.5381402,True,nv → nv,0.04505915,0.0406041,0.11489367,0.06876552,0.14664713,0.5381402,0.045890316
HAM_0002579,ISIC_0031683,nv,follow_up,35.0,male,lower extremity,data/raw/HAM10000_images_part_2/ISIC_0031683.jpg,test,5,5,nv,nv,0.80363214,True,nv → nv,0.01206745,0.013510972,0.022217441,0.084470145,0.0067966143,0.80363214,0.057305206
HAM_0003923,ISIC_0025282,nv,follow_up,35.0,male,trunk,data/raw/HAM10000_images_part_1/ISIC_0025282.jpg,test,5,5,nv,nv,0.8148273,True,nv → nv,0.013273571,0.0125087,0.030230934,0.083796434,0.0071809674,0.8148273,0.03818214
HAM_0003905,ISIC_0029275,nv,follow_up,35.0,male,upper extremity,data/raw/HAM10000_images_part_1/ISIC_0029275.jpg,test,5,5,nv,nv,0.8454962,True,nv → nv,0.005772462,0.006169156,0.010971165,0.06987671,0.0031784517,0.8454962,0.058535904
HAM_0005687,ISIC_0027880,nv,follow_up,65.0,male,upper extremity,data/raw/HAM10000_images_part_1/ISIC_0027880.jpg,test,5,5,nv,nv,0.888486,True,nv → nv,0.008950938,0.0063757454,0.011755057,0.05448235,0.0038242214,0.888486,0.026125582
HAM_0001812,ISIC_0024326,nv,follow_up,75.0,male,back,data/raw/HAM10000_images_part_1/ISIC_0024326.jpg,test,5,5,nv,nv,0.80329645,True,nv → nv,0.017778546,0.015710058,0.04060881,0.0818216,0.009223103,0.80329645,0.031561527
HAM_0004598,ISIC_0030345,nv,follow_up,50.0,female,abdomen,data/raw/HAM10000_images_part_2/ISIC_0030345.jpg,test,5,5,nv,nv,0.5806901,True,nv → nv,0.006194916,0.014609584,0.017810367,0.16013825,0.0027534196,0.5806901,0.2178034
HAM_0004137,ISIC_0024966,nv,follow_up,45.0,female,abdomen,data/raw/HAM10000_images_part_1/ISIC_0024966.jpg,test,5,5,nv,nv,0.87305886,True,nv → nv,0.0071964567,0.00656236,0.012486362,0.060162168,0.003958519,0.87305886,0.036575317
HAM_0005773,ISIC_0031096,nv,follow_up,45.0,female,lower extremity,data/raw/HAM10000_images_part_2/ISIC_0031096.jpg,test,5,5,nv,nv,0.7996005,True,nv → nv,0.008265583,0.010133363,0.016591793,0.08990158,0.0043737087,0.7996005,0.07113349
HAM_0007455,ISIC_0027441,nv,follow_up,45.0,female,trunk,data/raw/HAM10000_images_part_1/ISIC_0027441.jpg,test,5,5,nv,nv,0.82081765,True,nv → nv,0.015093295,0.013129788,0.03511453,0.07897743,0.0075368513,0.82081765,0.029330455
HAM_0000944,ISIC_0027864,nv,follow_up,75.0,male,upper extremity,data/raw/HAM10000_images_part_1/ISIC_0027864.jpg,test,5,5,nv,nv,0.8012099,True,nv → nv,0.007826454,0.010123451,0.017237045,0.090904675,0.004177131,0.8012099,0.06852128
HAM_0005477,ISIC_0029552,nv,follow_up,75.0,male,lower extremity,data/raw/HAM10000_images_part_2/ISIC_0029552.jpg,test,5,5,nv,nv,0.8063694,True,nv → nv,0.016812652,0.015666673,0.026005754,0.08531042,0.0064564506,0.8063694,0.04337858
HAM_0004490,ISIC_0031788,nv,follow_up,70.0,male,lower extremity,data/raw/HAM10000_images_part_2/ISIC_0031788.jpg,test,5,5,nv,nv,0.84040296,True,nv → nv,0.009809206,0.008534941,0.01495018,0.07721925,0.003341322,0.84040296,0.045742106
HAM_0000178,ISIC_0031397,nv,follow_up,60.0,male,abdomen,data/raw/HAM10000_images_part_2/ISIC_0031397.jpg,test,5,5,nv,nv,0.8769285,True,nv → nv,0.011458101,0.006649844,0.016572127,0.054908022,0.0068351226,0.8769285,0.026648251
HAM_0002310,ISIC_0025848,nv,follow_up,60.0,male,abdomen,data/raw/HAM10000_images_part_1/ISIC_0025848.jpg,test,5,5,nv,nv,0.8506093,True,nv → nv,0.017114649,0.0077236136,0.021194613,0.051610216,0.016429894,0.8506093,0.035317734
HAM_0004493,ISIC_0030325,nv,follow_up,60.0,male,upper extremity,data/raw/HAM10000_images_part_2/ISIC_0030325.jpg,test,5,5,nv,nv,0.8762005,True,nv → nv,0.008301564,0.006873799,0.011656764,0.057405997,0.0042990735,0.8762005,0.035262287
HAM_0003929,ISIC_0027792,nv,follow_up,75.0,male,back,data/raw/HAM10000_images_part_1/ISIC_0027792.jpg,test,5,5,nv,nv,0.8797239,True,nv → nv,0.010410796,0.0076146605,0.013308902,0.055775493,0.0051716147,0.8797239,0.027994653
HAM_0006172,ISIC_0024485,nv,follow_up,60.0,male,upper extremity,data/raw/HAM10000_images_part_1/ISIC_0024485.jpg,test,5,5,nv,nv,0.80614316,True,nv → nv,0.015887886,0.01547705,0.032602195,0.09158979,0.005366047,0.80614316,0.032933827
HAM_0000738,ISIC_0027443,nv,follow_up,60.0,male,lower extremity,data/raw/HAM10000_images_part_1/ISIC_0027443.jpg,test,5,5,nv,nv,0.7101312,True,nv → nv,0.004948634,0.009671184,0.012446121,0.111669965,0.002799559,0.7101312,0.14833336
HAM_0001320,ISIC_0028638,nv,follow_up,35.0,male,trunk,data/raw/HAM10000_images_part_1/ISIC_0028638.jpg,test,5,5,nv,nv,0.70758855,True,nv → nv,0.01826117,0.038732942,0.029806219,0.09660969,0.014573625,0.70758855,0.09442781
HAM_0001426,ISIC_0029154,nv,follow_up,40.0,female,abdomen,data/raw/HAM10000_images_part_1/ISIC_0029154.jpg,test,5,5,nv,nv,0.90556824,True,nv → nv,0.0071107405,0.004672303,0.008514935,0.04642256,0.0031983808,0.90556824,0.02451296
HAM_0003537,ISIC_0029734,nv,follow_up,40.0,female,lower extremity,data/raw/HAM10000_images_part_2/ISIC_0029734.jpg,test,5,5,nv,nv,0.88602537,True,nv → nv,0.008992653,0.0066821342,0.01199448,0.05457854,0.004206758,0.88602537,0.02752019
HAM_0000594,ISIC_0029178,nv,follow_up,50.0,female,abdomen,data/raw/HAM10000_images_part_1/ISIC_0029178.jpg,test,5,5,nv,nv,0.60583913,True,nv → nv,0.013421101,0.024616836,0.037730455,0.2067922,0.003839563,0.60583913,0.1077607
HAM_0002893,ISIC_0025037,nv,follow_up,75.0,male,trunk,data/raw/HAM10000_images_part_1/ISIC_0025037.jpg,test,5,5,nv,nv,0.87956285,True,nv → nv,0.010647751,0.0062547578,0.012896281,0.05701489,0.004386427,0.87956285,0.029237067
HAM_0001577,ISIC_0029818,nv,follow_up,65.0,male,abdomen,data/raw/HAM10000_images_part_2/ISIC_0029818.jpg,test,5,5,nv,nv,0.80255395,True,nv → nv,0.00810601,0.009958417,0.0172729,0.09001722,0.0044451486,0.80255395,0.06764633
HAM_0002383,ISIC_0032488,nv,follow_up,55.0,male,trunk,data/raw/HAM10000_images_part_2/ISIC_0032488.jpg,test,5,5,nv,nv,0.8685235,True,nv → nv,0.0065685003,0.0062376116,0.013007647,0.063222535,0.0037185256,0.8685235,0.038721655
HAM_0004512,ISIC_0027977,nv,follow_up,55.0,male,abdomen,data/raw/HAM10000_images_part_1/ISIC_0027977.jpg,test,5,5,nv,nv,0.908602,True,nv → nv,0.0077136643,0.0040301974,0.009571842,0.038959853,0.006326601,0.908602,0.024795897
HAM_0001204,ISIC_0030185,nv,follow_up,55.0,male,back,data/raw/HAM10000_images_part_2/ISIC_0030185.jpg,test,5,5,nv,nv,0.8524797,True,nv → nv,0.012420285,0.009950617,0.02415108,0.066196695,0.0064322767,0.8524797,0.028369434
HAM_0003678,ISIC_0026197,nv,follow_up,55.0,female,abdomen,data/raw/HAM10000_images_part_1/ISIC_0026197.jpg,test,5,5,nv,nv,0.8749996,True,nv → nv,0.011267223,0.0071175303,0.01620534,0.05713173,0.0060618552,0.8749996,0.027216705
HAM_0002449,ISIC_0024391,nv,follow_up,50.0,male,chest,data/raw/HAM10000_images_part_1/ISIC_0024391.jpg,test,5,5,nv,nv,0.7738857,True,nv → nv,0.022336487,0.01804808,0.05305683,0.091552585,0.010224179,0.7738857,0.030896094
HAM_0000419,ISIC_0027741,nv,follow_up,50.0,male,trunk,data/raw/HAM10000_images_part_1/ISIC_0027741.jpg,test,5,5,nv,nv,0.82163167,True,nv → nv,0.021926621,0.009590341,0.026774291,0.05553712,0.023480495,0.82163167,0.04105942
HAM_0000616,ISIC_0024750,nv,follow_up,50.0,male,trunk,data/raw/HAM10000_images_part_1/ISIC_0024750.jpg,test,5,5,nv,nv,0.770109,True,nv → nv,0.024123639,0.016054839,0.056523703,0.085316285,0.014271658,0.770109,0.03360086
HAM_0003588,ISIC_0025232,nv,follow_up,40.0,male,upper extremity,data/raw/HAM10000_images_part_1/ISIC_0025232.jpg,test,5,5,nv,nv,0.8585696,True,nv → nv,0.014309507,0.0079287,0.021253854,0.060133744,0.007843397,0.8585696,0.029961206
HAM_0003065,ISIC_0031879,nv,follow_up,85.0,male,back,data/raw/HAM10000_images_part_2/ISIC_0031879.jpg,test,5,5,nv,nv,0.87045664,True,nv → nv,0.012148944,0.0071316496,0.018397696,0.053430535,0.008662216,0.87045664,0.02977231
HAM_0006167,ISIC_0027845,nv,follow_up,50.0,female,foot,data/raw/HAM10000_images_part_1/ISIC_0027845.jpg,test,5,5,nv,nv,0.83372504,True,nv → nv,0.0065334467,0.007917589,0.012999886,0.07539065,0.0036532956,0.83372504,0.059780028
HAM_0003557,ISIC_0026973,nv,follow_up,75.0,male,trunk,data/raw/HAM10000_images_part_1/ISIC_0026973.jpg,test,5,5,nv,nv,0.904018,True,nv → nv,0.007913053,0.0045701903,0.010270948,0.045585465,0.0042969133,0.904018,0.023345372
HAM_0000056,ISIC_0025725,nv,follow_up,55.0,female,trunk,data/raw/HAM10000_images_part_1/ISIC_0025725.jpg,test,5,5,nv,nv,0.83829504,True,nv → nv,0.014162056,0.011599237,0.029378202,0.07100382,0.007721347,0.83829504,0.027840305
HAM_0005340,ISIC_0031830,nv,follow_up,55.0,female,abdomen,data/raw/HAM10000_images_part_2/ISIC_0031830.jpg,test,5,5,nv,nv,0.8265198,True,nv → nv,0.015518068,0.012926891,0.032134037,0.07819089,0.006835974,0.8265198,0.027874254
HAM_0004085,ISIC_0028471,nv,follow_up,55.0,female,abdomen,data/raw/HAM10000_images_part_1/ISIC_0028471.jpg,test,5,5,nv,nv,0.86884445,True,nv → nv,0.011110039,0.008128853,0.016937662,0.062115926,0.0047337557,0.86884445,0.028129386
HAM_0006504,ISIC_0031098,nv,follow_up,55.0,female,lower extremity,data/raw/HAM10000_images_part_2/ISIC_0031098.jpg,test,5,5,nv,nv,0.82244676,True,nv → nv,0.009519686,0.009997079,0.01811431,0.07873483,0.0059244265,0.82244676,0.055262864
HAM_0000155,ISIC_0032390,nv,follow_up,40.0,male,abdomen,data/raw/HAM10000_images_part_2/ISIC_0032390.jpg,test,5,5,nv,nv,0.84003216,True,nv → nv,0.01654027,0.00935584,0.026728652,0.063226074,0.011028822,0.84003216,0.03308825
HAM_0002963,ISIC_0032435,nv,follow_up,45.0,male,trunk,data/raw/HAM10000_images_part_2/ISIC_0032435.jpg,test,5,5,nv,nv,0.85042435,True,nv → nv,0.016853275,0.007498336,0.020800415,0.048118446,0.020996151,0.85042435,0.035308987
HAM_0001489,ISIC_0031765,nv,follow_up,50.0,female,foot,data/raw/HAM10000_images_part_2/ISIC_0031765.jpg,test,5,5,nv,nv,0.7194444,True,nv → nv,0.005745645,0.010093638,0.01427184,0.12063,0.0023702865,0.7194444,0.12744422
HAM_0001395,ISIC_0031818,nv,follow_up,50.0,female,foot,data/raw/HAM10000_images_part_2/ISIC_0031818.jpg,test,5,5,nv,nv,0.8191887,True,nv → nv,0.0069208685,0.008623179,0.016656535,0.085224114,0.0037652017,0.8191887,0.05962138
HAM_0006680,ISIC_0028458,nv,follow_up,40.0,female,back,data/raw/HAM10000_images_part_1/ISIC_0028458.jpg,test,5,5,nv,nv,0.78274876,True,nv → nv,0.010048047,0.013193198,0.02011311,0.0956705,0.005411899,0.78274876,0.07281452
HAM_0002594,ISIC_0031047,nv,follow_up,45.0,female,upper extremity,data/raw/HAM10000_images_part_2/ISIC_0031047.jpg,test,5,5,nv,nv,0.8840413,True,nv → nv,0.009570933,0.006430025,0.013915696,0.050047275,0.006387761,0.8840413,0.02960698
HAM_0004414,ISIC_0030576,nv,follow_up,45.0,female,lower extremity,data/raw/HAM10000_images_part_2/ISIC_0030576.jpg,test,5,5,nv,nv,0.89211434,True,nv → nv,0.009785978,0.005648346,0.0118362075,0.045753635,0.0068946816,0.89211434,0.027966876
HAM_0003272,ISIC_0027979,nv,follow_up,30.0,male,upper extremity,data/raw/HAM10000_images_part_1/ISIC_0027979.jpg,test,5,5,nv,nv,0.49752367,True,nv → nv,0.02010928,0.04395234,0.042216033,0.2228986,0.0065566236,0.49752367,0.16674352
HAM_0002036,ISIC_0025739,nv,follow_up,35.0,female,lower extremity,data/raw/HAM10000_images_part_1/ISIC_0025739.jpg,test,5,5,nv,nv,0.89624417,True,nv → nv,0.00889568,0.0045940788,0.013687384,0.049037572,0.0051175244,0.89624417,0.022423644
HAM_0000285,ISIC_0026925,nv,follow_up,50.0,male,upper extremity,data/raw/HAM10000_images_part_1/ISIC_0026925.jpg,test,5,5,nv,nv,0.90540755,True,nv → nv,0.007856361,0.0043345457,0.00890044,0.041458283,0.005249605,0.90540755,0.026793279
HAM_0003204,ISIC_0028564,nv,follow_up,45.0,female,back,data/raw/HAM10000_images_part_1/ISIC_0028564.jpg,test,5,5,nv,nv,0.73921335,True,nv → nv,0.030093431,0.027199533,0.05144778,0.08793696,0.020587577,0.73921335,0.043521326
HAM_0002267,ISIC_0026937,nv,follow_up,45.0,female,lower extremity,data/raw/HAM10000_images_part_1/ISIC_0026937.jpg,test,5,5,nv,nv,0.820552,True,nv → nv,0.012212227,0.013776714,0.019687481,0.08155916,0.0048858295,0.820552,0.047326565
HAM_0003075,ISIC_0028553,nv,follow_up,45.0,female,trunk,data/raw/HAM10000_images_part_1/ISIC_0028553.jpg,test,5,5,nv,nv,0.91487783,True,nv → nv,0.0058588427,0.0036834239,0.006940589,0.041403234,0.0029928763,0.91487783,0.024243275
HAM_0005577,ISIC_0028320,nv,follow_up,40.0,male,trunk,data/raw/HAM10000_images_part_1/ISIC_0028320.jpg,test,5,5,nv,nv,0.8683548,True,nv → nv,0.0056518284,0.005521694,0.010522345,0.06114865,0.0033676238,0.8683548,0.045433052
HAM_0005290,ISIC_0026703,nv,follow_up,65.0,male,trunk,data/raw/HAM10000_images_part_1/ISIC_0026703.jpg,test,5,5,nv,nv,0.92043245,True,nv → nv,0.006188662,0.003017396,0.006956812,0.037081163,0.0038503823,0.92043245,0.022473179
HAM_0003252,ISIC_0029977,nv,follow_up,45.0,female,lower extremity,data/raw/HAM10000_images_part_2/ISIC_0029977.jpg,test,5,5,nv,nv,0.9120855,True,nv → nv,0.0064748963,0.003998359,0.0074660475,0.0457912,0.0023977472,0.9120855,0.021786308
HAM_0000424,ISIC_0031328,nv,follow_up,45.0,female,lower extremity,data/raw/HAM10000_images_part_2/ISIC_0031328.jpg,test,5,5,nv,nv,0.8417942,True,nv → nv,0.014228718,0.009978032,0.029572288,0.07194454,0.006903603,0.8417942,0.025578668
HAM_0001375,ISIC_0026238,nv,follow_up,45.0,female,trunk,data/raw/HAM10000_images_part_1/ISIC_0026238.jpg,test,5,5,nv,nv,0.8322826,True,nv → nv,0.013145316,0.012496198,0.030422812,0.08165157,0.004987746,0.8322826,0.025013838
HAM_0002674,ISIC_0029646,nv,follow_up,20.0,female,back,data/raw/HAM10000_images_part_2/ISIC_0029646.jpg,test,5,5,nv,nv,0.82441396,True,nv → nv,0.017115772,0.012920315,0.021517241,0.06503451,0.01156311,0.82441396,0.047435205
HAM_0007084,ISIC_0025315,nv,follow_up,40.0,female,back,data/raw/HAM10000_images_part_1/ISIC_0025315.jpg,test,5,5,nv,nv,0.81666756,True,nv → nv,0.015438031,0.01374167,0.035685014,0.08549459,0.0057813334,0.81666756,0.027191894
HAM_0001063,ISIC_0027180,nv,follow_up,60.0,female,abdomen,data/raw/HAM10000_images_part_1/ISIC_0027180.jpg,test,5,5,nv,nv,0.88578546,True,nv → nv,0.010262848,0.0064828875,0.009967258,0.05391996,0.0040227277,0.88578546,0.029558918
HAM_0005630,ISIC_0025864,nv,follow_up,45.0,female,lower extremity,data/raw/HAM10000_images_part_1/ISIC_0025864.jpg,test,5,5,nv,nv,0.83434665,True,nv → nv,0.016974067,0.013587621,0.021058159,0.060394406,0.0139601035,0.83434665,0.039679
HAM_0002687,ISIC_0032037,nv,follow_up,60.0,female,back,data/raw/HAM10000_images_part_2/ISIC_0032037.jpg,test,5,5,nv,nv,0.86149424,True,nv → nv,0.011954869,0.008512675,0.023731833,0.063808315,0.0067826547,0.86149424,0.02371532
HAM_0001255,ISIC_0030948,nv,follow_up,50.0,female,trunk,data/raw/HAM10000_images_part_2/ISIC_0030948.jpg,test,5,5,nv,nv,0.80301934,True,nv → nv,0.017303186,0.016037136,0.030546615,0.069724225,0.01794291,0.80301934,0.045426637
HAM_0002543,ISIC_0025645,nv,follow_up,45.0,male,abdomen,data/raw/HAM10000_images_part_1/ISIC_0025645.jpg,test,5,5,nv,nv,0.8602278,True,nv → nv,0.01406533,0.008315788,0.018315952,0.058136854,0.008261959,0.8602278,0.032676216
HAM_0005043,ISIC_0025004,nv,follow_up,35.0,male,back,data/raw/HAM10000_images_part_1/ISIC_0025004.jpg,test,5,5,nv,nv,0.63209355,True,nv → nv,0.010568739,0.03368819,0.0185166,0.12061095,0.006066732,0.63209355,0.17845523
HAM_0001560,ISIC_0026181,nv,follow_up,35.0,female,back,data/raw/HAM10000_images_part_1/ISIC_0026181.jpg,test,5,5,nv,nv,0.9080925,True,nv → nv,0.0071586403,0.004275936,0.008783535,0.045659076,0.003130231,0.9080925,0.022900114
HAM_0007192,ISIC_0030558,nv,follow_up,35.0,female,upper extremity,data/raw/HAM10000_images_part_2/ISIC_0030558.jpg,test,5,5,nv,nv,0.9059344,True,nv → nv,0.007272656,0.0044545126,0.009068143,0.047437176,0.0030420364,0.9059344,0.022791145
HAM_0004661,ISIC_0026808,nv,follow_up,55.0,female,trunk,data/raw/HAM10000_images_part_1/ISIC_0026808.jpg,test,5,5,nv,nv,0.89738137,True,nv → nv,0.008785594,0.0050436584,0.0121872295,0.04912088,0.004801124,0.89738137,0.022680093
HAM_0006089,ISIC_0031316,nv,follow_up,45.0,male,upper extremity,data/raw/HAM10000_images_part_2/ISIC_0031316.jpg,test,5,5,nv,nv,0.84649277,True,nv → nv,0.008159198,0.007984747,0.013372382,0.069076434,0.00455108,0.84649277,0.050363377
HAM_0007561,ISIC_0031458,nv,follow_up,45.0,male,upper extremity,data/raw/HAM10000_images_part_2/ISIC_0031458.jpg,test,5,5,nv,nv,0.88031363,True,nv → nv,0.008958025,0.007003254,0.013258326,0.057287987,0.0044221785,0.88031363,0.028756658
HAM_0004433,ISIC_0029623,nv,follow_up,45.0,male,lower extremity,data/raw/HAM10000_images_part_2/ISIC_0029623.jpg,test,5,5,nv,nv,0.80023247,True,nv → nv,0.022169538,0.01230815,0.034138132,0.055763576,0.03520749,0.80023247,0.04018064
HAM_0005200,ISIC_0032393,nv,follow_up,70.0,male,trunk,data/raw/HAM10000_images_part_2/ISIC_0032393.jpg,test,5,5,nv,nv,0.84682953,True,nv → nv,0.013670257,0.010591024,0.024412045,0.06728881,0.0076491027,0.84682953,0.029559221
HAM_0005222,ISIC_0026636,nv,follow_up,70.0,male,back,data/raw/HAM10000_images_part_1/ISIC_0026636.jpg,test,5,5,nv,nv,0.8278785,True,nv → nv,0.015592796,0.012637515,0.033558156,0.07048003,0.010461327,0.8278785,0.029391691
HAM_0005943,ISIC_0032033,nv,follow_up,50.0,female,trunk,data/raw/HAM10000_images_part_2/ISIC_0032033.jpg,test,5,5,nv,nv,0.7864894,True,nv → nv,0.01898247,0.017485056,0.049825076,0.08672503,0.010415054,0.7864894,0.03007798
HAM_0005774,ISIC_0031137,nv,follow_up,50.0,female,lower extremity,data/raw/HAM10000_images_part_2/ISIC_0031137.jpg,test,5,5,nv,nv,0.87677115,True,nv → nv,0.010078398,0.006454641,0.016487094,0.060119253,0.0042475685,0.87677115,0.025841905
HAM_0002663,ISIC_0030720,nv,follow_up,35.0,female,trunk,data/raw/HAM10000_images_part_2/ISIC_0030720.jpg,test,5,5,nv,nv,0.85049057,True,nv → nv,0.010071147,0.009348052,0.02006242,0.0709416,0.005063437,0.85049057,0.034022726
HAM_0000098,ISIC_0029716,nv,follow_up,35.0,female,back,data/raw/HAM10000_images_part_2/ISIC_0029716.jpg,test,5,5,nv,nv,0.88407433,True,nv → nv,0.010403394,0.0066240123,0.015011285,0.05194192,0.0068960004,0.88407433,0.025049075
HAM_0000774,ISIC_0029707,nv,follow_up,55.0,female,lower extremity,data/raw/HAM10000_images_part_2/ISIC_0029707.jpg,test,5,5,nv,nv,0.8261062,True,nv → nv,0.008664308,0.00867648,0.01540348,0.076908536,0.0045392895,0.8261062,0.05970169
HAM_0006402,ISIC_0025602,nv,follow_up,40.0,female,lower extremity,data/raw/HAM10000_images_part_1/ISIC_0025602.jpg,test,5,5,nv,nv,0.78796846,True,nv → nv,0.006429316,0.008748148,0.014657417,0.09594473,0.0031936013,0.78796846,0.0830583
HAM_0006164,ISIC_0024385,nv,follow_up,40.0,female,lower extremity,data/raw/HAM10000_images_part_1/ISIC_0024385.jpg,test,5,5,nv,nv,0.70501107,True,nv → nv,0.008708606,0.015132834,0.01893649,0.13256703,0.003408541,0.70501107,0.11623549
HAM_0000656,ISIC_0027096,nv,follow_up,50.0,male,abdomen,data/raw/HAM10000_images_part_1/ISIC_0027096.jpg,test,5,5,nv,nv,0.83292407,True,nv → nv,0.005642202,0.006453397,0.011533111,0.07269294,0.0036629017,0.83292407,0.0670914
HAM_0006365,ISIC_0028296,nv,follow_up,80.0,male,lower extremity,data/raw/HAM10000_images_part_1/ISIC_0028296.jpg,test,5,5,nv,nv,0.81549627,True,nv → nv,0.016735489,0.011400521,0.040047273,0.06329333,0.01799571,0.81549627,0.0350314
HAM_0004580,ISIC_0030872,nv,follow_up,80.0,male,back,data/raw/HAM10000_images_part_2/ISIC_0030872.jpg,test,5,5,nv,nv,0.7816651,True,nv → nv,0.023428235,0.012782243,0.047263574,0.06017831,0.03358245,0.7816651,0.041100085
HAM_0007347,ISIC_0031054,nv,follow_up,25.0,female,trunk,data/raw/HAM10000_images_part_2/ISIC_0031054.jpg,test,5,5,nv,nv,0.8151912,True,nv → nv,0.013218571,0.013698402,0.023813825,0.086776316,0.0052973107,0.8151912,0.042004354
HAM_0000246,ISIC_0027079,nv,follow_up,25.0,female,upper extremity,data/raw/HAM10000_images_part_1/ISIC_0027079.jpg,test,5,5,nv,nv,0.8132543,True,nv → nv,0.018370355,0.015898187,0.030161632,0.07954226,0.008587204,0.8132543,0.034186132
HAM_0000011,ISIC_0024678,nv,follow_up,45.0,female,trunk,data/raw/HAM10000_images_part_1/ISIC_0024678.jpg,test,5,5,nv,nv,0.8419391,True,nv → nv,0.008761968,0.009030034,0.015705869,0.07033792,0.0051699854,0.8419391,0.0490552
HAM_0004541,ISIC_0028838,nv,follow_up,65.0,male,trunk,data/raw/HAM10000_images_part_1/ISIC_0028838.jpg,test,5,5,nv,nv,0.8737746,True,nv → nv,0.010375562,0.007496122,0.01358556,0.060656816,0.00406859,0.8737746,0.03004287
HAM_0001084,ISIC_0030946,nv,follow_up,65.0,male,trunk,data/raw/HAM10000_images_part_2/ISIC_0030946.jpg,test,5,5,nv,nv,0.8785696,True,nv → nv,0.01021375,0.006854703,0.014600853,0.0587146,0.004231367,0.8785696,0.026815187
HAM_0002805,ISIC_0031722,nv,follow_up,50.0,male,trunk,data/raw/HAM10000_images_part_2/ISIC_0031722.jpg,test,5,5,nv,nv,0.86809707,True,nv → nv,0.0132290805,0.006940433,0.014846808,0.057232168,0.0062158094,0.86809707,0.03343859
HAM_0002637,ISIC_0029376,nv,follow_up,30.0,male,upper extremity,data/raw/HAM10000_images_part_2/ISIC_0029376.jpg,test,5,5,nv,nv,0.9012399,True,nv → nv,0.0076588984,0.0051761847,0.009400699,0.05091726,0.0029060196,0.9012399,0.022701045
HAM_0002570,ISIC_0029952,nv,follow_up,30.0,male,trunk,data/raw/HAM10000_images_part_2/ISIC_0029952.jpg,test,5,5,nv,nv,0.8945216,True,nv → nv,0.008512189,0.005157075,0.0139379855,0.053674467,0.003954204,0.8945216,0.020242434
HAM_0006247,ISIC_0031393,nv,follow_up,50.0,female,upper extremity,data/raw/HAM10000_images_part_2/ISIC_0031393.jpg,test,5,5,nv,nv,0.84259254,True,nv → nv,0.008066709,0.008519777,0.014208522,0.071576215,0.0045835716,0.84259254,0.050452657
HAM_0007407,ISIC_0026161,nv,follow_up,50.0,female,trunk,data/raw/HAM10000_images_part_1/ISIC_0026161.jpg,test,5,5,nv,nv,0.89236885,True,nv → nv,0.00903402,0.0061517013,0.010810697,0.051018782,0.0042337803,0.89236885,0.026382271
HAM_0003889,ISIC_0026005,nv,follow_up,45.0,male,back,data/raw/HAM10000_images_part_1/ISIC_0026005.jpg,test,5,5,nv,nv,0.89649683,True,nv → nv,0.008163237,0.0054675466,0.009797505,0.049278792,0.0038502654,0.89649683,0.02694575
HAM_0002065,ISIC_0028776,nv,follow_up,55.0,male,lower extremity,data/raw/HAM10000_images_part_1/ISIC_0028776.jpg,test,5,5,nv,nv,0.85277146,True,nv → nv,0.009335315,0.009046549,0.013939498,0.068778574,0.003889941,0.85277146,0.042238746
HAM_0003528,ISIC_0028575,nv,follow_up,55.0,male,trunk,data/raw/HAM10000_images_part_1/ISIC_0028575.jpg,test,5,5,nv,nv,0.8982339,True,nv → nv,0.007604289,0.0054292255,0.008713817,0.049479496,0.0031699273,0.8982339,0.02736936
HAM_0006059,ISIC_0028089,nv,follow_up,55.0,male,back,data/raw/HAM10000_images_part_1/ISIC_0028089.jpg,test,5,5,nv,nv,0.8990237,True,nv → nv,0.008607398,0.0047626565,0.009178672,0.050260022,0.0030939889,0.8990237,0.025073543
HAM_0001602,ISIC_0032458,nv,follow_up,55.0,male,trunk,data/raw/HAM10000_images_part_2/ISIC_0032458.jpg,test,5,5,nv,nv,0.8315641,True,nv → nv,0.008393038,0.010212311,0.0146071445,0.076128565,0.0039262744,0.8315641,0.0551685
HAM_0005618,ISIC_0027280,nv,follow_up,40.0,male,foot,data/raw/HAM10000_images_part_1/ISIC_0027280.jpg,test,5,5,nv,nv,0.84400517,True,nv → nv,0.005242819,0.0059809387,0.011968255,0.07384384,0.002817477,0.84400517,0.056141518
HAM_0004110,ISIC_0030195,nv,follow_up,35.0,female,lower extremity,data/raw/HAM10000_images_part_2/ISIC_0030195.jpg,test,5,5,nv,nv,0.88208574,True,nv → nv,0.010001442,0.00711465,0.013773943,0.057064492,0.00430868,0.88208574,0.025651034
HAM_0004132,ISIC_0025801,nv,follow_up,50.0,female,abdomen,data/raw/HAM10000_images_part_1/ISIC_0025801.jpg,test,5,5,nv,nv,0.8904072,True,nv → nv,0.008040596,0.0058438,0.013322573,0.055015665,0.0036562923,0.8904072,0.0237139
HAM_0004837,ISIC_0030735,nv,follow_up,50.0,female,lower extremity,data/raw/HAM10000_images_part_2/ISIC_0030735.jpg,test,5,5,nv,nv,0.919497,True,nv → nv,0.005599868,0.0031934637,0.0069413693,0.03807783,0.0035358705,0.919497,0.023154508
HAM_0002439,ISIC_0031083,nv,follow_up,65.0,female,abdomen,data/raw/HAM10000_images_part_2/ISIC_0031083.jpg,test,5,5,nv,nv,0.7693932,True,nv → nv,0.005753974,0.008957836,0.013426801,0.09871561,0.0030444674,0.7693932,0.10070812
HAM_0004904,ISIC_0032381,nv,follow_up,55.0,male,lower extremity,data/raw/HAM10000_images_part_2/ISIC_0032381.jpg,test,5,5,nv,nv,0.868706,True,nv → nv,0.011978341,0.006760084,0.021969793,0.05613183,0.008017615,0.868706,0.026436301
HAM_0000543,ISIC_0030776,nv,follow_up,50.0,male,back,data/raw/HAM10000_images_part_2/ISIC_0030776.jpg,test,5,5,nv,nv,0.9054247,True,nv → nv,0.008665409,0.0036954924,0.010060773,0.03872313,0.0074797547,0.9054247,0.02595073
HAM_0001146,ISIC_0032480,nv,follow_up,75.0,male,trunk,data/raw/HAM10000_images_part_2/ISIC_0032480.jpg,test,5,5,nv,nv,0.7217222,True,nv → nv,0.028287105,0.017052867,0.05147385,0.05598432,0.07323013,0.7217222,0.05224958
HAM_0000862,ISIC_0030724,nv,follow_up,50.0,male,back,data/raw/HAM10000_images_part_2/ISIC_0030724.jpg,test,5,5,nv,nv,0.56319773,True,nv → nv,0.032692928,0.089938104,0.04523699,0.14862761,0.016234579,0.56319773,0.10407213
HAM_0001080,ISIC_0028762,nv,follow_up,35.0,female,back,data/raw/HAM10000_images_part_1/ISIC_0028762.jpg,test,5,5,nv,nv,0.85142297,True,nv → nv,0.009007805,0.0082601,0.018597288,0.06871101,0.0056436076,0.85142297,0.03835719
HAM_0003407,ISIC_0026971,nv,follow_up,35.0,female,trunk,data/raw/HAM10000_images_part_1/ISIC_0026971.jpg,test,5,5,nv,nv,0.89511013,True,nv → nv,0.00839177,0.0053281873,0.012876635,0.051990375,0.0040831263,0.89511013,0.022219833
HAM_0007034,ISIC_0029529,nv,follow_up,40.0,male,trunk,data/raw/HAM10000_images_part_2/ISIC_0029529.jpg,test,5,5,nv,nv,0.87963665,True,nv → nv,0.010598408,0.007107106,0.015137165,0.04848639,0.009448727,0.87963665,0.029585583
HAM_0005667,ISIC_0032394,nv,follow_up,40.0,male,back,data/raw/HAM10000_images_part_2/ISIC_0032394.jpg,test,5,5,nv,nv,0.88656116,True,nv → nv,0.010642178,0.0058604646,0.013707403,0.047171716,0.0079891505,0.88656116,0.028067939
HAM_0000051,ISIC_0026342,nv,follow_up,45.0,male,abdomen,data/raw/HAM10000_images_part_1/ISIC_0026342.jpg,test,5,5,nv,nv,0.87079203,True,nv → nv,0.012311966,0.006972823,0.01627439,0.05593446,0.0076281168,0.87079203,0.030086277
HAM_0001677,ISIC_0028191,nv,follow_up,35.0,female,upper extremity,data/raw/HAM10000_images_part_1/ISIC_0028191.jpg,test,5,5,nv,nv,0.890404,True,nv → nv,0.00851932,0.0063116513,0.011347957,0.055619314,0.0031105252,0.890404,0.024687309
HAM_0001581,ISIC_0027288,nv,follow_up,35.0,female,upper extremity,data/raw/HAM10000_images_part_1/ISIC_0027288.jpg,test,5,5,nv,nv,0.8825068,True,nv → nv,0.0091916565,0.006959645,0.013964583,0.05891306,0.0035856597,0.8825068,0.024878625
HAM_0007103,ISIC_0026271,nv,follow_up,65.0,female,abdomen,data/raw/HAM10000_images_part_1/ISIC_0026271.jpg,test,5,5,nv,nv,0.81040186,True,nv → nv,0.0068815406,0.008473199,0.015582917,0.0888677,0.003410408,0.81040186,0.06638233
HAM_0007042,ISIC_0024754,nv,follow_up,30.0,male,back,data/raw/HAM10000_images_part_1/ISIC_0024754.jpg,test,5,5,nv,nv,0.8367887,True,nv → nv,0.015782803,0.01059189,0.02542039,0.07190018,0.0073074214,0.8367887,0.03220856
HAM_0006072,ISIC_0027168,nv,follow_up,30.0,male,back,data/raw/HAM10000_images_part_1/ISIC_0027168.jpg,test,5,5,nv,nv,0.8580662,True,nv → nv,0.0131129585,0.00842401,0.024601815,0.062419422,0.007719175,0.8580662,0.025656411
HAM_0006784,ISIC_0025486,nv,follow_up,50.0,female,trunk,data/raw/HAM10000_images_part_1/ISIC_0025486.jpg,test,5,5,nv,nv,0.8663517,True,nv → nv,0.009275719,0.007950901,0.014037393,0.060246725,0.0052083493,0.8663517,0.0369292
HAM_0005089,ISIC_0025673,nv,follow_up,45.0,male,upper extremity,data/raw/HAM10000_images_part_1/ISIC_0025673.jpg,test,5,5,nv,nv,0.79666734,True,nv → nv,0.013397531,0.014602089,0.029295156,0.08906153,0.0077623087,0.79666734,0.049214095
HAM_0005138,ISIC_0027207,nv,follow_up,45.0,female,trunk,data/raw/HAM10000_images_part_1/ISIC_0027207.jpg,test,5,5,nv,nv,0.8966368,True,nv → nv,0.007927392,0.0050652777,0.010510229,0.049195215,0.0039660763,0.8966368,0.026699077
HAM_0006495,ISIC_0025215,nv,follow_up,45.0,female,trunk,data/raw/HAM10000_images_part_1/ISIC_0025215.jpg,test,5,5,nv,nv,0.8130277,True,nv → nv,0.013290266,0.012795576,0.0235603,0.08046488,0.0076170876,0.8130277,0.04924417
HAM_0001787,ISIC_0029700,nv,follow_up,45.0,female,lower extremity,data/raw/HAM10000_images_part_2/ISIC_0029700.jpg,test,5,5,nv,nv,0.8620062,True,nv → nv,0.005252084,0.005052294,0.008762917,0.06174878,0.0028556068,0.8620062,0.05432214
HAM_0004374,ISIC_0030651,nv,follow_up,35.0,male,back,data/raw/HAM10000_images_part_2/ISIC_0030651.jpg,test,5,5,nv,nv,0.8441776,True,nv → nv,0.0133737745,0.009958137,0.028305499,0.073609695,0.0057259453,0.8441776,0.024849257
HAM_0001760,ISIC_0024389,nv,follow_up,45.0,male,lower extremity,data/raw/HAM10000_images_part_1/ISIC_0024389.jpg,test,5,5,nv,nv,0.67733634,True,nv → nv,0.009284473,0.01639201,0.022333385,0.13379097,0.0051926216,0.67733634,0.13567021
HAM_0002695,ISIC_0028664,nv,follow_up,45.0,male,back,data/raw/HAM10000_images_part_1/ISIC_0028664.jpg,test,5,5,nv,nv,0.8945036,True,nv → nv,0.009096095,0.0057052504,0.010971781,0.050945435,0.0040366407,0.8945036,0.024741223
HAM_0002212,ISIC_0029988,nv,follow_up,40.0,male,back,data/raw/HAM10000_images_part_2/ISIC_0029988.jpg,test,5,5,nv,nv,0.79551834,True,nv → nv,0.022428285,0.012232212,0.03453771,0.05582304,0.032808412,0.79551834,0.046651963
HAM_0001003,ISIC_0028629,nv,follow_up,70.0,male,back,data/raw/HAM10000_images_part_1/ISIC_0028629.jpg,test,5,5,nv,nv,0.84090024,True,nv → nv,0.007429678,0.0072029037,0.013773366,0.07075821,0.0044715465,0.84090024,0.05546403
HAM_0002485,ISIC_0028351,nv,follow_up,35.0,male,upper extremity,data/raw/HAM10000_images_part_1/ISIC_0028351.jpg,test,5,5,nv,nv,0.7652125,True,nv → nv,0.023478232,0.021111395,0.05321084,0.08186917,0.019904872,0.7652125,0.035212994
HAM_0006745,ISIC_0026363,nv,follow_up,35.0,male,back,data/raw/HAM10000_images_part_1/ISIC_0026363.jpg,test,5,5,nv,nv,0.86443645,True,nv → nv,0.011840554,0.008542632,0.016246205,0.06419227,0.0045234626,0.86443645,0.030218504
HAM_0004355,ISIC_0030934,nv,follow_up,40.0,female,trunk,data/raw/HAM10000_images_part_2/ISIC_0030934.jpg,test,5,5,nv,nv,0.85922635,True,nv → nv,0.010060702,0.009513117,0.015151233,0.0667711,0.004187367,0.85922635,0.03509008
HAM_0007041,ISIC_0027341,nv,follow_up,25.0,male,lower extremity,data/raw/HAM10000_images_part_1/ISIC_0027341.jpg,test,5,5,nv,nv,0.89772487,True,nv → nv,0.0054416154,0.004110942,0.007970486,0.048125524,0.003134482,0.89772487,0.033492073
HAM_0004562,ISIC_0031387,nv,follow_up,45.0,male,abdomen,data/raw/HAM10000_images_part_2/ISIC_0031387.jpg,test,5,5,nv,nv,0.90059745,True,nv → nv,0.008459321,0.0045403605,0.009047097,0.043582745,0.005007534,0.90059745,0.02876555
HAM_0001075,ISIC_0028743,nv,follow_up,30.0,female,back,data/raw/HAM10000_images_part_1/ISIC_0028743.jpg,test,5,5,nv,nv,0.85325974,True,nv → nv,0.005440874,0.005467907,0.01133174,0.06440512,0.00398754,0.85325974,0.05610716
HAM_0007501,ISIC_0030780,nv,follow_up,45.0,male,trunk,data/raw/HAM10000_images_part_2/ISIC_0030780.jpg,test,5,5,nv,nv,0.87740934,True,nv → nv,0.010450557,0.0065403935,0.015946956,0.05526049,0.005732588,0.87740934,0.028659621
HAM_0002500,ISIC_0028169,nv,follow_up,45.0,male,back,data/raw/HAM10000_images_part_1/ISIC_0028169.jpg,test,5,5,nv,nv,0.9094498,True,nv → nv,0.0075299563,0.0042106723,0.0091812285,0.042609263,0.004565242,0.9094498,0.022453783
HAM_0006672,ISIC_0029096,nv,follow_up,30.0,female,trunk,data/raw/HAM10000_images_part_1/ISIC_0029096.jpg,test,5,5,nv,nv,0.9120287,True,nv → nv,0.0063249487,0.0038117813,0.008006976,0.041784983,0.0037855136,0.9120287,0.024257137
HAM_0006995,ISIC_0025115,nv,follow_up,30.0,male,upper extremity,data/raw/HAM10000_images_part_1/ISIC_0025115.jpg,test,5,5,nv,nv,0.73031056,True,nv → nv,0.020230018,0.014988479,0.10487808,0.07986226,0.024583487,0.73031056,0.025147151
HAM_0002682,ISIC_0024478,nv,follow_up,45.0,female,trunk,data/raw/HAM10000_images_part_1/ISIC_0024478.jpg,test,5,5,nv,nv,0.7796078,True,nv → nv,0.011989292,0.0147440545,0.02147806,0.0935724,0.0071442886,0.7796078,0.07146409
HAM_0003413,ISIC_0030969,nv,follow_up,40.0,male,upper extremity,data/raw/HAM10000_images_part_2/ISIC_0030969.jpg,test,5,5,nv,nv,0.85319394,True,nv → nv,0.011948221,0.009121519,0.026538046,0.061927088,0.009244853,0.85319394,0.0280263
HAM_0006688,ISIC_0030699,nv,follow_up,50.0,male,abdomen,data/raw/HAM10000_images_part_2/ISIC_0030699.jpg,test,5,5,nv,nv,0.8387309,True,nv → nv,0.016866866,0.010883799,0.025114618,0.07064546,0.008664806,0.8387309,0.029093567
HAM_0003242,ISIC_0031242,nv,follow_up,40.0,female,lower extremity,data/raw/HAM10000_images_part_2/ISIC_0031242.jpg,test,5,5,nv,nv,0.8647094,True,nv → nv,0.008695603,0.008776567,0.012298604,0.05367431,0.006883805,0.8647094,0.04496177
HAM_0001867,ISIC_0030136,nv,follow_up,55.0,female,back,data/raw/HAM10000_images_part_2/ISIC_0030136.jpg,test,5,5,nv,nv,0.7688956,True,nv → nv,0.016323699,0.025226979,0.029375033,0.06391143,0.03087279,0.7688956,0.06539451
HAM_0005152,ISIC_0030112,nv,follow_up,40.0,male,abdomen,data/raw/HAM10000_images_part_2/ISIC_0030112.jpg,test,5,5,nv,nv,0.91046417,True,nv → nv,0.0073987287,0.0040841796,0.0094138,0.042988192,0.004429954,0.91046417,0.021221029
HAM_0002422,ISIC_0031566,nv,follow_up,60.0,male,lower extremity,data/raw/HAM10000_images_part_2/ISIC_0031566.jpg,test,5,5,nv,nv,0.59286207,True,nv → nv,0.06365415,0.060420938,0.071879305,0.114493385,0.03149099,0.59286207,0.06519915
HAM_0000355,ISIC_0027842,nv,follow_up,30.0,male,abdomen,data/raw/HAM10000_images_part_1/ISIC_0027842.jpg,test,5,5,nv,nv,0.8836946,True,nv → nv,0.010052371,0.005961748,0.015500805,0.04820061,0.008433604,0.8836946,0.028156321
HAM_0006485,ISIC_0024423,nv,follow_up,40.0,male,trunk,data/raw/HAM10000_images_part_1/ISIC_0024423.jpg,test,5,5,nv,nv,0.8499485,True,nv → nv,0.013845617,0.011375736,0.017591601,0.060722087,0.0086268755,0.8499485,0.037889473
HAM_0000660,ISIC_0028953,nv,follow_up,40.0,male,abdomen,data/raw/HAM10000_images_part_1/ISIC_0028953.jpg,test,5,5,nv,nv,0.8678593,True,nv → nv,0.013121584,0.007606212,0.016985025,0.05220112,0.009859301,0.8678593,0.032367542
HAM_0007061,ISIC_0031433,nv,follow_up,50.0,male,abdomen,data/raw/HAM10000_images_part_2/ISIC_0031433.jpg,test,5,5,nv,nv,0.8767157,True,nv → nv,0.010945515,0.0064800377,0.014863152,0.057965707,0.0049641407,0.8767157,0.028065763
HAM_0004770,ISIC_0032495,nv,follow_up,50.0,male,lower extremity,data/raw/HAM10000_images_part_2/ISIC_0032495.jpg,test,5,5,nv,nv,0.897714,True,nv → nv,0.008079155,0.0047533605,0.008415945,0.05026539,0.0028795968,0.897714,0.027892513
HAM_0003956,ISIC_0030190,nv,follow_up,55.0,female,upper extremity,data/raw/HAM10000_images_part_2/ISIC_0030190.jpg,test,5,5,nv,nv,0.7347313,True,nv → nv,0.021829939,0.025113555,0.04510116,0.11496999,0.010446945,0.7347313,0.047807142
HAM_0006677,ISIC_0025426,nv,follow_up,60.0,male,trunk,data/raw/HAM10000_images_part_1/ISIC_0025426.jpg,test,5,5,nv,nv,0.87404895,True,nv → nv,0.010672047,0.0077143223,0.01694834,0.05902515,0.0053667487,0.87404895,0.026224462
HAM_0006427,ISIC_0028704,nv,follow_up,60.0,male,upper extremity,data/raw/HAM10000_images_part_1/ISIC_0028704.jpg,test,5,5,nv,nv,0.8593941,True,nv → nv,0.011684687,0.010374598,0.016928364,0.06684273,0.004652031,0.8593941,0.03012357
HAM_0001222,ISIC_0029916,nv,follow_up,60.0,male,back,data/raw/HAM10000_images_part_2/ISIC_0029916.jpg,test,5,5,nv,nv,0.86883956,True,nv → nv,0.00896546,0.0072753527,0.013013807,0.06262754,0.0038995782,0.86883956,0.035378747
HAM_0003581,ISIC_0030051,nv,follow_up,40.0,male,trunk,data/raw/HAM10000_images_part_2/ISIC_0030051.jpg,test,5,5,nv,nv,0.8966868,True,nv → nv,0.0094841635,0.0049264277,0.010396164,0.041776292,0.007487048,0.8966868,0.029243197
HAM_0003285,ISIC_0029907,nv,follow_up,30.0,female,back,data/raw/HAM10000_images_part_2/ISIC_0029907.jpg,test,5,5,nv,nv,0.85834473,True,nv → nv,0.0054137805,0.0056902994,0.01022734,0.062271688,0.0037361623,0.85834473,0.054316055
HAM_0005358,ISIC_0026982,nv,follow_up,50.0,male,lower extremity,data/raw/HAM10000_images_part_1/ISIC_0026982.jpg,test,5,5,nv,nv,0.8975063,True,nv → nv,0.007059234,0.004964147,0.010712981,0.048956975,0.003971263,0.8975063,0.026829055
HAM_0001714,ISIC_0032354,nv,follow_up,30.0,female,trunk,data/raw/HAM10000_images_part_2/ISIC_0032354.jpg,test,5,5,nv,nv,0.67035604,True,nv → nv,0.0074536693,0.014720568,0.016305901,0.12385762,0.00383813,0.67035604,0.16346805
HAM_0004557,ISIC_0032465,nv,follow_up,30.0,female,trunk,data/raw/HAM10000_images_part_2/ISIC_0032465.jpg,test,5,5,nv,nv,0.80895114,True,nv → nv,0.0070750676,0.009850033,0.014119745,0.0888498,0.0029855531,0.80895114,0.06816867
HAM_0002415,ISIC_0026121,nv,follow_up,30.0,female,trunk,data/raw/HAM10000_images_part_1/ISIC_0026121.jpg,test,5,5,nv,nv,0.7629854,True,nv → nv,0.006286114,0.009648489,0.013573707,0.10045498,0.0031997326,0.7629854,0.10385159
HAM_0002678,ISIC_0030739,nv,follow_up,30.0,female,trunk,data/raw/HAM10000_images_part_2/ISIC_0030739.jpg,test,5,5,nv,nv,0.8284499,True,nv → nv,0.0072158207,0.008187345,0.013876352,0.081534095,0.0030930026,0.8284499,0.057643484
HAM_0006571,ISIC_0025418,nv,follow_up,30.0,female,upper extremity,data/raw/HAM10000_images_part_1/ISIC_0025418.jpg,test,5,5,nv,nv,0.8631393,True,nv → nv,0.0126896845,0.009465713,0.015924698,0.06374087,0.0055548716,0.8631393,0.029484836
HAM_0003116,ISIC_0030453,nv,follow_up,30.0,female,lower extremity,data/raw/HAM10000_images_part_2/ISIC_0030453.jpg,test,5,5,nv,nv,0.775009,True,nv → nv,0.004557344,0.0071330545,0.010660455,0.09111655,0.0027202065,0.775009,0.10880346
HAM_0006023,ISIC_0025002,nv,follow_up,35.0,male,trunk,data/raw/HAM10000_images_part_1/ISIC_0025002.jpg,test,5,5,nv,nv,0.88386977,True,nv → nv,0.0104403505,0.0060627903,0.01588395,0.054848358,0.005683641,0.88386977,0.023211176
HAM_0003953,ISIC_0027158,nv,follow_up,45.0,male,back,data/raw/HAM10000_images_part_1/ISIC_0027158.jpg,test,5,5,nv,nv,0.88539916,True,nv → nv,0.0077020237,0.0056862477,0.011593907,0.05588234,0.0035597275,0.88539916,0.030176628
HAM_0003442,ISIC_0027929,nv,follow_up,45.0,male,back,data/raw/HAM10000_images_part_1/ISIC_0027929.jpg,test,5,5,nv,nv,0.88633543,True,nv → nv,0.009192089,0.0059795384,0.013957817,0.052915066,0.0048382604,0.88633543,0.0267818
HAM_0003554,ISIC_0027494,nv,follow_up,45.0,male,trunk,data/raw/HAM10000_images_part_1/ISIC_0027494.jpg,test,5,5,nv,nv,0.8338682,True,nv → nv,0.00600134,0.0068456195,0.012493424,0.0738125,0.003769016,0.8338682,0.06320991
HAM_0004484,ISIC_0025124,nv,follow_up,45.0,male,trunk,data/raw/HAM10000_images_part_1/ISIC_0025124.jpg,test,5,5,nv,nv,0.8246822,True,nv → nv,0.0069768974,0.007970448,0.015552346,0.0855019,0.003047276,0.8246822,0.056268975
HAM_0003705,ISIC_0025263,nv,follow_up,50.0,male,trunk,data/raw/HAM10000_images_part_1/ISIC_0025263.jpg,test,5,5,nv,nv,0.8330585,True,nv → nv,0.010982039,0.010270768,0.025649974,0.07587844,0.0067301,0.8330585,0.03743017
HAM_0004477,ISIC_0026646,nv,follow_up,50.0,male,trunk,data/raw/HAM10000_images_part_1/ISIC_0026646.jpg,test,5,5,nv,nv,0.76723677,True,nv → nv,0.022053482,0.014597808,0.062370047,0.069156885,0.027943145,0.76723677,0.036641873
HAM_0003510,ISIC_0031507,nv,follow_up,65.0,male,trunk,data/raw/HAM10000_images_part_2/ISIC_0031507.jpg,test,5,5,nv,nv,0.79335904,True,nv → nv,0.017638978,0.015940795,0.051222976,0.07714201,0.014420375,0.79335904,0.030275911
HAM_0004804,ISIC_0030497,nv,follow_up,25.0,female,back,data/raw/HAM10000_images_part_2/ISIC_0030497.jpg,test,5,5,nv,nv,0.8615794,True,nv → nv,0.0136590125,0.0075836047,0.019893646,0.055359233,0.010295679,0.8615794,0.03162946
HAM_0003498,ISIC_0024609,nv,follow_up,40.0,male,trunk,data/raw/HAM10000_images_part_1/ISIC_0024609.jpg,test,5,5,nv,nv,0.86768496,True,nv → nv,0.01131654,0.008171078,0.018752333,0.06465806,0.004860086,0.86768496,0.024556953
HAM_0004486,ISIC_0031448,nv,follow_up,45.0,male,upper extremity,data/raw/HAM10000_images_part_2/ISIC_0031448.jpg,test,5,5,nv,nv,0.7422589,True,nv → nv,0.021376668,0.017366111,0.08172252,0.073799826,0.03100706,0.7422589,0.032468926
HAM_0007314,ISIC_0031152,nv,follow_up,40.0,female,trunk,data/raw/HAM10000_images_part_2/ISIC_0031152.jpg,test,5,5,nv,nv,0.77586097,True,nv → nv,0.0057681696,0.008711999,0.013863107,0.09505689,0.0033968731,0.77586097,0.09734191
HAM_0005414,ISIC_0027054,nv,follow_up,40.0,female,trunk,data/raw/HAM10000_images_part_1/ISIC_0027054.jpg,test,5,5,nv,nv,0.82680285,True,nv → nv,0.0057831137,0.0070919367,0.012396089,0.07788267,0.0033806,0.82680285,0.066662654
HAM_0000864,ISIC_0028716,nv,follow_up,40.0,female,abdomen,data/raw/HAM10000_images_part_1/ISIC_0028716.jpg,test,5,5,nv,nv,0.8881113,True,nv → nv,0.010263815,0.0052752933,0.011223732,0.047721814,0.005728783,0.8881113,0.031675283
HAM_0007064,ISIC_0032282,nv,follow_up,40.0,female,back,data/raw/HAM10000_images_part_2/ISIC_0032282.jpg,test,5,5,nv,nv,0.8487719,True,nv → nv,0.006963295,0.006774454,0.012351643,0.07302387,0.0028692463,0.8487719,0.049245525
HAM_0003494,ISIC_0031347,nv,follow_up,40.0,female,back,data/raw/HAM10000_images_part_2/ISIC_0031347.jpg,test,5,5,nv,nv,0.84401107,True,nv → nv,0.014693571,0.009540649,0.018768737,0.047044985,0.021757493,0.84401107,0.044183504
HAM_0002690,ISIC_0028828,nv,follow_up,70.0,male,trunk,data/raw/HAM10000_images_part_1/ISIC_0028828.jpg,test,5,5,nv,nv,0.8952187,True,nv → nv,0.009349348,0.0054469635,0.01150024,0.046753477,0.0061343736,0.8952187,0.025596898
HAM_0001844,ISIC_0026736,nv,follow_up,70.0,male,abdomen,data/raw/HAM10000_images_part_1/ISIC_0026736.jpg,test,5,5,nv,nv,0.90308845,True,nv → nv,0.0081194015,0.004966543,0.0090076,0.044232316,0.0046632867,0.90308845,0.02592235
HAM_0002273,ISIC_0026772,nv,follow_up,70.0,male,lower extremity,data/raw/HAM10000_images_part_1/ISIC_0026772.jpg,test,5,5,nv,nv,0.8480463,True,nv → nv,0.008170641,0.008319243,0.013770993,0.071841806,0.003799304,0.8480463,0.04605169
HAM_0002081,ISIC_0029120,nv,follow_up,70.0,male,trunk,data/raw/HAM10000_images_part_1/ISIC_0029120.jpg,test,5,5,nv,nv,0.8509246,True,nv → nv,0.01497393,0.008604674,0.021920862,0.053718884,0.014504354,0.8509246,0.035352692
HAM_0004251,ISIC_0026673,nv,follow_up,70.0,male,trunk,data/raw/HAM10000_images_part_1/ISIC_0026673.jpg,test,5,5,nv,nv,0.90524346,True,nv → nv,0.0083087515,0.004264932,0.010518377,0.042279527,0.0059057153,0.90524346,0.02347927
HAM_0005216,ISIC_0032161,nv,follow_up,70.0,male,back,data/raw/HAM10000_images_part_2/ISIC_0032161.jpg,test,5,5,nv,nv,0.8648921,True,nv → nv,0.008549536,0.0067586256,0.013353981,0.06149654,0.0048252274,0.8648921,0.040123954
HAM_0005741,ISIC_0027222,nv,follow_up,40.0,male,trunk,data/raw/HAM10000_images_part_1/ISIC_0027222.jpg,test,5,5,nv,nv,0.83923125,True,nv → nv,0.008697458,0.009161805,0.01754094,0.07860348,0.0037923302,0.83923125,0.042972807
HAM_0006515,ISIC_0025828,nv,follow_up,40.0,female,abdomen,data/raw/HAM10000_images_part_1/ISIC_0025828.jpg,test,5,5,nv,nv,0.8749569,True,nv → nv,0.009622653,0.006503557,0.013133831,0.057288665,0.004816358,0.8749569,0.033678055
HAM_0003844,ISIC_0027169,nv,follow_up,50.0,male,back,data/raw/HAM10000_images_part_1/ISIC_0027169.jpg,test,5,5,nv,nv,0.8561997,True,nv → nv,0.012200053,0.010082909,0.020491483,0.06770649,0.0053271684,0.8561997,0.027992124
HAM_0005734,ISIC_0025048,nv,follow_up,50.0,male,trunk,data/raw/HAM10000_images_part_1/ISIC_0025048.jpg,test,5,5,nv,nv,0.89943177,True,nv → nv,0.008057154,0.005316515,0.009704062,0.050240494,0.003366331,0.89943177,0.023883717
HAM_0007156,ISIC_0025893,nv,follow_up,45.0,male,lower extremity,data/raw/HAM10000_images_part_1/ISIC_0025893.jpg,test,5,5,nv,nv,0.86593646,True,nv → nv,0.0118801305,0.00937817,0.015830364,0.06446792,0.0044810283,0.86593646,0.02802588
HAM_0007322,ISIC_0030205,nv,follow_up,35.0,female,trunk,data/raw/HAM10000_images_part_2/ISIC_0030205.jpg,test,5,5,nv,nv,0.76849926,True,nv → nv,0.026727725,0.014287699,0.03524112,0.057538535,0.046884872,0.76849926,0.050820835
HAM_0002516,ISIC_0028315,nv,follow_up,35.0,female,lower extremity,data/raw/HAM10000_images_part_1/ISIC_0028315.jpg,test,5,5,nv,nv,0.8462689,True,nv → nv,0.006886918,0.007254492,0.012054822,0.067115195,0.0044116704,0.8462689,0.05600811
HAM_0007071,ISIC_0030449,nv,follow_up,35.0,female,trunk,data/raw/HAM10000_images_part_2/ISIC_0030449.jpg,test,5,5,nv,nv,0.9091186,True,nv → nv,0.006755038,0.0041361833,0.007870857,0.046288867,0.0026572137,0.9091186,0.023173222
HAM_0000503,ISIC_0029236,nv,follow_up,65.0,female,abdomen,data/raw/HAM10000_images_part_1/ISIC_0029236.jpg,test,5,5,nv,nv,0.8676742,True,nv → nv,0.012220807,0.0081736185,0.016879123,0.059615176,0.0061192852,0.8676742,0.029317772
HAM_0003061,ISIC_0032262,nv,follow_up,65.0,female,upper extremity,data/raw/HAM10000_images_part_2/ISIC_0032262.jpg,test,5,5,nv,nv,0.8702722,True,nv → nv,0.011088433,0.0077208686,0.02011103,0.059744887,0.0060002035,0.8702722,0.025062356
HAM_0003247,ISIC_0026707,nv,follow_up,40.0,female,abdomen,data/raw/HAM10000_images_part_1/ISIC_0026707.jpg,test,5,5,nv,nv,0.8852993,True,nv → nv,0.0076409406,0.0055049323,0.014301106,0.05491384,0.0044913245,0.8852993,0.027848518
HAM_0003618,ISIC_0028234,nv,follow_up,50.0,male,trunk,data/raw/HAM10000_images_part_1/ISIC_0028234.jpg,test,5,5,nv,nv,0.911528,True,nv → nv,0.005715618,0.0035046912,0.0074235005,0.041901305,0.00341109,0.911528,0.026515797
HAM_0003592,ISIC_0031416,nv,follow_up,50.0,male,trunk,data/raw/HAM10000_images_part_2/ISIC_0031416.jpg,test,5,5,nv,nv,0.91950315,True,nv → nv,0.00582328,0.0033635742,0.006943561,0.03875761,0.0032961064,0.91950315,0.022312708
HAM_0007012,ISIC_0030865,nv,follow_up,50.0,male,abdomen,data/raw/HAM10000_images_part_2/ISIC_0030865.jpg,test,5,5,nv,nv,0.91202164,True,nv → nv,0.0074332254,0.0038812293,0.009080437,0.040809996,0.004794539,0.91202164,0.021978924
HAM_0001205,ISIC_0025034,nv,follow_up,50.0,male,abdomen,data/raw/HAM10000_images_part_1/ISIC_0025034.jpg,test,5,5,nv,nv,0.8410081,True,nv → nv,0.016724486,0.0077702575,0.023463229,0.04466584,0.031150423,0.8410081,0.035217572
HAM_0000606,ISIC_0030109,nv,follow_up,50.0,male,trunk,data/raw/HAM10000_images_part_2/ISIC_0030109.jpg,test,5,5,nv,nv,0.90844417,True,nv → nv,0.0076185274,0.0038994937,0.008675282,0.04293759,0.004212522,0.90844417,0.024212353
HAM_0002006,ISIC_0025360,nv,follow_up,50.0,male,back,data/raw/HAM10000_images_part_1/ISIC_0025360.jpg,test,5,5,nv,nv,0.8843505,True,nv → nv,0.008344181,0.0057208547,0.011438523,0.054837015,0.0039322497,0.8843505,0.031376626
HAM_0002927,ISIC_0028012,nv,follow_up,50.0,male,trunk,data/raw/HAM10000_images_part_1/ISIC_0028012.jpg,test,5,5,nv,nv,0.83855635,True,nv → nv,0.019131845,0.009159401,0.024115195,0.05298814,0.021119706,0.83855635,0.034929417
HAM_0005165,ISIC_0030108,nv,follow_up,50.0,male,lower extremity,data/raw/HAM10000_images_part_2/ISIC_0030108.jpg,test,5,5,nv,nv,0.8968912,True,nv → nv,0.009563267,0.004802159,0.009664565,0.04653438,0.0050818617,0.8968912,0.027462605
HAM_0003547,ISIC_0027921,nv,follow_up,50.0,male,lower extremity,data/raw/HAM10000_images_part_1/ISIC_0027921.jpg,test,5,5,nv,nv,0.8905195,True,nv → nv,0.010083827,0.0051392047,0.0129354745,0.04755066,0.006380679,0.8905195,0.027390674
HAM_0005512,ISIC_0025194,nv,follow_up,35.0,female,abdomen,data/raw/HAM10000_images_part_1/ISIC_0025194.jpg,test,5,5,nv,nv,0.8267789,True,nv → nv,0.019284688,0.010379697,0.030225828,0.06366979,0.015555529,0.8267789,0.034105457
HAM_0004887,ISIC_0024717,nv,follow_up,35.0,female,back,data/raw/HAM10000_images_part_1/ISIC_0024717.jpg,test,5,5,nv,nv,0.7726597,True,nv → nv,0.007040214,0.010320217,0.016781434,0.102237,0.0036401693,0.7726597,0.087321274
HAM_0000200,ISIC_0028213,nv,follow_up,35.0,female,lower extremity,data/raw/HAM10000_images_part_1/ISIC_0028213.jpg,test,5,5,nv,nv,0.86894363,True,nv → nv,0.010750866,0.008237882,0.018118748,0.06551736,0.0042621996,0.86894363,0.024169387
HAM_0002780,ISIC_0028732,nv,follow_up,70.0,male,lower extremity,data/raw/HAM10000_images_part_1/ISIC_0028732.jpg,test,5,5,nv,nv,0.8749003,True,nv → nv,0.0113955,0.0077335685,0.015640568,0.056381617,0.005953286,0.8749003,0.02799521
HAM_0006503,ISIC_0032217,nv,follow_up,45.0,female,lower extremity,data/raw/HAM10000_images_part_2/ISIC_0032217.jpg,test,5,5,nv,nv,0.8383615,True,nv → nv,0.012102157,0.00892095,0.015204149,0.07463499,0.0040824707,0.8383615,0.046693806
HAM_0004089,ISIC_0026589,nv,follow_up,45.0,female,upper extremity,data/raw/HAM10000_images_part_1/ISIC_0026589.jpg,test,5,5,nv,nv,0.8694817,True,nv → nv,0.010297992,0.007758745,0.020597612,0.06315668,0.00497759,0.8694817,0.023729654
HAM_0006439,ISIC_0028423,nv,histo,30.0,female,neck,data/raw/HAM10000_images_part_1/ISIC_0028423.jpg,test,5,5,nv,nv,0.6402898,True,nv → nv,0.027816342,0.050860316,0.057245586,0.08829209,0.05098475,0.6402898,0.084511116
HAM_0006439,ISIC_0025621,nv,histo,30.0,female,neck,data/raw/HAM10000_images_part_1/ISIC_0025621.jpg,test,5,5,nv,nv,0.6739695,True,nv → nv,0.023489188,0.03506763,0.0725221,0.07393933,0.06735592,0.6739695,0.053656284
HAM_0000892,ISIC_0024594,nv,histo,40.0,male,trunk,data/raw/HAM10000_images_part_1/ISIC_0024594.jpg,test,5,5,nv,nv,0.52302426,True,nv → nv,0.031266578,0.08984689,0.10617361,0.10528812,0.06776149,0.52302426,0.07663906
HAM_0000892,ISIC_0029845,nv,histo,40.0,male,trunk,data/raw/HAM10000_images_part_2/ISIC_0029845.jpg,test,5,5,nv,nv,0.5028578,True,nv → nv,0.02626625,0.08317527,0.060159523,0.11290951,0.050206475,0.5028578,0.16442508
HAM_0004997,ISIC_0027305,nv,histo,35.0,male,back,data/raw/HAM10000_images_part_1/ISIC_0027305.jpg,test,5,5,nv,nv,0.5235552,True,nv → nv,0.034978107,0.079824656,0.09626687,0.08264782,0.11237269,0.5235552,0.07035465
HAM_0004997,ISIC_0027718,nv,histo,35.0,male,back,data/raw/HAM10000_images_part_1/ISIC_0027718.jpg,test,5,1,nv,bcc,0.27189878,False,nv → bcc,0.04465283,0.27189878,0.07888496,0.12121925,0.060743876,0.2081854,0.2144149
HAM_0000028,ISIC_0026012,nv,histo,35.0,female,back,data/raw/HAM10000_images_part_1/ISIC_0026012.jpg,test,5,5,nv,nv,0.46927705,True,nv → nv,0.010343423,0.039176058,0.022616122,0.1297461,0.009676615,0.46927705,0.31916466
HAM_0000028,ISIC_0029752,nv,histo,35.0,female,back,data/raw/HAM10000_images_part_2/ISIC_0029752.jpg,test,5,5,nv,nv,0.5565998,True,nv → nv,0.012832561,0.048142776,0.024489189,0.12426505,0.010878915,0.5565998,0.22279169
HAM_0004380,ISIC_0026251,nv,histo,30.0,female,face,data/raw/HAM10000_images_part_1/ISIC_0026251.jpg,test,5,3,nv,df,0.29501656,False,nv → df,0.06908413,0.19234666,0.09754395,0.29501656,0.014516085,0.17308958,0.15840304
HAM_0004380,ISIC_0029072,nv,histo,30.0,female,face,data/raw/HAM10000_images_part_1/ISIC_0029072.jpg,test,5,5,nv,nv,0.37751547,True,nv → nv,0.06572845,0.095025696,0.11378125,0.24420352,0.018396879,0.37751547,0.08534871
HAM_0006150,ISIC_0031404,nv,histo,70.0,male,back,data/raw/HAM10000_images_part_2/ISIC_0031404.jpg,test,5,5,nv,nv,0.5840729,True,nv → nv,0.044350095,0.043997824,0.11515633,0.0788186,0.09034619,0.5840729,0.043258134
HAM_0006150,ISIC_0026569,nv,histo,70.0,male,back,data/raw/HAM10000_images_part_1/ISIC_0026569.jpg,test,5,0,nv,akiec,0.34368744,False,nv → akiec,0.34368744,0.23001525,0.25711837,0.060159054,0.07600245,0.017538408,0.015479024
HAM_0002120,ISIC_0029735,nv,histo,50.0,male,chest,data/raw/HAM10000_images_part_2/ISIC_0029735.jpg,test,5,5,nv,nv,0.55156213,True,nv → nv,0.030991392,0.08945001,0.07074223,0.07104054,0.12352915,0.55156213,0.062684536
HAM_0002120,ISIC_0028010,nv,histo,50.0,male,chest,data/raw/HAM10000_images_part_1/ISIC_0028010.jpg,test,5,5,nv,nv,0.5545047,True,nv → nv,0.039204735,0.056080725,0.08176522,0.062089086,0.15630513,0.5545047,0.050050437
HAM_0007123,ISIC_0025672,nv,histo,70.0,male,hand,data/raw/HAM10000_images_part_1/ISIC_0025672.jpg,test,5,1,nv,bcc,0.34836558,False,nv → bcc,0.23635767,0.34836558,0.19567229,0.14009142,0.024524232,0.033479992,0.02150883
HAM_0007123,ISIC_0030664,nv,histo,70.0,male,hand,data/raw/HAM10000_images_part_2/ISIC_0030664.jpg,test,5,3,nv,df,0.2891919,False,nv → df,0.06852435,0.2645666,0.0735355,0.2891919,0.010096233,0.13550204,0.15858336
HAM_0005237,ISIC_0031733,nv,histo,70.0,male,hand,data/raw/HAM10000_images_part_2/ISIC_0031733.jpg,test,5,6,nv,vasc,0.24551474,False,nv → vasc,0.053543635,0.15969208,0.08305581,0.22204185,0.020506095,0.21564585,0.24551474
HAM_0005237,ISIC_0027240,nv,histo,70.0,male,hand,data/raw/HAM10000_images_part_1/ISIC_0027240.jpg,test,5,1,nv,bcc,0.34921235,False,nv → bcc,0.2138811,0.34921235,0.20100924,0.13679715,0.031212257,0.037432447,0.030455414
HAM_0001813,ISIC_0030858,nv,histo,60.0,male,trunk,data/raw/HAM10000_images_part_2/ISIC_0030858.jpg,test,5,5,nv,nv,0.4391933,True,nv → nv,0.057507843,0.06812429,0.08434508,0.05580682,0.23878583,0.4391933,0.056236856
HAM_0001813,ISIC_0030609,nv,histo,60.0,male,trunk,data/raw/HAM10000_images_part_2/ISIC_0030609.jpg,test,5,5,nv,nv,0.50567067,True,nv → nv,0.008887539,0.0022698955,0.0339322,0.01116936,0.42722774,0.50567067,0.010842601
HAM_0002198,ISIC_0024314,nv,histo,75.0,male,lower extremity,data/raw/HAM10000_images_part_1/ISIC_0024314.jpg,test,5,5,nv,nv,0.6480749,True,nv → nv,0.030879328,0.052052733,0.07963616,0.100814395,0.0411181,0.6480749,0.04742437
HAM_0002198,ISIC_0026722,nv,histo,75.0,male,lower extremity,data/raw/HAM10000_images_part_1/ISIC_0026722.jpg,test,5,5,nv,nv,0.58382165,True,nv → nv,0.02970977,0.04366767,0.07241904,0.09143574,0.06447685,0.58382165,0.11446927
HAM_0003848,ISIC_0027077,nv,histo,55.0,female,abdomen,data/raw/HAM10000_images_part_1/ISIC_0027077.jpg,test,5,2,nv,bkl,0.34660542,False,nv → bkl,0.048784837,0.047304578,0.34660542,0.07255093,0.13171059,0.3254346,0.027609058
HAM_0003848,ISIC_0032096,nv,histo,55.0,female,abdomen,data/raw/HAM10000_images_part_2/ISIC_0032096.jpg,test,5,2,nv,bkl,0.324571,False,nv → bkl,0.114099726,0.08903609,0.324571,0.072237365,0.20080769,0.16578668,0.033461478
HAM_0001342,ISIC_0029366,nv,histo,55.0,female,abdomen,data/raw/HAM10000_images_part_2/ISIC_0029366.jpg,test,5,5,nv,nv,0.3388472,True,nv → nv,0.08096583,0.10053704,0.16518939,0.0782654,0.18282935,0.3388472,0.053365774
HAM_0001342,ISIC_0032378,nv,histo,55.0,female,abdomen,data/raw/HAM10000_images_part_2/ISIC_0032378.jpg,test,5,2,nv,bkl,0.22216544,False,nv → bkl,0.20920654,0.18023062,0.22216544,0.07259627,0.19326986,0.092675485,0.029855704
HAM_0003327,ISIC_0029430,nv,histo,45.0,male,upper extremity,data/raw/HAM10000_images_part_2/ISIC_0029430.jpg,test,5,2,nv,bkl,0.22028026,False,nv → bkl,0.13967887,0.1772632,0.22028026,0.11989454,0.12932597,0.18675399,0.026803087
HAM_0003327,ISIC_0027312,nv,histo,45.0,male,upper extremity,data/raw/HAM10000_images_part_1/ISIC_0027312.jpg,test,5,5,nv,nv,0.36129704,True,nv → nv,0.07410367,0.1199282,0.17182764,0.106670186,0.11241784,0.36129704,0.05375538
HAM_0005447,ISIC_0027427,nv,histo,70.0,male,back,data/raw/HAM10000_images_part_1/ISIC_0027427.jpg,test,5,1,nv,bcc,0.45538005,False,nv → bcc,0.1611488,0.45538005,0.12201861,0.15421684,0.025750207,0.04316417,0.0383214
HAM_0005447,ISIC_0026389,nv,histo,70.0,male,back,data/raw/HAM10000_images_part_1/ISIC_0026389.jpg,test,5,1,nv,bcc,0.3746517,False,nv → bcc,0.30319786,0.3746517,0.16430812,0.09260623,0.032411832,0.015148308,0.017676022
HAM_0006359,ISIC_0028385,nv,histo,45.0,female,foot,data/raw/HAM10000_images_part_1/ISIC_0028385.jpg,test,5,5,nv,nv,0.6294929,True,nv → nv,0.014010499,0.023009937,0.042514917,0.18252787,0.0066052754,0.6294929,0.10183867
HAM_0006359,ISIC_0027403,nv,histo,45.0,female,foot,data/raw/HAM10000_images_part_1/ISIC_0027403.jpg,test,5,5,nv,nv,0.52970296,True,nv → nv,0.022661943,0.014750707,0.27995676,0.06921624,0.061831385,0.52970296,0.021880046
HAM_0006742,ISIC_0027031,nv,histo,30.0,male,back,data/raw/HAM10000_images_part_1/ISIC_0027031.jpg,test,5,5,nv,nv,0.60036445,True,nv → nv,0.028926596,0.0581942,0.06710496,0.091652,0.0656573,0.60036445,0.08810047
HAM_0006742,ISIC_0024813,nv,histo,30.0,male,back,data/raw/HAM10000_images_part_1/ISIC_0024813.jpg,test,5,5,nv,nv,0.57779545,True,nv → nv,0.032665543,0.062864855,0.07435067,0.06930147,0.12247257,0.57779545,0.060549352
HAM_0006914,ISIC_0027462,nv,histo,75.0,male,abdomen,data/raw/HAM10000_images_part_1/ISIC_0027462.jpg,test,5,5,nv,nv,0.5023209,True,nv → nv,0.034054287,0.024007456,0.07053996,0.03926531,0.29029492,0.5023209,0.039517246
HAM_0006914,ISIC_0025254,nv,histo,75.0,male,abdomen,data/raw/HAM10000_images_part_1/ISIC_0025254.jpg,test,5,5,nv,nv,0.55696434,True,nv → nv,0.01833156,0.010028996,0.08565599,0.031070707,0.27694702,0.55696434,0.021001458
HAM_0007476,ISIC_0025108,nv,histo,40.0,female,back,data/raw/HAM10000_images_part_1/ISIC_0025108.jpg,test,5,5,nv,nv,0.697472,True,nv → nv,0.014390149,0.025871826,0.0433667,0.045891143,0.119216174,0.697472,0.05379201
HAM_0007476,ISIC_0029296,nv,histo,40.0,female,back,data/raw/HAM10000_images_part_1/ISIC_0029296.jpg,test,5,5,nv,nv,0.2952311,True,nv → nv,0.027720274,0.23448344,0.059675343,0.1044815,0.06306436,0.2952311,0.21534397
HAM_0003684,ISIC_0031646,nv,histo,75.0,male,face,data/raw/HAM10000_images_part_2/ISIC_0031646.jpg,test,5,5,nv,nv,0.7202546,True,nv → nv,0.014267537,0.01853339,0.04169605,0.11703027,0.012405992,0.7202546,0.07581212
HAM_0003684,ISIC_0031385,nv,histo,75.0,male,face,data/raw/HAM10000_images_part_2/ISIC_0031385.jpg,test,5,2,nv,bkl,0.4464203,False,nv → bkl,0.04305154,0.026199808,0.4464203,0.06671554,0.09825631,0.3017896,0.017566936
HAM_0006711,ISIC_0029986,nv,histo,70.0,male,trunk,data/raw/HAM10000_images_part_2/ISIC_0029986.jpg,test,5,5,nv,nv,0.36409485,True,nv → nv,0.059167847,0.038837098,0.11859535,0.046602093,0.3310428,0.36409485,0.041659985
HAM_0006711,ISIC_0027010,nv,histo,70.0,male,trunk,data/raw/HAM10000_images_part_1/ISIC_0027010.jpg,test,5,4,nv,mel,0.28035367,False,nv → mel,0.1500751,0.13268416,0.179908,0.05299262,0.28035367,0.15619157,0.047794826
HAM_0004461,ISIC_0031817,nv,histo,20.0,female,lower extremity,data/raw/HAM10000_images_part_2/ISIC_0031817.jpg,test,5,5,nv,nv,0.64999074,True,nv → nv,0.026858646,0.0217256,0.09254311,0.058655806,0.11369921,0.64999074,0.036526963
HAM_0004461,ISIC_0032421,nv,histo,20.0,female,lower extremity,data/raw/HAM10000_images_part_2/ISIC_0032421.jpg,test,5,5,nv,nv,0.6149246,True,nv → nv,0.04055847,0.039880615,0.083185285,0.076542616,0.08697423,0.6149246,0.057934128
HAM_0003627,ISIC_0024855,nv,histo,30.0,female,back,data/raw/HAM10000_images_part_1/ISIC_0024855.jpg,test,5,5,nv,nv,0.5837768,True,nv → nv,0.018329024,0.009185052,0.09387981,0.032864787,0.24544181,0.5837768,0.016522784
HAM_0003627,ISIC_0026497,nv,histo,30.0,female,back,data/raw/HAM10000_images_part_1/ISIC_0026497.jpg,test,5,5,nv,nv,0.71587145,True,nv → nv,0.014731719,0.0131378155,0.045610696,0.038008984,0.13666481,0.71587145,0.035974525
HAM_0001088,ISIC_0031959,nv,histo,45.0,female,upper extremity,data/raw/HAM10000_images_part_2/ISIC_0031959.jpg,test,5,4,nv,mel,0.25700626,False,nv → mel,0.13774681,0.10026046,0.24275255,0.06711396,0.25700626,0.16418187,0.03093806
HAM_0001088,ISIC_0032078,nv,histo,45.0,female,upper extremity,data/raw/HAM10000_images_part_2/ISIC_0032078.jpg,test,5,5,nv,nv,0.48385692,True,nv → nv,0.031332556,0.016538048,0.17388654,0.045497864,0.22827525,0.48385692,0.020612817
HAM_0005484,ISIC_0032443,nv,histo,35.0,male,abdomen,data/raw/HAM10000_images_part_2/ISIC_0032443.jpg,test,5,5,nv,nv,0.691174,True,nv → nv,0.023584139,0.014298625,0.12097323,0.06624079,0.058773883,0.691174,0.024955371
HAM_0004869,ISIC_0025370,nv,histo,15.0,female,lower extremity,data/raw/HAM10000_images_part_1/ISIC_0025370.jpg,test,5,4,nv,mel,0.27371806,False,nv → mel,0.098371536,0.07115053,0.18830162,0.06070413,0.27371806,0.26562577,0.042128373
HAM_0005227,ISIC_0027768,nv,histo,75.0,male,face,data/raw/HAM10000_images_part_1/ISIC_0027768.jpg,test,5,2,nv,bkl,0.29971832,False,nv → bkl,0.076640874,0.047251288,0.29971832,0.047958463,0.283152,0.21528746,0.029991588
HAM_0005227,ISIC_0027410,nv,histo,75.0,male,face,data/raw/HAM10000_images_part_1/ISIC_0027410.jpg,test,5,2,nv,bkl,0.3338199,False,nv → bkl,0.074567184,0.054938756,0.3338199,0.062237855,0.21247035,0.23318222,0.028783696
HAM_0000589,ISIC_0030194,nv,histo,15.0,female,neck,data/raw/HAM10000_images_part_2/ISIC_0030194.jpg,test,5,5,nv,nv,0.51630056,True,nv → nv,0.013740167,0.0036908416,0.12466084,0.02176567,0.3103618,0.51630056,0.009480126
HAM_0000589,ISIC_0027103,nv,histo,15.0,female,neck,data/raw/HAM10000_images_part_1/ISIC_0027103.jpg,test,5,4,nv,mel,0.49406785,False,nv → mel,0.025976947,0.004613852,0.27078938,0.014402079,0.49406785,0.18418725,0.005962714
HAM_0004156,ISIC_0025863,nv,histo,65.0,female,lower extremity,data/raw/HAM10000_images_part_1/ISIC_0025863.jpg,test,5,5,nv,nv,0.6649753,True,nv → nv,0.019775355,0.026749408,0.072983496,0.04870558,0.13617916,0.6649753,0.030631758
HAM_0004156,ISIC_0024387,nv,histo,65.0,female,lower extremity,data/raw/HAM10000_images_part_1/ISIC_0024387.jpg,test,5,5,nv,nv,0.4422533,True,nv → nv,0.052174855,0.05058541,0.103393786,0.057789527,0.24050967,0.4422533,0.053293467
HAM_0003222,ISIC_0031720,nv,histo,45.0,female,lower extremity,data/raw/HAM10000_images_part_2/ISIC_0031720.jpg,test,5,5,nv,nv,0.7471468,True,nv → nv,0.013213341,0.020496367,0.04054126,0.07732923,0.026844263,0.7471468,0.07442868
HAM_0003222,ISIC_0026382,nv,histo,45.0,female,lower extremity,data/raw/HAM10000_images_part_1/ISIC_0026382.jpg,test,5,5,nv,nv,0.45013294,True,nv → nv,0.02932566,0.07282932,0.057779998,0.18696854,0.019642977,0.45013294,0.18332055
HAM_0000230,ISIC_0029720,nv,histo,50.0,female,lower extremity,data/raw/HAM10000_images_part_2/ISIC_0029720.jpg,test,5,5,nv,nv,0.80411655,True,nv → nv,0.011965457,0.0098744305,0.05850616,0.05123656,0.040071227,0.80411655,0.024229642
HAM_0000230,ISIC_0032150,nv,histo,50.0,female,lower extremity,data/raw/HAM10000_images_part_2/ISIC_0032150.jpg,test,5,5,nv,nv,0.5667738,True,nv → nv,0.028309394,0.043629482,0.101385765,0.09929444,0.07934914,0.5667738,0.081258096
HAM_0002575,ISIC_0028015,nv,histo,55.0,female,back,data/raw/HAM10000_images_part_1/ISIC_0028015.jpg,test,5,5,nv,nv,0.43848205,True,nv → nv,0.054780208,0.044644855,0.12665093,0.059221826,0.23150688,0.43848205,0.044713203
HAM_0002575,ISIC_0026781,nv,histo,55.0,female,back,data/raw/HAM10000_images_part_1/ISIC_0026781.jpg,test,5,5,nv,nv,0.46276578,True,nv → nv,0.026777478,0.011713223,0.29445294,0.047626212,0.14298205,0.46276578,0.013682412
HAM_0001160,ISIC_0024340,nv,histo,10.0,female,foot,data/raw/HAM10000_images_part_1/ISIC_0024340.jpg,test,5,2,nv,bkl,0.7463245,False,nv → bkl,0.011753605,0.0032207654,0.7463245,0.020387508,0.06940374,0.145259,0.0036509405
HAM_0001160,ISIC_0027361,nv,histo,10.0,female,foot,data/raw/HAM10000_images_part_1/ISIC_0027361.jpg,test,5,2,nv,bkl,0.42188114,False,nv → bkl,0.069746904,0.031138083,0.42188114,0.04770902,0.21592447,0.19594201,0.017658418
HAM_0007312,ISIC_0027709,nv,histo,5.0,male,upper extremity,data/raw/HAM10000_images_part_1/ISIC_0027709.jpg,test,5,5,nv,nv,0.5246013,True,nv → nv,0.026494885,0.03188631,0.22623539,0.0874839,0.06316059,0.5246013,0.04013769
HAM_0003892,ISIC_0028045,nv,histo,25.0,female,lower extremity,data/raw/HAM10000_images_part_1/ISIC_0028045.jpg,test,5,5,nv,nv,0.5980641,True,nv → nv,0.023001552,0.05048383,0.05885593,0.11145587,0.0406222,0.5980641,0.11751652
HAM_0001497,ISIC_0026608,nv,histo,50.0,male,upper extremity,data/raw/HAM10000_images_part_1/ISIC_0026608.jpg,test,5,5,nv,nv,0.48337802,True,nv → nv,0.02619608,0.011911539,0.09574185,0.031170562,0.32825905,0.48337802,0.023342906
HAM_0001497,ISIC_0030334,nv,histo,50.0,male,upper extremity,data/raw/HAM10000_images_part_2/ISIC_0030334.jpg,test,5,5,nv,nv,0.39093181,True,nv → nv,0.077192776,0.06911489,0.14741337,0.073811196,0.18959768,0.39093181,0.051938284
HAM_0004138,ISIC_0025905,nv,histo,45.0,male,abdomen,data/raw/HAM10000_images_part_1/ISIC_0025905.jpg,test,5,5,nv,nv,0.551713,True,nv → nv,0.013988188,0.038562875,0.034087274,0.10772244,0.024921522,0.551713,0.22900471
HAM_0004138,ISIC_0030184,nv,histo,45.0,male,abdomen,data/raw/HAM10000_images_part_2/ISIC_0030184.jpg,test,5,5,nv,nv,0.7624064,True,nv → nv,0.011262243,0.022166986,0.027744615,0.06309121,0.031999204,0.7624064,0.081329316
HAM_0002541,ISIC_0028098,nv,histo,15.0,female,upper extremity,data/raw/HAM10000_images_part_1/ISIC_0028098.jpg,test,5,2,nv,bkl,0.59416175,False,nv → bkl,0.03979656,0.021678088,0.59416175,0.051793385,0.099914834,0.18314765,0.009507743
HAM_0007468,ISIC_0024831,nv,histo,50.0,female,upper extremity,data/raw/HAM10000_images_part_1/ISIC_0024831.jpg,test,5,1,nv,bcc,0.53695846,False,nv → bcc,0.078130454,0.53695846,0.07755197,0.17047916,0.015227705,0.053894196,0.06775806
HAM_0007468,ISIC_0026869,nv,histo,50.0,female,upper extremity,data/raw/HAM10000_images_part_1/ISIC_0026869.jpg,test,5,1,nv,bcc,0.24887614,False,nv → bcc,0.03511618,0.24887614,0.065074146,0.1922368,0.022361543,0.23874977,0.1975854
HAM_0006221,ISIC_0028195,nv,histo,35.0,female,upper extremity,data/raw/HAM10000_images_part_1/ISIC_0028195.jpg,test,5,5,nv,nv,0.4745661,True,nv → nv,0.050749887,0.09971602,0.09385373,0.10984548,0.07651641,0.4745661,0.09475231
HAM_0006221,ISIC_0025300,nv,histo,35.0,female,upper extremity,data/raw/HAM10000_images_part_1/ISIC_0025300.jpg,test,5,5,nv,nv,0.64218014,True,nv → nv,0.026070142,0.019467557,0.08995377,0.052080102,0.13852541,0.64218014,0.03172285
HAM_0003308,ISIC_0025610,nv,histo,35.0,male,face,data/raw/HAM10000_images_part_1/ISIC_0025610.jpg,test,5,5,nv,nv,0.48938233,True,nv → nv,0.017020209,0.038308244,0.036573857,0.16963671,0.010694219,0.48938233,0.2383844
HAM_0003308,ISIC_0024615,nv,histo,35.0,male,face,data/raw/HAM10000_images_part_1/ISIC_0024615.jpg,test,5,5,nv,nv,0.7407974,True,nv → nv,0.012510915,0.016999604,0.03523065,0.07602596,0.027678214,0.7407974,0.090757295
HAM_0005034,ISIC_0028751,nv,histo,35.0,female,back,data/raw/HAM10000_images_part_1/ISIC_0028751.jpg,test,5,5,nv,nv,0.5337933,True,nv → nv,0.033154473,0.017106839,0.06508568,0.03701873,0.27761832,0.5337933,0.03622269
HAM_0005034,ISIC_0027024,nv,histo,35.0,female,back,data/raw/HAM10000_images_part_1/ISIC_0027024.jpg,test,5,5,nv,nv,0.53104854,True,nv → nv,0.033882942,0.018515518,0.09440351,0.042528927,0.24994539,0.53104854,0.029675158
HAM_0005143,ISIC_0030303,nv,histo,40.0,male,chest,data/raw/HAM10000_images_part_2/ISIC_0030303.jpg,test,5,3,nv,df,0.299617,False,nv → df,0.07523432,0.21185763,0.115885615,0.299617,0.013844745,0.19658372,0.08697703
HAM_0006709,ISIC_0031158,nv,histo,40.0,male,back,data/raw/HAM10000_images_part_2/ISIC_0031158.jpg,test,5,5,nv,nv,0.3225252,True,nv → nv,0.044643577,0.1641021,0.061818715,0.20560257,0.015855104,0.3225252,0.1854527
HAM_0003369,ISIC_0032181,nv,histo,45.0,female,trunk,data/raw/HAM10000_images_part_2/ISIC_0032181.jpg,test,5,5,nv,nv,0.7259827,True,nv → nv,0.015461899,0.0053130467,0.05093365,0.029133022,0.15238884,0.7259827,0.020786842
HAM_0002494,ISIC_0033686,nv,histo,65.0,female,abdomen,data/raw/HAM10000_images_part_2/ISIC_0033686.jpg,test,5,5,nv,nv,0.52896225,True,nv → nv,0.032488164,0.02511047,0.120253116,0.05226211,0.21202749,0.52896225,0.028896343
HAM_0004708,ISIC_0033852,nv,histo,45.0,male,trunk,data/raw/HAM10000_images_part_2/ISIC_0033852.jpg,test,5,5,nv,nv,0.5897669,True,nv → nv,0.039431006,0.03435118,0.10472413,0.06524544,0.124588504,0.5897669,0.041892868
HAM_0004708,ISIC_0033775,nv,histo,45.0,male,trunk,data/raw/HAM10000_images_part_2/ISIC_0033775.jpg,test,5,5,nv,nv,0.6631768,True,nv → nv,0.021422004,0.044747826,0.054820877,0.060147032,0.10116644,0.6631768,0.05451902
HAM_0004708,ISIC_0033561,nv,histo,45.0,male,trunk,data/raw/HAM10000_images_part_2/ISIC_0033561.jpg,test,5,5,nv,nv,0.61359763,True,nv → nv,0.018634522,0.06935704,0.047501616,0.077500075,0.06502059,0.61359763,0.10838855
HAM_0002009,ISIC_0034290,nv,histo,60.0,female,back,data/raw/HAM10000_images_part_2/ISIC_0034290.jpg,test,5,6,nv,vasc,0.3156745,False,nv → vasc,0.10566391,0.25652874,0.10769372,0.053412165,0.11892245,0.042104468,0.3156745
HAM_0002009,ISIC_0033165,nv,histo,60.0,female,back,data/raw/HAM10000_images_part_2/ISIC_0033165.jpg,test,5,6,nv,vasc,0.8582361,False,nv → vasc,0.005464116,0.039411888,0.013227928,0.025281182,0.02124579,0.03713304,0.8582361
HAM_0002009,ISIC_0033430,nv,histo,60.0,female,back,data/raw/HAM10000_images_part_2/ISIC_0033430.jpg,test,5,0,nv,akiec,0.25297415,False,nv → akiec,0.25297415,0.18239889,0.21762997,0.039297976,0.23589641,0.032916576,0.038886085
HAM_0005523,ISIC_0027087,nv,histo,25.0,male,lower extremity,data/raw/HAM10000_images_part_1/ISIC_0027087.jpg,test,5,5,nv,nv,0.3984507,True,nv → nv,0.04456875,0.030975444,0.1172726,0.043210853,0.3241373,0.3984507,0.041384358
HAM_0005300,ISIC_0033767,nv,histo,35.0,female,lower extremity,data/raw/HAM10000_images_part_2/ISIC_0033767.jpg,test,5,5,nv,nv,0.7667932,True,nv → nv,0.014695593,0.014232316,0.04048202,0.062421437,0.043314643,0.7667932,0.058060814
HAM_0005300,ISIC_0033755,nv,histo,35.0,female,lower extremity,data/raw/HAM10000_images_part_2/ISIC_0033755.jpg,test,5,5,nv,nv,0.68001723,True,nv → nv,0.012803239,0.04146165,0.030641628,0.06480015,0.052061986,0.68001723,0.11821417
HAM_0005300,ISIC_0033625,nv,histo,35.0,female,lower extremity,data/raw/HAM10000_images_part_2/ISIC_0033625.jpg,test,5,5,nv,nv,0.6828441,True,nv → nv,0.015814425,0.023271682,0.035267286,0.038530856,0.14731126,0.6828441,0.05696034
HAM_0000268,ISIC_0034110,nv,histo,10.0,female,trunk,data/raw/HAM10000_images_part_2/ISIC_0034110.jpg,test,5,5,nv,nv,0.37156683,True,nv → nv,0.06942982,0.13520724,0.13292988,0.08115069,0.15268418,0.37156683,0.057031393
HAM_0000268,ISIC_0025160,nv,histo,10.0,female,trunk,data/raw/HAM10000_images_part_1/ISIC_0025160.jpg,test,5,1,nv,bcc,0.22740991,False,nv → bcc,0.13872238,0.22740991,0.15859817,0.077871196,0.16611859,0.17767021,0.05360957
HAM_0000268,ISIC_0033389,nv,histo,10.0,female,trunk,data/raw/HAM10000_images_part_2/ISIC_0033389.jpg,test,5,5,nv,nv,0.45655435,True,nv → nv,0.05331411,0.07546246,0.11814171,0.06987438,0.17529987,0.45655435,0.051353194
HAM_0004706,ISIC_0034234,nv,histo,30.0,female,abdomen,data/raw/HAM10000_images_part_2/ISIC_0034234.jpg,test,5,5,nv,nv,0.50350744,True,nv → nv,0.028074626,0.016837195,0.061304174,0.03146352,0.32453972,0.50350744,0.034273334
HAM_0004706,ISIC_0033308,nv,histo,30.0,female,abdomen,data/raw/HAM10000_images_part_2/ISIC_0033308.jpg,test,5,5,nv,nv,0.51076984,True,nv → nv,0.026657376,0.014876495,0.10764002,0.037725955,0.279242,0.51076984,0.023088226
HAM_0004706,ISIC_0034274,nv,histo,30.0,female,abdomen,data/raw/HAM10000_images_part_2/ISIC_0034274.jpg,test,5,5,nv,nv,0.5029694,True,nv → nv,0.028916884,0.014524652,0.095708214,0.035619065,0.29640734,0.5029694,0.025854485
HAM_0007444,ISIC_0033989,nv,histo,50.0,female,lower extremity,data/raw/HAM10000_images_part_2/ISIC_0033989.jpg,test,5,5,nv,nv,0.4835038,True,nv → nv,0.026806653,0.014950668,0.08559781,0.03286972,0.32675555,0.4835038,0.02951584
HAM_0007444,ISIC_0032977,nv,histo,50.0,female,lower extremity,data/raw/HAM10000_images_part_2/ISIC_0032977.jpg,test,5,5,nv,nv,0.49322,True,nv → nv,0.03320202,0.018797312,0.13154209,0.043604165,0.25135404,0.49322,0.028280346
HAM_0007444,ISIC_0033664,nv,histo,50.0,female,lower extremity,data/raw/HAM10000_images_part_2/ISIC_0033664.jpg,test,5,5,nv,nv,0.52690816,True,nv → nv,0.03121555,0.026290441,0.0752093,0.040163416,0.26250887,0.52690816,0.03770422
HAM_0000609,ISIC_0025990,nv,histo,75.0,female,upper extremity,data/raw/HAM10000_images_part_1/ISIC_0025990.jpg,test,5,2,nv,bkl,0.3906798,False,nv → bkl,0.1084148,0.05182334,0.3906798,0.031475123,0.303663,0.0920524,0.021891534
HAM_0000609,ISIC_0025778,nv,histo,75.0,female,upper extremity,data/raw/HAM10000_images_part_1/ISIC_0025778.jpg,test,5,2,nv,bkl,0.26260108,False,nv → bkl,0.23220937,0.18828444,0.26260108,0.056110185,0.17722781,0.060832005,0.022735208
HAM_0000395,ISIC_0029656,nv,histo,40.0,male,upper extremity,data/raw/HAM10000_images_part_2/ISIC_0029656.jpg,test,5,5,nv,nv,0.27383378,True,nv → nv,0.043181565,0.24638659,0.085486725,0.14179727,0.053932745,0.27383378,0.15538137
HAM_0000395,ISIC_0025421,nv,histo,40.0,male,upper extremity,data/raw/HAM10000_images_part_1/ISIC_0025421.jpg,test,5,5,nv,nv,0.47367665,True,nv → nv,0.03360259,0.053348728,0.17367764,0.072736785,0.14670673,0.47367665,0.046250872
HAM_0000012,ISIC_0030085,nv,histo,85.0,male,back,data/raw/HAM10000_images_part_2/ISIC_0030085.jpg,test,5,5,nv,nv,0.6654203,True,nv → nv,0.03245203,0.020598799,0.08577423,0.06086957,0.09983865,0.6654203,0.035046395
HAM_0000012,ISIC_0029348,nv,histo,85.0,male,back,data/raw/HAM10000_images_part_2/ISIC_0029348.jpg,test,5,5,nv,nv,0.63038003,True,nv → nv,0.025970196,0.01740339,0.12267144,0.057902556,0.1156951,0.63038003,0.029977342
HAM_0007350,ISIC_0031202,nv,histo,45.0,male,back,data/raw/HAM10000_images_part_2/ISIC_0031202.jpg,test,5,5,nv,nv,0.6416843,True,nv → nv,0.031299017,0.051920295,0.05318692,0.07089944,0.08072044,0.6416843,0.070289604
HAM_0007350,ISIC_0030892,nv,histo,45.0,male,back,data/raw/HAM10000_images_part_2/ISIC_0030892.jpg,test,5,5,nv,nv,0.44983858,True,nv → nv,0.057025697,0.10760942,0.078612104,0.12089329,0.05473291,0.44983858,0.13128795
HAM_0006520,ISIC_0032767,nv,histo,65.0,male,back,data/raw/HAM10000_images_part_2/ISIC_0032767.jpg,test,5,5,nv,nv,0.34753874,True,nv → nv,0.07627231,0.12707178,0.10578892,0.07364693,0.19120851,0.34753874,0.07847277
HAM_0006520,ISIC_0033503,nv,histo,65.0,male,back,data/raw/HAM10000_images_part_2/ISIC_0033503.jpg,test,5,5,nv,nv,0.46819425,True,nv → nv,0.048555896,0.04105116,0.085703336,0.048968516,0.2656835,0.46819425,0.041843344
HAM_0006520,ISIC_0033795,nv,histo,65.0,male,back,data/raw/HAM10000_images_part_2/ISIC_0033795.jpg,test,5,5,nv,nv,0.51884514,True,nv → nv,0.03096852,0.019485038,0.07683163,0.038503774,0.28296685,0.51884514,0.032398988
HAM_0005942,ISIC_0032679,nv,histo,60.0,unknown,foot,data/raw/HAM10000_images_part_2/ISIC_0032679.jpg,test,5,5,nv,nv,0.43711638,True,nv → nv,0.07445196,0.075889364,0.14545523,0.21944474,0.018223573,0.43711638,0.029418685
HAM_0005942,ISIC_0032529,nv,histo,60.0,unknown,foot,data/raw/HAM10000_images_part_2/ISIC_0032529.jpg,test,5,3,nv,df,0.3247341,False,nv → df,0.03656553,0.15371129,0.05416674,0.3247341,0.0060647745,0.24291648,0.18184097
HAM_0005942,ISIC_0033119,nv,histo,60.0,unknown,foot,data/raw/HAM10000_images_part_2/ISIC_0033119.jpg,test,5,5,nv,nv,0.57170385,True,nv → nv,0.016126571,0.034746695,0.03647978,0.19393016,0.0060102325,0.57170385,0.14100267
HAM_0005248,ISIC_0032902,nv,histo,45.0,female,upper extremity,data/raw/HAM10000_images_part_2/ISIC_0032902.jpg,test,5,5,nv,nv,0.73574704,True,nv → nv,0.015937326,0.0119777,0.056027822,0.041582234,0.111518875,0.73574704,0.027208988
HAM_0005248,ISIC_0032948,nv,histo,45.0,female,upper extremity,data/raw/HAM10000_images_part_2/ISIC_0032948.jpg,test,5,5,nv,nv,0.5129264,True,nv → nv,0.022613876,0.013454474,0.0832383,0.031830218,0.30694097,0.5129264,0.028995698
HAM_0005248,ISIC_0034264,nv,histo,45.0,female,upper extremity,data/raw/HAM10000_images_part_2/ISIC_0034264.jpg,test,5,5,nv,nv,0.70729494,True,nv → nv,0.0198304,0.015986351,0.08263043,0.058807574,0.079631716,0.70729494,0.035818607
HAM_0005539,ISIC_0033296,nv,histo,30.0,female,lower extremity,data/raw/HAM10000_images_part_2/ISIC_0033296.jpg,test,5,5,nv,nv,0.6342601,True,nv → nv,0.017527018,0.0072297994,0.040096212,0.0256929,0.24090041,0.6342601,0.034293614
HAM_0005539,ISIC_0033838,nv,histo,30.0,female,lower extremity,data/raw/HAM10000_images_part_2/ISIC_0033838.jpg,test,5,5,nv,nv,0.7767045,True,nv → nv,0.016310845,0.006633619,0.03960011,0.034863424,0.09874073,0.7767045,0.027146747
HAM_0005539,ISIC_0033409,nv,histo,30.0,female,lower extremity,data/raw/HAM10000_images_part_2/ISIC_0033409.jpg,test,5,5,nv,nv,0.8134219,True,nv → nv,0.016811946,0.009587917,0.046771068,0.053140603,0.036497183,0.8134219,0.02376933
HAM_0002721,ISIC_0032585,nv,histo,25.0,male,abdomen,data/raw/HAM10000_images_part_2/ISIC_0032585.jpg,test,5,5,nv,nv,0.82958585,True,nv → nv,0.01727183,0.012955308,0.021205984,0.057818033,0.017759766,0.82958585,0.04340327
HAM_0002721,ISIC_0032899,nv,histo,25.0,male,abdomen,data/raw/HAM10000_images_part_2/ISIC_0032899.jpg,test,5,5,nv,nv,0.8399676,True,nv → nv,0.010024542,0.010062303,0.016782278,0.05875457,0.011198584,0.8399676,0.053210095
HAM_0002721,ISIC_0034157,nv,histo,25.0,male,abdomen,data/raw/HAM10000_images_part_2/ISIC_0034157.jpg,test,5,5,nv,nv,0.7769725,True,nv → nv,0.014940528,0.014757935,0.033679303,0.092305735,0.012372923,0.7769725,0.054971132
HAM_0002878,ISIC_0033984,nv,histo,45.0,female,back,data/raw/HAM10000_images_part_2/ISIC_0033984.jpg,test,5,5,nv,nv,0.42288506,True,nv → nv,0.03872124,0.018813659,0.10294431,0.035524335,0.351753,0.42288506,0.029358316
HAM_0002878,ISIC_0032640,nv,histo,45.0,female,back,data/raw/HAM10000_images_part_2/ISIC_0032640.jpg,test,5,4,nv,mel,0.45407182,False,nv → mel,0.02814563,0.011913018,0.06780082,0.023423163,0.45407182,0.3878044,0.02684118
HAM_0004548,ISIC_0032520,nv,histo,45.0,female,upper extremity,data/raw/HAM10000_images_part_2/ISIC_0032520.jpg,test,5,5,nv,nv,0.41073304,True,nv → nv,0.049762487,0.049173184,0.2125729,0.07288874,0.1639645,0.41073304,0.0409051
HAM_0004548,ISIC_0032832,nv,histo,45.0,female,upper extremity,data/raw/HAM10000_images_part_2/ISIC_0032832.jpg,test,5,2,nv,bkl,0.37361446,False,nv → bkl,0.058306213,0.037876494,0.37361446,0.052512728,0.20101097,0.25182408,0.024855083
HAM_0004548,ISIC_0033917,nv,histo,45.0,female,upper extremity,data/raw/HAM10000_images_part_2/ISIC_0033917.jpg,test,5,5,nv,nv,0.39970267,True,nv → nv,0.06518947,0.07498032,0.13796881,0.0819272,0.19092181,0.39970267,0.049309663
HAM_0006980,ISIC_0033992,nv,histo,25.0,female,upper extremity,data/raw/HAM10000_images_part_2/ISIC_0033992.jpg,test,5,5,nv,nv,0.3797652,True,nv → nv,0.04196877,0.029477797,0.2927685,0.059394147,0.17227946,0.3797652,0.024346137
HAM_0006980,ISIC_0033715,nv,histo,25.0,female,upper extremity,data/raw/HAM10000_images_part_2/ISIC_0033715.jpg,test,5,5,nv,nv,0.5220106,True,nv → nv,0.032062694,0.02359214,0.21084741,0.06401582,0.122860916,0.5220106,0.024610473
HAM_0006980,ISIC_0033920,nv,histo,25.0,female,upper extremity,data/raw/HAM10000_images_part_2/ISIC_0033920.jpg,test,5,5,nv,nv,0.5006567,True,nv → nv,0.047220927,0.049471844,0.17363282,0.08405271,0.10842328,0.5006567,0.036541708
HAM_0007552,ISIC_0033825,nv,histo,70.0,male,chest,data/raw/HAM10000_images_part_2/ISIC_0033825.jpg,test,5,5,nv,nv,0.45390546,True,nv → nv,0.039868888,0.031019634,0.17762798,0.058923613,0.20654054,0.45390546,0.03211378
HAM_0007552,ISIC_0033857,nv,histo,70.0,male,chest,data/raw/HAM10000_images_part_2/ISIC_0033857.jpg,test,5,2,nv,bkl,0.29232025,False,nv → bkl,0.14588453,0.10386097,0.29232025,0.06499294,0.23937713,0.124170385,0.029393828
HAM_0007552,ISIC_0032731,nv,histo,70.0,male,chest,data/raw/HAM10000_images_part_2/ISIC_0032731.jpg,test,5,5,nv,nv,0.26002574,True,nv → nv,0.091025025,0.07646376,0.22877291,0.0651843,0.23433559,0.26002574,0.044192728
HAM_0005135,ISIC_0032989,nv,histo,15.0,male,back,data/raw/HAM10000_images_part_2/ISIC_0032989.jpg,test,5,5,nv,nv,0.4705879,True,nv → nv,0.03420744,0.024724256,0.07404716,0.037642792,0.3115421,0.4705879,0.0472484
HAM_0005135,ISIC_0033618,nv,histo,15.0,male,back,data/raw/HAM10000_images_part_2/ISIC_0033618.jpg,test,5,5,nv,nv,0.41984126,True,nv → nv,0.051701646,0.04389448,0.11793736,0.054112885,0.2638203,0.41984126,0.04869208
HAM_0005135,ISIC_0033016,nv,histo,15.0,male,back,data/raw/HAM10000_images_part_2/ISIC_0033016.jpg,test,5,5,nv,nv,0.28178132,True,nv → nv,0.09415025,0.11177532,0.1785051,0.073724546,0.20297164,0.28178132,0.05709188
HAM_0005433,ISIC_0033906,nv,histo,55.0,female,trunk,data/raw/HAM10000_images_part_2/ISIC_0033906.jpg,test,5,5,nv,nv,0.56996185,True,nv → nv,0.016103506,0.0074971244,0.092249416,0.028536275,0.2683146,0.56996185,0.01733728
HAM_0005433,ISIC_0033298,nv,histo,55.0,female,trunk,data/raw/HAM10000_images_part_2/ISIC_0033298.jpg,test,5,5,nv,nv,0.65755826,True,nv → nv,0.020752503,0.014289791,0.08117757,0.041784786,0.1559742,0.65755826,0.028462866
HAM_0005433,ISIC_0034210,nv,histo,55.0,female,trunk,data/raw/HAM10000_images_part_2/ISIC_0034210.jpg,test,5,5,nv,nv,0.61329395,True,nv → nv,0.017144965,0.009601081,0.121931076,0.03789768,0.18186039,0.61329395,0.018270886
HAM_0007306,ISIC_0026810,nv,histo,30.0,male,back,data/raw/HAM10000_images_part_1/ISIC_0026810.jpg,test,5,5,nv,nv,0.3934718,True,nv → nv,0.058442593,0.16661413,0.091835104,0.086009465,0.12556198,0.3934718,0.07806489
HAM_0003259,ISIC_0033641,nv,histo,40.0,male,lower extremity,data/raw/HAM10000_images_part_2/ISIC_0033641.jpg,test,5,5,nv,nv,0.8383056,True,nv → nv,0.014279688,0.008681937,0.037959117,0.053537987,0.023771228,0.8383056,0.023464413
HAM_0003259,ISIC_0033527,nv,histo,40.0,male,lower extremity,data/raw/HAM10000_images_part_2/ISIC_0033527.jpg,test,5,5,nv,nv,0.8488361,True,nv → nv,0.008259465,0.007184767,0.023415232,0.061753318,0.0105301095,0.8488361,0.04002089
HAM_0003259,ISIC_0032895,nv,histo,40.0,male,lower extremity,data/raw/HAM10000_images_part_2/ISIC_0032895.jpg,test,5,5,nv,nv,0.7813998,True,nv → nv,0.019563276,0.012798424,0.05932045,0.06009337,0.040126614,0.7813998,0.02669812
HAM_0003512,ISIC_0034300,nv,histo,35.0,male,back,data/raw/HAM10000_images_part_2/ISIC_0034300.jpg,test,5,5,nv,nv,0.65529317,True,nv → nv,0.03580828,0.029784724,0.0718279,0.067444354,0.08911174,0.65529317,0.05072975
HAM_0003512,ISIC_0033155,nv,histo,35.0,male,back,data/raw/HAM10000_images_part_2/ISIC_0033155.jpg,test,5,5,nv,nv,0.61865306,True,nv → nv,0.051373474,0.044437643,0.077155516,0.08550072,0.06702759,0.61865306,0.05585204
HAM_0003512,ISIC_0032609,nv,histo,35.0,male,back,data/raw/HAM10000_images_part_2/ISIC_0032609.jpg,test,5,5,nv,nv,0.709255,True,nv → nv,0.032425936,0.02467109,0.07080527,0.07122109,0.05626528,0.709255,0.035356324
HAM_0001808,ISIC_0033318,nv,histo,35.0,female,back,data/raw/HAM10000_images_part_2/ISIC_0033318.jpg,test,5,5,nv,nv,0.5490346,True,nv → nv,0.029903032,0.013580036,0.09255753,0.03847576,0.24694896,0.5490346,0.029500127
HAM_0001808,ISIC_0032615,nv,histo,35.0,female,back,data/raw/HAM10000_images_part_2/ISIC_0032615.jpg,test,5,4,nv,mel,0.43894663,False,nv → mel,0.023624761,0.009834675,0.061831858,0.02124756,0.43894663,0.41957957,0.024934994
HAM_0001808,ISIC_0033862,nv,histo,35.0,female,back,data/raw/HAM10000_images_part_2/ISIC_0033862.jpg,test,5,5,nv,nv,0.5214866,True,nv → nv,0.029259853,0.0151246125,0.07393134,0.03480634,0.28779182,0.5214866,0.037599385
HAM_0007510,ISIC_0025587,nv,histo,20.0,female,lower extremity,data/raw/HAM10000_images_part_1/ISIC_0025587.jpg,test,5,5,nv,nv,0.46433914,True,nv → nv,0.029814368,0.12840894,0.055364106,0.083512075,0.08863495,0.46433914,0.14992638
HAM_0001912,ISIC_0033145,nv,histo,40.0,female,lower extremity,data/raw/HAM10000_images_part_2/ISIC_0033145.jpg,test,5,5,nv,nv,0.571523,True,nv → nv,0.022608042,0.07760491,0.05547429,0.09486198,0.05788816,0.571523,0.12003968
HAM_0001912,ISIC_0033799,nv,histo,40.0,female,lower extremity,data/raw/HAM10000_images_part_2/ISIC_0033799.jpg,test,5,5,nv,nv,0.63906586,True,nv → nv,0.017085994,0.051352095,0.05395732,0.065818086,0.09058857,0.63906586,0.08213206
HAM_0001511,ISIC_0034060,nv,histo,30.0,female,back,data/raw/HAM10000_images_part_2/ISIC_0034060.jpg,test,5,5,nv,nv,0.48068556,True,nv → nv,0.04507162,0.0328775,0.10763553,0.05124846,0.24226756,0.48068556,0.0402138
HAM_0001511,ISIC_0033002,nv,histo,30.0,female,back,data/raw/HAM10000_images_part_2/ISIC_0033002.jpg,test,5,5,nv,nv,0.42448604,True,nv → nv,0.05776273,0.050129555,0.13428527,0.061114024,0.22391316,0.42448604,0.04830928
HAM_0001511,ISIC_0033683,nv,histo,30.0,female,back,data/raw/HAM10000_images_part_2/ISIC_0033683.jpg,test,5,5,nv,nv,0.45395243,True,nv → nv,0.027441144,0.01356229,0.06853361,0.027435489,0.3794782,0.45395243,0.029596914
HAM_0001824,ISIC_0033121,nv,histo,55.0,male,lower extremity,data/raw/HAM10000_images_part_2/ISIC_0033121.jpg,test,5,5,nv,nv,0.63667214,True,nv → nv,0.034949917,0.02647979,0.06587791,0.057112124,0.12449517,0.63667214,0.05441295
HAM_0001824,ISIC_0034158,nv,histo,55.0,male,lower extremity,data/raw/HAM10000_images_part_2/ISIC_0034158.jpg,test,5,5,nv,nv,0.80436003,True,nv → nv,0.022813128,0.010897536,0.027777955,0.048169818,0.04409498,0.80436003,0.04188655
HAM_0001824,ISIC_0033213,nv,histo,55.0,male,lower extremity,data/raw/HAM10000_images_part_2/ISIC_0033213.jpg,test,5,5,nv,nv,0.3138698,True,nv → nv,0.08344244,0.065093115,0.15432188,0.057730626,0.27508387,0.3138698,0.050458293
HAM_0007367,ISIC_0032705,nv,histo,5.0,male,trunk,data/raw/HAM10000_images_part_2/ISIC_0032705.jpg,test,5,5,nv,nv,0.5304905,True,nv → nv,0.019235339,0.011725015,0.03754021,0.022953028,0.32390285,0.5304905,0.054153044
HAM_0007367,ISIC_0034198,nv,histo,5.0,male,trunk,data/raw/HAM10000_images_part_2/ISIC_0034198.jpg,test,5,5,nv,nv,0.66956884,True,nv → nv,0.025585445,0.015687667,0.03984528,0.039678812,0.14490826,0.66956884,0.064725704
HAM_0007367,ISIC_0033658,nv,histo,5.0,male,trunk,data/raw/HAM10000_images_part_2/ISIC_0033658.jpg,test,5,5,nv,nv,0.43502572,True,nv → nv,0.02204437,0.014276181,0.050789982,0.02142724,0.40678167,0.43502572,0.049654935
HAM_0007367,ISIC_0033046,nv,histo,5.0,male,trunk,data/raw/HAM10000_images_part_2/ISIC_0033046.jpg,test,5,5,nv,nv,0.71698385,True,nv → nv,0.014807468,0.01552555,0.031078253,0.056624793,0.051858153,0.71698385,0.11312189
HAM_0007367,ISIC_0032689,nv,histo,5.0,male,trunk,data/raw/HAM10000_images_part_2/ISIC_0032689.jpg,test,5,5,nv,nv,0.60834587,True,nv → nv,0.019332288,0.02258685,0.054719903,0.06639083,0.09957957,0.60834587,0.12904468
HAM_0002367,ISIC_0033150,nv,histo,60.0,male,abdomen,data/raw/HAM10000_images_part_2/ISIC_0033150.jpg,test,5,5,nv,nv,0.5216915,True,nv → nv,0.03324123,0.019373104,0.1071859,0.042919617,0.24667715,0.5216915,0.028911456
HAM_0002367,ISIC_0033698,nv,histo,60.0,male,abdomen,data/raw/HAM10000_images_part_2/ISIC_0033698.jpg,test,5,5,nv,nv,0.54576993,True,nv → nv,0.025075499,0.0112328585,0.091076985,0.034200344,0.2685711,0.54576993,0.024073219
HAM_0002367,ISIC_0034240,nv,histo,60.0,male,abdomen,data/raw/HAM10000_images_part_2/ISIC_0034240.jpg,test,5,5,nv,nv,0.5491359,True,nv → nv,0.04118425,0.02627551,0.07884084,0.050811056,0.20500606,0.5491359,0.04874637
HAM_0002582,ISIC_0033665,nv,histo,50.0,male,abdomen,data/raw/HAM10000_images_part_2/ISIC_0033665.jpg,test,5,5,nv,nv,0.41680643,True,nv → nv,0.036905948,0.018366497,0.09998752,0.03376611,0.36405188,0.41680643,0.030115625
HAM_0002582,ISIC_0032813,nv,histo,50.0,male,abdomen,data/raw/HAM10000_images_part_2/ISIC_0032813.jpg,test,5,4,nv,mel,0.4282471,False,nv → mel,0.027705813,0.013331142,0.06647763,0.024186512,0.4282471,0.4090537,0.030998066
HAM_0007348,ISIC_0033128,nv,histo,50.0,female,lower extremity,data/raw/HAM10000_images_part_2/ISIC_0033128.jpg,test,5,5,nv,nv,0.62069404,True,nv → nv,0.02222653,0.013187844,0.051872578,0.034139402,0.22313453,0.62069404,0.0347451
HAM_0007348,ISIC_0033115,nv,histo,50.0,female,lower extremity,data/raw/HAM10000_images_part_2/ISIC_0033115.jpg,test,5,5,nv,nv,0.5803267,True,nv → nv,0.038484413,0.027206536,0.09736668,0.05585272,0.16290896,0.5803267,0.037854023
HAM_0007348,ISIC_0032625,nv,histo,50.0,female,lower extremity,data/raw/HAM10000_images_part_2/ISIC_0032625.jpg,test,5,5,nv,nv,0.6208364,True,nv → nv,0.014616541,0.0061120884,0.07116342,0.027133211,0.2417483,0.6208364,0.018390108
HAM_0002208,ISIC_0033940,nv,histo,20.0,female,lower extremity,data/raw/HAM10000_images_part_2/ISIC_0033940.jpg,test,5,5,nv,nv,0.6324028,True,nv → nv,0.027255734,0.017390221,0.117224075,0.05647964,0.121152535,0.6324028,0.028094972
HAM_0002208,ISIC_0033818,nv,histo,20.0,female,lower extremity,data/raw/HAM10000_images_part_2/ISIC_0033818.jpg,test,5,5,nv,nv,0.66964525,True,nv → nv,0.029435532,0.03388546,0.06922511,0.07613554,0.06218092,0.66964525,0.059492197
HAM_0002208,ISIC_0034029,nv,histo,20.0,female,lower extremity,data/raw/HAM10000_images_part_2/ISIC_0034029.jpg,test,5,5,nv,nv,0.5899255,True,nv → nv,0.038323782,0.037474833,0.103000976,0.06853,0.12010955,0.5899255,0.042635337
HAM_0006118,ISIC_0026429,nv,histo,65.0,male,back,data/raw/HAM10000_images_part_1/ISIC_0026429.jpg,test,5,2,nv,bkl,0.32537165,False,nv → bkl,0.263058,0.19367984,0.32537165,0.12388036,0.03755732,0.04427895,0.012173844
HAM_0002170,ISIC_0034237,nv,histo,40.0,male,lower extremity,data/raw/HAM10000_images_part_2/ISIC_0034237.jpg,test,5,5,nv,nv,0.51745063,True,nv → nv,0.028948868,0.018639293,0.09272791,0.040100504,0.272224,0.51745063,0.02990877
HAM_0002170,ISIC_0034032,nv,histo,40.0,male,lower extremity,data/raw/HAM10000_images_part_2/ISIC_0034032.jpg,test,5,5,nv,nv,0.59000015,True,nv → nv,0.020363983,0.012069332,0.10279911,0.03783536,0.21686324,0.59000015,0.02006881
HAM_0002170,ISIC_0033075,nv,histo,40.0,male,lower extremity,data/raw/HAM10000_images_part_2/ISIC_0033075.jpg,test,5,5,nv,nv,0.71136785,True,nv → nv,0.019616252,0.012243625,0.07375625,0.04417434,0.11095707,0.71136785,0.027884683
HAM_0003424,ISIC_0033451,nv,histo,45.0,male,back,data/raw/HAM10000_images_part_2/ISIC_0033451.jpg,test,5,4,nv,mel,0.5946005,False,nv → mel,0.03331012,0.0064236238,0.20239432,0.012536053,0.5946005,0.1434931,0.007242383
HAM_0003424,ISIC_0033552,nv,histo,45.0,male,back,data/raw/HAM10000_images_part_2/ISIC_0033552.jpg,test,5,5,nv,nv,0.45226136,True,nv → nv,0.023074353,0.007917784,0.15340532,0.028849648,0.3195178,0.45226136,0.014973653
HAM_0003424,ISIC_0034310,nv,histo,45.0,male,back,data/raw/HAM10000_images_part_2/ISIC_0034310.jpg,test,5,4,nv,mel,0.38700792,False,nv → mel,0.023577394,0.0055180397,0.26820016,0.020715456,0.38700792,0.28701708,0.007963902
HAM_0006121,ISIC_0034244,nv,histo,20.0,female,chest,data/raw/HAM10000_images_part_2/ISIC_0034244.jpg,test,5,5,nv,nv,0.63654464,True,nv → nv,0.03083348,0.026821658,0.07120166,0.054093976,0.13919762,0.63654464,0.041306973
HAM_0006121,ISIC_0032855,nv,histo,20.0,female,chest,data/raw/HAM10000_images_part_2/ISIC_0032855.jpg,test,5,5,nv,nv,0.55226153,True,nv → nv,0.040202238,0.046012316,0.105846465,0.08850439,0.09179631,0.55226153,0.07537681
HAM_0006121,ISIC_0032792,nv,histo,20.0,female,chest,data/raw/HAM10000_images_part_2/ISIC_0032792.jpg,test,5,5,nv,nv,0.58562523,True,nv → nv,0.021669766,0.015413914,0.10964755,0.04319701,0.19831358,0.58562523,0.026133003
HAM_0000578,ISIC_0033288,nv,histo,30.0,female,back,data/raw/HAM10000_images_part_2/ISIC_0033288.jpg,test,5,5,nv,nv,0.4791773,True,nv → nv,0.04750866,0.037980672,0.12095081,0.058977384,0.2135382,0.4791773,0.04186702
HAM_0000578,ISIC_0033087,nv,histo,30.0,female,back,data/raw/HAM10000_images_part_2/ISIC_0033087.jpg,test,5,5,nv,nv,0.6675665,True,nv → nv,0.030305024,0.0178333,0.074974775,0.052897386,0.12210391,0.6675665,0.03431913
HAM_0001872,ISIC_0031290,nv,histo,60.0,female,lower extremity,data/raw/HAM10000_images_part_2/ISIC_0031290.jpg,test,5,5,nv,nv,0.6016159,True,nv → nv,0.021686012,0.010155968,0.12879817,0.04184196,0.17669488,0.6016159,0.019207047
HAM_0007519,ISIC_0032865,nv,histo,35.0,female,upper extremity,data/raw/HAM10000_images_part_2/ISIC_0032865.jpg,test,5,5,nv,nv,0.7601281,True,nv → nv,0.018113822,0.019647265,0.04810518,0.06718307,0.037592247,0.7601281,0.04923034
HAM_0007519,ISIC_0033726,nv,histo,35.0,female,upper extremity,data/raw/HAM10000_images_part_2/ISIC_0033726.jpg,test,5,5,nv,nv,0.76174206,True,nv → nv,0.017654514,0.013957161,0.056900542,0.050576072,0.06953295,0.76174206,0.029636746
HAM_0004149,ISIC_0033880,nv,histo,45.0,female,foot,data/raw/HAM10000_images_part_2/ISIC_0033880.jpg,test,5,5,nv,nv,0.751805,True,nv → nv,0.012444649,0.016427865,0.035701346,0.09694739,0.011676832,0.751805,0.0749969
HAM_0004149,ISIC_0033994,nv,histo,45.0,female,foot,data/raw/HAM10000_images_part_2/ISIC_0033994.jpg,test,5,5,nv,nv,0.6845338,True,nv → nv,0.030383758,0.03368911,0.07333764,0.091914795,0.035939917,0.6845338,0.050201032
HAM_0004149,ISIC_0032755,nv,histo,45.0,female,foot,data/raw/HAM10000_images_part_2/ISIC_0032755.jpg,test,5,5,nv,nv,0.74214447,True,nv → nv,0.006026357,0.009870942,0.016656596,0.09714512,0.0051362026,0.74214447,0.123020306
HAM_0005052,ISIC_0033724,nv,histo,35.0,male,lower extremity,data/raw/HAM10000_images_part_2/ISIC_0033724.jpg,test,5,5,nv,nv,0.61585665,True,nv → nv,0.009709366,0.027049627,0.02651907,0.11093179,0.013431951,0.61585665,0.19650148
HAM_0005052,ISIC_0033786,nv,histo,35.0,male,lower extremity,data/raw/HAM10000_images_part_2/ISIC_0033786.jpg,test,5,5,nv,nv,0.70582074,True,nv → nv,0.009718761,0.028516635,0.024509545,0.08687733,0.016524328,0.70582074,0.12803267
HAM_0003969,ISIC_0033564,nv,histo,15.0,female,chest,data/raw/HAM10000_images_part_2/ISIC_0033564.jpg,test,5,5,nv,nv,0.51118857,True,nv → nv,0.01614332,0.005968832,0.08696759,0.022992365,0.34174746,0.51118857,0.01499189
HAM_0003969,ISIC_0032627,nv,histo,15.0,female,chest,data/raw/HAM10000_images_part_2/ISIC_0032627.jpg,test,5,5,nv,nv,0.65980804,True,nv → nv,0.04384356,0.018768834,0.05227878,0.05128018,0.11466834,0.65980804,0.059352275
HAM_0005209,ISIC_0033532,nv,histo,45.0,female,back,data/raw/HAM10000_images_part_2/ISIC_0033532.jpg,test,5,5,nv,nv,0.83685935,True,nv → nv,0.015956687,0.010095773,0.03155713,0.05564306,0.022076784,0.83685935,0.027811218
HAM_0005209,ISIC_0032713,nv,histo,45.0,female,back,data/raw/HAM10000_images_part_2/ISIC_0032713.jpg,test,5,5,nv,nv,0.60833836,True,nv → nv,0.039593842,0.044985026,0.08845762,0.10991445,0.044193108,0.60833836,0.064517654
HAM_0002325,ISIC_0033021,nv,histo,45.0,male,abdomen,data/raw/HAM10000_images_part_2/ISIC_0033021.jpg,test,5,5,nv,nv,0.79374945,True,nv → nv,0.021547522,0.008835226,0.0331074,0.042596433,0.06720215,0.79374945,0.03296177
HAM_0002325,ISIC_0033835,nv,histo,45.0,male,abdomen,data/raw/HAM10000_images_part_2/ISIC_0033835.jpg,test,5,5,nv,nv,0.81494045,True,nv → nv,0.017243572,0.008429948,0.0377718,0.04448945,0.050432775,0.81494045,0.026691986
HAM_0004586,ISIC_0033329,nv,consensus,55.0,male,unknown,data/raw/HAM10000_images_part_2/ISIC_0033329.jpg,test,5,4,nv,mel,0.3451832,False,nv → mel,0.0963253,0.06446882,0.14565398,0.049370736,0.3451832,0.2532437,0.045754258
HAM_0004587,ISIC_0034181,nv,consensus,55.0,male,unknown,data/raw/HAM10000_images_part_2/ISIC_0034181.jpg,test,5,5,nv,nv,0.6745088,True,nv → nv,0.026656384,0.022649078,0.06162275,0.051586796,0.122739606,0.6745088,0.04023661
HAM_0003699,ISIC_0027397,nv,histo,60.0,male,back,data/raw/HAM10000_images_part_1/ISIC_0027397.jpg,test,5,1,nv,bcc,0.3117425,False,nv → bcc,0.28556952,0.3117425,0.21762991,0.09323475,0.052034482,0.025595717,0.0141930645
HAM_0003310,ISIC_0034217,nv,histo,60.0,male,abdomen,data/raw/HAM10000_images_part_2/ISIC_0034217.jpg,test,5,5,nv,nv,0.8608435,True,nv → nv,0.014317265,0.008170637,0.02039902,0.048679247,0.017678821,0.8608435,0.029911542
HAM_0003310,ISIC_0032952,nv,histo,60.0,male,abdomen,data/raw/HAM10000_images_part_2/ISIC_0032952.jpg,test,5,5,nv,nv,0.8291687,True,nv → nv,0.01894901,0.01128206,0.029430516,0.05734702,0.021418083,0.8291687,0.032404725
HAM_0001948,ISIC_0033993,nv,histo,35.0,male,foot,data/raw/HAM10000_images_part_2/ISIC_0033993.jpg,test,5,5,nv,nv,0.6437785,True,nv → nv,0.022863796,0.02391414,0.07494429,0.054052077,0.13426395,0.6437785,0.046183273
HAM_0001948,ISIC_0032926,nv,histo,35.0,male,foot,data/raw/HAM10000_images_part_2/ISIC_0032926.jpg,test,5,5,nv,nv,0.5585346,True,nv → nv,0.025787208,0.021480966,0.09074725,0.043231104,0.22810274,0.5585346,0.032116108
HAM_0001948,ISIC_0033049,nv,histo,35.0,male,foot,data/raw/HAM10000_images_part_2/ISIC_0033049.jpg,test,5,5,nv,nv,0.6069588,True,nv → nv,0.022162825,0.017795196,0.08946538,0.043413706,0.19134274,0.6069588,0.028861366
HAM_0006478,ISIC_0025210,nv,histo,45.0,male,back,data/raw/HAM10000_images_part_1/ISIC_0025210.jpg,test,5,5,nv,nv,0.45770332,True,nv → nv,0.041872278,0.055244766,0.19841498,0.078548945,0.1332293,0.45770332,0.034986496
HAM_0006478,ISIC_0026372,nv,histo,45.0,male,back,data/raw/HAM10000_images_part_1/ISIC_0026372.jpg,test,5,5,nv,nv,0.42309418,True,nv → nv,0.04465971,0.051184684,0.2299929,0.076156504,0.14172877,0.42309418,0.033183295
HAM_0007164,ISIC_0025972,nv,histo,75.0,male,trunk,data/raw/HAM10000_images_part_1/ISIC_0025972.jpg,test,5,4,nv,mel,0.29120088,False,nv → mel,0.084468536,0.050610147,0.24921055,0.05409939,0.29120088,0.24019879,0.030211737
HAM_0001269,ISIC_0027582,nv,histo,40.0,female,trunk,data/raw/HAM10000_images_part_1/ISIC_0027582.jpg,test,5,5,nv,nv,0.4291067,True,nv → nv,0.050635148,0.050059836,0.1887188,0.07226205,0.17170615,0.4291067,0.037511315
HAM_0000231,ISIC_0024608,nv,histo,55.0,male,lower extremity,data/raw/HAM10000_images_part_1/ISIC_0024608.jpg,test,5,5,nv,nv,0.4755226,True,nv → nv,0.018220292,0.0083979685,0.05790143,0.021035956,0.39398384,0.4755226,0.0249378
HAM_0000626,ISIC_0025267,nv,histo,35.0,female,foot,data/raw/HAM10000_images_part_1/ISIC_0025267.jpg,test,5,5,nv,nv,0.8613249,True,nv → nv,0.013217029,0.006080749,0.025004689,0.04238977,0.026054788,0.8613249,0.025928069
HAM_0000626,ISIC_0029581,nv,histo,35.0,female,foot,data/raw/HAM10000_images_part_2/ISIC_0029581.jpg,test,5,5,nv,nv,0.5347859,True,nv → nv,0.026509456,0.013967834,0.122695036,0.040890124,0.24057603,0.5347859,0.020575518
HAM_0001450,ISIC_0030771,nv,histo,45.0,male,lower extremity,data/raw/HAM10000_images_part_2/ISIC_0030771.jpg,test,5,2,nv,bkl,0.5100463,False,nv → bkl,0.043408077,0.014033382,0.5100463,0.022666182,0.27883312,0.12184392,0.009169047
HAM_0001612,ISIC_0025618,nv,histo,30.0,female,foot,data/raw/HAM10000_images_part_1/ISIC_0025618.jpg,test,5,5,nv,nv,0.65589154,True,nv → nv,0.02124193,0.022842681,0.11082908,0.06481083,0.090052605,0.65589154,0.03433132
HAM_0007195,ISIC_0031923,nv,histo,40.0,female,lower extremity,data/raw/HAM10000_images_part_2/ISIC_0031923.jpg,test,5,5,nv,nv,0.29623076,True,nv → nv,0.07989654,0.21486273,0.1125045,0.13795662,0.058768056,0.29623076,0.09978084
HAM_0000231,ISIC_0030841,nv,histo,55.0,male,lower extremity,data/raw/HAM10000_images_part_2/ISIC_0030841.jpg,test,5,4,nv,mel,0.43143216,False,nv → mel,0.021175709,0.009563761,0.06403589,0.021186488,0.43143216,0.4260276,0.026578331
HAM_0005428,ISIC_0031654,nv,histo,15.0,female,trunk,data/raw/HAM10000_images_part_2/ISIC_0031654.jpg,test,5,5,nv,nv,0.45787334,True,nv → nv,0.05289218,0.068054125,0.14145659,0.07755448,0.15864518,0.45787334,0.043524045
HAM_0004919,ISIC_0025226,nv,histo,40.0,male,upper extremity,data/raw/HAM10000_images_part_1/ISIC_0025226.jpg,test,5,5,nv,nv,0.5876618,True,nv → nv,0.031970892,0.049655963,0.090652235,0.06567199,0.13395084,0.5876618,0.040436294
HAM_0005902,ISIC_0027285,nv,histo,40.0,female,foot,data/raw/HAM10000_images_part_1/ISIC_0027285.jpg,test,5,5,nv,nv,0.384451,True,nv → nv,0.06042288,0.08246613,0.23481993,0.12654656,0.071301684,0.384451,0.039991815
HAM_0001637,ISIC_0031521,nv,histo,35.0,male,chest,data/raw/HAM10000_images_part_2/ISIC_0031521.jpg,test,5,5,nv,nv,0.46506232,True,nv → nv,0.04336469,0.031290725,0.15073256,0.057061106,0.22169612,0.46506232,0.030792464
HAM_0005840,ISIC_0030773,nv,histo,45.0,female,chest,data/raw/HAM10000_images_part_2/ISIC_0030773.jpg,test,5,5,nv,nv,0.52194023,True,nv → nv,0.03794696,0.02924112,0.094239935,0.05161228,0.22733888,0.52194023,0.037680574
HAM_0005840,ISIC_0028692,nv,histo,45.0,female,chest,data/raw/HAM10000_images_part_1/ISIC_0028692.jpg,test,5,5,nv,nv,0.56583196,True,nv → nv,0.039545763,0.0376115,0.09197363,0.05986913,0.1664569,0.56583196,0.038711086
HAM_0005840,ISIC_0032260,nv,histo,45.0,female,chest,data/raw/HAM10000_images_part_2/ISIC_0032260.jpg,test,5,5,nv,nv,0.5578286,True,nv → nv,0.03259312,0.019535381,0.08444452,0.043308116,0.23460782,0.5578286,0.027682396
HAM_0006363,ISIC_0024936,nv,histo,25.0,male,abdomen,data/raw/HAM10000_images_part_1/ISIC_0024936.jpg,test,5,5,nv,nv,0.73573166,True,nv → nv,0.024890749,0.016976185,0.044692107,0.052278537,0.07461737,0.73573166,0.05081341
HAM_0006364,ISIC_0029027,nv,histo,30.0,female,back,data/raw/HAM10000_images_part_1/ISIC_0029027.jpg,test,5,5,nv,nv,0.4568675,True,nv → nv,0.045475528,0.14156443,0.07871181,0.07940922,0.122483365,0.4568675,0.07548815
HAM_0000032,ISIC_0032291,nv,histo,60.0,male,abdomen,data/raw/HAM10000_images_part_2/ISIC_0032291.jpg,test,5,5,nv,nv,0.7048237,True,nv → nv,0.029977694,0.02856799,0.08423255,0.096054725,0.02237523,0.7048237,0.033968102
HAM_0001236,ISIC_0030615,nv,histo,60.0,male,back,data/raw/HAM10000_images_part_2/ISIC_0030615.jpg,test,5,2,nv,bkl,0.21605016,False,nv → bkl,0.1269005,0.18394598,0.21605016,0.11655447,0.11716844,0.2073031,0.03207739
HAM_0002031,ISIC_0027925,nv,histo,30.0,male,back,data/raw/HAM10000_images_part_1/ISIC_0027925.jpg,test,5,2,nv,bkl,0.34511372,False,nv → bkl,0.04498713,0.027322346,0.34511372,0.04962541,0.20863731,0.30438557,0.019928535
HAM_0002031,ISIC_0031917,nv,histo,30.0,male,back,data/raw/HAM10000_images_part_2/ISIC_0031917.jpg,test,5,2,nv,bkl,0.35162172,False,nv → bkl,0.049110066,0.026857238,0.35162172,0.045681793,0.23330206,0.273721,0.019706083
HAM_0003276,ISIC_0024975,nv,histo,35.0,female,trunk,data/raw/HAM10000_images_part_1/ISIC_0024975.jpg,test,5,4,nv,mel,0.37516025,False,nv → mel,0.05294525,0.029637944,0.14833039,0.038620003,0.37516025,0.32254532,0.032760825
HAM_0003276,ISIC_0025782,nv,histo,35.0,female,trunk,data/raw/HAM10000_images_part_1/ISIC_0025782.jpg,test,5,4,nv,mel,0.4216164,False,nv → mel,0.059617266,0.029849159,0.1525025,0.03482114,0.4216164,0.27088118,0.03071238
HAM_0001872,ISIC_0029188,nv,histo,60.0,female,lower extremity,data/raw/HAM10000_images_part_1/ISIC_0029188.jpg,test,5,5,nv,nv,0.704338,True,nv → nv,0.020382406,0.009283392,0.06949825,0.04040983,0.13142397,0.704338,0.024664147
HAM_0001872,ISIC_0027800,nv,histo,60.0,female,lower extremity,data/raw/HAM10000_images_part_1/ISIC_0027800.jpg,test,5,5,nv,nv,0.7337389,True,nv → nv,0.019638622,0.009322436,0.061573274,0.04175718,0.108507894,0.7337389,0.025461743
HAM_0004239,ISIC_0029450,nv,histo,75.0,female,lower extremity,data/raw/HAM10000_images_part_2/ISIC_0029450.jpg,test,5,5,nv,nv,0.8471829,True,nv → nv,0.0136634465,0.010852791,0.023534322,0.05425472,0.01799217,0.8471829,0.032519616
HAM_0004239,ISIC_0027887,nv,histo,75.0,female,lower extremity,data/raw/HAM10000_images_part_1/ISIC_0027887.jpg,test,5,5,nv,nv,0.8381801,True,nv → nv,0.014321435,0.011516237,0.026255373,0.05474961,0.021449603,0.8381801,0.03352765
HAM_0004239,ISIC_0024928,nv,histo,75.0,female,lower extremity,data/raw/HAM10000_images_part_1/ISIC_0024928.jpg,test,5,5,nv,nv,0.83440566,True,nv → nv,0.015213978,0.011944617,0.027718049,0.056025743,0.021937888,0.83440566,0.032754034
HAM_0001715,ISIC_0027208,nv,histo,30.0,female,lower extremity,data/raw/HAM10000_images_part_1/ISIC_0027208.jpg,test,5,5,nv,nv,0.8509452,True,nv → nv,0.013342038,0.007731978,0.032195404,0.0509114,0.020394841,0.8509452,0.024479141
HAM_0001715,ISIC_0032368,nv,histo,30.0,female,lower extremity,data/raw/HAM10000_images_part_2/ISIC_0032368.jpg,test,5,5,nv,nv,0.83598995,True,nv → nv,0.013783676,0.0074330517,0.040388945,0.047522593,0.032032635,0.83598995,0.022849113
HAM_0001715,ISIC_0029504,nv,histo,30.0,female,lower extremity,data/raw/HAM10000_images_part_2/ISIC_0029504.jpg,test,5,5,nv,nv,0.8484895,True,nv → nv,0.013315873,0.0076051285,0.034112543,0.05012327,0.02232943,0.8484895,0.024024189
HAM_0001297,ISIC_0030135,nv,histo,60.0,male,back,data/raw/HAM10000_images_part_2/ISIC_0030135.jpg,test,5,5,nv,nv,0.46627542,True,nv → nv,0.047218673,0.030241627,0.14561923,0.055898458,0.22091039,0.46627542,0.03383624
HAM_0001297,ISIC_0030941,nv,histo,60.0,male,back,data/raw/HAM10000_images_part_2/ISIC_0030941.jpg,test,5,5,nv,nv,0.45618325,True,nv → nv,0.047457498,0.030040486,0.147353,0.054642756,0.230602,0.45618325,0.033720978
HAM_0002547,ISIC_0024394,nv,histo,20.0,female,back,data/raw/HAM10000_images_part_1/ISIC_0024394.jpg,test,5,5,nv,nv,0.5203468,True,nv → nv,0.025430184,0.015543763,0.1454524,0.042768635,0.22606076,0.5203468,0.024397422
HAM_0002547,ISIC_0029516,nv,histo,20.0,female,back,data/raw/HAM10000_images_part_2/ISIC_0029516.jpg,test,5,5,nv,nv,0.5312937,True,nv → nv,0.023121146,0.013944986,0.15513009,0.042563062,0.21170692,0.5312937,0.022240052
HAM_0007089,ISIC_0030066,nv,histo,35.0,male,chest,data/raw/HAM10000_images_part_2/ISIC_0030066.jpg,test,5,5,nv,nv,0.42632803,True,nv → nv,0.049211867,0.04214387,0.24630237,0.07567666,0.13071355,0.42632803,0.029623702
HAM_0007340,ISIC_0028944,nv,histo,40.0,female,trunk,data/raw/HAM10000_images_part_1/ISIC_0028944.jpg,test,5,5,nv,nv,0.5618354,True,nv → nv,0.035232637,0.023125323,0.15632161,0.06268909,0.13301922,0.5618354,0.027776785
HAM_0003742,ISIC_0031631,nv,histo,20.0,female,back,data/raw/HAM10000_images_part_2/ISIC_0031631.jpg,test,5,2,nv,bkl,0.31239557,False,nv → bkl,0.09641374,0.11881357,0.31239557,0.12713017,0.082340635,0.230196,0.032710403
HAM_0003742,ISIC_0027150,nv,histo,20.0,female,back,data/raw/HAM10000_images_part_1/ISIC_0027150.jpg,test,5,2,nv,bkl,0.29919994,False,nv → bkl,0.08327113,0.10057567,0.29919994,0.122788705,0.08185366,0.27640188,0.035909034
HAM_0002979,ISIC_0030588,nv,histo,35.0,female,back,data/raw/HAM10000_images_part_2/ISIC_0030588.jpg,test,5,5,nv,nv,0.72170985,True,nv → nv,0.025144316,0.029114587,0.056788437,0.081205286,0.03297871,0.72170985,0.05305888
HAM_0002979,ISIC_0025511,nv,histo,35.0,female,back,data/raw/HAM10000_images_part_1/ISIC_0025511.jpg,test,5,5,nv,nv,0.6628122,True,nv → nv,0.026535464,0.046652228,0.059464887,0.08787302,0.04141455,0.6628122,0.0752477
HAM_0005284,ISIC_0029640,nv,histo,20.0,male,back,data/raw/HAM10000_images_part_2/ISIC_0029640.jpg,test,5,5,nv,nv,0.39359805,True,nv → nv,0.05763431,0.050722476,0.22107698,0.07283492,0.16862458,0.39359805,0.03550865
HAM_0005284,ISIC_0029724,nv,histo,20.0,male,back,data/raw/HAM10000_images_part_2/ISIC_0029724.jpg,test,5,5,nv,nv,0.3843722,True,nv → nv,0.05951663,0.052681092,0.21903305,0.0723924,0.175319,0.3843722,0.036685605
HAM_0005284,ISIC_0027707,nv,histo,20.0,male,back,data/raw/HAM10000_images_part_1/ISIC_0027707.jpg,test,5,5,nv,nv,0.36565292,True,nv → nv,0.0676652,0.0703185,0.19831084,0.07699981,0.1771584,0.36565292,0.043894317
HAM_0004007,ISIC_0031541,nv,histo,35.0,female,lower extremity,data/raw/HAM10000_images_part_2/ISIC_0031541.jpg,test,5,5,nv,nv,0.67609006,True,nv → nv,0.011080993,0.020093935,0.02377955,0.116129324,0.0084973,0.67609006,0.14432882
HAM_0004007,ISIC_0027596,nv,histo,35.0,female,lower extremity,data/raw/HAM10000_images_part_1/ISIC_0027596.jpg,test,5,5,nv,nv,0.63300556,True,nv → nv,0.0137308715,0.02743218,0.028119495,0.13107261,0.009649849,0.63300556,0.15698947
HAM_0004007,ISIC_0028960,nv,histo,35.0,female,lower extremity,data/raw/HAM10000_images_part_1/ISIC_0028960.jpg,test,5,5,nv,nv,0.6528147,True,nv → nv,0.012721329,0.024059277,0.026373236,0.12234067,0.009590063,0.6528147,0.15210068
HAM_0000188,ISIC_0027020,nv,histo,40.0,male,abdomen,data/raw/HAM10000_images_part_1/ISIC_0027020.jpg,test,5,2,nv,bkl,0.31647158,False,nv → bkl,0.050680142,0.031992413,0.31647158,0.0490705,0.23647878,0.29057595,0.024730496
HAM_0000188,ISIC_0028390,nv,histo,40.0,male,abdomen,data/raw/HAM10000_images_part_1/ISIC_0028390.jpg,test,5,5,nv,nv,0.48870888,True,nv → nv,0.032004114,0.016745914,0.19290203,0.048843328,0.1949201,0.48870888,0.025875587
HAM_0000188,ISIC_0029199,nv,histo,40.0,male,abdomen,data/raw/HAM10000_images_part_1/ISIC_0029199.jpg,test,5,2,nv,bkl,0.69679636,False,nv → bkl,0.018662345,0.004421346,0.69679636,0.013361346,0.1739371,0.08891957,0.0039019655
HAM_0003686,ISIC_0025386,nv,histo,25.0,male,upper extremity,data/raw/HAM10000_images_part_1/ISIC_0025386.jpg,test,5,5,nv,nv,0.56918484,True,nv → nv,0.027258694,0.026041845,0.070641786,0.042992633,0.22480348,0.56918484,0.03907673
HAM_0002835,ISIC_0028510,nv,histo,30.0,female,foot,data/raw/HAM10000_images_part_1/ISIC_0028510.jpg,test,5,5,nv,nv,0.6136094,True,nv → nv,0.023503516,0.06753294,0.07877962,0.08710843,0.06532909,0.6136094,0.06413696
HAM_0003686,ISIC_0024870,nv,histo,25.0,male,upper extremity,data/raw/HAM10000_images_part_1/ISIC_0024870.jpg,test,5,5,nv,nv,0.5048755,True,nv → nv,0.030417107,0.0188414,0.1452218,0.04734424,0.23020743,0.5048755,0.023092523
HAM_0006296,ISIC_0028999,nv,histo,70.0,male,trunk,data/raw/HAM10000_images_part_1/ISIC_0028999.jpg,test,5,5,nv,nv,0.46738505,True,nv → nv,0.034934353,0.016309027,0.11736759,0.037436597,0.30006808,0.46738505,0.026499292
HAM_0007160,ISIC_0028723,nv,histo,30.0,female,trunk,data/raw/HAM10000_images_part_1/ISIC_0028723.jpg,test,5,5,nv,nv,0.7522401,True,nv → nv,0.015919182,0.018772744,0.03934343,0.048784826,0.076864585,0.7522401,0.04807514
HAM_0005457,ISIC_0025039,nv,histo,75.0,male,back,data/raw/HAM10000_images_part_1/ISIC_0025039.jpg,test,5,5,nv,nv,0.4978339,True,nv → nv,0.016224807,0.004958698,0.081930414,0.020633869,0.36499476,0.4978339,0.013423456
HAM_0005614,ISIC_0030397,nv,histo,35.0,female,trunk,data/raw/HAM10000_images_part_2/ISIC_0030397.jpg,test,5,5,nv,nv,0.7788999,True,nv → nv,0.0084922165,0.011065559,0.017944133,0.093657345,0.0052584265,0.7788999,0.0846824
HAM_0003164,ISIC_0027897,nv,histo,30.0,female,trunk,data/raw/HAM10000_images_part_1/ISIC_0027897.jpg,test,5,5,nv,nv,0.8688856,True,nv → nv,0.012876614,0.007619489,0.018152278,0.050683253,0.01197879,0.8688856,0.029803978
HAM_0000418,ISIC_0029339,nv,histo,55.0,male,back,data/raw/HAM10000_images_part_2/ISIC_0029339.jpg,test,5,4,nv,mel,0.2591137,False,nv → mel,0.13085231,0.11633856,0.17916147,0.06159748,0.2591137,0.20431516,0.048621166
HAM_0000904,ISIC_0025149,nv,histo,30.0,male,back,data/raw/HAM10000_images_part_1/ISIC_0025149.jpg,test,5,5,nv,nv,0.6168349,True,nv → nv,0.02655529,0.06559801,0.086527176,0.0784208,0.08290443,0.6168349,0.043159463
HAM_0000904,ISIC_0025938,nv,histo,30.0,male,back,data/raw/HAM10000_images_part_1/ISIC_0025938.jpg,test,5,5,nv,nv,0.53724265,True,nv → nv,0.02716565,0.13688613,0.070583425,0.08401205,0.07676904,0.53724265,0.06734103
HAM_0005855,ISIC_0031727,nv,histo,60.0,male,lower extremity,data/raw/HAM10000_images_part_2/ISIC_0031727.jpg,test,5,5,nv,nv,0.41054687,True,nv → nv,0.06643674,0.09207904,0.1306492,0.078925274,0.16922075,0.41054687,0.052142166
HAM_0002298,ISIC_0031483,nv,histo,25.0,male,lower extremity,data/raw/HAM10000_images_part_2/ISIC_0031483.jpg,test,5,6,nv,vasc,0.405978,False,nv → vasc,0.014016739,0.11271482,0.021773344,0.26060683,0.002653923,0.18225633,0.405978
HAM_0002128,ISIC_0031603,nv,histo,35.0,female,scalp,data/raw/HAM10000_images_part_2/ISIC_0031603.jpg,test,5,5,nv,nv,0.3671429,True,nv → nv,0.064671636,0.04467287,0.10531209,0.04845381,0.32387173,0.3671429,0.045874942
HAM_0002128,ISIC_0029867,nv,histo,35.0,female,scalp,data/raw/HAM10000_images_part_2/ISIC_0029867.jpg,test,5,5,nv,nv,0.3173961,True,nv → nv,0.072809,0.052575964,0.14541262,0.05397663,0.30870008,0.3173961,0.049129546
HAM_0002668,ISIC_0027224,nv,histo,30.0,male,back,data/raw/HAM10000_images_part_1/ISIC_0027224.jpg,test,5,1,nv,bcc,0.5377955,False,nv → bcc,0.106592275,0.5377955,0.080267236,0.10329671,0.034444503,0.07044084,0.06716295
HAM_0002668,ISIC_0026784,nv,histo,30.0,male,back,data/raw/HAM10000_images_part_1/ISIC_0026784.jpg,test,5,1,nv,bcc,0.40611342,False,nv → bcc,0.12662677,0.40611342,0.10808883,0.1123577,0.057839885,0.10889787,0.080075525
HAM_0006302,ISIC_0030819,nv,histo,50.0,female,ear,data/raw/HAM10000_images_part_2/ISIC_0030819.jpg,test,5,4,nv,mel,0.38637322,False,nv → mel,0.10272672,0.045388833,0.2698719,0.038544483,0.38637322,0.13610524,0.020989474
HAM_0006025,ISIC_0031285,nv,histo,70.0,female,foot,data/raw/HAM10000_images_part_2/ISIC_0031285.jpg,test,5,5,nv,nv,0.48088413,True,nv → nv,0.042276457,0.03001384,0.119384065,0.052052,0.24082248,0.48088413,0.034567073
HAM_0007080,ISIC_0029994,nv,histo,50.0,male,back,data/raw/HAM10000_images_part_2/ISIC_0029994.jpg,test,5,4,nv,mel,0.22997393,False,nv → mel,0.12331971,0.1332424,0.1964398,0.064328186,0.22997393,0.20122154,0.0514745
HAM_0006318,ISIC_0024937,nv,histo,45.0,female,back,data/raw/HAM10000_images_part_1/ISIC_0024937.jpg,test,5,5,nv,nv,0.24997452,True,nv → nv,0.1077113,0.16406862,0.12090702,0.07466795,0.18987301,0.24997452,0.09279764
HAM_0000168,ISIC_0031353,nv,histo,55.0,male,neck,data/raw/HAM10000_images_part_2/ISIC_0031353.jpg,test,5,4,nv,mel,0.2889883,False,nv → mel,0.12796141,0.08151125,0.27503294,0.04866104,0.2889883,0.14536148,0.03248368
HAM_0007004,ISIC_0030525,nv,histo,70.0,female,hand,data/raw/HAM10000_images_part_2/ISIC_0030525.jpg,test,5,5,nv,nv,0.3085865,True,nv → nv,0.091120705,0.12089413,0.16277331,0.09823612,0.1739197,0.3085865,0.044469535
HAM_0003434,ISIC_0031126,nv,histo,30.0,female,neck,data/raw/HAM10000_images_part_2/ISIC_0031126.jpg,test,5,5,nv,nv,0.33162194,True,nv → nv,0.09743652,0.09773135,0.2083466,0.18104634,0.03840194,0.33162194,0.04541535
HAM_0001406,ISIC_0026592,nv,histo,25.0,female,chest,data/raw/HAM10000_images_part_1/ISIC_0026592.jpg,test,5,5,nv,nv,0.78683007,True,nv → nv,0.020657752,0.017681155,0.042745493,0.07227744,0.02139498,0.78683007,0.038413092
HAM_0001406,ISIC_0030914,nv,histo,25.0,female,chest,data/raw/HAM10000_images_part_2/ISIC_0030914.jpg,test,5,5,nv,nv,0.44504797,True,nv → nv,0.05744371,0.10685862,0.11878906,0.093302764,0.11939007,0.44504797,0.059167773
HAM_0001911,ISIC_0029197,nv,histo,55.0,male,back,data/raw/HAM10000_images_part_1/ISIC_0029197.jpg,test,5,5,nv,nv,0.53433144,True,nv → nv,0.025637494,0.019697845,0.15600562,0.05085665,0.18764308,0.53433144,0.025827827
HAM_0002103,ISIC_0026034,nv,histo,60.0,male,lower extremity,data/raw/HAM10000_images_part_1/ISIC_0026034.jpg,test,5,2,nv,bkl,0.4115502,False,nv → bkl,0.03149522,0.01610691,0.4115502,0.044604365,0.1841475,0.3000717,0.012024022
HAM_0000045,ISIC_0032126,nv,histo,50.0,male,back,data/raw/HAM10000_images_part_2/ISIC_0032126.jpg,test,5,4,nv,mel,0.31287962,False,nv → mel,0.10106614,0.072601505,0.1863492,0.053788092,0.31287962,0.23184341,0.041472062
HAM_0001508,ISIC_0029298,nv,histo,65.0,female,lower extremity,data/raw/HAM10000_images_part_1/ISIC_0029298.jpg,test,5,5,nv,nv,0.6148381,True,nv → nv,0.01627058,0.04267232,0.04316792,0.0550138,0.11490661,0.6148381,0.11313067
HAM_0005009,ISIC_0027569,nv,histo,20.0,male,back,data/raw/HAM10000_images_part_1/ISIC_0027569.jpg,test,5,2,nv,bkl,0.33669183,False,nv → bkl,0.09652658,0.08604626,0.33669183,0.086930715,0.1374832,0.23049718,0.025824228
HAM_0005176,ISIC_0031117,nv,histo,70.0,male,back,data/raw/HAM10000_images_part_2/ISIC_0031117.jpg,test,5,1,nv,bcc,0.2577154,False,nv → bcc,0.15500355,0.2577154,0.14270115,0.07253105,0.14671127,0.13593736,0.08940022
HAM_0003820,ISIC_0029109,nv,histo,20.0,female,back,data/raw/HAM10000_images_part_1/ISIC_0029109.jpg,test,5,5,nv,nv,0.41716337,True,nv → nv,0.03902507,0.023163136,0.19956042,0.04882899,0.24666545,0.41716337,0.025593499
HAM_0001630,ISIC_0028297,nv,histo,70.0,female,back,data/raw/HAM10000_images_part_1/ISIC_0028297.jpg,test,5,5,nv,nv,0.562336,True,nv → nv,0.032753468,0.047295995,0.06487001,0.049015462,0.19801408,0.562336,0.0457149
HAM_0005510,ISIC_0029203,nv,histo,30.0,female,lower extremity,data/raw/HAM10000_images_part_1/ISIC_0029203.jpg,test,5,1,nv,bcc,0.25756475,False,nv → bcc,0.11746335,0.25756475,0.12243438,0.25641796,0.02149629,0.1561034,0.06851983
HAM_0000949,ISIC_0032444,nv,histo,65.0,male,back,data/raw/HAM10000_images_part_2/ISIC_0032444.jpg,test,5,4,nv,mel,0.28470534,False,nv → mel,0.117338225,0.09291835,0.19175676,0.057555772,0.28470534,0.21085532,0.04487032
HAM_0002291,ISIC_0024836,nv,histo,45.0,male,back,data/raw/HAM10000_images_part_1/ISIC_0024836.jpg,test,5,1,nv,bcc,0.57228595,False,nv → bcc,0.10130062,0.57228595,0.08531729,0.16433463,0.011356601,0.029750805,0.035654105
HAM_0006401,ISIC_0031451,nv,histo,45.0,female,foot,data/raw/HAM10000_images_part_2/ISIC_0031451.jpg,test,5,5,nv,nv,0.5144032,True,nv → nv,0.006847974,0.020245735,0.018984644,0.14757428,0.0043800664,0.5144032,0.28756404
HAM_0005450,ISIC_0029286,nv,histo,40.0,female,lower extremity,data/raw/HAM10000_images_part_1/ISIC_0029286.jpg,test,5,5,nv,nv,0.62816,True,nv → nv,0.025354786,0.035880703,0.115379676,0.07296411,0.088413924,0.62816,0.033846833
HAM_0000338,ISIC_0028631,nv,histo,30.0,male,back,data/raw/HAM10000_images_part_1/ISIC_0028631.jpg,test,5,5,nv,nv,0.31183004,True,nv → nv,0.08354372,0.17904724,0.10848167,0.089359604,0.13530098,0.31183004,0.09243676
HAM_0001319,ISIC_0026053,nv,histo,70.0,male,back,data/raw/HAM10000_images_part_1/ISIC_0026053.jpg,test,5,4,nv,mel,0.4115452,False,nv → mel,0.05686972,0.020940408,0.217305,0.03147831,0.4115452,0.24287982,0.018981488
HAM_0001319,ISIC_0028599,nv,histo,70.0,male,back,data/raw/HAM10000_images_part_1/ISIC_0028599.jpg,test,5,5,nv,nv,0.3786751,True,nv → nv,0.061370026,0.047814712,0.17983228,0.06255892,0.22916263,0.3786751,0.040586233
HAM_0003117,ISIC_0027917,nv,histo,35.0,male,upper extremity,data/raw/HAM10000_images_part_1/ISIC_0027917.jpg,test,5,5,nv,nv,0.24051282,True,nv → nv,0.075225644,0.1700631,0.09759937,0.06428277,0.21384583,0.24051282,0.13847041
HAM_0003241,ISIC_0030079,nv,histo,40.0,male,back,data/raw/HAM10000_images_part_2/ISIC_0030079.jpg,test,5,5,nv,nv,0.43506047,True,nv → nv,0.06567657,0.06627466,0.10240662,0.065531075,0.21047011,0.43506047,0.054580487
HAM_0003241,ISIC_0024908,nv,histo,40.0,male,back,data/raw/HAM10000_images_part_1/ISIC_0024908.jpg,test,5,5,nv,nv,0.4313273,True,nv → nv,0.06646139,0.0664576,0.103390515,0.06563658,0.21149835,0.4313273,0.055228192
HAM_0002794,ISIC_0031596,nv,histo,55.0,female,back,data/raw/HAM10000_images_part_2/ISIC_0031596.jpg,test,5,5,nv,nv,0.40562153,True,nv → nv,0.039703667,0.01791605,0.10394571,0.03352725,0.3735974,0.40562153,0.025688363
HAM_0007510,ISIC_0027382,nv,histo,20.0,female,lower extremity,data/raw/HAM10000_images_part_1/ISIC_0027382.jpg,test,5,5,nv,nv,0.7535692,True,nv → nv,0.012839687,0.014638589,0.03918685,0.07718078,0.024820114,0.7535692,0.077764794
HAM_0003058,ISIC_0028032,nv,histo,70.0,male,back,data/raw/HAM10000_images_part_1/ISIC_0028032.jpg,test,5,5,nv,nv,0.28799546,True,nv → nv,0.10692136,0.111523725,0.120818235,0.06249633,0.25143978,0.28799546,0.058805205
HAM_0007263,ISIC_0028130,nv,histo,50.0,female,lower extremity,data/raw/HAM10000_images_part_1/ISIC_0028130.jpg,test,5,5,nv,nv,0.37911636,True,nv → nv,0.052616104,0.18950735,0.11822378,0.104730815,0.09033626,0.37911636,0.065469325
HAM_0006118,ISIC_0028400,nv,histo,65.0,male,back,data/raw/HAM10000_images_part_1/ISIC_0028400.jpg,test,5,0,nv,akiec,0.36832494,False,nv → akiec,0.36832494,0.28917646,0.21765357,0.06819906,0.037499785,0.010368004,0.008778093
HAM_0002518,ISIC_0032028,nv,histo,60.0,male,abdomen,data/raw/HAM10000_images_part_2/ISIC_0032028.jpg,test,5,4,nv,mel,0.42437798,False,nv → mel,0.11918316,0.059655987,0.21642824,0.032203753,0.42437798,0.1200834,0.028067525
HAM_0005822,ISIC_0029054,nv,histo,45.0,male,upper extremity,data/raw/HAM10000_images_part_1/ISIC_0029054.jpg,test,5,5,nv,nv,0.43715075,True,nv → nv,0.049522877,0.036108155,0.095722936,0.048809215,0.28886062,0.43715075,0.043825526
HAM_0004806,ISIC_0032327,nv,histo,80.0,male,back,data/raw/HAM10000_images_part_2/ISIC_0032327.jpg,test,5,4,nv,mel,0.4790175,False,nv → mel,0.08257458,0.023777764,0.3233227,0.016335659,0.4790175,0.06445166,0.010520149
HAM_0004534,ISIC_0024363,nv,histo,40.0,male,back,data/raw/HAM10000_images_part_1/ISIC_0024363.jpg,test,5,5,nv,nv,0.68723315,True,nv → nv,0.03436921,0.023850061,0.09789594,0.08484564,0.040666446,0.68723315,0.031139513
HAM_0006069,ISIC_0031681,nv,histo,45.0,female,abdomen,data/raw/HAM10000_images_part_2/ISIC_0031681.jpg,test,5,5,nv,nv,0.2725385,True,nv → nv,0.111244835,0.117235735,0.2067997,0.2197074,0.031524893,0.2725385,0.040948946
HAM_0005894,ISIC_0025579,nv,histo,45.0,female,back,data/raw/HAM10000_images_part_1/ISIC_0025579.jpg,test,5,5,nv,nv,0.6591553,True,nv → nv,0.026240135,0.045910615,0.046520073,0.058168504,0.103055604,0.6591553,0.060949806
HAM_0006420,ISIC_0029905,nv,histo,50.0,female,upper extremity,data/raw/HAM10000_images_part_2/ISIC_0029905.jpg,test,5,5,nv,nv,0.37985566,True,nv → nv,0.07068305,0.07654506,0.16175604,0.07501837,0.18823448,0.37985566,0.0479073
HAM_0004806,ISIC_0031031,nv,histo,80.0,male,back,data/raw/HAM10000_images_part_2/ISIC_0031031.jpg,test,5,4,nv,mel,0.58111286,False,nv → mel,0.084732346,0.017289117,0.25522065,0.010353866,0.58111286,0.044188574,0.0071026017
HAM_0000707,ISIC_0031113,nv,histo,70.0,female,abdomen,data/raw/HAM10000_images_part_2/ISIC_0031113.jpg,test,5,5,nv,nv,0.68393505,True,nv → nv,0.015443708,0.014489973,0.043059397,0.03467654,0.16995041,0.68393505,0.03844492
HAM_0005510,ISIC_0028166,nv,histo,30.0,female,lower extremity,data/raw/HAM10000_images_part_1/ISIC_0028166.jpg,test,5,1,nv,bcc,0.4370323,False,nv → bcc,0.10061163,0.4370323,0.09163832,0.2200796,0.012903855,0.07788999,0.059844315
HAM_0005510,ISIC_0026406,nv,histo,30.0,female,lower extremity,data/raw/HAM10000_images_part_1/ISIC_0026406.jpg,test,5,5,nv,nv,0.47784525,True,nv → nv,0.03304215,0.027995115,0.25081635,0.07353673,0.1061255,0.47784525,0.03063893
HAM_0006323,ISIC_0026805,nv,histo,75.0,female,lower extremity,data/raw/HAM10000_images_part_1/ISIC_0026805.jpg,test,5,5,nv,nv,0.55687743,True,nv → nv,0.020364124,0.013095128,0.046849977,0.027266653,0.2962524,0.55687743,0.039294314
HAM_0006323,ISIC_0024680,nv,histo,75.0,female,lower extremity,data/raw/HAM10000_images_part_1/ISIC_0024680.jpg,test,5,5,nv,nv,0.60781074,True,nv → nv,0.017880622,0.02087108,0.042153515,0.034333274,0.22107923,0.60781074,0.05587157
HAM_0006323,ISIC_0029465,nv,histo,75.0,female,lower extremity,data/raw/HAM10000_images_part_2/ISIC_0029465.jpg,test,5,5,nv,nv,0.62419266,True,nv → nv,0.018543765,0.014843619,0.056047272,0.03689012,0.20672028,0.62419266,0.0427623
HAM_0006835,ISIC_0031594,nv,histo,75.0,male,chest,data/raw/HAM10000_images_part_2/ISIC_0031594.jpg,test,5,3,nv,df,0.25585657,False,nv → df,0.10079273,0.12908193,0.18955128,0.25585657,0.021052698,0.24948527,0.054179467
HAM_0004518,ISIC_0025967,nv,histo,35.0,female,upper extremity,data/raw/HAM10000_images_part_1/ISIC_0025967.jpg,test,5,5,nv,nv,0.5215322,True,nv → nv,0.049839668,0.051771566,0.16610645,0.13426334,0.03913617,0.5215322,0.037350558
HAM_0004518,ISIC_0031960,nv,histo,35.0,female,upper extremity,data/raw/HAM10000_images_part_2/ISIC_0031960.jpg,test,5,5,nv,nv,0.62670857,True,nv → nv,0.041332245,0.041577477,0.10065782,0.093955204,0.051681448,0.62670857,0.04408726
HAM_0004518,ISIC_0024578,nv,histo,35.0,female,upper extremity,data/raw/HAM10000_images_part_1/ISIC_0024578.jpg,test,5,5,nv,nv,0.61384046,True,nv → nv,0.03919527,0.050326448,0.0834144,0.106756896,0.043174297,0.61384046,0.06329219
HAM_0003836,ISIC_0031802,nv,histo,55.0,male,unknown,data/raw/HAM10000_images_part_2/ISIC_0031802.jpg,test,5,5,nv,nv,0.6430122,True,nv → nv,0.010175352,0.031326674,0.021274649,0.10286385,0.011792822,0.6430122,0.17955443
HAM_0007342,ISIC_0030625,nv,histo,35.0,male,back,data/raw/HAM10000_images_part_2/ISIC_0030625.jpg,test,5,5,nv,nv,0.43993664,True,nv → nv,0.055081833,0.082746424,0.17319374,0.083847314,0.13040702,0.43993664,0.03478707
HAM_0002905,ISIC_0029026,nv,histo,40.0,male,neck,data/raw/HAM10000_images_part_1/ISIC_0029026.jpg,test,5,0,nv,akiec,0.3655791,False,nv → akiec,0.3655791,0.19992799,0.27037314,0.039820775,0.10128309,0.014735901,0.00828002
HAM_0005175,ISIC_0029479,nv,histo,60.0,female,back,data/raw/HAM10000_images_part_2/ISIC_0029479.jpg,test,5,5,nv,nv,0.34761217,True,nv → nv,0.056340937,0.032803528,0.18143858,0.048732575,0.30087897,0.34761217,0.03219321
HAM_0005175,ISIC_0032278,nv,histo,60.0,female,back,data/raw/HAM10000_images_part_2/ISIC_0032278.jpg,test,5,1,nv,bcc,0.28802854,False,nv → bcc,0.07673345,0.28802854,0.13289087,0.12054227,0.073790856,0.26854125,0.039472792
HAM_0007284,ISIC_0027255,nv,histo,60.0,female,back,data/raw/HAM10000_images_part_1/ISIC_0027255.jpg,test,5,5,nv,nv,0.27041245,True,nv → nv,0.090752065,0.19097689,0.18486932,0.12559322,0.09788837,0.27041245,0.039507575
HAM_0000889,ISIC_0026581,nv,histo,30.0,female,lower extremity,data/raw/HAM10000_images_part_1/ISIC_0026581.jpg,test,5,5,nv,nv,0.67394423,True,nv → nv,0.017326692,0.021357425,0.039666735,0.038826857,0.15790653,0.67394423,0.050971474
HAM_0000889,ISIC_0025936,nv,histo,30.0,female,lower extremity,data/raw/HAM10000_images_part_1/ISIC_0025936.jpg,test,5,5,nv,nv,0.5956087,True,nv → nv,0.022664793,0.017711347,0.04824642,0.03482445,0.23312983,0.5956087,0.04781441
HAM_0000889,ISIC_0026401,nv,histo,30.0,female,lower extremity,data/raw/HAM10000_images_part_1/ISIC_0026401.jpg,test,5,5,nv,nv,0.67486805,True,nv → nv,0.016500944,0.01245284,0.052703682,0.035893563,0.17713057,0.67486805,0.030450294
HAM_0000889,ISIC_0030370,nv,histo,30.0,female,lower extremity,data/raw/HAM10000_images_part_2/ISIC_0030370.jpg,test,5,5,nv,nv,0.6974562,True,nv → nv,0.017840758,0.016492682,0.056642633,0.044481747,0.13353957,0.6974562,0.03354651
HAM_0006835,ISIC_0026577,nv,histo,75.0,male,chest,data/raw/HAM10000_images_part_1/ISIC_0026577.jpg,test,5,2,nv,bkl,0.25223738,False,nv → bkl,0.13305593,0.15567032,0.25223738,0.20031127,0.03258582,0.18836442,0.037774846
HAM_0006205,ISIC_0031121,nv,histo,55.0,male,chest,data/raw/HAM10000_images_part_2/ISIC_0031121.jpg,test,5,5,nv,nv,0.40506062,True,nv → nv,0.042337086,0.16686301,0.113492824,0.09803524,0.09658721,0.40506062,0.07762409
HAM_0006205,ISIC_0032034,nv,histo,55.0,male,chest,data/raw/HAM10000_images_part_2/ISIC_0032034.jpg,test,5,5,nv,nv,0.3483987,True,nv → nv,0.07867866,0.060489155,0.1391308,0.058481935,0.26507208,0.3483987,0.04974872
HAM_0000778,ISIC_0028602,nv,histo,30.0,female,back,data/raw/HAM10000_images_part_1/ISIC_0028602.jpg,test,5,5,nv,nv,0.42830724,True,nv → nv,0.034970153,0.17933655,0.09561197,0.110670924,0.06913351,0.42830724,0.081969656
HAM_0000976,ISIC_0030833,nv,histo,40.0,male,chest,data/raw/HAM10000_images_part_2/ISIC_0030833.jpg,test,5,5,nv,nv,0.27636686,True,nv → nv,0.10418873,0.12657018,0.17547575,0.08172428,0.18547772,0.27636686,0.050196454
HAM_0002345,ISIC_0031982,nv,histo,35.0,male,upper extremity,data/raw/HAM10000_images_part_2/ISIC_0031982.jpg,test,5,5,nv,nv,0.3620391,True,nv → nv,0.0905874,0.13366143,0.12043846,0.10131733,0.11606577,0.3620391,0.075890414
HAM_0002271,ISIC_0027840,nv,histo,65.0,female,back,data/raw/HAM10000_images_part_1/ISIC_0027840.jpg,test,5,5,nv,nv,0.54980457,True,nv → nv,0.05251658,0.057628583,0.08889866,0.073902555,0.123392,0.54980457,0.053856984
HAM_0005197,ISIC_0030922,nv,histo,75.0,male,trunk,data/raw/HAM10000_images_part_2/ISIC_0030922.jpg,test,5,5,nv,nv,0.43615356,True,nv → nv,0.03077363,0.014024402,0.20746435,0.04076819,0.25311953,0.43615356,0.017696364
HAM_0005102,ISIC_0028128,nv,histo,55.0,male,chest,data/raw/HAM10000_images_part_1/ISIC_0028128.jpg,test,5,2,nv,bkl,0.3210867,False,nv → bkl,0.17238234,0.095792584,0.3210867,0.040288605,0.2786415,0.07055488,0.021253413
HAM_0006420,ISIC_0031074,nv,histo,50.0,female,upper extremity,data/raw/HAM10000_images_part_2/ISIC_0031074.jpg,test,5,5,nv,nv,0.39363205,True,nv → nv,0.0650308,0.13778971,0.12583713,0.092539,0.13070285,0.39363205,0.054468412
HAM_0000707,ISIC_0024561,nv,histo,70.0,female,abdomen,data/raw/HAM10000_images_part_1/ISIC_0024561.jpg,test,5,5,nv,nv,0.726386,True,nv → nv,0.010203324,0.044441488,0.030057741,0.05674454,0.056057125,0.726386,0.076109715
HAM_0002271,ISIC_0026048,nv,histo,65.0,female,back,data/raw/HAM10000_images_part_1/ISIC_0026048.jpg,test,5,4,nv,mel,0.23222946,False,nv → mel,0.12837392,0.11355886,0.17381358,0.06607799,0.23222946,0.23142478,0.0545215
HAM_0002271,ISIC_0031930,nv,histo,65.0,female,back,data/raw/HAM10000_images_part_2/ISIC_0031930.jpg,test,5,4,nv,mel,0.18871361,False,nv → mel,0.16033663,0.16436882,0.17898822,0.07301839,0.18871361,0.17865564,0.05591877
HAM_0003754,ISIC_0029671,nv,histo,60.0,male,foot,data/raw/HAM10000_images_part_2/ISIC_0029671.jpg,test,5,5,nv,nv,0.50915074,True,nv → nv,0.053927615,0.05604425,0.10325563,0.07183001,0.15667613,0.50915074,0.0491156
HAM_0000836,ISIC_0030061,nv,histo,45.0,female,back,data/raw/HAM10000_images_part_2/ISIC_0030061.jpg,test,5,5,nv,nv,0.28294092,True,nv → nv,0.10300566,0.20665325,0.116995014,0.10694767,0.10452618,0.28294092,0.07893132
HAM_0000836,ISIC_0030960,nv,histo,45.0,female,back,data/raw/HAM10000_images_part_2/ISIC_0030960.jpg,test,5,5,nv,nv,0.57369655,True,nv → nv,0.03668009,0.05421594,0.0785161,0.06768519,0.132887,0.57369655,0.056319155
HAM_0000836,ISIC_0030311,nv,histo,45.0,female,back,data/raw/HAM10000_images_part_2/ISIC_0030311.jpg,test,5,5,nv,nv,0.6086799,True,nv → nv,0.028758006,0.05924016,0.05919557,0.06607008,0.11060615,0.6086799,0.067450084
HAM_0000836,ISIC_0025505,nv,histo,45.0,female,back,data/raw/HAM10000_images_part_1/ISIC_0025505.jpg,test,5,5,nv,nv,0.3713899,True,nv → nv,0.071811095,0.14954305,0.10918898,0.09571977,0.117505945,0.3713899,0.08484129
HAM_0000194,ISIC_0030456,nv,histo,50.0,female,lower extremity,data/raw/HAM10000_images_part_2/ISIC_0030456.jpg,test,5,5,nv,nv,0.6775389,True,nv → nv,0.02283377,0.036151603,0.04866556,0.060665864,0.089478515,0.6775389,0.064665765
HAM_0000194,ISIC_0030942,nv,histo,50.0,female,lower extremity,data/raw/HAM10000_images_part_2/ISIC_0030942.jpg,test,5,5,nv,nv,0.73317134,True,nv → nv,0.014678641,0.020731611,0.03311454,0.0842456,0.022965452,0.73317134,0.09109284
HAM_0000976,ISIC_0031880,nv,histo,40.0,male,chest,data/raw/HAM10000_images_part_2/ISIC_0031880.jpg,test,5,4,nv,mel,0.28769177,False,nv → mel,0.11698844,0.07771581,0.24832703,0.053304233,0.28769177,0.1817773,0.034195486
HAM_0000500,ISIC_0029145,nv,histo,45.0,male,lower extremity,data/raw/HAM10000_images_part_1/ISIC_0029145.jpg,test,5,1,nv,bcc,0.25713763,False,nv → bcc,0.18450648,0.25713763,0.15642163,0.15715697,0.052314386,0.14136194,0.051100936
HAM_0000500,ISIC_0029441,nv,histo,45.0,male,lower extremity,data/raw/HAM10000_images_part_2/ISIC_0029441.jpg,test,5,1,nv,bcc,0.28699318,False,nv → bcc,0.2206198,0.28699318,0.21102002,0.1407343,0.04205806,0.064811744,0.033762816
HAM_0000778,ISIC_0031039,nv,histo,30.0,female,back,data/raw/HAM10000_images_part_2/ISIC_0031039.jpg,test,5,1,nv,bcc,0.27927837,False,nv → bcc,0.06395695,0.27927837,0.09707133,0.124575906,0.07344798,0.25314245,0.10852711
HAM_0000778,ISIC_0026665,nv,histo,30.0,female,back,data/raw/HAM10000_images_part_1/ISIC_0026665.jpg,test,5,1,nv,bcc,0.35132122,False,nv → bcc,0.025422735,0.35132122,0.056374557,0.14712192,0.02548269,0.22461858,0.16965829
HAM_0003434,ISIC_0028608,nv,histo,30.0,female,neck,data/raw/HAM10000_images_part_1/ISIC_0028608.jpg,test,5,5,nv,nv,0.3057654,True,nv → nv,0.08761916,0.1244012,0.17659128,0.21370344,0.038684797,0.3057654,0.053234752
HAM_0003754,ISIC_0028649,nv,histo,60.0,male,foot,data/raw/HAM10000_images_part_1/ISIC_0028649.jpg,test,5,5,nv,nv,0.43570277,True,nv → nv,0.06750848,0.11998183,0.104938954,0.08850202,0.11942889,0.43570277,0.063937135
HAM_0000562,ISIC_0026166,nv,histo,55.0,male,upper extremity,data/raw/HAM10000_images_part_1/ISIC_0026166.jpg,test,5,2,nv,bkl,0.64392006,False,nv → bkl,0.053261008,0.02391056,0.64392006,0.035617035,0.13632068,0.096995175,0.009975402
HAM_0006910,ISIC_0028504,nv,histo,40.0,female,lower extremity,data/raw/HAM10000_images_part_1/ISIC_0028504.jpg,test,5,5,nv,nv,0.5331027,True,nv → nv,0.012146955,0.084945835,0.025967008,0.08892409,0.02905119,0.5331027,0.22586225
HAM_0006910,ISIC_0029862,nv,histo,40.0,female,lower extremity,data/raw/HAM10000_images_part_2/ISIC_0029862.jpg,test,5,5,nv,nv,0.68284017,True,nv → nv,0.015547187,0.029897751,0.0368634,0.04869822,0.106319346,0.68284017,0.07983391
HAM_0007083,ISIC_0027959,nv,histo,85.0,male,lower extremity,data/raw/HAM10000_images_part_1/ISIC_0027959.jpg,test,5,5,nv,nv,0.6100208,True,nv → nv,0.026180305,0.018785886,0.08272515,0.044663798,0.18419734,0.6100208,0.033426683
HAM_0005450,ISIC_0030176,nv,histo,40.0,female,lower extremity,data/raw/HAM10000_images_part_2/ISIC_0030176.jpg,test,5,5,nv,nv,0.54819316,True,nv → nv,0.032714386,0.026782528,0.17628929,0.06895364,0.11758245,0.54819316,0.029484538
HAM_0000787,ISIC_0026157,nv,histo,35.0,male,back,data/raw/HAM10000_images_part_1/ISIC_0026157.jpg,test,5,5,nv,nv,0.44628012,True,nv → nv,0.05213658,0.05827158,0.14942294,0.07307635,0.17614557,0.44628012,0.04466695
HAM_0002486,ISIC_0028947,nv,histo,35.0,male,abdomen,data/raw/HAM10000_images_part_1/ISIC_0028947.jpg,test,5,5,nv,nv,0.61409676,True,nv → nv,0.023922337,0.03513618,0.11437505,0.14142323,0.019803993,0.61409676,0.051242393
HAM_0004095,ISIC_0029252,nv,histo,65.0,male,back,data/raw/HAM10000_images_part_1/ISIC_0029252.jpg,test,5,2,nv,bkl,0.4483274,False,nv → bkl,0.038534794,0.033255927,0.4483274,0.064678125,0.10754602,0.29126677,0.01639098
HAM_0004095,ISIC_0026017,nv,histo,65.0,male,back,data/raw/HAM10000_images_part_1/ISIC_0026017.jpg,test,5,2,nv,bkl,0.4548821,False,nv → bkl,0.03518066,0.020530201,0.4548821,0.0476448,0.15552929,0.2708281,0.015404745
HAM_0001058,ISIC_0024716,nv,histo,75.0,female,upper extremity,data/raw/HAM10000_images_part_1/ISIC_0024716.jpg,test,5,4,nv,mel,0.29432195,False,nv → mel,0.107126825,0.087388545,0.15487236,0.05941951,0.29432195,0.24819714,0.04867356
HAM_0005008,ISIC_0026580,nv,histo,60.0,male,lower extremity,data/raw/HAM10000_images_part_1/ISIC_0026580.jpg,test,5,5,nv,nv,0.6233925,True,nv → nv,0.028885009,0.05580524,0.0702662,0.07630537,0.08158716,0.6233925,0.063758485
HAM_0005008,ISIC_0030919,nv,histo,60.0,male,lower extremity,data/raw/HAM10000_images_part_2/ISIC_0030919.jpg,test,5,2,nv,bkl,0.34825757,False,nv → bkl,0.056894522,0.040415347,0.34825757,0.07396575,0.15407579,0.30592436,0.02046673
HAM_0004534,ISIC_0030210,nv,histo,40.0,male,back,data/raw/HAM10000_images_part_2/ISIC_0030210.jpg,test,5,5,nv,nv,0.5281797,True,nv → nv,0.013993176,0.1114661,0.044578798,0.12758951,0.01936523,0.5281797,0.15482748
HAM_0003672,ISIC_0030263,nv,histo,55.0,male,back,data/raw/HAM10000_images_part_2/ISIC_0030263.jpg,test,5,5,nv,nv,0.7509694,True,nv → nv,0.01368504,0.016245546,0.037457805,0.07119582,0.032417044,0.7509694,0.07802926
HAM_0000604,ISIC_0029208,nv,histo,35.0,male,ear,data/raw/HAM10000_images_part_1/ISIC_0029208.jpg,test,5,4,nv,mel,0.36582407,False,nv → mel,0.17609401,0.08519704,0.24078651,0.03384181,0.36582407,0.0738774,0.02437911
HAM_0005479,ISIC_0028009,nv,histo,10.0,female,hand,data/raw/HAM10000_images_part_1/ISIC_0028009.jpg,test,5,5,nv,nv,0.5827641,True,nv → nv,0.034784064,0.04885055,0.08875533,0.069179244,0.12210159,0.5827641,0.053565115
HAM_0006600,ISIC_0028891,nv,consensus,25.0,female,lower extremity,data/raw/HAM10000_images_part_1/ISIC_0028891.jpg,test,5,5,nv,nv,0.24700283,True,nv → nv,0.08284834,0.22650549,0.1363018,0.20184596,0.035295438,0.24700283,0.07020022
HAM_0006600,ISIC_0032018,nv,consensus,25.0,female,lower extremity,data/raw/HAM10000_images_part_2/ISIC_0032018.jpg,test,5,2,nv,bkl,0.27629003,False,nv → bkl,0.14873478,0.16368017,0.27629003,0.14185612,0.067686684,0.16923012,0.032522153
HAM_0000505,ISIC_0024902,nv,consensus,25.0,male,face,data/raw/HAM10000_images_part_1/ISIC_0024902.jpg,test,5,5,nv,nv,0.35988235,True,nv → nv,0.04929621,0.046068564,0.3071372,0.07527498,0.1345622,0.35988235,0.02777846
HAM_0000505,ISIC_0027415,nv,consensus,25.0,male,face,data/raw/HAM10000_images_part_1/ISIC_0027415.jpg,test,5,1,nv,bcc,0.28191984,False,nv → bcc,0.1396625,0.28191984,0.23560297,0.13315184,0.071083434,0.120847076,0.017732305
HAM_0007543,ISIC_0024519,nv,consensus,55.0,female,lower extremity,data/raw/HAM10000_images_part_1/ISIC_0024519.jpg,test,5,5,nv,nv,0.3618257,True,nv → nv,0.08306828,0.10266456,0.1257634,0.07093279,0.20278582,0.3618257,0.052959412
HAM_0007543,ISIC_0026676,nv,consensus,55.0,female,lower extremity,data/raw/HAM10000_images_part_1/ISIC_0026676.jpg,test,5,5,nv,nv,0.45335844,True,nv → nv,0.051388163,0.044888694,0.12645379,0.058142275,0.23011367,0.45335844,0.035655048
HAM_0001356,ISIC_0029498,nv,consensus,60.0,female,chest,data/raw/HAM10000_images_part_2/ISIC_0029498.jpg,test,5,5,nv,nv,0.8154722,True,nv → nv,0.008564881,0.008959468,0.024034724,0.059760384,0.019993784,0.8154722,0.06321462
HAM_0001356,ISIC_0026333,nv,consensus,60.0,female,chest,data/raw/HAM10000_images_part_1/ISIC_0026333.jpg,test,5,5,nv,nv,0.8583102,True,nv → nv,0.0098180305,0.007814378,0.021729115,0.043660603,0.02477821,0.8583102,0.033889394
HAM_0005531,ISIC_0028477,nv,consensus,45.0,male,lower extremity,data/raw/HAM10000_images_part_1/ISIC_0028477.jpg,test,5,5,nv,nv,0.7895608,True,nv → nv,0.009982293,0.011569203,0.028221175,0.081413426,0.011808117,0.7895608,0.06744507
HAM_0005531,ISIC_0024577,nv,consensus,45.0,male,lower extremity,data/raw/HAM10000_images_part_1/ISIC_0024577.jpg,test,5,5,nv,nv,0.8772374,True,nv → nv,0.008996489,0.005783572,0.0192818,0.0463272,0.01372291,0.8772374,0.028650684
HAM_0004475,ISIC_0029920,nv,consensus,85.0,female,back,data/raw/HAM10000_images_part_2/ISIC_0029920.jpg,test,5,5,nv,nv,0.7665603,True,nv → nv,0.0062586074,0.009091247,0.017703326,0.092367694,0.0060243276,0.7665603,0.101994604
HAM_0004475,ISIC_0031188,nv,consensus,85.0,female,back,data/raw/HAM10000_images_part_2/ISIC_0031188.jpg,test,5,5,nv,nv,0.8136802,True,nv → nv,0.011774266,0.012760653,0.024014905,0.066015124,0.015163061,0.8136802,0.05659189
HAM_0005193,ISIC_0026742,nv,consensus,50.0,female,ear,data/raw/HAM10000_images_part_1/ISIC_0026742.jpg,test,5,5,nv,nv,0.2530969,True,nv → nv,0.09522536,0.08588254,0.23112212,0.07028473,0.21572939,0.2530969,0.04865897
HAM_0005193,ISIC_0028665,nv,consensus,50.0,female,ear,data/raw/HAM10000_images_part_1/ISIC_0028665.jpg,test,5,5,nv,nv,0.44733483,True,nv → nv,0.04191547,0.0576761,0.23149675,0.08702921,0.10526281,0.44733483,0.029284822
HAM_0002726,ISIC_0025860,nv,consensus,5.0,male,foot,data/raw/HAM10000_images_part_1/ISIC_0025860.jpg,test,5,5,nv,nv,0.7355468,True,nv → nv,0.014775162,0.017024359,0.05294033,0.10008763,0.015254706,0.7355468,0.06437105
HAM_0002726,ISIC_0025473,nv,consensus,5.0,male,foot,data/raw/HAM10000_images_part_1/ISIC_0025473.jpg,test,5,5,nv,nv,0.5522614,True,nv → nv,0.028834708,0.037563253,0.076782964,0.21432105,0.010407263,0.5522614,0.079829395
HAM_0007058,ISIC_0029786,nv,consensus,50.0,male,back,data/raw/HAM10000_images_part_2/ISIC_0029786.jpg,test,5,5,nv,nv,0.3333036,True,nv → nv,0.049916815,0.030352363,0.27251685,0.05113565,0.23884232,0.3333036,0.023932457
HAM_0007058,ISIC_0027642,nv,consensus,50.0,male,back,data/raw/HAM10000_images_part_1/ISIC_0027642.jpg,test,5,5,nv,nv,0.5251806,True,nv → nv,0.03831832,0.056074042,0.12974519,0.08078693,0.1172408,0.5251806,0.052654125
HAM_0004777,ISIC_0026749,nv,consensus,25.0,female,foot,data/raw/HAM10000_images_part_1/ISIC_0026749.jpg,test,5,5,nv,nv,0.7205673,True,nv → nv,0.0124624325,0.016316602,0.037746888,0.11943745,0.008635097,0.7205673,0.084834166
HAM_0004777,ISIC_0029895,nv,consensus,25.0,female,foot,data/raw/HAM10000_images_part_2/ISIC_0029895.jpg,test,5,5,nv,nv,0.75508523,True,nv → nv,0.015708657,0.0124623645,0.08614269,0.07859053,0.02042223,0.75508523,0.03158832
HAM_0007566,ISIC_0030479,nv,consensus,50.0,male,back,data/raw/HAM10000_images_part_2/ISIC_0030479.jpg,test,5,5,nv,nv,0.5774967,True,nv → nv,0.033662748,0.05577477,0.0702036,0.08077323,0.083370775,0.5774967,0.098718114
HAM_0007566,ISIC_0028834,nv,consensus,50.0,male,back,data/raw/HAM10000_images_part_1/ISIC_0028834.jpg,test,5,5,nv,nv,0.38885808,True,nv → nv,0.06344417,0.050331622,0.13220565,0.059213787,0.25998235,0.38885808,0.045964338
HAM_0000229,ISIC_0030086,nv,consensus,35.0,female,face,data/raw/HAM10000_images_part_2/ISIC_0030086.jpg,test,5,5,nv,nv,0.5215283,True,nv → nv,0.04065284,0.060535207,0.08038018,0.058584377,0.18188666,0.5215283,0.056432456
HAM_0005122,ISIC_0034265,nv,consensus,70.0,male,trunk,data/raw/HAM10000_images_part_2/ISIC_0034265.jpg,test,5,5,nv,nv,0.2609531,True,nv → nv,0.100828856,0.20007879,0.15767303,0.1267074,0.09743683,0.2609531,0.056321967
HAM_0003360,ISIC_0033140,nv,consensus,45.0,female,unknown,data/raw/HAM10000_images_part_2/ISIC_0033140.jpg,test,5,5,nv,nv,0.6583572,True,nv → nv,0.02709568,0.026091589,0.05186609,0.051639456,0.13402879,0.6583572,0.050921105
HAM_0003362,ISIC_0033313,nv,consensus,45.0,female,unknown,data/raw/HAM10000_images_part_2/ISIC_0033313.jpg,test,5,5,nv,nv,0.52476054,True,nv → nv,0.039875578,0.033382364,0.13065438,0.06432132,0.15952827,0.52476054,0.04747757
HAM_0003356,ISIC_0033105,nv,consensus,45.0,female,unknown,data/raw/HAM10000_images_part_2/ISIC_0033105.jpg,test,5,5,nv,nv,0.63380146,True,nv → nv,0.016044898,0.034983385,0.03470717,0.103513055,0.022539673,0.63380146,0.15441035
HAM_0003356,ISIC_0032572,nv,consensus,45.0,female,unknown,data/raw/HAM10000_images_part_2/ISIC_0032572.jpg,test,5,5,nv,nv,0.70510614,True,nv → nv,0.022194566,0.030537698,0.046706617,0.069991656,0.053946853,0.70510614,0.0715165
HAM_0004387,ISIC_0033132,nv,consensus,55.0,female,trunk,data/raw/HAM10000_images_part_2/ISIC_0033132.jpg,test,5,2,nv,bkl,0.34181014,False,nv → bkl,0.07633124,0.031503715,0.34181014,0.034716792,0.33053878,0.16545917,0.019640151
HAM_0004387,ISIC_0033821,nv,consensus,55.0,female,trunk,data/raw/HAM10000_images_part_2/ISIC_0033821.jpg,test,5,4,nv,mel,0.3565485,False,nv → mel,0.063091695,0.024504112,0.29775333,0.034281675,0.3565485,0.20659424,0.017226392
HAM_0002569,ISIC_0034018,nv,consensus,30.0,male,back,data/raw/HAM10000_images_part_2/ISIC_0034018.jpg,test,5,5,nv,nv,0.39839968,True,nv → nv,0.013325578,0.108440235,0.030435123,0.11742534,0.021307237,0.39839968,0.31066686
HAM_0002074,ISIC_0032575,nv,consensus,40.0,female,face,data/raw/HAM10000_images_part_2/ISIC_0032575.jpg,test,5,5,nv,nv,0.46929634,True,nv → nv,0.06729473,0.04895582,0.13403112,0.06938106,0.16814968,0.46929634,0.04289135
HAM_0002074,ISIC_0032793,nv,consensus,40.0,female,face,data/raw/HAM10000_images_part_2/ISIC_0032793.jpg,test,5,5,nv,nv,0.5777843,True,nv → nv,0.054408595,0.035328366,0.09887254,0.07204042,0.11917058,0.5777843,0.04239527
HAM_0004349,ISIC_0033896,nv,consensus,40.0,female,unknown,data/raw/HAM10000_images_part_2/ISIC_0033896.jpg,test,5,5,nv,nv,0.42622116,True,nv → nv,0.057899926,0.05345483,0.13722627,0.065105,0.2068852,0.42622116,0.053207673
HAM_0004351,ISIC_0034193,nv,consensus,40.0,female,unknown,data/raw/HAM10000_images_part_2/ISIC_0034193.jpg,test,5,5,nv,nv,0.84097856,True,nv → nv,0.0062772417,0.006475484,0.013778853,0.06727732,0.0054786047,0.84097856,0.059733886
HAM_0003813,ISIC_0033173,nv,consensus,40.0,male,unknown,data/raw/HAM10000_images_part_2/ISIC_0033173.jpg,test,5,5,nv,nv,0.8155954,True,nv → nv,0.010010615,0.010054829,0.02389843,0.06917321,0.013173986,0.8155954,0.058093518
HAM_0006233,ISIC_0033290,nv,consensus,60.0,male,unknown,data/raw/HAM10000_images_part_2/ISIC_0033290.jpg,test,5,2,nv,bkl,0.36529595,False,nv → bkl,0.06515248,0.04459748,0.36529595,0.059780456,0.18470085,0.2530111,0.027461663
HAM_0006237,ISIC_0034072,nv,consensus,60.0,male,unknown,data/raw/HAM10000_images_part_2/ISIC_0034072.jpg,test,5,0,nv,akiec,0.3428582,False,nv → akiec,0.3428582,0.2899831,0.23250774,0.078215525,0.03456336,0.012053178,0.009818851
HAM_0006236,ISIC_0033741,nv,consensus,60.0,male,unknown,data/raw/HAM10000_images_part_2/ISIC_0033741.jpg,test,5,5,nv,nv,0.48537192,True,nv → nv,0.046619717,0.057677638,0.11530761,0.22815487,0.012767791,0.48537192,0.054100487
HAM_0006232,ISIC_0033043,nv,consensus,60.0,male,unknown,data/raw/HAM10000_images_part_2/ISIC_0033043.jpg,test,5,5,nv,nv,0.5970494,True,nv → nv,0.03651823,0.028828144,0.15523486,0.07867013,0.07456825,0.5970494,0.02913094
HAM_0006230,ISIC_0032632,nv,consensus,60.0,male,unknown,data/raw/HAM10000_images_part_2/ISIC_0032632.jpg,test,5,3,nv,df,0.26860958,False,nv → df,0.0865793,0.14909303,0.13275534,0.26860958,0.018883923,0.25932696,0.084751904
HAM_0004214,ISIC_0034248,nv,consensus,40.0,female,unknown,data/raw/HAM10000_images_part_2/ISIC_0034248.jpg,test,5,5,nv,nv,0.29190275,True,nv → nv,0.09823935,0.14403746,0.12903689,0.076350935,0.1914168,0.29190275,0.0690159
HAM_0004208,ISIC_0033892,nv,consensus,40.0,female,unknown,data/raw/HAM10000_images_part_2/ISIC_0033892.jpg,test,5,5,nv,nv,0.34335327,True,nv → nv,0.07254747,0.05917902,0.19023874,0.06508147,0.2262649,0.34335327,0.043335095
HAM_0004181,ISIC_0032571,nv,consensus,40.0,female,unknown,data/raw/HAM10000_images_part_2/ISIC_0032571.jpg,test,5,5,nv,nv,0.4286465,True,nv → nv,0.06479906,0.08099705,0.119711876,0.074682295,0.17585415,0.4286465,0.055309072
HAM_0004194,ISIC_0033101,nv,consensus,40.0,female,unknown,data/raw/HAM10000_images_part_2/ISIC_0033101.jpg,test,5,4,nv,mel,0.23291075,False,nv → mel,0.13429289,0.14638895,0.16900198,0.06643562,0.23291075,0.19340575,0.057564143
HAM_0004183,ISIC_0032606,nv,consensus,40.0,female,unknown,data/raw/HAM10000_images_part_2/ISIC_0032606.jpg,test,5,5,nv,nv,0.43403542,True,nv → nv,0.046236724,0.042802762,0.20354582,0.06884801,0.17206044,0.43403542,0.03247077
HAM_0004210,ISIC_0034081,nv,consensus,40.0,female,unknown,data/raw/HAM10000_images_part_2/ISIC_0034081.jpg,test,5,5,nv,nv,0.44975385,True,nv → nv,0.04294234,0.15550624,0.09052471,0.08820356,0.10134891,0.44975385,0.071720436
HAM_0004198,ISIC_0033481,nv,consensus,40.0,female,unknown,data/raw/HAM10000_images_part_2/ISIC_0033481.jpg,test,5,5,nv,nv,0.42211187,True,nv → nv,0.04508534,0.032227557,0.10296091,0.044257715,0.30739397,0.42211187,0.04596264
HAM_0004216,ISIC_0034312,nv,consensus,40.0,female,unknown,data/raw/HAM10000_images_part_2/ISIC_0034312.jpg,test,5,5,nv,nv,0.5424372,True,nv → nv,0.03030002,0.06066032,0.07046657,0.082199365,0.09065328,0.5424372,0.12328335
HAM_0002037,ISIC_0033733,nv,consensus,,unknown,unknown,data/raw/HAM10000_images_part_2/ISIC_0033733.jpg,test,5,5,nv,nv,0.6192978,True,nv → nv,0.028129488,0.016966214,0.09635513,0.050760288,0.1583641,0.6192978,0.030126927
HAM_0004430,ISIC_0032789,nv,consensus,,unknown,unknown,data/raw/HAM10000_images_part_2/ISIC_0032789.jpg,test,5,5,nv,nv,0.47594497,True,nv → nv,0.0499537,0.06575564,0.1566713,0.16124181,0.0329627,0.47594497,0.05746982
HAM_0003034,ISIC_0033187,nv,consensus,,unknown,unknown,data/raw/HAM10000_images_part_2/ISIC_0033187.jpg,test,5,5,nv,nv,0.8400077,True,nv → nv,0.010661035,0.0070142443,0.029526137,0.044946518,0.03387436,0.8400077,0.03396993
HAM_0002402,ISIC_0033515,nv,consensus,,unknown,unknown,data/raw/HAM10000_images_part_2/ISIC_0033515.jpg,test,5,5,nv,nv,0.35584587,True,nv → nv,0.085136645,0.1102292,0.13932762,0.083397105,0.17075391,0.35584587,0.055309623
HAM_0003300,ISIC_0034195,nv,consensus,,unknown,unknown,data/raw/HAM10000_images_part_2/ISIC_0034195.jpg,test,5,5,nv,nv,0.56315994,True,nv → nv,0.037845116,0.036566373,0.0756411,0.05657918,0.176305,0.56315994,0.05390336
HAM_0003808,ISIC_0034040,bkl,consensus,40.0,male,unknown,data/raw/HAM10000_images_part_2/ISIC_0034040.jpg,test,2,2,bkl,bkl,0.4077211,True,bkl → bkl,0.038589593,0.014425407,0.4077211,0.0324665,0.26648355,0.22714046,0.013173402
HAM_0001410,ISIC_0029143,nv,consensus,15.0,female,chest,data/raw/HAM10000_images_part_1/ISIC_0029143.jpg,test,5,5,nv,nv,0.44608444,True,nv → nv,0.045485478,0.087860495,0.08937268,0.17751428,0.029687488,0.44608444,0.12399518
HAM_0002554,ISIC_0028585,nv,consensus,30.0,male,back,data/raw/HAM10000_images_part_1/ISIC_0028585.jpg,test,5,5,nv,nv,0.53702635,True,nv → nv,0.03434309,0.059659593,0.083932474,0.061285138,0.17021461,0.53702635,0.05353874
HAM_0007609,ISIC_0026326,nv,consensus,30.0,male,face,data/raw/HAM10000_images_part_1/ISIC_0026326.jpg,test,5,1,nv,bcc,0.28074896,False,nv → bcc,0.15153572,0.28074896,0.17546575,0.23665377,0.019778859,0.09912099,0.036696054
HAM_0002554,ISIC_0032102,nv,consensus,30.0,male,back,data/raw/HAM10000_images_part_2/ISIC_0032102.jpg,test,5,5,nv,nv,0.40927818,True,nv → nv,0.057310913,0.06496917,0.12761241,0.060552187,0.22728038,0.40927818,0.052996818
HAM_0001410,ISIC_0024830,nv,consensus,15.0,female,chest,data/raw/HAM10000_images_part_1/ISIC_0024830.jpg,test,5,5,nv,nv,0.3552286,True,nv → nv,0.078024246,0.117613874,0.16472998,0.19844872,0.031085193,0.3552286,0.05486939
HAM_0000673,ISIC_0029659,akiec,histo,70.0,female,face,data/raw/HAM10000_images_part_2/ISIC_0029659.jpg,test,0,0,akiec,akiec,0.43135384,True,akiec → akiec,0.43135384,0.19464192,0.2514391,0.034244396,0.07524842,0.006697158,0.006375221
HAM_0006898,ISIC_0029041,akiec,histo,80.0,male,scalp,data/raw/HAM10000_images_part_1/ISIC_0029041.jpg,test,0,0,akiec,akiec,0.34937304,True,akiec → akiec,0.34937304,0.16132262,0.24610658,0.031190263,0.17582105,0.018929217,0.017257262
HAM_0006898,ISIC_0031040,akiec,histo,80.0,male,scalp,data/raw/HAM10000_images_part_2/ISIC_0031040.jpg,test,0,0,akiec,akiec,0.3648156,True,akiec → akiec,0.3648156,0.26890263,0.20761056,0.046868414,0.08255966,0.014597459,0.01464555
HAM_0001694,ISIC_0032173,akiec,histo,80.0,female,upper extremity,data/raw/HAM10000_images_part_2/ISIC_0032173.jpg,test,0,1,akiec,bcc,0.4383881,False,akiec → bcc,0.27839535,0.4383881,0.13294934,0.10271813,0.022163196,0.011859894,0.013526062
HAM_0001526,ISIC_0027795,akiec,histo,70.0,male,ear,data/raw/HAM10000_images_part_1/ISIC_0027795.jpg,test,0,2,akiec,bkl,0.3994623,False,akiec → bkl,0.29158008,0.14979985,0.3994623,0.047956828,0.091619626,0.015065334,0.0045158807
HAM_0005027,ISIC_0032329,akiec,histo,85.0,female,back,data/raw/HAM10000_images_part_2/ISIC_0032329.jpg,test,0,1,akiec,bcc,0.3786546,False,akiec → bcc,0.30461425,0.3786546,0.16127968,0.077789135,0.04351986,0.01786936,0.016273178
HAM_0003422,ISIC_0031198,akiec,histo,55.0,female,neck,data/raw/HAM10000_images_part_2/ISIC_0031198.jpg,test,0,0,akiec,akiec,0.26614422,True,akiec → akiec,0.26614422,0.15682721,0.25517547,0.04112293,0.22389898,0.038051948,0.018779172
HAM_0006898,ISIC_0030242,akiec,histo,80.0,male,scalp,data/raw/HAM10000_images_part_2/ISIC_0030242.jpg,test,0,0,akiec,akiec,0.3611631,True,akiec → akiec,0.3611631,0.18808544,0.25640085,0.03553128,0.13309665,0.014841963,0.01088064
HAM_0006893,ISIC_0027084,akiec,histo,65.0,female,lower extremity,data/raw/HAM10000_images_part_1/ISIC_0027084.jpg,test,0,5,akiec,nv,0.28030303,False,akiec → nv,0.077684335,0.2639438,0.12104629,0.10866923,0.090176255,0.28030303,0.05817705
HAM_0004522,ISIC_0028381,akiec,histo,55.0,female,neck,data/raw/HAM10000_images_part_1/ISIC_0028381.jpg,test,0,5,akiec,nv,0.37221193,False,akiec → nv,0.06350174,0.07295469,0.1961984,0.07447799,0.18231802,0.37221193,0.038337264
HAM_0005354,ISIC_0026625,akiec,histo,60.0,male,face,data/raw/HAM10000_images_part_1/ISIC_0026625.jpg,test,0,0,akiec,akiec,0.4185495,True,akiec → akiec,0.4185495,0.17919473,0.30505,0.036821213,0.05021498,0.0053019626,0.004867559
HAM_0004441,ISIC_0031852,akiec,histo,85.0,female,upper extremity,data/raw/HAM10000_images_part_2/ISIC_0031852.jpg,test,0,5,akiec,nv,0.3329141,False,akiec → nv,0.08480259,0.06585018,0.11482155,0.052396335,0.30792323,0.3329141,0.04129204
HAM_0003146,ISIC_0026992,akiec,histo,85.0,male,upper extremity,data/raw/HAM10000_images_part_1/ISIC_0026992.jpg,test,0,4,akiec,mel,0.45387188,False,akiec → mel,0.14692721,0.06612984,0.1728272,0.03004352,0.45387188,0.10232036,0.027880087
HAM_0003146,ISIC_0029563,akiec,histo,85.0,male,upper extremity,data/raw/HAM10000_images_part_2/ISIC_0029563.jpg,test,0,4,akiec,mel,0.40659106,False,akiec → mel,0.15857874,0.083764255,0.17976433,0.03468637,0.40659106,0.10308531,0.033529866
HAM_0002441,ISIC_0030491,akiec,histo,80.0,male,scalp,data/raw/HAM10000_images_part_2/ISIC_0030491.jpg,test,0,1,akiec,bcc,0.37407082,False,akiec → bcc,0.2565903,0.37407082,0.17900312,0.0914691,0.059272606,0.028490474,0.011103532
HAM_0001967,ISIC_0029860,akiec,histo,85.0,male,chest,data/raw/HAM10000_images_part_2/ISIC_0029860.jpg,test,0,5,akiec,nv,0.26107574,False,akiec → nv,0.094456315,0.1924413,0.13590221,0.090129465,0.14860646,0.26107574,0.0773885
HAM_0006434,ISIC_0028314,akiec,histo,60.0,male,lower extremity,data/raw/HAM10000_images_part_1/ISIC_0028314.jpg,test,0,1,akiec,bcc,0.30237105,False,akiec → bcc,0.28622103,0.30237105,0.20766298,0.0843306,0.07418691,0.03485062,0.010376866
HAM_0005027,ISIC_0026138,akiec,histo,85.0,female,back,data/raw/HAM10000_images_part_1/ISIC_0026138.jpg,test,0,1,akiec,bcc,0.62174416,False,akiec → bcc,0.17170407,0.62174416,0.07058105,0.10183926,0.009325673,0.009570508,0.015235268
HAM_0005924,ISIC_0030953,akiec,histo,80.0,female,upper extremity,data/raw/HAM10000_images_part_2/ISIC_0030953.jpg,test,0,1,akiec,bcc,0.30821133,False,akiec → bcc,0.26158595,0.30821133,0.20063378,0.07048073,0.104298525,0.039945453,0.014844322
HAM_0005924,ISIC_0025196,akiec,histo,80.0,female,upper extremity,data/raw/HAM10000_images_part_1/ISIC_0025196.jpg,test,0,1,akiec,bcc,0.35785443,False,akiec → bcc,0.2772783,0.35785443,0.19106166,0.0955728,0.0404657,0.020571979,0.017195173
HAM_0006213,ISIC_0025182,akiec,histo,60.0,female,hand,data/raw/HAM10000_images_part_1/ISIC_0025182.jpg,test,0,1,akiec,bcc,0.50455415,False,akiec → bcc,0.14612454,0.50455415,0.11208444,0.1413156,0.022754468,0.040355954,0.03281079
HAM_0003262,ISIC_0026212,akiec,histo,45.0,male,face,data/raw/HAM10000_images_part_1/ISIC_0026212.jpg,test,0,0,akiec,akiec,0.47921753,True,akiec → akiec,0.47921753,0.20453462,0.2265591,0.032324195,0.048203617,0.0039281873,0.0052326983
HAM_0006483,ISIC_0032371,akiec,histo,75.0,male,upper extremity,data/raw/HAM10000_images_part_2/ISIC_0032371.jpg,test,0,1,akiec,bcc,0.2047766,False,akiec → bcc,0.1477614,0.2047766,0.15773879,0.074761994,0.19596237,0.16365656,0.05534226
HAM_0002441,ISIC_0031381,akiec,histo,80.0,male,scalp,data/raw/HAM10000_images_part_2/ISIC_0031381.jpg,test,0,5,akiec,nv,0.25846013,False,akiec → nv,0.11376561,0.08421086,0.1813236,0.06386256,0.25259647,0.25846013,0.04578074
HAM_0002646,ISIC_0028558,akiec,histo,75.0,male,face,data/raw/HAM10000_images_part_1/ISIC_0028558.jpg,test,0,1,akiec,bcc,0.28124055,False,akiec → bcc,0.17489435,0.28124055,0.24037874,0.1680875,0.029222436,0.07243077,0.03374568
HAM_0006879,ISIC_0029573,akiec,histo,70.0,male,lower extremity,data/raw/HAM10000_images_part_2/ISIC_0029573.jpg,test,0,0,akiec,akiec,0.37692007,True,akiec → akiec,0.37692007,0.25337473,0.22066136,0.050459813,0.07725492,0.014474489,0.0068545686
HAM_0003633,ISIC_0030280,akiec,histo,70.0,male,upper extremity,data/raw/HAM10000_images_part_2/ISIC_0030280.jpg,test,0,0,akiec,akiec,0.24483028,True,akiec → akiec,0.24483028,0.17526035,0.22454067,0.062625,0.19596213,0.06898083,0.027800655
HAM_0004439,ISIC_0031672,akiec,histo,55.0,female,face,data/raw/HAM10000_images_part_2/ISIC_0031672.jpg,test,0,0,akiec,akiec,0.32889667,True,akiec → akiec,0.32889667,0.30764106,0.20388319,0.0667018,0.061541658,0.020232853,0.01110281
HAM_0004439,ISIC_0030986,akiec,histo,55.0,female,face,data/raw/HAM10000_images_part_2/ISIC_0030986.jpg,test,0,0,akiec,akiec,0.35918346,True,akiec → akiec,0.35918346,0.2904355,0.22475994,0.067192644,0.03778469,0.010700022,0.009943758
HAM_0004439,ISIC_0031431,akiec,histo,55.0,female,face,data/raw/HAM10000_images_part_2/ISIC_0031431.jpg,test,0,0,akiec,akiec,0.28342265,True,akiec → akiec,0.28342265,0.27439007,0.2159003,0.06544462,0.10690413,0.040688507,0.0132496795
HAM_0002646,ISIC_0029781,akiec,histo,75.0,male,face,data/raw/HAM10000_images_part_2/ISIC_0029781.jpg,test,0,1,akiec,bcc,0.42476106,False,akiec → bcc,0.2930532,0.42476106,0.15380633,0.08326933,0.023550965,0.009826832,0.011732232
HAM_0000909,ISIC_0026981,akiec,histo,55.0,male,lower extremity,data/raw/HAM10000_images_part_1/ISIC_0026981.jpg,test,0,1,akiec,bcc,0.55706185,False,akiec → bcc,0.13531975,0.55706185,0.08824498,0.12753837,0.018168215,0.029019596,0.044647183
HAM_0000909,ISIC_0031286,akiec,histo,55.0,male,lower extremity,data/raw/HAM10000_images_part_2/ISIC_0031286.jpg,test,0,5,akiec,nv,0.27329567,False,akiec → nv,0.104431026,0.14142194,0.13552694,0.07253946,0.20834394,0.27329567,0.06444112
HAM_0006180,ISIC_0026905,akiec,histo,70.0,male,upper extremity,data/raw/HAM10000_images_part_1/ISIC_0026905.jpg,test,0,0,akiec,akiec,0.2957372,True,akiec → akiec,0.2957372,0.17657197,0.2826294,0.044779744,0.15852204,0.029600484,0.012159182
HAM_0006524,ISIC_0031228,akiec,histo,65.0,male,ear,data/raw/HAM10000_images_part_2/ISIC_0031228.jpg,test,0,4,akiec,mel,0.2969524,False,akiec → mel,0.2000118,0.11904645,0.25956532,0.038379,0.2969524,0.063722365,0.022322558
HAM_0006524,ISIC_0024763,akiec,histo,65.0,male,ear,data/raw/HAM10000_images_part_1/ISIC_0024763.jpg,test,0,0,akiec,akiec,0.34718,True,akiec → akiec,0.34718,0.29221535,0.22341877,0.0689135,0.0463904,0.014398341,0.0074836686
HAM_0006434,ISIC_0028076,akiec,histo,60.0,male,lower extremity,data/raw/HAM10000_images_part_1/ISIC_0028076.jpg,test,0,2,akiec,bkl,0.23124795,False,akiec → bkl,0.18759315,0.16900937,0.23124795,0.07523659,0.196883,0.11545122,0.024578748
HAM_0006434,ISIC_0030142,akiec,histo,60.0,male,lower extremity,data/raw/HAM10000_images_part_2/ISIC_0030142.jpg,test,0,2,akiec,bkl,0.26248524,False,akiec → bkl,0.2358799,0.20172831,0.26248524,0.08226815,0.14004725,0.06544153,0.012149582
HAM_0001967,ISIC_0025471,akiec,histo,85.0,male,chest,data/raw/HAM10000_images_part_1/ISIC_0025471.jpg,test,0,1,akiec,bcc,0.4174042,False,akiec → bcc,0.14202835,0.4174042,0.14159122,0.12221899,0.04970211,0.05380748,0.07324767
HAM_0007038,ISIC_0032404,akiec,histo,70.0,male,face,data/raw/HAM10000_images_part_2/ISIC_0032404.jpg,test,0,2,akiec,bkl,0.41050872,False,akiec → bkl,0.3137313,0.111282475,0.41050872,0.031386416,0.118118174,0.010738867,0.004233995
HAM_0007047,ISIC_0025957,akiec,histo,60.0,female,lower extremity,data/raw/HAM10000_images_part_1/ISIC_0025957.jpg,test,0,1,akiec,bcc,0.29531488,False,akiec → bcc,0.15767704,0.29531488,0.13655959,0.12925999,0.07134252,0.13949211,0.07035393
HAM_0007047,ISIC_0025605,akiec,histo,60.0,female,lower extremity,data/raw/HAM10000_images_part_1/ISIC_0025605.jpg,test,0,2,akiec,bkl,0.25697684,False,akiec → bkl,0.15253922,0.115963496,0.25697684,0.077750705,0.19002853,0.16926482,0.037476406
HAM_0007088,ISIC_0024800,akiec,histo,50.0,male,back,data/raw/HAM10000_images_part_1/ISIC_0024800.jpg,test,0,5,akiec,nv,0.44191405,False,akiec → nv,0.06376725,0.05455089,0.1479886,0.07322618,0.17484117,0.44191405,0.043711875
HAM_0007308,ISIC_0026848,akiec,histo,55.0,male,face,data/raw/HAM10000_images_part_1/ISIC_0026848.jpg,test,0,2,akiec,bkl,0.3915875,False,akiec → bkl,0.20353247,0.13609335,0.3915875,0.065933675,0.14079486,0.05139161,0.010666507
HAM_0001520,ISIC_0027294,akiec,histo,75.0,female,lower extremity,data/raw/HAM10000_images_part_1/ISIC_0027294.jpg,test,0,1,akiec,bcc,0.46819574,False,akiec → bcc,0.121570185,0.46819574,0.104805276,0.13832459,0.033143286,0.06964606,0.064314894
HAM_0006587,ISIC_0025780,akiec,histo,70.0,male,face,data/raw/HAM10000_images_part_1/ISIC_0025780.jpg,test,0,1,akiec,bcc,0.24745566,False,akiec → bcc,0.22065736,0.24745566,0.21295223,0.06629642,0.15862235,0.07088096,0.023134967
HAM_0002699,ISIC_0029827,akiec,histo,60.0,male,back,data/raw/HAM10000_images_part_2/ISIC_0029827.jpg,test,0,1,akiec,bcc,0.5634358,False,akiec → bcc,0.02595364,0.5634358,0.038191393,0.111995265,0.015004369,0.07494148,0.17047802
HAM_0006902,ISIC_0031506,akiec,histo,70.0,male,hand,data/raw/HAM10000_images_part_2/ISIC_0031506.jpg,test,0,2,akiec,bkl,0.5213472,False,akiec → bkl,0.10495481,0.061398584,0.5213472,0.05652711,0.15171653,0.09168716,0.012368647
HAM_0001505,ISIC_0024511,akiec,histo,55.0,female,face,data/raw/HAM10000_images_part_1/ISIC_0024511.jpg,test,0,2,akiec,bkl,0.27169275,False,akiec → bkl,0.16172521,0.2390467,0.27169275,0.17826648,0.03805682,0.08765628,0.023555696
HAM_0006180,ISIC_0027615,akiec,histo,70.0,male,upper extremity,data/raw/HAM10000_images_part_1/ISIC_0027615.jpg,test,0,0,akiec,akiec,0.33772215,True,akiec → akiec,0.33772215,0.25705287,0.23380499,0.054984987,0.08605954,0.021414494,0.008961053
HAM_0006180,ISIC_0028990,akiec,histo,70.0,male,upper extremity,data/raw/HAM10000_images_part_1/ISIC_0028990.jpg,test,0,0,akiec,akiec,0.37614724,True,akiec → akiec,0.37614724,0.23653339,0.25418046,0.0517557,0.060692944,0.011754192,0.008936005
HAM_0001576,ISIC_0033705,akiec,histo,60.0,male,face,data/raw/HAM10000_images_part_2/ISIC_0033705.jpg,test,0,2,akiec,bkl,0.4119868,False,akiec → bkl,0.24331143,0.09168734,0.4119868,0.03263995,0.19228086,0.021742875,0.0063507366
