lesion_id,image_id,dx,dx_type,age,sex,localization,image_path,split,true_idx,pred_idx,true_class,pred_class,confidence,is_correct,error_pair,prob_akiec,prob_bcc,prob_bkl,prob_df,prob_mel,prob_nv,prob_vasc
HAM_0002761,ISIC_0029176,bkl,histo,60.0,male,face,data/raw/HAM10000_images_part_1/ISIC_0029176.jpg,test,2,1,bkl,bcc,0.74582106,False,bkl → bcc,0.12190403,0.74582106,0.07903343,0.035755802,0.0020343289,0.008964327,0.0064870394
HAM_0002761,ISIC_0029068,bkl,histo,60.0,male,face,data/raw/HAM10000_images_part_1/ISIC_0029068.jpg,test,2,2,bkl,bkl,0.44302714,True,bkl → bkl,0.07286081,0.24859616,0.44302714,0.16598347,0.020264855,0.038891543,0.01037603
HAM_0005132,ISIC_0025837,bkl,histo,70.0,female,back,data/raw/HAM10000_images_part_1/ISIC_0025837.jpg,test,2,2,bkl,bkl,0.40370053,True,bkl → bkl,0.32629517,0.050182417,0.40370053,0.056097332,0.042972427,0.1093556,0.011396538
HAM_0005132,ISIC_0025209,bkl,histo,70.0,female,back,data/raw/HAM10000_images_part_1/ISIC_0025209.jpg,test,2,0,bkl,akiec,0.8830981,False,bkl → akiec,0.8830981,0.035951756,0.047783166,0.01676427,0.007133876,0.0037831154,0.0054857098
HAM_0007571,ISIC_0029836,bkl,histo,70.0,male,chest,data/raw/HAM10000_images_part_2/ISIC_0029836.jpg,test,2,5,bkl,nv,0.40523303,False,bkl → nv,0.0060140844,0.005108443,0.22465782,0.011116324,0.32003233,0.40523303,0.027837994
HAM_0007571,ISIC_0032129,bkl,histo,70.0,male,chest,data/raw/HAM10000_images_part_2/ISIC_0032129.jpg,test,2,2,bkl,bkl,0.48441154,True,bkl → bkl,0.016214423,0.009603929,0.48441154,0.01320454,0.092684224,0.3531427,0.030738786
HAM_0001480,ISIC_0031753,bkl,histo,70.0,male,abdomen,data/raw/HAM10000_images_part_2/ISIC_0031753.jpg,test,2,2,bkl,bkl,0.6451523,True,bkl → bkl,0.030988513,0.02292241,0.6451523,0.019827124,0.083059385,0.17863457,0.019415658
HAM_0001480,ISIC_0026835,bkl,histo,70.0,male,abdomen,data/raw/HAM10000_images_part_1/ISIC_0026835.jpg,test,2,5,bkl,nv,0.4140753,False,bkl → nv,0.053139705,0.11813164,0.3159715,0.039450776,0.046591867,0.4140753,0.012639284
HAM_0007409,ISIC_0025076,bkl,histo,50.0,male,upper extremity,data/raw/HAM10000_images_part_1/ISIC_0025076.jpg,test,2,5,bkl,nv,0.4003003,False,bkl → nv,0.069249816,0.29760155,0.065859646,0.06212607,0.07574212,0.4003003,0.02912052
HAM_0007409,ISIC_0029687,bkl,histo,50.0,male,upper extremity,data/raw/HAM10000_images_part_2/ISIC_0029687.jpg,test,2,5,bkl,nv,0.60271937,False,bkl → nv,0.04859681,0.040839426,0.11124511,0.034666296,0.14363359,0.60271937,0.01829944
HAM_0007409,ISIC_0025642,bkl,histo,50.0,male,upper extremity,data/raw/HAM10000_images_part_1/ISIC_0025642.jpg,test,2,2,bkl,bkl,0.35240996,True,bkl → bkl,0.05450434,0.02099948,0.35240996,0.044006463,0.23436971,0.2672443,0.026465755
HAM_0003670,ISIC_0030105,bkl,histo,80.0,female,unknown,data/raw/HAM10000_images_part_2/ISIC_0030105.jpg,test,2,4,bkl,mel,0.44884363,False,bkl → mel,0.100727946,0.07919263,0.15019463,0.12114966,0.44884363,0.051514737,0.048376814
HAM_0004641,ISIC_0025099,bkl,histo,60.0,male,abdomen,data/raw/HAM10000_images_part_1/ISIC_0025099.jpg,test,2,2,bkl,bkl,0.43732226,True,bkl → bkl,0.005034983,0.004578458,0.43732226,0.04011782,0.0810907,0.3760215,0.055834226
HAM_0004641,ISIC_0031485,bkl,histo,60.0,male,abdomen,data/raw/HAM10000_images_part_2/ISIC_0031485.jpg,test,2,5,bkl,nv,0.6439106,False,bkl → nv,0.005017062,0.008275959,0.16616377,0.031921353,0.10604286,0.6439106,0.038668416
HAM_0004341,ISIC_0031967,bkl,histo,70.0,female,scalp,data/raw/HAM10000_images_part_2/ISIC_0031967.jpg,test,2,2,bkl,bkl,0.5057706,True,bkl → bkl,0.0020340087,0.060179025,0.5057706,0.025178902,0.13577305,0.17339064,0.09767372
HAM_0004341,ISIC_0031584,bkl,histo,70.0,female,scalp,data/raw/HAM10000_images_part_2/ISIC_0031584.jpg,test,2,6,bkl,vasc,0.4609582,False,bkl → vasc,0.0015980906,0.09102617,0.22251831,0.019330326,0.07867169,0.1258972,0.4609582
HAM_0001469,ISIC_0029289,bkl,histo,60.0,female,trunk,data/raw/HAM10000_images_part_1/ISIC_0029289.jpg,test,2,5,bkl,nv,0.83575237,False,bkl → nv,0.0076058456,0.011657121,0.049025625,0.02508892,0.03304585,0.83575237,0.03782426
HAM_0001469,ISIC_0029912,bkl,histo,60.0,female,trunk,data/raw/HAM10000_images_part_2/ISIC_0029912.jpg,test,2,5,bkl,nv,0.5928507,False,bkl → nv,0.022408677,0.011642283,0.17529185,0.029026553,0.12146865,0.5928507,0.04731126
HAM_0007179,ISIC_0025906,bkl,histo,0.0,female,back,data/raw/HAM10000_images_part_1/ISIC_0025906.jpg,test,2,2,bkl,bkl,0.50144595,True,bkl → bkl,0.015612879,0.009794627,0.50144595,0.048136514,0.020665973,0.3829156,0.021428471
HAM_0007179,ISIC_0027151,bkl,histo,0.0,female,back,data/raw/HAM10000_images_part_1/ISIC_0027151.jpg,test,2,5,bkl,nv,0.75455475,False,bkl → nv,0.0070766495,0.016030869,0.078658976,0.034753148,0.054367084,0.75455475,0.05455852
HAM_0005077,ISIC_0028646,bkl,histo,75.0,male,upper extremity,data/raw/HAM10000_images_part_1/ISIC_0028646.jpg,test,2,2,bkl,bkl,0.7172321,True,bkl → bkl,0.022791598,0.012323819,0.7172321,0.019823946,0.07699038,0.14197803,0.008860157
HAM_0006654,ISIC_0033691,bkl,histo,75.0,male,back,data/raw/HAM10000_images_part_2/ISIC_0033691.jpg,test,2,5,bkl,nv,0.35170302,False,bkl → nv,0.050043497,0.08208775,0.26000297,0.035134085,0.18939038,0.35170302,0.031638294
HAM_0006654,ISIC_0033910,bkl,histo,75.0,male,back,data/raw/HAM10000_images_part_2/ISIC_0033910.jpg,test,2,1,bkl,bcc,0.34049553,False,bkl → bcc,0.109430924,0.34049553,0.082490616,0.02869178,0.21185441,0.19554442,0.03149228
HAM_0006654,ISIC_0032556,bkl,histo,75.0,male,back,data/raw/HAM10000_images_part_2/ISIC_0032556.jpg,test,2,2,bkl,bkl,0.7237715,True,bkl → bkl,0.089402795,0.0506688,0.7237715,0.0120562,0.06815541,0.04685187,0.009093534
HAM_0003743,ISIC_0033646,bkl,histo,50.0,male,upper extremity,data/raw/HAM10000_images_part_2/ISIC_0033646.jpg,test,2,2,bkl,bkl,0.5690982,True,bkl → bkl,0.12853117,0.15735283,0.5690982,0.010908692,0.1001728,0.021868248,0.012068017
HAM_0003743,ISIC_0033592,bkl,histo,50.0,male,upper extremity,data/raw/HAM10000_images_part_2/ISIC_0033592.jpg,test,2,2,bkl,bkl,0.4730015,True,bkl → bkl,0.04574399,0.18300892,0.4730015,0.013090846,0.21001692,0.064654924,0.010482866
HAM_0003743,ISIC_0033899,bkl,histo,50.0,male,upper extremity,data/raw/HAM10000_images_part_2/ISIC_0033899.jpg,test,2,2,bkl,bkl,0.5240653,True,bkl → bkl,0.11018071,0.049502663,0.5240653,0.018616628,0.10646504,0.17792158,0.0132479975
HAM_0006938,ISIC_0033716,bkl,histo,45.0,male,face,data/raw/HAM10000_images_part_2/ISIC_0033716.jpg,test,2,5,bkl,nv,0.7660505,False,bkl → nv,0.026921565,0.019502856,0.020773852,0.028188385,0.124653496,0.7660505,0.013909262
HAM_0006938,ISIC_0034011,bkl,histo,45.0,male,face,data/raw/HAM10000_images_part_2/ISIC_0034011.jpg,test,2,4,bkl,mel,0.5346288,False,bkl → mel,0.031298533,0.057421483,0.22442098,0.019785171,0.5346288,0.12316945,0.009275552
HAM_0006938,ISIC_0033613,bkl,histo,45.0,male,face,data/raw/HAM10000_images_part_2/ISIC_0033613.jpg,test,2,2,bkl,bkl,0.65693873,True,bkl → bkl,0.026368208,0.023575628,0.65693873,0.00496651,0.25094858,0.029926497,0.007275755
HAM_0000802,ISIC_0033437,bkl,histo,60.0,female,lower extremity,data/raw/HAM10000_images_part_2/ISIC_0033437.jpg,test,2,4,bkl,mel,0.4692106,False,bkl → mel,0.0050103306,0.0014109245,0.28831574,0.010535862,0.4692106,0.21328455,0.012232089
HAM_0000802,ISIC_0033195,bkl,histo,60.0,female,lower extremity,data/raw/HAM10000_images_part_2/ISIC_0033195.jpg,test,2,2,bkl,bkl,0.37139723,True,bkl → bkl,0.039769575,0.0028719117,0.37139723,0.03712507,0.2777891,0.25899726,0.012049823
HAM_0000802,ISIC_0032553,bkl,histo,60.0,female,lower extremity,data/raw/HAM10000_images_part_2/ISIC_0032553.jpg,test,2,4,bkl,mel,0.63271195,False,bkl → mel,0.013792119,0.0031398733,0.092383794,0.018320518,0.63271195,0.21655746,0.023094364
HAM_0003050,ISIC_0033744,bkl,histo,70.0,male,face,data/raw/HAM10000_images_part_2/ISIC_0033744.jpg,test,2,2,bkl,bkl,0.4070001,True,bkl → bkl,0.05815546,0.051318888,0.4070001,0.19178693,0.026597857,0.25123385,0.0139069725
HAM_0003050,ISIC_0033659,bkl,histo,70.0,male,face,data/raw/HAM10000_images_part_2/ISIC_0033659.jpg,test,2,2,bkl,bkl,0.32929552,True,bkl → bkl,0.18669224,0.0889221,0.32929552,0.058306523,0.15103258,0.15753913,0.028211894
HAM_0007341,ISIC_0032898,bkl,histo,50.0,female,lower extremity,data/raw/HAM10000_images_part_2/ISIC_0032898.jpg,test,2,4,bkl,mel,0.410882,False,bkl → mel,0.0046206065,0.033229787,0.11512634,0.015491388,0.410882,0.39222407,0.028425783
HAM_0007341,ISIC_0033488,bkl,histo,50.0,female,lower extremity,data/raw/HAM10000_images_part_2/ISIC_0033488.jpg,test,2,5,bkl,nv,0.31127492,False,bkl → nv,0.0071056476,0.060170997,0.27664977,0.024611453,0.11176867,0.31127492,0.20841855
HAM_0007341,ISIC_0033758,bkl,histo,50.0,female,lower extremity,data/raw/HAM10000_images_part_2/ISIC_0033758.jpg,test,2,2,bkl,bkl,0.35827798,True,bkl → bkl,0.010522534,0.04104887,0.35827798,0.026450444,0.13950635,0.33610937,0.088084474
HAM_0001384,ISIC_0033397,bkl,histo,70.0,male,back,data/raw/HAM10000_images_part_2/ISIC_0033397.jpg,test,2,2,bkl,bkl,0.69694203,True,bkl → bkl,0.021184398,0.013489416,0.69694203,0.028408112,0.093466476,0.13497195,0.0115375575
HAM_0001384,ISIC_0033414,bkl,histo,70.0,male,back,data/raw/HAM10000_images_part_2/ISIC_0033414.jpg,test,2,2,bkl,bkl,0.48635995,True,bkl → bkl,0.056158952,0.033241898,0.48635995,0.025362624,0.15813783,0.22029468,0.02044404
HAM_0001384,ISIC_0034113,bkl,histo,70.0,male,back,data/raw/HAM10000_images_part_2/ISIC_0034113.jpg,test,2,2,bkl,bkl,0.48070237,True,bkl → bkl,0.018868035,0.02573588,0.48070237,0.03651445,0.19332051,0.2255684,0.019290376
HAM_0004555,ISIC_0034259,bkl,histo,75.0,male,lower extremity,data/raw/HAM10000_images_part_2/ISIC_0034259.jpg,test,2,4,bkl,mel,0.62058896,False,bkl → mel,0.0096987365,0.047957532,0.099287525,0.02300327,0.62058896,0.031091914,0.16837204
HAM_0004555,ISIC_0033446,bkl,histo,75.0,male,lower extremity,data/raw/HAM10000_images_part_2/ISIC_0033446.jpg,test,2,2,bkl,bkl,0.66157293,True,bkl → bkl,0.004835059,0.004849913,0.66157293,0.0067231394,0.15374914,0.15415677,0.014113097
HAM_0004555,ISIC_0033200,bkl,histo,75.0,male,lower extremity,data/raw/HAM10000_images_part_2/ISIC_0033200.jpg,test,2,4,bkl,mel,0.65111333,False,bkl → mel,0.0049045603,0.007889968,0.2964364,0.009403128,0.65111333,0.01841486,0.011837824
HAM_0004029,ISIC_0029472,bkl,histo,65.0,male,upper extremity,data/raw/HAM10000_images_part_2/ISIC_0029472.jpg,test,2,4,bkl,mel,0.39117497,False,bkl → mel,0.034300663,0.008762818,0.26616356,0.01993043,0.39117497,0.24637136,0.033296276
HAM_0004029,ISIC_0029682,bkl,histo,65.0,male,upper extremity,data/raw/HAM10000_images_part_2/ISIC_0029682.jpg,test,2,4,bkl,mel,0.3513808,False,bkl → mel,0.042327862,0.009553464,0.25565833,0.026075803,0.3513808,0.27259186,0.042411868
HAM_0004406,ISIC_0034125,bkl,histo,80.0,male,back,data/raw/HAM10000_images_part_2/ISIC_0034125.jpg,test,2,2,bkl,bkl,0.5286572,True,bkl → bkl,0.020806396,0.013475327,0.5286572,0.018612247,0.167262,0.23029245,0.02089436
HAM_0004406,ISIC_0033060,bkl,histo,80.0,male,back,data/raw/HAM10000_images_part_2/ISIC_0033060.jpg,test,2,2,bkl,bkl,0.3824043,True,bkl → bkl,0.02262641,0.05233017,0.3824043,0.035099614,0.14713359,0.33631122,0.024094779
HAM_0001738,ISIC_0027218,bkl,histo,50.0,female,lower extremity,data/raw/HAM10000_images_part_1/ISIC_0027218.jpg,test,2,5,bkl,nv,0.34248608,False,bkl → nv,0.024053756,0.011849357,0.28604382,0.018135767,0.2738098,0.34248608,0.043621447
HAM_0006697,ISIC_0030272,bkl,histo,50.0,female,trunk,data/raw/HAM10000_images_part_2/ISIC_0030272.jpg,test,2,2,bkl,bkl,0.49147186,True,bkl → bkl,0.03025838,0.017194416,0.49147186,0.08583978,0.015975066,0.32923573,0.030024825
HAM_0001562,ISIC_0027713,bkl,histo,80.0,male,face,data/raw/HAM10000_images_part_1/ISIC_0027713.jpg,test,2,6,bkl,vasc,0.40182945,False,bkl → vasc,0.07797641,0.34871137,0.051480528,0.034412067,0.011596429,0.07399364,0.40182945
HAM_0003293,ISIC_0029010,bkl,histo,55.0,male,back,data/raw/HAM10000_images_part_1/ISIC_0029010.jpg,test,2,2,bkl,bkl,0.4167388,True,bkl → bkl,0.13855502,0.08279856,0.4167388,0.05127346,0.19006853,0.0712805,0.04928505
HAM_0001995,ISIC_0024581,bkl,histo,40.0,male,lower extremity,data/raw/HAM10000_images_part_1/ISIC_0024581.jpg,test,2,5,bkl,nv,0.57929724,False,bkl → nv,0.027447712,0.016818188,0.22291467,0.07380811,0.05266621,0.57929724,0.027047817
HAM_0004947,ISIC_0029003,bkl,histo,75.0,male,abdomen,data/raw/HAM10000_images_part_1/ISIC_0029003.jpg,test,2,2,bkl,bkl,0.27796873,True,bkl → bkl,0.04342022,0.1488759,0.27796873,0.0332951,0.21167117,0.27065578,0.014113057
HAM_0004947,ISIC_0024711,bkl,histo,75.0,male,abdomen,data/raw/HAM10000_images_part_1/ISIC_0024711.jpg,test,2,4,bkl,mel,0.57076395,False,bkl → mel,0.01522983,0.024514934,0.07042922,0.0319344,0.57076395,0.25566787,0.03145981
HAM_0003000,ISIC_0025326,bkl,histo,50.0,female,upper extremity,data/raw/HAM10000_images_part_1/ISIC_0025326.jpg,test,2,1,bkl,bcc,0.94372123,False,bkl → bcc,0.012346393,0.94372123,0.017844034,0.009277389,0.0026952475,0.00048118553,0.013634592
HAM_0002078,ISIC_0027042,bkl,histo,60.0,female,lower extremity,data/raw/HAM10000_images_part_1/ISIC_0027042.jpg,test,2,2,bkl,bkl,0.58018094,True,bkl → bkl,0.10677645,0.004905179,0.58018094,0.031101143,0.25073782,0.02139678,0.0049015502
HAM_0003752,ISIC_0028308,bkl,histo,50.0,female,chest,data/raw/HAM10000_images_part_1/ISIC_0028308.jpg,test,2,1,bkl,bcc,0.4558871,False,bkl → bcc,0.23368064,0.4558871,0.20001067,0.041350972,0.032702103,0.023517158,0.012851282
HAM_0000364,ISIC_0024505,bkl,histo,40.0,female,face,data/raw/HAM10000_images_part_1/ISIC_0024505.jpg,test,2,4,bkl,mel,0.40266246,False,bkl → mel,0.073251665,0.025873479,0.3650974,0.01758534,0.40266246,0.08349744,0.03203229
HAM_0002988,ISIC_0025337,bkl,histo,35.0,male,face,data/raw/HAM10000_images_part_1/ISIC_0025337.jpg,test,2,2,bkl,bkl,0.39251444,True,bkl → bkl,0.025695784,0.01557188,0.39251444,0.036421493,0.26203343,0.194627,0.07313604
HAM_0006987,ISIC_0027649,bkl,histo,85.0,female,upper extremity,data/raw/HAM10000_images_part_1/ISIC_0027649.jpg,test,2,4,bkl,mel,0.5687479,False,bkl → mel,0.027921328,0.0055463584,0.30898207,0.016339872,0.5687479,0.06569577,0.0067667034
HAM_0005325,ISIC_0024971,bkl,histo,50.0,male,neck,data/raw/HAM10000_images_part_1/ISIC_0024971.jpg,test,2,2,bkl,bkl,0.5202295,True,bkl → bkl,0.09816434,0.33352402,0.5202295,0.0068598227,0.018691389,0.006368851,0.016162025
HAM_0003689,ISIC_0025874,bkl,histo,80.0,male,upper extremity,data/raw/HAM10000_images_part_1/ISIC_0025874.jpg,test,2,4,bkl,mel,0.691939,False,bkl → mel,0.016569423,0.004660737,0.17636651,0.01639483,0.691939,0.08101014,0.013059416
HAM_0004928,ISIC_0031424,bkl,histo,65.0,male,neck,data/raw/HAM10000_images_part_2/ISIC_0031424.jpg,test,2,2,bkl,bkl,0.5229522,True,bkl → bkl,0.01771689,0.02462864,0.5229522,0.02056599,0.24783003,0.14011367,0.026192652
HAM_0004928,ISIC_0029770,bkl,histo,65.0,male,neck,data/raw/HAM10000_images_part_2/ISIC_0029770.jpg,test,2,5,bkl,nv,0.3046688,False,bkl → nv,0.0518963,0.093498334,0.27941754,0.04665039,0.1820911,0.3046688,0.041777484
HAM_0006541,ISIC_0024883,bkl,histo,35.0,female,lower extremity,data/raw/HAM10000_images_part_1/ISIC_0024883.jpg,test,2,5,bkl,nv,0.7563102,False,bkl → nv,0.023006752,0.02265732,0.044207647,0.03849952,0.06955622,0.7563102,0.0457623
HAM_0006472,ISIC_0027394,bkl,histo,75.0,male,back,data/raw/HAM10000_images_part_1/ISIC_0027394.jpg,test,2,1,bkl,bcc,0.6335949,False,bkl → bcc,0.06266156,0.6335949,0.049323846,0.02530483,0.09355351,0.1063843,0.02917715
HAM_0003913,ISIC_0027295,bkl,histo,60.0,male,hand,data/raw/HAM10000_images_part_1/ISIC_0027295.jpg,test,2,2,bkl,bkl,0.6587967,True,bkl → bkl,0.13655466,0.06261465,0.6587967,0.11991016,0.0044425055,0.009968682,0.007712683
HAM_0000933,ISIC_0024358,bkl,histo,60.0,female,back,data/raw/HAM10000_images_part_1/ISIC_0024358.jpg,test,2,2,bkl,bkl,0.58765554,True,bkl → bkl,0.11508693,0.034749996,0.58765554,0.02685675,0.12486944,0.0889297,0.021851642
HAM_0000933,ISIC_0027771,bkl,histo,60.0,female,back,data/raw/HAM10000_images_part_1/ISIC_0027771.jpg,test,2,2,bkl,bkl,0.65702975,True,bkl → bkl,0.057013795,0.013237455,0.65702975,0.014482485,0.15913017,0.0768859,0.022220448
HAM_0003420,ISIC_0024748,bkl,histo,45.0,male,abdomen,data/raw/HAM10000_images_part_1/ISIC_0024748.jpg,test,2,5,bkl,nv,0.6691976,False,bkl → nv,0.03996816,0.009080193,0.084760636,0.05884389,0.08544235,0.6691976,0.05270713
HAM_0005546,ISIC_0029519,bkl,histo,60.0,male,back,data/raw/HAM10000_images_part_2/ISIC_0029519.jpg,test,2,2,bkl,bkl,0.7949476,True,bkl → bkl,0.03207301,0.022358194,0.7949476,0.040874157,0.05748733,0.04593056,0.006329111
HAM_0000782,ISIC_0030723,bkl,histo,75.0,female,face,data/raw/HAM10000_images_part_2/ISIC_0030723.jpg,test,2,0,bkl,akiec,0.4696492,False,bkl → akiec,0.4696492,0.16833916,0.2972525,0.016213153,0.033173356,0.0022417174,0.013130888
HAM_0001562,ISIC_0029789,bkl,histo,80.0,male,face,data/raw/HAM10000_images_part_2/ISIC_0029789.jpg,test,2,2,bkl,bkl,0.6455315,True,bkl → bkl,0.119431116,0.022984516,0.6455315,0.01617249,0.10932874,0.04214897,0.04440263
HAM_0004400,ISIC_0030026,bkl,histo,75.0,female,face,data/raw/HAM10000_images_part_2/ISIC_0030026.jpg,test,2,4,bkl,mel,0.75558877,False,bkl → mel,0.0070047206,0.0035520243,0.15019257,0.009439267,0.75558877,0.065227024,0.0089955
HAM_0003840,ISIC_0027801,bkl,histo,55.0,female,face,data/raw/HAM10000_images_part_1/ISIC_0027801.jpg,test,2,2,bkl,bkl,0.67721015,True,bkl → bkl,0.07204294,0.037301686,0.67721015,0.05760991,0.043531075,0.08292048,0.029383792
HAM_0006580,ISIC_0025376,bkl,histo,75.0,male,back,data/raw/HAM10000_images_part_1/ISIC_0025376.jpg,test,2,1,bkl,bcc,0.37023333,False,bkl → bcc,0.02387864,0.37023333,0.16326638,0.036922857,0.091109425,0.29553625,0.01905319
HAM_0001605,ISIC_0024422,bkl,histo,75.0,male,upper extremity,data/raw/HAM10000_images_part_1/ISIC_0024422.jpg,test,2,0,bkl,akiec,0.30537406,False,bkl → akiec,0.30537406,0.08913234,0.17049386,0.03731274,0.2574014,0.118717745,0.021567928
HAM_0001809,ISIC_0029897,bkl,histo,80.0,female,unknown,data/raw/HAM10000_images_part_2/ISIC_0029897.jpg,test,2,2,bkl,bkl,0.9445484,True,bkl → bkl,0.01531112,0.024726601,0.9445484,0.002703241,0.004093699,0.0035749066,0.005042097
HAM_0001815,ISIC_0024970,bkl,histo,85.0,male,chest,data/raw/HAM10000_images_part_1/ISIC_0024970.jpg,test,2,1,bkl,bcc,0.61640215,False,bkl → bcc,0.082566984,0.61640215,0.18883458,0.011432806,0.071063615,0.02270537,0.0069944435
HAM_0001605,ISIC_0028881,bkl,histo,75.0,male,upper extremity,data/raw/HAM10000_images_part_1/ISIC_0028881.jpg,test,2,4,bkl,mel,0.55221003,False,bkl → mel,0.081645876,0.050159514,0.13216628,0.01752984,0.55221003,0.1426022,0.02368622
HAM_0001958,ISIC_0029580,bkl,histo,60.0,female,face,data/raw/HAM10000_images_part_2/ISIC_0029580.jpg,test,2,2,bkl,bkl,0.5845365,True,bkl → bkl,0.079813205,0.27081692,0.5845365,0.009689963,0.04111575,0.009660493,0.0043672486
HAM_0000207,ISIC_0027451,bkl,histo,75.0,female,chest,data/raw/HAM10000_images_part_1/ISIC_0027451.jpg,test,2,2,bkl,bkl,0.6414742,True,bkl → bkl,0.22451158,0.019790202,0.6414742,0.029110594,0.07530527,0.0062238914,0.003584182
HAM_0006827,ISIC_0031702,bkl,histo,70.0,male,face,data/raw/HAM10000_images_part_2/ISIC_0031702.jpg,test,2,2,bkl,bkl,0.33851302,True,bkl → bkl,0.055048157,0.038890637,0.33851302,0.009107931,0.22761066,0.31417963,0.016649911
HAM_0004143,ISIC_0029031,bkl,histo,50.0,male,chest,data/raw/HAM10000_images_part_1/ISIC_0029031.jpg,test,2,1,bkl,bcc,0.6497062,False,bkl → bcc,0.21471663,0.6497062,0.12291376,0.0010681306,0.008274132,0.001790103,0.0015310051
HAM_0002400,ISIC_0024772,bkl,histo,70.0,male,lower extremity,data/raw/HAM10000_images_part_1/ISIC_0024772.jpg,test,2,5,bkl,nv,0.40110004,False,bkl → nv,0.09092417,0.09493487,0.11261446,0.08475208,0.17836706,0.40110004,0.03730727
HAM_0000973,ISIC_0025222,bkl,histo,65.0,female,face,data/raw/HAM10000_images_part_1/ISIC_0025222.jpg,test,2,2,bkl,bkl,0.42438403,True,bkl → bkl,0.068558715,0.0107582575,0.42438403,0.03951738,0.19915445,0.2209929,0.0366343
HAM_0004010,ISIC_0031061,bkl,histo,60.0,male,back,data/raw/HAM10000_images_part_2/ISIC_0031061.jpg,test,2,0,bkl,akiec,0.3544881,False,bkl → akiec,0.3544881,0.070806295,0.17051508,0.16812396,0.13681637,0.08013005,0.019120062
HAM_0006541,ISIC_0025064,bkl,histo,35.0,female,lower extremity,data/raw/HAM10000_images_part_1/ISIC_0025064.jpg,test,2,5,bkl,nv,0.6749726,False,bkl → nv,0.03162385,0.048399325,0.051942345,0.044788353,0.11658413,0.6749726,0.03168938
HAM_0004801,ISIC_0030365,bkl,histo,50.0,male,back,data/raw/HAM10000_images_part_2/ISIC_0030365.jpg,test,2,4,bkl,mel,0.55590004,False,bkl → mel,0.04743199,0.003636086,0.039933134,0.012457134,0.55590004,0.32145754,0.019184
HAM_0005053,ISIC_0024761,bkl,histo,65.0,male,face,data/raw/HAM10000_images_part_1/ISIC_0024761.jpg,test,2,2,bkl,bkl,0.68666303,True,bkl → bkl,0.042663585,0.1400641,0.68666303,0.09915791,0.007976696,0.015065461,0.008409181
HAM_0002357,ISIC_0031783,bkl,histo,70.0,male,neck,data/raw/HAM10000_images_part_2/ISIC_0031783.jpg,test,2,4,bkl,mel,0.5982123,False,bkl → mel,0.105215654,0.0048759636,0.22936188,0.018040877,0.5982123,0.036674555,0.0076187328
HAM_0002357,ISIC_0030137,bkl,histo,70.0,male,neck,data/raw/HAM10000_images_part_2/ISIC_0030137.jpg,test,2,4,bkl,mel,0.33818328,False,bkl → mel,0.32423624,0.023213578,0.26013762,0.017705308,0.33818328,0.02297012,0.013553778
HAM_0000425,ISIC_0026947,bkl,histo,50.0,male,scalp,data/raw/HAM10000_images_part_1/ISIC_0026947.jpg,test,2,5,bkl,nv,0.5404324,False,bkl → nv,0.059512626,0.06427559,0.15632643,0.04315765,0.102530666,0.5404324,0.033764705
HAM_0000425,ISIC_0024839,bkl,histo,50.0,male,scalp,data/raw/HAM10000_images_part_1/ISIC_0024839.jpg,test,2,2,bkl,bkl,0.49308202,True,bkl → bkl,0.045814253,0.03315813,0.49308202,0.020460708,0.13401288,0.24955137,0.023920609
HAM_0002400,ISIC_0026316,bkl,histo,70.0,male,lower extremity,data/raw/HAM10000_images_part_1/ISIC_0026316.jpg,test,2,5,bkl,nv,0.58592695,False,bkl → nv,0.049757093,0.02631563,0.053747095,0.08868748,0.1433402,0.58592695,0.05222549
HAM_0002548,ISIC_0027470,bkl,histo,50.0,female,lower extremity,data/raw/HAM10000_images_part_1/ISIC_0027470.jpg,test,2,5,bkl,nv,0.60752344,False,bkl → nv,0.018151816,0.02566863,0.20340721,0.061943278,0.050825223,0.60752344,0.032480363
HAM_0001094,ISIC_0031150,bkl,histo,70.0,female,upper extremity,data/raw/HAM10000_images_part_2/ISIC_0031150.jpg,test,2,2,bkl,bkl,0.91485107,True,bkl → bkl,0.010028455,0.0043336,0.91485107,0.00971419,0.033948343,0.016832005,0.01029228
HAM_0006622,ISIC_0026072,bkl,histo,45.0,male,face,data/raw/HAM10000_images_part_1/ISIC_0026072.jpg,test,2,0,bkl,akiec,0.6596457,False,bkl → akiec,0.6596457,0.24895485,0.041217376,0.026508156,0.006891308,0.008475925,0.008306652
HAM_0006622,ISIC_0025939,bkl,histo,45.0,male,face,data/raw/HAM10000_images_part_1/ISIC_0025939.jpg,test,2,2,bkl,bkl,0.520928,True,bkl → bkl,0.22606914,0.06692223,0.520928,0.02797826,0.056820083,0.085612565,0.015669672
HAM_0006670,ISIC_0027335,bkl,histo,75.0,male,back,data/raw/HAM10000_images_part_1/ISIC_0027335.jpg,test,2,2,bkl,bkl,0.5135881,True,bkl → bkl,0.10603664,0.027746117,0.5135881,0.02053198,0.30313355,0.022756143,0.0062074973
HAM_0002548,ISIC_0028656,bkl,histo,50.0,female,lower extremity,data/raw/HAM10000_images_part_1/ISIC_0028656.jpg,test,2,5,bkl,nv,0.6415237,False,bkl → nv,0.026098814,0.02557401,0.15306926,0.07706452,0.032828648,0.6415237,0.043840982
HAM_0002358,ISIC_0028650,bkl,histo,85.0,female,face,data/raw/HAM10000_images_part_1/ISIC_0028650.jpg,test,2,2,bkl,bkl,0.82547796,True,bkl → bkl,0.039786633,0.021150121,0.82547796,0.022550015,0.03865805,0.03770513,0.014672021
HAM_0002358,ISIC_0027973,bkl,histo,85.0,female,face,data/raw/HAM10000_images_part_1/ISIC_0027973.jpg,test,2,2,bkl,bkl,0.7352519,True,bkl → bkl,0.011516169,0.006921288,0.7352519,0.01357899,0.18688023,0.029510833,0.01634056
HAM_0004908,ISIC_0031138,bkl,histo,45.0,female,hand,data/raw/HAM10000_images_part_2/ISIC_0031138.jpg,test,2,2,bkl,bkl,0.4006144,True,bkl → bkl,0.23164298,0.015034055,0.4006144,0.04262552,0.26131028,0.035108536,0.013664236
HAM_0004908,ISIC_0028710,bkl,histo,45.0,female,hand,data/raw/HAM10000_images_part_1/ISIC_0028710.jpg,test,2,4,bkl,mel,0.35229474,False,bkl → mel,0.20157081,0.024034427,0.33364105,0.04065873,0.35229474,0.030168978,0.017631164
HAM_0006181,ISIC_0026961,bkl,histo,65.0,male,upper extremity,data/raw/HAM10000_images_part_1/ISIC_0026961.jpg,test,2,2,bkl,bkl,0.48927227,True,bkl → bkl,0.02749444,0.027410477,0.48927227,0.05074647,0.07384917,0.3034456,0.027781589
HAM_0006181,ISIC_0030849,bkl,histo,65.0,male,upper extremity,data/raw/HAM10000_images_part_2/ISIC_0030849.jpg,test,2,2,bkl,bkl,0.6063425,True,bkl → bkl,0.13889779,0.022191986,0.6063425,0.022114808,0.0714258,0.12760891,0.011418225
HAM_0006472,ISIC_0029032,bkl,histo,75.0,male,back,data/raw/HAM10000_images_part_1/ISIC_0029032.jpg,test,2,2,bkl,bkl,0.37859517,True,bkl → bkl,0.02268048,0.0680568,0.37859517,0.022639388,0.18596354,0.30241105,0.019653587
HAM_0006541,ISIC_0025040,bkl,histo,35.0,female,lower extremity,data/raw/HAM10000_images_part_1/ISIC_0025040.jpg,test,2,5,bkl,nv,0.74661577,False,bkl → nv,0.008456684,0.0061230655,0.06631325,0.027169684,0.11401633,0.74661577,0.031305254
HAM_0006732,ISIC_0024336,bkl,histo,50.0,female,lower extremity,data/raw/HAM10000_images_part_1/ISIC_0024336.jpg,test,2,2,bkl,bkl,0.8097362,True,bkl → bkl,0.022327743,0.01323241,0.8097362,0.057245348,0.056134056,0.028827468,0.0124967145
HAM_0006737,ISIC_0029302,bkl,histo,45.0,female,face,data/raw/HAM10000_images_part_1/ISIC_0029302.jpg,test,2,2,bkl,bkl,0.3968277,True,bkl → bkl,0.058973595,0.03262451,0.3968277,0.090586655,0.07670255,0.31317762,0.031107368
HAM_0003205,ISIC_0031287,bkl,histo,75.0,female,lower extremity,data/raw/HAM10000_images_part_2/ISIC_0031287.jpg,test,2,5,bkl,nv,0.22835532,False,bkl → nv,0.09874642,0.077949956,0.22665091,0.22783522,0.12014145,0.22835532,0.020320753
HAM_0001722,ISIC_0030976,bkl,histo,60.0,male,back,data/raw/HAM10000_images_part_2/ISIC_0030976.jpg,test,2,6,bkl,vasc,0.31654254,False,bkl → vasc,0.037162125,0.25036398,0.19025345,0.15312463,0.032284405,0.020268848,0.31654254
HAM_0000893,ISIC_0026409,bkl,histo,70.0,male,lower extremity,data/raw/HAM10000_images_part_1/ISIC_0026409.jpg,test,2,2,bkl,bkl,0.33575255,True,bkl → bkl,0.15169942,0.06983326,0.33575255,0.037575785,0.24945402,0.12474401,0.030941064
HAM_0000893,ISIC_0025345,bkl,histo,70.0,male,lower extremity,data/raw/HAM10000_images_part_1/ISIC_0025345.jpg,test,2,2,bkl,bkl,0.7791245,True,bkl → bkl,0.10837241,0.04573155,0.7791245,0.03070877,0.022258729,0.0105052935,0.0032988647
HAM_0000893,ISIC_0032303,bkl,histo,70.0,male,lower extremity,data/raw/HAM10000_images_part_2/ISIC_0032303.jpg,test,2,2,bkl,bkl,0.72822154,True,bkl → bkl,0.13991143,0.061252248,0.72822154,0.047906823,0.008907215,0.006034535,0.007766251
HAM_0000893,ISIC_0032103,bkl,histo,70.0,male,lower extremity,data/raw/HAM10000_images_part_2/ISIC_0032103.jpg,test,2,0,bkl,akiec,0.41880056,False,bkl → akiec,0.41880056,0.30466363,0.15266725,0.05743289,0.021448517,0.025284994,0.019702153
HAM_0000893,ISIC_0024825,bkl,histo,70.0,male,lower extremity,data/raw/HAM10000_images_part_1/ISIC_0024825.jpg,test,2,2,bkl,bkl,0.52528375,True,bkl → bkl,0.0737082,0.15349998,0.52528375,0.049069107,0.12167318,0.06432907,0.012436732
HAM_0001725,ISIC_0027509,bkl,histo,60.0,female,face,data/raw/HAM10000_images_part_1/ISIC_0027509.jpg,test,2,2,bkl,bkl,0.9630119,True,bkl → bkl,0.009999992,0.0027552887,0.9630119,0.0008092697,0.020223618,0.0019854992,0.0012144487
HAM_0001240,ISIC_0026871,bkl,histo,55.0,male,face,data/raw/HAM10000_images_part_1/ISIC_0026871.jpg,test,2,0,bkl,akiec,0.53219795,False,bkl → akiec,0.53219795,0.17438488,0.12918584,0.01690485,0.041315667,0.09876448,0.0072463513
HAM_0001815,ISIC_0026663,bkl,histo,85.0,male,chest,data/raw/HAM10000_images_part_1/ISIC_0026663.jpg,test,2,2,bkl,bkl,0.45000303,True,bkl → bkl,0.09078738,0.14222994,0.45000303,0.01292375,0.21901971,0.06351711,0.021519177
HAM_0000846,ISIC_0029115,bkl,histo,60.0,female,lower extremity,data/raw/HAM10000_images_part_1/ISIC_0029115.jpg,test,2,2,bkl,bkl,0.6660256,True,bkl → bkl,0.09718211,0.08645401,0.6660256,0.077196606,0.05396711,0.00890361,0.010270926
HAM_0002193,ISIC_0031000,bkl,histo,85.0,male,upper extremity,data/raw/HAM10000_images_part_2/ISIC_0031000.jpg,test,2,1,bkl,bcc,0.4328776,False,bkl → bcc,0.2618034,0.4328776,0.17357631,0.06055095,0.019521853,0.01898033,0.03268945
HAM_0002193,ISIC_0027392,bkl,histo,85.0,male,upper extremity,data/raw/HAM10000_images_part_1/ISIC_0027392.jpg,test,2,2,bkl,bkl,0.90765524,True,bkl → bkl,0.049234882,0.004032621,0.90765524,0.0053373077,0.029988792,0.0034429487,0.000308115
HAM_0005967,ISIC_0032395,bkl,confocal,65.0,female,face,data/raw/HAM10000_images_part_2/ISIC_0032395.jpg,test,2,2,bkl,bkl,0.5504517,True,bkl → bkl,0.017949913,0.039065957,0.5504517,0.06350812,0.21727332,0.07552613,0.03622486
HAM_0005967,ISIC_0032031,bkl,confocal,65.0,female,face,data/raw/HAM10000_images_part_2/ISIC_0032031.jpg,test,2,4,bkl,mel,0.47531554,False,bkl → mel,0.008680484,0.034702074,0.30831453,0.037023265,0.47531554,0.09874997,0.037214167
HAM_0000083,ISIC_0028622,bkl,confocal,60.0,female,face,data/raw/HAM10000_images_part_1/ISIC_0028622.jpg,test,2,6,bkl,vasc,0.40196896,False,bkl → vasc,0.07251075,0.13264012,0.21914943,0.0792137,0.08747529,0.007041771,0.40196896
HAM_0000083,ISIC_0031872,bkl,confocal,60.0,female,face,data/raw/HAM10000_images_part_2/ISIC_0031872.jpg,test,2,1,bkl,bcc,0.32216656,False,bkl → bcc,0.038369145,0.32216656,0.23289426,0.13012247,0.18192567,0.05951254,0.035009425
HAM_0006346,ISIC_0026280,bkl,confocal,50.0,male,face,data/raw/HAM10000_images_part_1/ISIC_0026280.jpg,test,2,2,bkl,bkl,0.9159086,True,bkl → bkl,0.004150137,0.002041826,0.9159086,0.0028666067,0.05548021,0.0111198705,0.008432761
HAM_0006346,ISIC_0027811,bkl,confocal,50.0,male,face,data/raw/HAM10000_images_part_1/ISIC_0027811.jpg,test,2,2,bkl,bkl,0.90015525,True,bkl → bkl,0.004957622,0.0018062296,0.90015525,0.010423576,0.022948304,0.054594025,0.005115018
HAM_0007590,ISIC_0031528,bkl,confocal,40.0,male,unknown,data/raw/HAM10000_images_part_2/ISIC_0031528.jpg,test,2,4,bkl,mel,0.32585683,False,bkl → mel,0.04220092,0.034740705,0.28316495,0.03562198,0.32585683,0.25324625,0.02516838
HAM_0007590,ISIC_0028615,bkl,confocal,40.0,male,unknown,data/raw/HAM10000_images_part_1/ISIC_0028615.jpg,test,2,5,bkl,nv,0.58287966,False,bkl → nv,0.08525519,0.026497921,0.08630279,0.16287829,0.041072622,0.58287966,0.015113622
HAM_0001310,ISIC_0027820,bkl,consensus,50.0,male,face,data/raw/HAM10000_images_part_1/ISIC_0027820.jpg,test,2,2,bkl,bkl,0.64097637,True,bkl → bkl,0.12635134,0.027271908,0.64097637,0.024408255,0.04615024,0.12767674,0.0071651065
HAM_0006988,ISIC_0024943,bkl,consensus,75.0,female,face,data/raw/HAM10000_images_part_1/ISIC_0024943.jpg,test,2,2,bkl,bkl,0.5642327,True,bkl → bkl,0.017875079,0.012455442,0.5642327,0.039701454,0.17370106,0.16353858,0.028495701
HAM_0005442,ISIC_0034197,bkl,consensus,70.0,male,scalp,data/raw/HAM10000_images_part_2/ISIC_0034197.jpg,test,2,0,bkl,akiec,0.66792125,False,bkl → akiec,0.66792125,0.021766607,0.21562539,0.04868382,0.040071737,0.0028756973,0.003055465
HAM_0005442,ISIC_0034057,bkl,consensus,70.0,male,scalp,data/raw/HAM10000_images_part_2/ISIC_0034057.jpg,test,2,0,bkl,akiec,0.3640455,False,bkl → akiec,0.3640455,0.018934155,0.30226,0.18856147,0.11096876,0.008019684,0.007210297
HAM_0006003,ISIC_0032827,bkl,consensus,85.0,female,lower extremity,data/raw/HAM10000_images_part_2/ISIC_0032827.jpg,test,2,2,bkl,bkl,0.7834862,True,bkl → bkl,0.015037903,0.0031340416,0.7834862,0.012281402,0.118339434,0.04903551,0.01868554
HAM_0006003,ISIC_0033022,bkl,consensus,85.0,female,lower extremity,data/raw/HAM10000_images_part_2/ISIC_0033022.jpg,test,2,2,bkl,bkl,0.78097886,True,bkl → bkl,0.020924278,0.0021378137,0.78097886,0.010213704,0.06736792,0.10627531,0.012102048
HAM_0005749,ISIC_0033246,bkl,consensus,85.0,male,back,data/raw/HAM10000_images_part_2/ISIC_0033246.jpg,test,2,4,bkl,mel,0.39993435,False,bkl → mel,0.026693927,0.0059471386,0.28525275,0.07540896,0.39993435,0.18164147,0.02512136
HAM_0005749,ISIC_0032843,bkl,consensus,85.0,male,back,data/raw/HAM10000_images_part_2/ISIC_0032843.jpg,test,2,2,bkl,bkl,0.5671065,True,bkl → bkl,0.033528212,0.011449247,0.5671065,0.04014092,0.12028126,0.18619397,0.041299917
HAM_0000571,ISIC_0032773,bkl,consensus,70.0,male,back,data/raw/HAM10000_images_part_2/ISIC_0032773.jpg,test,2,2,bkl,bkl,0.45145237,True,bkl → bkl,0.14371455,0.07754557,0.45145237,0.011965874,0.28600642,0.020057183,0.009258061
HAM_0000571,ISIC_0033156,bkl,consensus,70.0,male,back,data/raw/HAM10000_images_part_2/ISIC_0033156.jpg,test,2,4,bkl,mel,0.6699031,False,bkl → mel,0.009319146,0.0032488245,0.09016087,0.013690148,0.6699031,0.1971888,0.016489081
HAM_0006238,ISIC_0034151,bkl,consensus,60.0,male,unknown,data/raw/HAM10000_images_part_2/ISIC_0034151.jpg,test,2,2,bkl,bkl,0.79924244,True,bkl → bkl,0.004053118,0.0009094781,0.79924244,0.02686766,0.0056672473,0.15716334,0.0060966723
HAM_0000372,ISIC_0033685,bkl,consensus,,unknown,unknown,data/raw/HAM10000_images_part_2/ISIC_0033685.jpg,test,2,4,bkl,mel,0.52580833,False,bkl → mel,0.038279034,0.053019024,0.31377175,0.015128945,0.52580833,0.04703285,0.006960141
HAM_0000825,ISIC_0034186,bkl,consensus,,unknown,unknown,data/raw/HAM10000_images_part_2/ISIC_0034186.jpg,test,2,1,bkl,bcc,0.59261894,False,bkl → bcc,0.034224585,0.59261894,0.21655259,0.008268177,0.1047195,0.0020619358,0.041554302
HAM_0006074,ISIC_0034252,bkl,consensus,,unknown,unknown,data/raw/HAM10000_images_part_2/ISIC_0034252.jpg,test,2,2,bkl,bkl,0.34289688,True,bkl → bkl,0.16673969,0.07846894,0.34289688,0.020146672,0.30735743,0.02826683,0.056123488
HAM_0006074,ISIC_0033829,bkl,consensus,,unknown,unknown,data/raw/HAM10000_images_part_2/ISIC_0033829.jpg,test,2,4,bkl,mel,0.68125653,False,bkl → mel,0.0140836295,0.010071776,0.24987511,0.0033921308,0.68125653,0.03548255,0.0058382205
HAM_0002371,ISIC_0032271,bkl,consensus,50.0,male,chest,data/raw/HAM10000_images_part_2/ISIC_0032271.jpg,test,2,0,bkl,akiec,0.38308376,False,bkl → akiec,0.38308376,0.03968289,0.19157799,0.037950285,0.13638508,0.15236682,0.058953274
HAM_0004322,ISIC_0027142,bkl,consensus,55.0,male,trunk,data/raw/HAM10000_images_part_1/ISIC_0027142.jpg,test,2,5,bkl,nv,0.81507987,False,bkl → nv,0.008170083,0.027879544,0.025207313,0.03285978,0.01144435,0.81507987,0.07935914
HAM_0002355,ISIC_0029202,bkl,consensus,35.0,male,abdomen,data/raw/HAM10000_images_part_1/ISIC_0029202.jpg,test,2,2,bkl,bkl,0.39962497,True,bkl → bkl,0.08092456,0.025085317,0.39962497,0.1979599,0.013305944,0.20207989,0.081019424
HAM_0005136,ISIC_0024337,bkl,consensus,50.0,female,lower extremity,data/raw/HAM10000_images_part_1/ISIC_0024337.jpg,test,2,5,bkl,nv,0.51728517,False,bkl → nv,0.009201575,0.0020257737,0.2596024,0.14796938,0.002713097,0.51728517,0.061202627
HAM_0003926,ISIC_0026422,bkl,consensus,80.0,male,face,data/raw/HAM10000_images_part_1/ISIC_0026422.jpg,test,2,2,bkl,bkl,0.4681541,True,bkl → bkl,0.035166584,0.02583109,0.4681541,0.06561512,0.030217852,0.35146093,0.023554312
HAM_0001167,ISIC_0028448,bkl,consensus,55.0,male,trunk,data/raw/HAM10000_images_part_1/ISIC_0028448.jpg,test,2,2,bkl,bkl,0.4602124,True,bkl → bkl,0.082679264,0.07035941,0.4602124,0.060862273,0.009701331,0.26138017,0.054805152
HAM_0002209,ISIC_0031226,bkl,consensus,70.0,male,trunk,data/raw/HAM10000_images_part_2/ISIC_0031226.jpg,test,2,2,bkl,bkl,0.6310216,True,bkl → bkl,0.009906627,0.00739047,0.6310216,0.024977382,0.010546993,0.29717347,0.01898343
HAM_0001589,ISIC_0030067,bkl,consensus,70.0,male,face,data/raw/HAM10000_images_part_2/ISIC_0030067.jpg,test,2,5,bkl,nv,0.4909914,False,bkl → nv,0.011802413,0.23484372,0.054230735,0.11838319,0.008605616,0.4909914,0.08114293
HAM_0002034,ISIC_0027954,bkl,consensus,5.0,male,abdomen,data/raw/HAM10000_images_part_1/ISIC_0027954.jpg,test,2,5,bkl,nv,0.5418624,False,bkl → nv,0.02049491,0.027768578,0.15740426,0.04371896,0.15332474,0.5418624,0.055426165
HAM_0002043,ISIC_0030160,bkl,consensus,80.0,male,lower extremity,data/raw/HAM10000_images_part_2/ISIC_0030160.jpg,test,2,3,bkl,df,0.7929536,False,bkl → df,0.022321098,0.02027514,0.04441187,0.7929536,0.010328256,0.09156189,0.01814808
HAM_0001443,ISIC_0025804,bkl,consensus,50.0,male,lower extremity,data/raw/HAM10000_images_part_1/ISIC_0025804.jpg,test,2,5,bkl,nv,0.8698805,False,bkl → nv,0.022176566,0.023513665,0.017059986,0.021113778,0.018978568,0.8698805,0.027277006
HAM_0004713,ISIC_0031125,bkl,consensus,60.0,female,trunk,data/raw/HAM10000_images_part_2/ISIC_0031125.jpg,test,2,2,bkl,bkl,0.51033485,True,bkl → bkl,0.09183465,0.019542657,0.51033485,0.060769618,0.034934457,0.2546101,0.02797367
HAM_0001423,ISIC_0025454,bkl,consensus,70.0,male,back,data/raw/HAM10000_images_part_1/ISIC_0025454.jpg,test,2,1,bkl,bcc,0.4219045,False,bkl → bcc,0.036695134,0.4219045,0.01800349,0.033414543,0.11920042,0.24213235,0.12864958
HAM_0002005,ISIC_0026556,bkl,consensus,70.0,female,back,data/raw/HAM10000_images_part_1/ISIC_0026556.jpg,test,2,2,bkl,bkl,0.388786,True,bkl → bkl,0.13266839,0.06510029,0.388786,0.11107672,0.04849112,0.22688586,0.026991697
HAM_0003715,ISIC_0026941,bkl,consensus,70.0,female,trunk,data/raw/HAM10000_images_part_1/ISIC_0026941.jpg,test,2,5,bkl,nv,0.8015256,False,bkl → nv,0.044811558,0.004604104,0.0418857,0.036268987,0.036167327,0.8015256,0.03473672
HAM_0000792,ISIC_0025387,bkl,consensus,70.0,female,back,data/raw/HAM10000_images_part_1/ISIC_0025387.jpg,test,2,2,bkl,bkl,0.9422556,True,bkl → bkl,0.007290226,0.0023338303,0.9422556,0.0060330583,0.020942498,0.017688176,0.0034565865
HAM_0000215,ISIC_0025484,bkl,consensus,70.0,female,lower extremity,data/raw/HAM10000_images_part_1/ISIC_0025484.jpg,test,2,2,bkl,bkl,0.6394185,True,bkl → bkl,0.05131709,0.019735599,0.6394185,0.2310892,0.0048695584,0.042099506,0.0114706205
HAM_0000465,ISIC_0030583,bkl,consensus,35.0,female,trunk,data/raw/HAM10000_images_part_2/ISIC_0030583.jpg,test,2,5,bkl,nv,0.57541186,False,bkl → nv,0.013179358,0.008358594,0.28640875,0.06230127,0.01106916,0.57541186,0.043270964
HAM_0004330,ISIC_0029760,df,histo,70.0,male,lower extremity,data/raw/HAM10000_images_part_2/ISIC_0029760.jpg,test,3,3,df,df,0.30302596,True,df → df,0.036214836,0.020543562,0.28061888,0.30302596,0.034067713,0.21651198,0.109017156
HAM_0004330,ISIC_0030555,df,histo,70.0,male,lower extremity,data/raw/HAM10000_images_part_2/ISIC_0030555.jpg,test,3,2,df,bkl,0.537625,False,df → bkl,0.018041212,0.019649262,0.537625,0.2727484,0.023921486,0.07108154,0.056933094
HAM_0002546,ISIC_0030579,df,histo,55.0,female,upper extremity,data/raw/HAM10000_images_part_2/ISIC_0030579.jpg,test,3,0,df,akiec,0.6288998,False,df → akiec,0.6288998,0.03042292,0.009371848,0.30331787,0.020040466,0.00084389676,0.007103187
HAM_0002909,ISIC_0032642,df,histo,50.0,male,lower extremity,data/raw/HAM10000_images_part_2/ISIC_0032642.jpg,test,3,4,df,mel,0.30782673,False,df → mel,0.052815516,0.010675857,0.2347815,0.16181618,0.30782673,0.20896778,0.023116395
HAM_0002909,ISIC_0033790,df,histo,50.0,male,lower extremity,data/raw/HAM10000_images_part_2/ISIC_0033790.jpg,test,3,3,df,df,0.35678247,True,df → df,0.13141078,0.030440653,0.06100059,0.35678247,0.2671979,0.106357075,0.046810523
HAM_0002909,ISIC_0033675,df,histo,50.0,male,lower extremity,data/raw/HAM10000_images_part_2/ISIC_0033675.jpg,test,3,4,df,mel,0.45905402,False,df → mel,0.19446993,0.03316136,0.07821975,0.15850611,0.45905402,0.050360452,0.026228298
HAM_0003290,ISIC_0030757,df,histo,80.0,male,upper extremity,data/raw/HAM10000_images_part_2/ISIC_0030757.jpg,test,3,0,df,akiec,0.72920626,False,df → akiec,0.72920626,0.08335051,0.014907419,0.08450212,0.017772052,0.06405754,0.0062041255
HAM_0003290,ISIC_0031358,df,histo,80.0,male,upper extremity,data/raw/HAM10000_images_part_2/ISIC_0031358.jpg,test,3,0,df,akiec,0.44882983,False,df → akiec,0.44882983,0.1339358,0.053327948,0.23216029,0.032566387,0.07428927,0.02489046
HAM_0003290,ISIC_0031735,df,histo,80.0,male,upper extremity,data/raw/HAM10000_images_part_2/ISIC_0031735.jpg,test,3,0,df,akiec,0.41147256,False,df → akiec,0.41147256,0.2904594,0.039383307,0.15675409,0.053218484,0.03986351,0.0088486
HAM_0007410,ISIC_0029962,df,histo,65.0,male,foot,data/raw/HAM10000_images_part_2/ISIC_0029962.jpg,test,3,3,df,df,0.6307202,True,df → df,0.03588244,0.010261664,0.18213737,0.6307202,0.032960497,0.09251446,0.015523441
HAM_0007410,ISIC_0031457,df,histo,65.0,male,foot,data/raw/HAM10000_images_part_2/ISIC_0031457.jpg,test,3,3,df,df,0.40993392,True,df → df,0.057296783,0.03522299,0.18843938,0.40993392,0.04521848,0.25119868,0.012689835
HAM_0007418,ISIC_0031372,df,consensus,50.0,male,lower extremity,data/raw/HAM10000_images_part_2/ISIC_0031372.jpg,test,3,5,df,nv,0.44484565,False,df → nv,0.025486229,0.038173705,0.08580221,0.10458953,0.2771952,0.44484565,0.02390753
HAM_0007418,ISIC_0026313,df,consensus,50.0,male,lower extremity,data/raw/HAM10000_images_part_1/ISIC_0026313.jpg,test,3,4,df,mel,0.38991627,False,df → mel,0.17903477,0.105088554,0.038294517,0.19525778,0.38991627,0.054880474,0.037527602
HAM_0000827,ISIC_0031443,df,consensus,60.0,male,upper extremity,data/raw/HAM10000_images_part_2/ISIC_0031443.jpg,test,3,0,df,akiec,0.37954205,False,df → akiec,0.37954205,0.11506729,0.05534961,0.2931438,0.04349914,0.103179,0.010219091
HAM_0000827,ISIC_0025223,df,consensus,60.0,male,upper extremity,data/raw/HAM10000_images_part_1/ISIC_0025223.jpg,test,3,3,df,df,0.84295624,True,df → df,0.09079164,0.010980003,0.022801649,0.84295624,0.0049849423,0.02378621,0.0036993371
HAM_0003597,ISIC_0033422,df,consensus,45.0,male,lower extremity,data/raw/HAM10000_images_part_2/ISIC_0033422.jpg,test,3,4,df,mel,0.44721717,False,df → mel,0.0235936,0.021341855,0.091982394,0.1304454,0.44721717,0.25532737,0.030092247
HAM_0003597,ISIC_0027488,df,consensus,45.0,male,lower extremity,data/raw/HAM10000_images_part_1/ISIC_0027488.jpg,test,3,3,df,df,0.54377294,True,df → df,0.013808665,0.0029898456,0.071775764,0.54377294,0.27523118,0.078006394,0.014415234
HAM_0002960,ISIC_0024994,df,consensus,40.0,female,lower extremity,data/raw/HAM10000_images_part_1/ISIC_0024994.jpg,test,3,3,df,df,0.9122345,True,df → df,0.0023490458,0.0025764073,0.007837998,0.9122345,0.001274744,0.0663732,0.007354229
HAM_0004090,ISIC_0031271,df,consensus,45.0,female,lower extremity,data/raw/HAM10000_images_part_2/ISIC_0031271.jpg,test,3,3,df,df,0.9892378,True,df → df,0.003379012,0.001023738,0.00039453263,0.9892378,0.0014795616,0.0017799266,0.002705412
HAM_0002045,ISIC_0029973,df,consensus,60.0,male,lower extremity,data/raw/HAM10000_images_part_2/ISIC_0029973.jpg,test,3,3,df,df,0.5274242,True,df → df,0.006947395,0.01276902,0.0024276543,0.5274242,0.00041813348,0.4112921,0.038721573
HAM_0006722,ISIC_0030443,mel,histo,85.0,female,lower extremity,data/raw/HAM10000_images_part_2/ISIC_0030443.jpg,test,4,4,mel,mel,0.8267702,True,mel → mel,0.011132853,0.004660554,0.04876238,0.0041452046,0.8267702,0.0910933,0.013435497
HAM_0006722,ISIC_0031499,mel,histo,85.0,female,lower extremity,data/raw/HAM10000_images_part_2/ISIC_0031499.jpg,test,4,4,mel,mel,0.5922701,True,mel → mel,0.20953766,0.019677289,0.07558552,0.016346114,0.5922701,0.06814611,0.018437346
HAM_0003832,ISIC_0025450,mel,histo,60.0,female,lower extremity,data/raw/HAM10000_images_part_1/ISIC_0025450.jpg,test,4,5,mel,nv,0.72075665,False,mel → nv,0.037468225,0.04729023,0.07011443,0.07811953,0.017001143,0.72075665,0.029249791
HAM_0003832,ISIC_0024586,mel,histo,60.0,female,lower extremity,data/raw/HAM10000_images_part_1/ISIC_0024586.jpg,test,4,5,mel,nv,0.72460026,False,mel → nv,0.021125695,0.016480748,0.02027243,0.039933983,0.1555514,0.72460026,0.022035487
HAM_0006453,ISIC_0029081,mel,histo,70.0,male,abdomen,data/raw/HAM10000_images_part_1/ISIC_0029081.jpg,test,4,4,mel,mel,0.5571759,True,mel → mel,0.03241704,0.016386831,0.06533709,0.028689245,0.5571759,0.27877676,0.02121714
HAM_0006453,ISIC_0025744,mel,histo,70.0,male,abdomen,data/raw/HAM10000_images_part_1/ISIC_0025744.jpg,test,4,4,mel,mel,0.48411667,True,mel → mel,0.09732373,0.03333678,0.176541,0.057923276,0.48411667,0.13624007,0.014518486
HAM_0007454,ISIC_0032214,mel,histo,70.0,male,scalp,data/raw/HAM10000_images_part_2/ISIC_0032214.jpg,test,4,5,mel,nv,0.7139487,False,mel → nv,0.13035087,0.04077372,0.024570733,0.025701081,0.039283473,0.7139487,0.02537136
HAM_0001726,ISIC_0029281,mel,histo,35.0,female,back,data/raw/HAM10000_images_part_1/ISIC_0029281.jpg,test,4,5,mel,nv,0.49638566,False,mel → nv,0.034039017,0.009195181,0.026224576,0.023527205,0.3667706,0.49638566,0.043857753
HAM_0001726,ISIC_0024367,mel,histo,35.0,female,back,data/raw/HAM10000_images_part_1/ISIC_0024367.jpg,test,4,4,mel,mel,0.6508965,True,mel → mel,0.05606441,0.0203381,0.06629678,0.036531128,0.6508965,0.15066244,0.019210631
HAM_0000060,ISIC_0031953,mel,histo,55.0,male,abdomen,data/raw/HAM10000_images_part_2/ISIC_0031953.jpg,test,4,5,mel,nv,0.5309706,False,mel → nv,0.027125025,0.03264823,0.07610826,0.056306425,0.24635391,0.5309706,0.030487591
HAM_0000060,ISIC_0031406,mel,histo,55.0,male,abdomen,data/raw/HAM10000_images_part_2/ISIC_0031406.jpg,test,4,5,mel,nv,0.56632066,False,mel → nv,0.032754675,0.029397698,0.10435226,0.08460707,0.15739,0.56632066,0.025177548
HAM_0004813,ISIC_0027063,mel,histo,80.0,male,abdomen,data/raw/HAM10000_images_part_1/ISIC_0027063.jpg,test,4,4,mel,mel,0.5892885,True,mel → mel,0.022014447,0.011847959,0.13582753,0.015976109,0.5892885,0.20353469,0.021510743
HAM_0004813,ISIC_0032331,mel,histo,80.0,male,abdomen,data/raw/HAM10000_images_part_2/ISIC_0032331.jpg,test,4,5,mel,nv,0.4598529,False,mel → nv,0.019485459,0.0055697844,0.17422642,0.021461643,0.29334435,0.4598529,0.026059372
HAM_0007171,ISIC_0029913,mel,histo,30.0,female,lower extremity,data/raw/HAM10000_images_part_2/ISIC_0029913.jpg,test,4,4,mel,mel,0.5622401,True,mel → mel,0.0066384613,0.002530592,0.034530994,0.05076109,0.5622401,0.3017261,0.041572563
HAM_0007171,ISIC_0026909,mel,histo,30.0,female,lower extremity,data/raw/HAM10000_images_part_1/ISIC_0026909.jpg,test,4,4,mel,mel,0.58184046,True,mel → mel,0.019709997,0.0035886269,0.032360326,0.0890678,0.58184046,0.19976646,0.0736663
HAM_0001531,ISIC_0024951,mel,histo,70.0,male,back,data/raw/HAM10000_images_part_1/ISIC_0024951.jpg,test,4,4,mel,mel,0.62221813,True,mel → mel,0.08096183,0.013612155,0.019103032,0.1462487,0.62221813,0.09499838,0.022857776
HAM_0001531,ISIC_0030106,mel,histo,70.0,male,back,data/raw/HAM10000_images_part_2/ISIC_0030106.jpg,test,4,4,mel,mel,0.7104726,True,mel → mel,0.15615885,0.011548358,0.0080478685,0.06362505,0.7104726,0.029629122,0.02051818
HAM_0001328,ISIC_0028442,mel,histo,75.0,male,unknown,data/raw/HAM10000_images_part_1/ISIC_0028442.jpg,test,4,4,mel,mel,0.7005669,True,mel → mel,0.09393452,0.029128607,0.050676156,0.06382067,0.7005669,0.050964613,0.0109085385
HAM_0002182,ISIC_0031972,mel,histo,65.0,female,face,data/raw/HAM10000_images_part_2/ISIC_0031972.jpg,test,4,4,mel,mel,0.44329104,True,mel → mel,0.15277845,0.027874313,0.21215235,0.060867894,0.44329104,0.0778842,0.025151668
HAM_0002182,ISIC_0030539,mel,histo,65.0,female,face,data/raw/HAM10000_images_part_2/ISIC_0030539.jpg,test,4,2,mel,bkl,0.7438942,False,mel → bkl,0.08991203,0.015898889,0.7438942,0.019228237,0.07604796,0.04933187,0.0056869164
HAM_0001202,ISIC_0031517,mel,histo,70.0,female,upper extremity,data/raw/HAM10000_images_part_2/ISIC_0031517.jpg,test,4,4,mel,mel,0.7800332,True,mel → mel,0.02299408,0.014081354,0.07090446,0.035471797,0.7800332,0.06451796,0.011997161
HAM_0001202,ISIC_0028022,mel,histo,70.0,female,upper extremity,data/raw/HAM10000_images_part_1/ISIC_0028022.jpg,test,4,4,mel,mel,0.8350794,True,mel → mel,0.027722728,0.00998623,0.028226359,0.041153897,0.8350794,0.043728583,0.014102794
HAM_0006522,ISIC_0026369,mel,histo,30.0,female,lower extremity,data/raw/HAM10000_images_part_1/ISIC_0026369.jpg,test,4,5,mel,nv,0.7742687,False,mel → nv,0.007855433,0.001968821,0.013125181,0.014675721,0.12919953,0.7742687,0.05890661
HAM_0006522,ISIC_0030521,mel,histo,30.0,female,lower extremity,data/raw/HAM10000_images_part_2/ISIC_0030521.jpg,test,4,5,mel,nv,0.5958762,False,mel → nv,0.024571521,0.0052917944,0.13949576,0.02943766,0.12688531,0.5958762,0.07844183
HAM_0001796,ISIC_0025363,mel,histo,70.0,male,abdomen,data/raw/HAM10000_images_part_1/ISIC_0025363.jpg,test,4,4,mel,mel,0.75958437,True,mel → mel,0.045638844,0.016840687,0.10407881,0.037892833,0.75958437,0.008761061,0.027203383
HAM_0001796,ISIC_0029473,mel,histo,70.0,male,abdomen,data/raw/HAM10000_images_part_2/ISIC_0029473.jpg,test,4,4,mel,mel,0.8257798,True,mel → mel,0.047325972,0.032801345,0.0063645695,0.03075382,0.8257798,0.028801292,0.028173171
HAM_0000417,ISIC_0025783,mel,histo,65.0,male,back,data/raw/HAM10000_images_part_1/ISIC_0025783.jpg,test,4,5,mel,nv,0.8036197,False,mel → nv,0.019289538,0.031928603,0.008528441,0.043562252,0.065287225,0.8036197,0.02778428
HAM_0007229,ISIC_0031545,mel,histo,75.0,female,back,data/raw/HAM10000_images_part_2/ISIC_0031545.jpg,test,4,4,mel,mel,0.6088002,True,mel → mel,0.0064121983,0.0041870563,0.11184761,0.010496881,0.6088002,0.23557377,0.022682287
HAM_0003449,ISIC_0029242,mel,histo,85.0,male,back,data/raw/HAM10000_images_part_1/ISIC_0029242.jpg,test,4,4,mel,mel,0.79997146,True,mel → mel,0.06653006,0.016893601,0.029730907,0.02150559,0.79997146,0.030213095,0.035155278
HAM_0003449,ISIC_0027263,mel,histo,85.0,male,back,data/raw/HAM10000_images_part_1/ISIC_0027263.jpg,test,4,4,mel,mel,0.74449277,True,mel → mel,0.04447333,0.01768383,0.114302196,0.018767415,0.74449277,0.024127027,0.036153514
HAM_0004153,ISIC_0029216,mel,histo,80.0,male,foot,data/raw/HAM10000_images_part_1/ISIC_0029216.jpg,test,4,5,mel,nv,0.73349005,False,mel → nv,0.021671629,0.051896255,0.029370716,0.059832554,0.070645064,0.73349005,0.03309373
HAM_0004153,ISIC_0026489,mel,histo,80.0,male,foot,data/raw/HAM10000_images_part_1/ISIC_0026489.jpg,test,4,5,mel,nv,0.5470253,False,mel → nv,0.02580411,0.09227957,0.05101205,0.08372586,0.16093239,0.5470253,0.03922075
HAM_0006651,ISIC_0032182,mel,histo,70.0,female,back,data/raw/HAM10000_images_part_2/ISIC_0032182.jpg,test,4,4,mel,mel,0.7571663,True,mel → mel,0.0077565694,0.06609875,0.018394325,0.00598664,0.7571663,0.015227343,0.12937006
HAM_0004102,ISIC_0029726,mel,histo,75.0,male,face,data/raw/HAM10000_images_part_2/ISIC_0029726.jpg,test,4,0,mel,akiec,0.7276471,False,mel → akiec,0.7276471,0.17007376,0.040162537,0.015881937,0.041092835,0.0029889843,0.0021527717
HAM_0006208,ISIC_0028916,mel,histo,60.0,female,face,data/raw/HAM10000_images_part_1/ISIC_0028916.jpg,test,4,4,mel,mel,0.823458,True,mel → mel,0.011268482,0.0016830129,0.11016122,0.0070797484,0.823458,0.036264572,0.010084986
HAM_0002115,ISIC_0032408,mel,histo,60.0,female,upper extremity,data/raw/HAM10000_images_part_2/ISIC_0032408.jpg,test,4,4,mel,mel,0.7297757,True,mel → mel,0.021318803,0.06898366,0.018683754,0.010584305,0.7297757,0.05104494,0.0996088
HAM_0005403,ISIC_0026086,mel,histo,55.0,male,upper extremity,data/raw/HAM10000_images_part_1/ISIC_0026086.jpg,test,4,4,mel,mel,0.87332857,True,mel → mel,0.02084714,0.024436181,0.061606128,0.003094552,0.87332857,0.008442118,0.0082454
HAM_0007163,ISIC_0033268,mel,histo,50.0,female,lower extremity,data/raw/HAM10000_images_part_2/ISIC_0033268.jpg,test,4,5,mel,nv,0.755498,False,mel → nv,0.014093563,0.0036799072,0.070188574,0.019964347,0.109870404,0.755498,0.026705237
HAM_0007163,ISIC_0032750,mel,histo,50.0,female,lower extremity,data/raw/HAM10000_images_part_2/ISIC_0032750.jpg,test,4,4,mel,mel,0.6298043,True,mel → mel,0.019789988,0.0020728908,0.084446035,0.012304232,0.6298043,0.23423809,0.017344512
HAM_0004405,ISIC_0032532,mel,histo,80.0,male,back,data/raw/HAM10000_images_part_2/ISIC_0032532.jpg,test,4,5,mel,nv,0.54088634,False,mel → nv,0.0318324,0.005535544,0.0832144,0.020693889,0.29537877,0.54088634,0.022458693
HAM_0004405,ISIC_0033500,mel,histo,80.0,male,back,data/raw/HAM10000_images_part_2/ISIC_0033500.jpg,test,4,4,mel,mel,0.5883437,True,mel → mel,0.07986761,0.0036792543,0.071732305,0.02885368,0.5883437,0.21236847,0.015154995
HAM_0000179,ISIC_0034046,mel,histo,45.0,male,back,data/raw/HAM10000_images_part_2/ISIC_0034046.jpg,test,4,4,mel,mel,0.6726222,True,mel → mel,0.017802201,0.0037690515,0.025587784,0.09446403,0.6726222,0.17066118,0.015093504
HAM_0000179,ISIC_0032550,mel,histo,45.0,male,back,data/raw/HAM10000_images_part_2/ISIC_0032550.jpg,test,4,4,mel,mel,0.8053068,True,mel → mel,0.008974136,0.0029255992,0.06454734,0.053859707,0.8053068,0.055460047,0.008926374
HAM_0000179,ISIC_0033700,mel,histo,45.0,male,back,data/raw/HAM10000_images_part_2/ISIC_0033700.jpg,test,4,4,mel,mel,0.7683807,True,mel → mel,0.006583179,0.0013235429,0.02162254,0.026039423,0.7683807,0.16711959,0.008930955
HAM_0003983,ISIC_0033975,mel,histo,85.0,male,abdomen,data/raw/HAM10000_images_part_2/ISIC_0033975.jpg,test,4,5,mel,nv,0.3269371,False,mel → nv,0.023422604,0.012450711,0.033497214,0.27404526,0.28390935,0.3269371,0.045737717
HAM_0003983,ISIC_0033278,mel,histo,85.0,male,abdomen,data/raw/HAM10000_images_part_2/ISIC_0033278.jpg,test,4,4,mel,mel,0.59468883,True,mel → mel,0.06499359,0.022621928,0.010036968,0.1479053,0.59468883,0.1425533,0.017200073
HAM_0003983,ISIC_0033679,mel,histo,85.0,male,abdomen,data/raw/HAM10000_images_part_2/ISIC_0033679.jpg,test,4,3,mel,df,0.36531535,False,mel → df,0.0713271,0.03038376,0.019823605,0.36531535,0.31444383,0.15112813,0.047578234
HAM_0005500,ISIC_0033636,mel,histo,75.0,male,trunk,data/raw/HAM10000_images_part_2/ISIC_0033636.jpg,test,4,0,mel,akiec,0.41017982,False,mel → akiec,0.41017982,0.03186894,0.30500317,0.013728653,0.21910217,0.0050463416,0.015070983
HAM_0001266,ISIC_0029909,mel,histo,75.0,female,ear,data/raw/HAM10000_images_part_2/ISIC_0029909.jpg,test,4,0,mel,akiec,0.8141037,False,mel → akiec,0.8141037,0.02270124,0.040553674,0.011834457,0.1055251,0.0023179129,0.0029639644
HAM_0001174,ISIC_0033027,mel,histo,70.0,male,scalp,data/raw/HAM10000_images_part_2/ISIC_0033027.jpg,test,4,5,mel,nv,0.46199787,False,mel → nv,0.034767296,0.3196698,0.0794486,0.026655372,0.067213126,0.46199787,0.01024794
HAM_0000611,ISIC_0033804,mel,histo,30.0,female,back,data/raw/HAM10000_images_part_2/ISIC_0033804.jpg,test,4,5,mel,nv,0.5761307,False,mel → nv,0.015272857,0.004523816,0.066266224,0.032541748,0.28302762,0.5761307,0.02223705
HAM_0000611,ISIC_0033801,mel,histo,30.0,female,back,data/raw/HAM10000_images_part_2/ISIC_0033801.jpg,test,4,4,mel,mel,0.4136139,True,mel → mel,0.017797591,0.011388166,0.0759901,0.024194667,0.4136139,0.41338035,0.043635294
HAM_0000611,ISIC_0033216,mel,histo,30.0,female,back,data/raw/HAM10000_images_part_2/ISIC_0033216.jpg,test,4,5,mel,nv,0.63222134,False,mel → nv,0.025788713,0.011736157,0.036857426,0.0557659,0.19806685,0.63222134,0.039563686
HAM_0005336,ISIC_0033154,mel,histo,30.0,male,trunk,data/raw/HAM10000_images_part_2/ISIC_0033154.jpg,test,4,4,mel,mel,0.50329727,True,mel → mel,0.03145602,0.008732647,0.047397465,0.02943779,0.50329727,0.3463116,0.033367187
HAM_0005336,ISIC_0033192,mel,histo,30.0,male,trunk,data/raw/HAM10000_images_part_2/ISIC_0033192.jpg,test,4,4,mel,mel,0.4992021,True,mel → mel,0.04277292,0.013717588,0.04790287,0.03182216,0.4992021,0.33975425,0.024828093
HAM_0002235,ISIC_0034222,mel,histo,30.0,male,back,data/raw/HAM10000_images_part_2/ISIC_0034222.jpg,test,4,5,mel,nv,0.6115792,False,mel → nv,0.024989864,0.056125082,0.02496633,0.10124498,0.14937012,0.6115792,0.031724513
HAM_0002235,ISIC_0032569,mel,histo,30.0,male,back,data/raw/HAM10000_images_part_2/ISIC_0032569.jpg,test,4,4,mel,mel,0.3699763,True,mel → mel,0.020618673,0.026582068,0.28201646,0.036241084,0.3699763,0.24413346,0.020431964
HAM_0002235,ISIC_0034064,mel,histo,30.0,male,back,data/raw/HAM10000_images_part_2/ISIC_0034064.jpg,test,4,5,mel,nv,0.6978043,False,mel → nv,0.011952856,0.05857721,0.015956935,0.058489386,0.13299799,0.6978043,0.02422138
HAM_0005581,ISIC_0033337,mel,histo,50.0,male,back,data/raw/HAM10000_images_part_2/ISIC_0033337.jpg,test,4,4,mel,mel,0.35562748,True,mel → mel,0.04254122,0.030714361,0.28450716,0.033421103,0.35562748,0.23170336,0.021485332
HAM_0005581,ISIC_0033594,mel,histo,50.0,male,back,data/raw/HAM10000_images_part_2/ISIC_0033594.jpg,test,4,4,mel,mel,0.4246932,True,mel → mel,0.016787358,0.017964335,0.17571405,0.02394387,0.4246932,0.3183191,0.022578055
HAM_0005628,ISIC_0032940,mel,histo,70.0,male,scalp,data/raw/HAM10000_images_part_2/ISIC_0032940.jpg,test,4,4,mel,mel,0.7086044,True,mel → mel,0.042188384,0.03984222,0.07967691,0.020649755,0.7086044,0.086299315,0.022738984
HAM_0004321,ISIC_0033479,mel,histo,40.0,female,back,data/raw/HAM10000_images_part_2/ISIC_0033479.jpg,test,4,4,mel,mel,0.6446185,True,mel → mel,0.028652258,0.008690283,0.058633488,0.014317388,0.6446185,0.22272103,0.022366984
HAM_0004321,ISIC_0033522,mel,histo,40.0,female,back,data/raw/HAM10000_images_part_2/ISIC_0033522.jpg,test,4,0,mel,akiec,0.25120676,False,mel → akiec,0.25120676,0.08713678,0.19133593,0.039920155,0.20071892,0.19441156,0.03526982
HAM_0001465,ISIC_0033209,mel,histo,65.0,male,ear,data/raw/HAM10000_images_part_2/ISIC_0033209.jpg,test,4,2,mel,bkl,0.45189923,False,mel → bkl,0.14043207,0.015512204,0.45189923,0.023695286,0.23192127,0.11796029,0.018579692
HAM_0001465,ISIC_0034074,mel,histo,65.0,male,ear,data/raw/HAM10000_images_part_2/ISIC_0034074.jpg,test,4,5,mel,nv,0.39889163,False,mel → nv,0.122043654,0.03433986,0.11593197,0.032623835,0.24803655,0.39889163,0.048132516
HAM_0001465,ISIC_0032699,mel,histo,65.0,male,ear,data/raw/HAM10000_images_part_2/ISIC_0032699.jpg,test,4,2,mel,bkl,0.33128086,False,mel → bkl,0.16233487,0.03342238,0.33128086,0.023390777,0.31874955,0.10827671,0.02254487
HAM_0003421,ISIC_0033470,mel,histo,55.0,female,upper extremity,data/raw/HAM10000_images_part_2/ISIC_0033470.jpg,test,4,4,mel,mel,0.8258569,True,mel → mel,0.005836479,0.0020663657,0.052484605,0.009757512,0.8258569,0.09259963,0.011398379
HAM_0003421,ISIC_0034094,mel,histo,55.0,female,upper extremity,data/raw/HAM10000_images_part_2/ISIC_0034094.jpg,test,4,4,mel,mel,0.63642454,True,mel → mel,0.023198428,0.006982234,0.036131907,0.024952726,0.63642454,0.23468229,0.037627876
HAM_0003421,ISIC_0033560,mel,histo,55.0,female,upper extremity,data/raw/HAM10000_images_part_2/ISIC_0033560.jpg,test,4,4,mel,mel,0.78911394,True,mel → mel,0.004557417,0.001637439,0.06366885,0.008393046,0.78911394,0.12408195,0.008547333
HAM_0004881,ISIC_0033806,mel,histo,85.0,male,abdomen,data/raw/HAM10000_images_part_2/ISIC_0033806.jpg,test,4,4,mel,mel,0.74914736,True,mel → mel,0.013388865,0.0033716387,0.10894539,0.0052548684,0.74914736,0.11296695,0.0069250083
HAM_0004881,ISIC_0032913,mel,histo,85.0,male,abdomen,data/raw/HAM10000_images_part_2/ISIC_0032913.jpg,test,4,4,mel,mel,0.44321775,True,mel → mel,0.013089424,0.016827412,0.33535287,0.009588506,0.44321775,0.17436475,0.007559237
HAM_0007574,ISIC_0033624,mel,histo,70.0,male,scalp,data/raw/HAM10000_images_part_2/ISIC_0033624.jpg,test,4,2,mel,bkl,0.6097814,False,mel → bkl,0.044196814,0.014401916,0.6097814,0.008944181,0.25008088,0.0663258,0.0062690093
HAM_0007574,ISIC_0033238,mel,histo,70.0,male,scalp,data/raw/HAM10000_images_part_2/ISIC_0033238.jpg,test,4,4,mel,mel,0.47612962,True,mel → mel,0.053819913,0.040894885,0.278758,0.024565283,0.47612962,0.118642,0.00719022
HAM_0007574,ISIC_0034089,mel,histo,70.0,male,scalp,data/raw/HAM10000_images_part_2/ISIC_0034089.jpg,test,4,2,mel,bkl,0.4216704,False,mel → bkl,0.053041533,0.021614717,0.4216704,0.010910768,0.32997173,0.15124115,0.011549725
HAM_0000042,ISIC_0034048,mel,histo,45.0,female,upper extremity,data/raw/HAM10000_images_part_2/ISIC_0034048.jpg,test,4,4,mel,mel,0.6657609,True,mel → mel,0.012509825,0.009993101,0.023082294,0.029895337,0.6657609,0.25143853,0.007320053
HAM_0000042,ISIC_0033905,mel,histo,45.0,female,upper extremity,data/raw/HAM10000_images_part_2/ISIC_0033905.jpg,test,4,4,mel,mel,0.76869524,True,mel → mel,0.025810104,0.0031089862,0.049671605,0.0157895,0.76869524,0.12365587,0.013268701
HAM_0000042,ISIC_0033981,mel,histo,45.0,female,upper extremity,data/raw/HAM10000_images_part_2/ISIC_0033981.jpg,test,4,4,mel,mel,0.6144817,True,mel → mel,0.024385419,0.0079438165,0.048884585,0.028016338,0.6144817,0.26040676,0.0158813
HAM_0002149,ISIC_0033042,mel,histo,60.0,female,face,data/raw/HAM10000_images_part_2/ISIC_0033042.jpg,test,4,0,mel,akiec,0.4101795,False,mel → akiec,0.4101795,0.11802233,0.22777331,0.029345267,0.18633634,0.021868203,0.006475055
HAM_0001863,ISIC_0032797,mel,histo,70.0,male,upper extremity,data/raw/HAM10000_images_part_2/ISIC_0032797.jpg,test,4,4,mel,mel,0.6885989,True,mel → mel,0.030126475,0.007453301,0.046586994,0.038602334,0.6885989,0.17166065,0.01697141
HAM_0001863,ISIC_0032596,mel,histo,70.0,male,upper extremity,data/raw/HAM10000_images_part_2/ISIC_0032596.jpg,test,4,4,mel,mel,0.7703564,True,mel → mel,0.023878353,0.0098111555,0.02731717,0.015414747,0.7703564,0.14421059,0.009011628
HAM_0001863,ISIC_0032856,mel,histo,70.0,male,upper extremity,data/raw/HAM10000_images_part_2/ISIC_0032856.jpg,test,4,4,mel,mel,0.76429224,True,mel → mel,0.04469396,0.010016951,0.072264954,0.022125168,0.76429224,0.07523649,0.011370166
HAM_0001863,ISIC_0033193,mel,histo,70.0,male,upper extremity,data/raw/HAM10000_images_part_2/ISIC_0033193.jpg,test,4,4,mel,mel,0.616575,True,mel → mel,0.051470634,0.016327439,0.031591963,0.0308078,0.616575,0.22682929,0.026397841
HAM_0001863,ISIC_0033125,mel,histo,70.0,male,upper extremity,data/raw/HAM10000_images_part_2/ISIC_0033125.jpg,test,4,4,mel,mel,0.6658137,True,mel → mel,0.024283553,0.012199357,0.02234442,0.024495143,0.6658137,0.22442874,0.026435126
HAM_0001863,ISIC_0032810,mel,histo,70.0,male,upper extremity,data/raw/HAM10000_images_part_2/ISIC_0032810.jpg,test,4,4,mel,mel,0.68388647,True,mel → mel,0.0070241196,0.007931288,0.028802857,0.011490955,0.68388647,0.2529767,0.007887633
HAM_0003566,ISIC_0032684,mel,histo,50.0,male,abdomen,data/raw/HAM10000_images_part_2/ISIC_0032684.jpg,test,4,4,mel,mel,0.55846745,True,mel → mel,0.009688157,0.008726386,0.09984233,0.010726233,0.55846745,0.27845383,0.03409566
HAM_0003566,ISIC_0034052,mel,histo,50.0,male,abdomen,data/raw/HAM10000_images_part_2/ISIC_0034052.jpg,test,4,4,mel,mel,0.7186032,True,mel → mel,0.01269829,0.010713463,0.108999625,0.011069838,0.7186032,0.11422757,0.023687921
HAM_0003566,ISIC_0033171,mel,histo,50.0,male,abdomen,data/raw/HAM10000_images_part_2/ISIC_0033171.jpg,test,4,4,mel,mel,0.37707016,True,mel → mel,0.015330577,0.010163497,0.20724583,0.01434131,0.37707016,0.34312457,0.03272406
HAM_0003495,ISIC_0032869,mel,histo,85.0,male,back,data/raw/HAM10000_images_part_2/ISIC_0032869.jpg,test,4,0,mel,akiec,0.31340146,False,mel → akiec,0.31340146,0.06763717,0.044749632,0.047878306,0.28744957,0.19977303,0.039110873
HAM_0003495,ISIC_0033524,mel,histo,85.0,male,back,data/raw/HAM10000_images_part_2/ISIC_0033524.jpg,test,4,5,mel,nv,0.45644405,False,mel → nv,0.1004426,0.052745607,0.15944816,0.13867371,0.06982111,0.45644405,0.02242476
HAM_0006376,ISIC_0032845,mel,histo,70.0,female,lower extremity,data/raw/HAM10000_images_part_2/ISIC_0032845.jpg,test,4,5,mel,nv,0.7606333,False,mel → nv,0.014780084,0.0059696464,0.017432509,0.018328203,0.1349451,0.7606333,0.047911126
HAM_0007589,ISIC_0034049,mel,histo,70.0,male,back,data/raw/HAM10000_images_part_2/ISIC_0034049.jpg,test,4,4,mel,mel,0.69568175,True,mel → mel,0.01257236,0.00559647,0.12789476,0.011687851,0.69568175,0.12913896,0.017427823
HAM_0002841,ISIC_0032982,mel,histo,20.0,male,back,data/raw/HAM10000_images_part_2/ISIC_0032982.jpg,test,4,5,mel,nv,0.7973574,False,mel → nv,0.012072666,0.018307397,0.014039733,0.032157075,0.104427695,0.7973574,0.021637976
HAM_0002841,ISIC_0033196,mel,histo,20.0,male,back,data/raw/HAM10000_images_part_2/ISIC_0033196.jpg,test,4,5,mel,nv,0.7716762,False,mel → nv,0.02222546,0.008932954,0.0074781645,0.031937826,0.12385057,0.7716762,0.03389881
HAM_0002841,ISIC_0032653,mel,histo,20.0,male,back,data/raw/HAM10000_images_part_2/ISIC_0032653.jpg,test,4,5,mel,nv,0.8258126,False,mel → nv,0.016484637,0.013620963,0.03554032,0.033538617,0.060406517,0.8258126,0.014596363
HAM_0004859,ISIC_0033812,mel,histo,70.0,female,neck,data/raw/HAM10000_images_part_2/ISIC_0033812.jpg,test,4,5,mel,nv,0.39417663,False,mel → nv,0.012114551,0.008632079,0.33856994,0.029193724,0.15879895,0.39417663,0.058514066
HAM_0004859,ISIC_0033653,mel,histo,70.0,female,neck,data/raw/HAM10000_images_part_2/ISIC_0033653.jpg,test,4,5,mel,nv,0.5996336,False,mel → nv,0.016461276,0.004472272,0.12587993,0.029321933,0.2029374,0.5996336,0.021293659
HAM_0003351,ISIC_0033878,mel,histo,80.0,female,face,data/raw/HAM10000_images_part_2/ISIC_0033878.jpg,test,4,4,mel,mel,0.78243685,True,mel → mel,0.00556047,0.0072759814,0.16422248,0.003944588,0.78243685,0.03000502,0.0065546627
HAM_0006517,ISIC_0032672,mel,histo,55.0,female,lower extremity,data/raw/HAM10000_images_part_2/ISIC_0032672.jpg,test,4,4,mel,mel,0.4065304,True,mel → mel,0.02340055,0.054328606,0.16549236,0.012825935,0.4065304,0.3202717,0.01715051
HAM_0006517,ISIC_0034076,mel,histo,55.0,female,lower extremity,data/raw/HAM10000_images_part_2/ISIC_0034076.jpg,test,4,4,mel,mel,0.3759558,True,mel → mel,0.019488432,0.07645951,0.19614975,0.015937628,0.3759558,0.286145,0.029863885
HAM_0006462,ISIC_0033520,mel,histo,55.0,male,neck,data/raw/HAM10000_images_part_2/ISIC_0033520.jpg,test,4,4,mel,mel,0.41594458,True,mel → mel,0.025592674,0.010501319,0.22440009,0.017524764,0.41594458,0.28225952,0.02377705
HAM_0006462,ISIC_0034028,mel,histo,55.0,male,neck,data/raw/HAM10000_images_part_2/ISIC_0034028.jpg,test,4,4,mel,mel,0.3887305,True,mel → mel,0.04924149,0.016906114,0.2765365,0.021007208,0.3887305,0.21754918,0.030029053
HAM_0003439,ISIC_0033050,mel,histo,75.0,female,back,data/raw/HAM10000_images_part_2/ISIC_0033050.jpg,test,4,4,mel,mel,0.43293986,True,mel → mel,0.007445143,0.0014583243,0.3089653,0.007426362,0.43293986,0.21817274,0.023592265
HAM_0003439,ISIC_0033526,mel,histo,75.0,female,back,data/raw/HAM10000_images_part_2/ISIC_0033526.jpg,test,4,5,mel,nv,0.3423112,False,mel → nv,0.012975418,0.002438418,0.28270823,0.01367099,0.3239591,0.3423112,0.02193662
HAM_0001974,ISIC_0033807,mel,histo,65.0,female,lower extremity,data/raw/HAM10000_images_part_2/ISIC_0033807.jpg,test,4,4,mel,mel,0.3348176,True,mel → mel,0.09627708,0.2893673,0.09688645,0.09765349,0.3348176,0.039015032,0.045983158
HAM_0001974,ISIC_0033533,mel,histo,65.0,female,lower extremity,data/raw/HAM10000_images_part_2/ISIC_0033533.jpg,test,4,4,mel,mel,0.82790756,True,mel → mel,0.027078992,0.035584886,0.02321577,0.05249573,0.82790756,0.026886933,0.0068301293
HAM_0006376,ISIC_0034317,mel,histo,70.0,female,lower extremity,data/raw/HAM10000_images_part_2/ISIC_0034317.jpg,test,4,5,mel,nv,0.6886152,False,mel → nv,0.01822347,0.007131889,0.027121432,0.02379682,0.18551837,0.6886152,0.049592774
HAM_0006376,ISIC_0033662,mel,histo,70.0,female,lower extremity,data/raw/HAM10000_images_part_2/ISIC_0033662.jpg,test,4,5,mel,nv,0.80337864,False,mel → nv,0.019297784,0.008532906,0.012857104,0.023054827,0.0896517,0.80337864,0.04322705
HAM_0001647,ISIC_0033730,mel,histo,70.0,female,back,data/raw/HAM10000_images_part_2/ISIC_0033730.jpg,test,4,5,mel,nv,0.5151813,False,mel → nv,0.060418285,0.0057359193,0.12251095,0.02593819,0.2563314,0.5151813,0.013883938
HAM_0001647,ISIC_0032975,mel,histo,70.0,female,back,data/raw/HAM10000_images_part_2/ISIC_0032975.jpg,test,4,4,mel,mel,0.66792375,True,mel → mel,0.056756206,0.011390781,0.11724995,0.026416996,0.66792375,0.10444066,0.01582164
HAM_0002723,ISIC_0034243,mel,histo,45.0,female,lower extremity,data/raw/HAM10000_images_part_2/ISIC_0034243.jpg,test,4,4,mel,mel,0.65970355,True,mel → mel,0.054320708,0.01870798,0.067889765,0.042299572,0.65970355,0.09311845,0.06396002
HAM_0002723,ISIC_0034050,mel,histo,45.0,female,lower extremity,data/raw/HAM10000_images_part_2/ISIC_0034050.jpg,test,4,4,mel,mel,0.8895241,True,mel → mel,0.010161813,0.005293871,0.053044066,0.0073412545,0.8895241,0.027721133,0.0069137565
HAM_0000988,ISIC_0031186,mel,histo,70.0,male,face,data/raw/HAM10000_images_part_2/ISIC_0031186.jpg,test,4,0,mel,akiec,0.6467084,False,mel → akiec,0.6467084,0.04516058,0.16973226,0.019134967,0.106043406,0.005668884,0.0075514806
HAM_0003617,ISIC_0029502,mel,histo,50.0,female,upper extremity,data/raw/HAM10000_images_part_2/ISIC_0029502.jpg,test,4,5,mel,nv,0.7113143,False,mel → nv,0.06463617,0.03533804,0.018169755,0.050254088,0.08076463,0.7113143,0.039523
HAM_0001299,ISIC_0031208,mel,histo,55.0,female,back,data/raw/HAM10000_images_part_2/ISIC_0031208.jpg,test,4,4,mel,mel,0.57656753,True,mel → mel,0.017283883,0.006436812,0.045867328,0.015973786,0.57656753,0.31261533,0.025255322
HAM_0001299,ISIC_0026545,mel,histo,55.0,female,back,data/raw/HAM10000_images_part_1/ISIC_0026545.jpg,test,4,4,mel,mel,0.6281644,True,mel → mel,0.030133953,0.01388387,0.073731914,0.012124846,0.6281644,0.224512,0.017449036
HAM_0004427,ISIC_0029092,mel,histo,65.0,female,upper extremity,data/raw/HAM10000_images_part_1/ISIC_0029092.jpg,test,4,5,mel,nv,0.69947255,False,mel → nv,0.008194459,0.0056780577,0.0047843438,0.009718403,0.22829278,0.69947255,0.04385933
HAM_0007586,ISIC_0029819,mel,histo,70.0,female,upper extremity,data/raw/HAM10000_images_part_2/ISIC_0029819.jpg,test,4,4,mel,mel,0.47196242,True,mel → mel,0.0072209,0.051376063,0.0601705,0.013852247,0.47196242,0.34925866,0.046159264
HAM_0006207,ISIC_0030034,mel,histo,50.0,female,back,data/raw/HAM10000_images_part_2/ISIC_0030034.jpg,test,4,5,mel,nv,0.41104555,False,mel → nv,0.08485983,0.061472073,0.053170532,0.27671584,0.015575209,0.41104555,0.09716097
HAM_0003761,ISIC_0025316,mel,histo,45.0,female,lower extremity,data/raw/HAM10000_images_part_1/ISIC_0025316.jpg,test,4,5,mel,nv,0.7446648,False,mel → nv,0.058085285,0.034536842,0.02014126,0.041602805,0.057975266,0.7446648,0.04299375
HAM_0006088,ISIC_0028760,mel,histo,30.0,female,abdomen,data/raw/HAM10000_images_part_1/ISIC_0028760.jpg,test,4,5,mel,nv,0.84926075,False,mel → nv,0.017005725,0.01388399,0.012838223,0.019798134,0.019935181,0.84926075,0.06727794
HAM_0001726,ISIC_0024700,mel,histo,35.0,female,trunk,data/raw/HAM10000_images_part_1/ISIC_0024700.jpg,test,4,5,mel,nv,0.5108871,False,mel → nv,0.08502224,0.021868406,0.010449711,0.043177526,0.29690135,0.5108871,0.03169374
HAM_0006453,ISIC_0030192,mel,histo,70.0,male,abdomen,data/raw/HAM10000_images_part_2/ISIC_0030192.jpg,test,4,5,mel,nv,0.5237748,False,mel → nv,0.059830237,0.015511388,0.018074427,0.027534397,0.3244366,0.5237748,0.030838098
HAM_0003484,ISIC_0028003,mel,histo,30.0,male,lower extremity,data/raw/HAM10000_images_part_1/ISIC_0028003.jpg,test,4,5,mel,nv,0.7908992,False,mel → nv,0.028617984,0.015498196,0.011020224,0.042257268,0.060432333,0.7908992,0.051274683
HAM_0002764,ISIC_0030366,mel,histo,60.0,female,back,data/raw/HAM10000_images_part_2/ISIC_0030366.jpg,test,4,5,mel,nv,0.6583352,False,mel → nv,0.045182757,0.03529804,0.01511767,0.06405058,0.12268534,0.6583352,0.059330378
HAM_0000417,ISIC_0031386,mel,histo,65.0,male,back,data/raw/HAM10000_images_part_2/ISIC_0031386.jpg,test,4,5,mel,nv,0.3915798,False,mel → nv,0.043303948,0.007947446,0.18577674,0.049377136,0.30258772,0.3915798,0.019427164
HAM_0006497,ISIC_0027302,mel,histo,35.0,female,lower extremity,data/raw/HAM10000_images_part_1/ISIC_0027302.jpg,test,4,5,mel,nv,0.72102785,False,mel → nv,0.0064692395,0.000720925,0.017779902,0.0080868965,0.22484279,0.72102785,0.021072434
HAM_0004878,ISIC_0029056,mel,histo,85.0,male,back,data/raw/HAM10000_images_part_1/ISIC_0029056.jpg,test,4,5,mel,nv,0.4495324,False,mel → nv,0.06890822,0.039842375,0.13941069,0.036653046,0.23974797,0.4495324,0.025905302
HAM_0004817,ISIC_0025238,mel,histo,55.0,male,lower extremity,data/raw/HAM10000_images_part_1/ISIC_0025238.jpg,test,4,4,mel,mel,0.43130878,True,mel → mel,0.10578752,0.12092374,0.07709678,0.031464428,0.43130878,0.21090525,0.022513488
HAM_0000075,ISIC_0025651,mel,histo,70.0,male,back,data/raw/HAM10000_images_part_1/ISIC_0025651.jpg,test,4,4,mel,mel,0.5371409,True,mel → mel,0.3828055,0.020391084,0.043393027,0.0073752212,0.5371409,0.0042664707,0.004627821
HAM_0004654,ISIC_0027130,mel,histo,70.0,male,chest,data/raw/HAM10000_images_part_1/ISIC_0027130.jpg,test,4,5,mel,nv,0.3312902,False,mel → nv,0.04757373,0.03833145,0.24923287,0.03513308,0.27912125,0.3312902,0.01931741
HAM_0004021,ISIC_0025800,mel,histo,65.0,male,back,data/raw/HAM10000_images_part_1/ISIC_0025800.jpg,test,4,4,mel,mel,0.57208586,True,mel → mel,0.14595671,0.0074788244,0.13797368,0.027884826,0.57208586,0.09705787,0.011562172
HAM_0002525,ISIC_0026811,mel,histo,55.0,male,face,data/raw/HAM10000_images_part_1/ISIC_0026811.jpg,test,4,2,mel,bkl,0.3880276,False,mel → bkl,0.092377596,0.036692757,0.3880276,0.017781835,0.31969973,0.09430047,0.05112013
HAM_0002906,ISIC_0026604,mel,histo,70.0,male,ear,data/raw/HAM10000_images_part_1/ISIC_0026604.jpg,test,4,0,mel,akiec,0.43156612,False,mel → akiec,0.43156612,0.053063594,0.07707936,0.028617883,0.18975523,0.17280398,0.04711387
HAM_0007488,ISIC_0029157,mel,histo,60.0,male,back,data/raw/HAM10000_images_part_1/ISIC_0029157.jpg,test,4,4,mel,mel,0.5095721,True,mel → mel,0.048381466,0.01834567,0.02888893,0.038055353,0.5095721,0.32691228,0.029844247
HAM_0007488,ISIC_0024952,mel,histo,60.0,male,back,data/raw/HAM10000_images_part_1/ISIC_0024952.jpg,test,4,4,mel,mel,0.76938003,True,mel → mel,0.014132856,0.0047318647,0.034903165,0.0106527135,0.76938003,0.15177831,0.014421092
HAM_0007498,ISIC_0025546,mel,histo,55.0,male,upper extremity,data/raw/HAM10000_images_part_1/ISIC_0025546.jpg,test,4,4,mel,mel,0.47113773,True,mel → mel,0.042181112,0.010834731,0.082122825,0.033319894,0.47113773,0.33764115,0.022762615
HAM_0005623,ISIC_0030616,mel,histo,80.0,female,upper extremity,data/raw/HAM10000_images_part_2/ISIC_0030616.jpg,test,4,2,mel,bkl,0.58176357,False,mel → bkl,0.12708539,0.14763452,0.58176357,0.03625732,0.08917146,0.011462498,0.006625226
HAM_0006130,ISIC_0031670,mel,histo,80.0,female,upper extremity,data/raw/HAM10000_images_part_2/ISIC_0031670.jpg,test,4,2,mel,bkl,0.6031088,False,mel → bkl,0.03056832,0.0031394442,0.6031088,0.006555865,0.32455793,0.027459878,0.0046097003
HAM_0001744,ISIC_0031339,mel,histo,60.0,male,back,data/raw/HAM10000_images_part_2/ISIC_0031339.jpg,test,4,4,mel,mel,0.7105521,True,mel → mel,0.12827627,0.018104853,0.0747087,0.024197806,0.7105521,0.028698066,0.015462208
HAM_0006940,ISIC_0027021,mel,histo,55.0,male,upper extremity,data/raw/HAM10000_images_part_1/ISIC_0027021.jpg,test,4,0,mel,akiec,0.32658407,False,mel → akiec,0.32658407,0.0583763,0.018587431,0.0895997,0.29015446,0.20352468,0.013173408
HAM_0002906,ISIC_0027517,mel,histo,70.0,male,ear,data/raw/HAM10000_images_part_1/ISIC_0027517.jpg,test,4,2,mel,bkl,0.560596,False,mel → bkl,0.05613509,0.04910175,0.560596,0.019541789,0.24350253,0.06285126,0.008271693
HAM_0001744,ISIC_0032476,mel,histo,60.0,male,back,data/raw/HAM10000_images_part_2/ISIC_0032476.jpg,test,4,2,mel,bkl,0.52059734,False,mel → bkl,0.12133914,0.072160535,0.52059734,0.16457291,0.09482817,0.011455168,0.015046688
HAM_0001744,ISIC_0029353,mel,histo,60.0,male,back,data/raw/HAM10000_images_part_2/ISIC_0029353.jpg,test,4,0,mel,akiec,0.7541561,False,mel → akiec,0.7541561,0.02559411,0.06224892,0.026491264,0.11605341,0.0043615145,0.011094721
HAM_0001814,ISIC_0029170,mel,histo,65.0,female,foot,data/raw/HAM10000_images_part_1/ISIC_0029170.jpg,test,4,5,mel,nv,0.6941897,False,mel → nv,0.052565824,0.06479824,0.042495612,0.044700254,0.07200027,0.6941897,0.029250104
HAM_0001976,ISIC_0026586,mel,histo,85.0,male,upper extremity,data/raw/HAM10000_images_part_1/ISIC_0026586.jpg,test,4,4,mel,mel,0.6533264,True,mel → mel,0.21968503,0.029739369,0.037563562,0.016769411,0.6533264,0.029719021,0.01319719
HAM_0001976,ISIC_0025732,mel,histo,85.0,male,upper extremity,data/raw/HAM10000_images_part_1/ISIC_0025732.jpg,test,4,4,mel,mel,0.783094,True,mel → mel,0.036343005,0.015170932,0.10402383,0.009657284,0.783094,0.043115642,0.008595251
HAM_0001814,ISIC_0028567,mel,histo,65.0,female,foot,data/raw/HAM10000_images_part_1/ISIC_0028567.jpg,test,4,5,mel,nv,0.72067857,False,mel → nv,0.06674597,0.032597113,0.027097344,0.037821557,0.08035274,0.72067857,0.034706764
HAM_0003435,ISIC_0031350,mel,histo,60.0,male,back,data/raw/HAM10000_images_part_2/ISIC_0031350.jpg,test,4,5,mel,nv,0.53843135,False,mel → nv,0.08993116,0.080295146,0.07158919,0.03379798,0.16364254,0.53843135,0.022312671
HAM_0001964,ISIC_0032149,mel,histo,50.0,male,neck,data/raw/HAM10000_images_part_2/ISIC_0032149.jpg,test,4,4,mel,mel,0.47587985,True,mel → mel,0.04923548,0.019360242,0.13908033,0.12779804,0.47587985,0.15397677,0.034669317
HAM_0001964,ISIC_0024733,mel,histo,50.0,male,neck,data/raw/HAM10000_images_part_1/ISIC_0024733.jpg,test,4,0,mel,akiec,0.2804014,False,mel → akiec,0.2804014,0.12482399,0.17695367,0.055423584,0.13318919,0.21592373,0.0132844085
HAM_0005504,ISIC_0032433,mel,histo,55.0,female,foot,data/raw/HAM10000_images_part_2/ISIC_0032433.jpg,test,4,4,mel,mel,0.40083474,True,mel → mel,0.023800956,0.005648806,0.12507202,0.024385843,0.40083474,0.3910629,0.02919466
HAM_0005504,ISIC_0027480,mel,histo,55.0,female,foot,data/raw/HAM10000_images_part_1/ISIC_0027480.jpg,test,4,5,mel,nv,0.8547095,False,mel → nv,0.014479025,0.0060225856,0.018999586,0.027697897,0.04943763,0.8547095,0.02865377
HAM_0005789,ISIC_0028033,mel,histo,55.0,male,chest,data/raw/HAM10000_images_part_1/ISIC_0028033.jpg,test,4,4,mel,mel,0.52616686,True,mel → mel,0.016688313,0.014176385,0.02929704,0.026341068,0.52616686,0.352121,0.035209298
HAM_0005789,ISIC_0032204,mel,histo,55.0,male,chest,data/raw/HAM10000_images_part_2/ISIC_0032204.jpg,test,4,5,mel,nv,0.45398456,False,mel → nv,0.027739791,0.06647806,0.15637833,0.048338834,0.20685053,0.45398456,0.040229786
HAM_0005789,ISIC_0032095,mel,histo,55.0,male,chest,data/raw/HAM10000_images_part_2/ISIC_0032095.jpg,test,4,5,mel,nv,0.29173088,False,mel → nv,0.039871227,0.14740163,0.1695566,0.07211435,0.21867993,0.29173088,0.060645394
HAM_0004878,ISIC_0026802,mel,histo,85.0,male,back,data/raw/HAM10000_images_part_1/ISIC_0026802.jpg,test,4,5,mel,nv,0.25366074,False,mel → nv,0.22440757,0.17911656,0.10146139,0.04371818,0.17199223,0.25366074,0.025643317
HAM_0004878,ISIC_0032232,mel,histo,85.0,male,back,data/raw/HAM10000_images_part_2/ISIC_0032232.jpg,test,4,5,mel,nv,0.60126793,False,mel → nv,0.07572893,0.051951244,0.06489617,0.06820905,0.11335219,0.60126793,0.02459445
HAM_0000517,ISIC_0031005,mel,histo,65.0,male,back,data/raw/HAM10000_images_part_2/ISIC_0031005.jpg,test,4,4,mel,mel,0.27883193,True,mel → mel,0.1542205,0.14049464,0.19696967,0.119941674,0.27883193,0.09568009,0.013861528
HAM_0000517,ISIC_0030507,mel,histo,65.0,male,back,data/raw/HAM10000_images_part_2/ISIC_0030507.jpg,test,4,2,mel,bkl,0.29182142,False,mel → bkl,0.11984195,0.118300326,0.29182142,0.02714652,0.25896332,0.1697065,0.014220001
HAM_0007293,ISIC_0026735,mel,histo,85.0,female,face,data/raw/HAM10000_images_part_1/ISIC_0026735.jpg,test,4,4,mel,mel,0.6595525,True,mel → mel,0.019082632,0.017966844,0.23317455,0.00608503,0.6595525,0.05615422,0.007984247
HAM_0005909,ISIC_0026045,mel,histo,65.0,male,upper extremity,data/raw/HAM10000_images_part_1/ISIC_0026045.jpg,test,4,2,mel,bkl,0.5506378,False,mel → bkl,0.024483094,0.0213,0.5506378,0.017426176,0.33868155,0.0417361,0.005735334
HAM_0007498,ISIC_0028156,mel,histo,55.0,male,upper extremity,data/raw/HAM10000_images_part_1/ISIC_0028156.jpg,test,4,5,mel,nv,0.61534226,False,mel → nv,0.07228179,0.023278711,0.026313452,0.060195595,0.16613676,0.61534226,0.036451407
HAM_0003167,ISIC_0024864,mel,histo,40.0,female,lower extremity,data/raw/HAM10000_images_part_1/ISIC_0024864.jpg,test,4,4,mel,mel,0.55224067,True,mel → mel,0.009764648,0.002337032,0.016300501,0.013442334,0.55224067,0.36496016,0.04095464
HAM_0004547,ISIC_0031303,mel,histo,65.0,male,face,data/raw/HAM10000_images_part_2/ISIC_0031303.jpg,test,4,2,mel,bkl,0.40229195,False,mel → bkl,0.0758417,0.028373215,0.40229195,0.046788786,0.2918266,0.109204985,0.045672745
HAM_0004746,ISIC_0028764,mel,histo,65.0,female,back,data/raw/HAM10000_images_part_1/ISIC_0028764.jpg,test,4,4,mel,mel,0.491466,True,mel → mel,0.10339754,0.012815751,0.09950954,0.036447518,0.491466,0.22001623,0.03634747
HAM_0004746,ISIC_0029021,mel,histo,65.0,female,back,data/raw/HAM10000_images_part_1/ISIC_0029021.jpg,test,4,4,mel,mel,0.52882516,True,mel → mel,0.055168863,0.015688974,0.118350126,0.02828727,0.52882516,0.22862512,0.0250545
HAM_0002525,ISIC_0025188,mel,histo,55.0,male,face,data/raw/HAM10000_images_part_1/ISIC_0025188.jpg,test,4,4,mel,mel,0.506709,True,mel → mel,0.071606494,0.01897575,0.29160565,0.015084978,0.506709,0.07633742,0.019680789
HAM_0006617,ISIC_0028163,vasc,histo,25.0,female,abdomen,data/raw/HAM10000_images_part_1/ISIC_0028163.jpg,test,6,6,vasc,vasc,0.98824686,True,vasc → vasc,5.4311575e-05,0.009842794,1.7041608e-05,0.0014585693,7.8845675e-05,0.00030157203,0.98824686
HAM_0006617,ISIC_0024669,vasc,histo,25.0,female,abdomen,data/raw/HAM10000_images_part_1/ISIC_0024669.jpg,test,6,6,vasc,vasc,0.95853317,True,vasc → vasc,0.00085414056,0.025488902,0.0018949305,0.008288841,0.0026570938,0.0022828544,0.95853317
HAM_0004765,ISIC_0031217,vasc,histo,15.0,male,face,data/raw/HAM10000_images_part_2/ISIC_0031217.jpg,test,6,6,vasc,vasc,0.9681078,True,vasc → vasc,0.00038836442,0.0147028705,0.002787649,0.007025008,0.0010726603,0.005915605,0.9681078
HAM_0004765,ISIC_0025599,vasc,histo,15.0,male,face,data/raw/HAM10000_images_part_1/ISIC_0025599.jpg,test,6,6,vasc,vasc,0.99741036,True,vasc → vasc,1.2966785e-05,0.0009982658,3.00259e-05,0.00033348973,3.067946e-05,0.0011841891,0.99741036
HAM_0003862,ISIC_0033031,vasc,histo,45.0,male,upper extremity,data/raw/HAM10000_images_part_2/ISIC_0033031.jpg,test,6,4,vasc,mel,0.47205845,False,vasc → mel,0.037568208,0.2003665,0.0674341,0.01711327,0.47205845,0.05717712,0.1482823
HAM_0003862,ISIC_0032775,vasc,histo,45.0,male,upper extremity,data/raw/HAM10000_images_part_2/ISIC_0032775.jpg,test,6,4,vasc,mel,0.8006044,False,vasc → mel,0.009494157,0.024861177,0.020012027,0.008252758,0.8006044,0.06437253,0.072402954
HAM_0003862,ISIC_0033458,vasc,histo,45.0,male,upper extremity,data/raw/HAM10000_images_part_2/ISIC_0033458.jpg,test,6,1,vasc,bcc,0.39518228,False,vasc → bcc,0.06559761,0.39518228,0.1581013,0.057696823,0.1594954,0.032298464,0.13162813
HAM_0001852,ISIC_0033749,vasc,histo,80.0,male,lower extremity,data/raw/HAM10000_images_part_2/ISIC_0033749.jpg,test,6,6,vasc,vasc,0.8461063,True,vasc → vasc,0.037195053,0.06978578,0.013727158,0.01774281,0.010246745,0.005196221,0.8461063
HAM_0001852,ISIC_0034196,vasc,histo,80.0,male,lower extremity,data/raw/HAM10000_images_part_2/ISIC_0034196.jpg,test,6,6,vasc,vasc,0.52071893,True,vasc → vasc,0.030696074,0.045542967,0.22089943,0.036662925,0.08106651,0.06441313,0.52071893
HAM_0001719,ISIC_0031090,vasc,histo,55.0,female,upper extremity,data/raw/HAM10000_images_part_2/ISIC_0031090.jpg,test,6,4,vasc,mel,0.3759353,False,vasc → mel,0.00606349,0.14369008,0.011402423,0.014646432,0.3759353,0.33707196,0.11119031
HAM_0005471,ISIC_0028146,vasc,histo,60.0,female,back,data/raw/HAM10000_images_part_1/ISIC_0028146.jpg,test,6,6,vasc,vasc,0.83896416,True,vasc → vasc,0.014612579,0.02101892,0.0015890305,0.028344827,0.041454002,0.05401645,0.83896416
HAM_0002610,ISIC_0026876,vasc,consensus,0.0,female,abdomen,data/raw/HAM10000_images_part_1/ISIC_0026876.jpg,test,6,6,vasc,vasc,0.99664575,True,vasc → vasc,3.141101e-05,0.0023943253,7.326572e-05,0.00027519188,0.00012218834,0.00045780814,0.99664575
HAM_0002610,ISIC_0030606,vasc,consensus,0.0,female,abdomen,data/raw/HAM10000_images_part_2/ISIC_0030606.jpg,test,6,6,vasc,vasc,0.99614775,True,vasc → vasc,0.00014462767,0.0025438734,0.00017529681,0.00042055955,0.00022663838,0.00034130394,0.99614775
HAM_0007020,ISIC_0031719,vasc,consensus,75.0,female,hand,data/raw/HAM10000_images_part_2/ISIC_0031719.jpg,test,6,5,vasc,nv,0.633966,False,vasc → nv,0.046672724,0.009870818,0.041507315,0.105126046,0.02018834,0.633966,0.14266877
HAM_0007020,ISIC_0030070,vasc,consensus,75.0,female,hand,data/raw/HAM10000_images_part_2/ISIC_0030070.jpg,test,6,6,vasc,vasc,0.50588655,True,vasc → vasc,0.0038500703,0.0049749636,0.0045278426,0.017357206,0.03574873,0.42765468,0.50588655
HAM_0004549,ISIC_0031201,vasc,consensus,45.0,male,trunk,data/raw/HAM10000_images_part_2/ISIC_0031201.jpg,test,6,6,vasc,vasc,0.99977344,True,vasc → vasc,1.573958e-06,0.00016652032,1.2664536e-06,2.3133622e-05,9.988203e-07,3.3032375e-05,0.99977344
HAM_0000845,ISIC_0025244,vasc,consensus,45.0,female,trunk,data/raw/HAM10000_images_part_1/ISIC_0025244.jpg,test,6,6,vasc,vasc,0.9873116,True,vasc → vasc,0.0009882597,0.007748282,0.00082609325,0.00090869045,0.001022364,0.0011946709,0.9873116
HAM_0002650,ISIC_0029742,vasc,consensus,5.0,male,back,data/raw/HAM10000_images_part_2/ISIC_0029742.jpg,test,6,6,vasc,vasc,0.99692863,True,vasc → vasc,0.00012194697,0.0010913928,0.000104911436,0.0005930473,0.000118603464,0.0010415076,0.99692863
HAM_0006291,ISIC_0026490,vasc,consensus,65.0,female,trunk,data/raw/HAM10000_images_part_1/ISIC_0026490.jpg,test,6,6,vasc,vasc,0.97681105,True,vasc → vasc,0.00023214784,0.0014644028,0.0010813447,0.00195962,0.0008715941,0.017579855,0.97681105
HAM_0000109,ISIC_0031065,vasc,consensus,35.0,female,trunk,data/raw/HAM10000_images_part_2/ISIC_0031065.jpg,test,6,6,vasc,vasc,0.9847665,True,vasc → vasc,0.0009813983,0.010421074,0.0007839989,0.001312948,0.0012376942,0.00049639883,0.9847665
HAM_0006280,ISIC_0027937,vasc,consensus,70.0,male,trunk,data/raw/HAM10000_images_part_1/ISIC_0027937.jpg,test,6,6,vasc,vasc,0.9866073,True,vasc → vasc,4.589992e-05,0.012648159,9.3208e-05,0.00053796975,3.3355056e-05,3.4114448e-05,0.9866073
HAM_0000781,ISIC_0028155,bcc,histo,50.0,male,back,data/raw/HAM10000_images_part_1/ISIC_0028155.jpg,test,1,1,bcc,bcc,0.572506,True,bcc → bcc,0.33848506,0.572506,0.031447798,0.005655124,0.038986843,0.0025547538,0.010364441
HAM_0007141,ISIC_0029230,bcc,histo,50.0,male,trunk,data/raw/HAM10000_images_part_1/ISIC_0029230.jpg,test,1,5,bcc,nv,0.75532365,False,bcc → nv,0.01681105,0.11621793,0.013416934,0.069783285,0.013032676,0.75532365,0.01541445
HAM_0007141,ISIC_0031513,bcc,histo,50.0,male,trunk,data/raw/HAM10000_images_part_2/ISIC_0031513.jpg,test,1,5,bcc,nv,0.78210276,False,bcc → nv,0.012397359,0.016167523,0.023293328,0.060843445,0.08737604,0.78210276,0.017819548
HAM_0005776,ISIC_0028238,bcc,histo,80.0,male,back,data/raw/HAM10000_images_part_1/ISIC_0028238.jpg,test,1,1,bcc,bcc,0.8794322,True,bcc → bcc,0.088837266,0.8794322,0.00893495,0.0032547682,0.012056369,0.0031119802,0.0043725306
HAM_0005776,ISIC_0029755,bcc,histo,80.0,male,back,data/raw/HAM10000_images_part_2/ISIC_0029755.jpg,test,1,0,bcc,akiec,0.40305647,False,bcc → akiec,0.40305647,0.0933969,0.23072205,0.12872365,0.023618145,0.110012904,0.010469874
HAM_0003805,ISIC_0030446,bcc,histo,80.0,female,scalp,data/raw/HAM10000_images_part_2/ISIC_0030446.jpg,test,1,1,bcc,bcc,0.37570122,True,bcc → bcc,0.19367291,0.37570122,0.018053895,0.12584014,0.0027168351,0.27827808,0.005736944
HAM_0003805,ISIC_0031527,bcc,histo,80.0,female,scalp,data/raw/HAM10000_images_part_2/ISIC_0031527.jpg,test,1,1,bcc,bcc,0.5129918,True,bcc → bcc,0.1078064,0.5129918,0.022030385,0.0898044,0.012850807,0.034347862,0.22016837
HAM_0000687,ISIC_0028994,bcc,histo,85.0,male,lower extremity,data/raw/HAM10000_images_part_1/ISIC_0028994.jpg,test,1,0,bcc,akiec,0.8869813,False,bcc → akiec,0.8869813,0.103525475,0.0049868464,0.0008559902,0.0032743278,8.4588086e-05,0.0002914163
HAM_0007446,ISIC_0028457,bcc,histo,75.0,female,face,data/raw/HAM10000_images_part_1/ISIC_0028457.jpg,test,1,1,bcc,bcc,0.64222205,True,bcc → bcc,0.046136957,0.64222205,0.0647605,0.12661721,0.022698885,0.018872643,0.078691736
HAM_0000994,ISIC_0027545,bcc,histo,80.0,male,scalp,data/raw/HAM10000_images_part_1/ISIC_0027545.jpg,test,1,5,bcc,nv,0.79566145,False,bcc → nv,0.022263313,0.060023073,0.021511067,0.021608846,0.059891973,0.79566145,0.019040255
HAM_0000994,ISIC_0027609,bcc,histo,80.0,male,scalp,data/raw/HAM10000_images_part_1/ISIC_0027609.jpg,test,1,5,bcc,nv,0.82053995,False,bcc → nv,0.020855246,0.058403894,0.012013664,0.02884523,0.029206568,0.82053995,0.03013549
HAM_0002346,ISIC_0027365,bcc,histo,70.0,male,face,data/raw/HAM10000_images_part_1/ISIC_0027365.jpg,test,1,1,bcc,bcc,0.6198345,True,bcc → bcc,0.05230457,0.6198345,0.10052564,0.03611855,0.049746152,0.10900279,0.032467898
HAM_0002346,ISIC_0026343,bcc,histo,70.0,male,face,data/raw/HAM10000_images_part_1/ISIC_0026343.jpg,test,1,2,bcc,bkl,0.71700054,False,bcc → bkl,0.018391062,0.06327032,0.71700054,0.013482365,0.060867555,0.06911476,0.057873424
HAM_0002346,ISIC_0029341,bcc,histo,70.0,male,face,data/raw/HAM10000_images_part_2/ISIC_0029341.jpg,test,1,1,bcc,bcc,0.64763784,True,bcc → bcc,0.15381424,0.64763784,0.08493058,0.025957149,0.022798106,0.04854718,0.016314907
HAM_0005947,ISIC_0027998,bcc,histo,65.0,female,upper extremity,data/raw/HAM10000_images_part_1/ISIC_0027998.jpg,test,1,1,bcc,bcc,0.8932123,True,bcc → bcc,0.034738936,0.8932123,0.034116082,0.002022507,0.01827534,0.0036252893,0.014009604
HAM_0005947,ISIC_0028079,bcc,histo,65.0,female,upper extremity,data/raw/HAM10000_images_part_1/ISIC_0028079.jpg,test,1,2,bcc,bkl,0.7778609,False,bcc → bkl,0.022805074,0.06838201,0.7778609,0.049986288,0.035066236,0.032005437,0.013894138
HAM_0001326,ISIC_0031824,bcc,histo,60.0,male,scalp,data/raw/HAM10000_images_part_2/ISIC_0031824.jpg,test,1,5,bcc,nv,0.39383745,False,bcc → nv,0.025140224,0.1416719,0.13040021,0.085391045,0.20694181,0.39383745,0.016617304
HAM_0001326,ISIC_0030145,bcc,histo,60.0,male,scalp,data/raw/HAM10000_images_part_2/ISIC_0030145.jpg,test,1,2,bcc,bkl,0.39455357,False,bcc → bkl,0.028695049,0.027885303,0.39455357,0.017939016,0.3919259,0.12696633,0.012034839
HAM_0006384,ISIC_0031272,bcc,histo,80.0,male,face,data/raw/HAM10000_images_part_2/ISIC_0031272.jpg,test,1,1,bcc,bcc,0.6010306,True,bcc → bcc,0.25314054,0.6010306,0.034758013,0.019295864,0.06893421,0.0036000756,0.01924073
HAM_0005058,ISIC_0026324,bcc,histo,85.0,female,face,data/raw/HAM10000_images_part_1/ISIC_0026324.jpg,test,1,0,bcc,akiec,0.78521955,False,bcc → akiec,0.78521955,0.059653804,0.087486595,0.032783266,0.025952691,0.002293402,0.0066106943
HAM_0005058,ISIC_0025700,bcc,histo,85.0,female,face,data/raw/HAM10000_images_part_1/ISIC_0025700.jpg,test,1,2,bcc,bkl,0.40037686,False,bcc → bkl,0.031643882,0.19842917,0.40037686,0.23463415,0.022122242,0.012297245,0.10049634
HAM_0006387,ISIC_0026831,bcc,histo,70.0,male,face,data/raw/HAM10000_images_part_1/ISIC_0026831.jpg,test,1,1,bcc,bcc,0.8071221,True,bcc → bcc,0.046511937,0.8071221,0.020013789,0.060501795,0.005544976,0.035018593,0.02528698
HAM_0006387,ISIC_0032482,bcc,histo,70.0,male,face,data/raw/HAM10000_images_part_2/ISIC_0032482.jpg,test,1,1,bcc,bcc,0.45466113,True,bcc → bcc,0.008176047,0.45466113,0.003097623,0.16068079,0.0065177586,0.18297514,0.18389142
HAM_0005396,ISIC_0033720,bcc,histo,75.0,male,abdomen,data/raw/HAM10000_images_part_2/ISIC_0033720.jpg,test,1,1,bcc,bcc,0.4810257,True,bcc → bcc,0.040145155,0.4810257,0.025926681,0.03490899,0.07717912,0.31016576,0.030648693
HAM_0005396,ISIC_0034255,bcc,histo,75.0,male,abdomen,data/raw/HAM10000_images_part_2/ISIC_0034255.jpg,test,1,1,bcc,bcc,0.4868802,True,bcc → bcc,0.06048974,0.4868802,0.05613724,0.0618276,0.13596451,0.14147004,0.05723061
HAM_0005396,ISIC_0032834,bcc,histo,75.0,male,abdomen,data/raw/HAM10000_images_part_2/ISIC_0032834.jpg,test,1,1,bcc,bcc,0.61181015,True,bcc → bcc,0.04303802,0.61181015,0.1174094,0.034947284,0.09240049,0.05562345,0.044771142
HAM_0007335,ISIC_0034299,bcc,histo,60.0,male,upper extremity,data/raw/HAM10000_images_part_2/ISIC_0034299.jpg,test,1,1,bcc,bcc,0.6306961,True,bcc → bcc,0.09189022,0.6306961,0.024331309,0.035479482,0.018990137,0.1920581,0.006554578
HAM_0007335,ISIC_0032808,bcc,histo,60.0,male,upper extremity,data/raw/HAM10000_images_part_2/ISIC_0032808.jpg,test,1,1,bcc,bcc,0.5173027,True,bcc → bcc,0.07278917,0.5173027,0.04897568,0.031441886,0.11573139,0.20483515,0.008924097
HAM_0007248,ISIC_0025102,bcc,histo,70.0,male,lower extremity,data/raw/HAM10000_images_part_1/ISIC_0025102.jpg,test,1,1,bcc,bcc,0.98415124,True,bcc → bcc,0.002388399,0.98415124,0.0013691799,0.0020329007,0.000767649,0.000633437,0.00865722
HAM_0007248,ISIC_0032850,bcc,histo,70.0,male,lower extremity,data/raw/HAM10000_images_part_2/ISIC_0032850.jpg,test,1,1,bcc,bcc,0.94449043,True,bcc → bcc,0.0128975315,0.94449043,0.011299926,0.0068647633,0.008324779,0.007242712,0.008879827
HAM_0007248,ISIC_0030712,bcc,histo,70.0,male,lower extremity,data/raw/HAM10000_images_part_2/ISIC_0030712.jpg,test,1,1,bcc,bcc,0.97185916,True,bcc → bcc,0.003697321,0.97185916,0.0066351746,0.0046478156,0.0028152438,0.0031177457,0.0072274455
HAM_0003600,ISIC_0031836,bcc,histo,40.0,female,abdomen,data/raw/HAM10000_images_part_2/ISIC_0031836.jpg,test,1,1,bcc,bcc,0.3252764,True,bcc → bcc,0.32411495,0.3252764,0.15198328,0.07376243,0.039565336,0.06160689,0.023690678
HAM_0007550,ISIC_0026528,bcc,histo,70.0,male,trunk,data/raw/HAM10000_images_part_1/ISIC_0026528.jpg,test,1,1,bcc,bcc,0.5067061,True,bcc → bcc,0.261912,0.5067061,0.027686726,0.061112512,0.0085323015,0.031362012,0.102688335
HAM_0004515,ISIC_0029564,bcc,histo,55.0,female,face,data/raw/HAM10000_images_part_2/ISIC_0029564.jpg,test,1,1,bcc,bcc,0.53860545,True,bcc → bcc,0.037136145,0.53860545,0.01526989,0.021888489,0.002956647,0.17773806,0.20640524
HAM_0003112,ISIC_0030233,bcc,histo,80.0,male,chest,data/raw/HAM10000_images_part_2/ISIC_0030233.jpg,test,1,4,bcc,mel,0.5874495,False,bcc → mel,0.11371322,0.09502699,0.04108882,0.032334976,0.5874495,0.11119085,0.019195706
HAM_0006844,ISIC_0028688,bcc,histo,60.0,male,scalp,data/raw/HAM10000_images_part_1/ISIC_0028688.jpg,test,1,5,bcc,nv,0.4846235,False,bcc → nv,0.11450359,0.22297047,0.04869105,0.022988116,0.07377574,0.4846235,0.03244755
HAM_0003694,ISIC_0028818,bcc,histo,70.0,male,foot,data/raw/HAM10000_images_part_1/ISIC_0028818.jpg,test,1,5,bcc,nv,0.4793711,False,bcc → nv,0.049396176,0.21762589,0.0031746181,0.1851081,0.045453385,0.4793711,0.019870773
HAM_0006115,ISIC_0025576,bcc,histo,55.0,male,back,data/raw/HAM10000_images_part_1/ISIC_0025576.jpg,test,1,1,bcc,bcc,0.82639515,True,bcc → bcc,0.09648123,0.82639515,0.017025044,0.027492523,0.007751412,0.0072926227,0.017562134
HAM_0002983,ISIC_0029392,bcc,histo,75.0,male,upper extremity,data/raw/HAM10000_images_part_2/ISIC_0029392.jpg,test,1,0,bcc,akiec,0.5576599,False,bcc → akiec,0.5576599,0.24365117,0.06684244,0.04634212,0.06542723,0.0070973523,0.012979862
HAM_0002818,ISIC_0028570,bcc,histo,85.0,female,back,data/raw/HAM10000_images_part_1/ISIC_0028570.jpg,test,1,1,bcc,bcc,0.910726,True,bcc → bcc,0.0070800153,0.910726,0.024130445,0.0081176255,0.016715841,0.018829657,0.014400429
HAM_0000987,ISIC_0025301,bcc,histo,70.0,male,back,data/raw/HAM10000_images_part_1/ISIC_0025301.jpg,test,1,1,bcc,bcc,0.5773165,True,bcc → bcc,0.37545758,0.5773165,0.001631081,0.015286581,0.0036332293,0.0055054734,0.021169584
HAM_0000953,ISIC_0026213,bcc,histo,70.0,male,chest,data/raw/HAM10000_images_part_1/ISIC_0026213.jpg,test,1,1,bcc,bcc,0.98664945,True,bcc → bcc,0.008552471,0.98664945,0.0018655007,0.0008796233,0.00019491646,0.00014010388,0.0017179031
HAM_0000953,ISIC_0026442,bcc,histo,70.0,male,chest,data/raw/HAM10000_images_part_1/ISIC_0026442.jpg,test,1,1,bcc,bcc,0.9933321,True,bcc → bcc,0.004308273,0.9933321,0.00025918114,0.00020706489,0.00015168924,0.00029431033,0.0014474049
HAM_0000504,ISIC_0026716,bcc,histo,45.0,male,back,data/raw/HAM10000_images_part_1/ISIC_0026716.jpg,test,1,1,bcc,bcc,0.9469558,True,bcc → bcc,0.024067823,0.9469558,0.006802338,0.0069255726,0.0030181247,0.0080893785,0.004140918
HAM_0000504,ISIC_0025971,bcc,histo,45.0,male,back,data/raw/HAM10000_images_part_1/ISIC_0025971.jpg,test,1,1,bcc,bcc,0.86690646,True,bcc → bcc,0.029040553,0.86690646,0.016294332,0.026915127,0.00956192,0.039031945,0.012249703
HAM_0006575,ISIC_0029391,bcc,histo,65.0,female,chest,data/raw/HAM10000_images_part_2/ISIC_0029391.jpg,test,1,1,bcc,bcc,0.96588504,True,bcc → bcc,0.025868645,0.96588504,0.0034878235,0.0017102818,0.00074372883,0.00095820427,0.0013463958
HAM_0004027,ISIC_0030403,bcc,histo,65.0,female,back,data/raw/HAM10000_images_part_2/ISIC_0030403.jpg,test,1,1,bcc,bcc,0.9817545,True,bcc → bcc,0.006829713,0.9817545,0.0010746266,0.0033431798,0.00020610183,0.0003395505,0.0064523635
HAM_0004027,ISIC_0024595,bcc,histo,65.0,female,back,data/raw/HAM10000_images_part_1/ISIC_0024595.jpg,test,1,1,bcc,bcc,0.8738128,True,bcc → bcc,0.035247907,0.8738128,0.05113207,0.02848216,0.0009776569,0.0021206008,0.008226744
HAM_0000512,ISIC_0030528,bcc,histo,45.0,female,face,data/raw/HAM10000_images_part_2/ISIC_0030528.jpg,test,1,0,bcc,akiec,0.4081925,False,bcc → akiec,0.4081925,0.39265367,0.08379033,0.041602366,0.002694182,0.06821061,0.0028562814
HAM_0002736,ISIC_0030594,bcc,histo,75.0,male,back,data/raw/HAM10000_images_part_2/ISIC_0030594.jpg,test,1,1,bcc,bcc,0.9235777,True,bcc → bcc,0.008029716,0.9235777,0.05320675,0.0016119282,0.00803103,0.0031684497,0.0023743303
HAM_0005933,ISIC_0024634,bcc,histo,80.0,female,back,data/raw/HAM10000_images_part_1/ISIC_0024634.jpg,test,1,1,bcc,bcc,0.8987563,True,bcc → bcc,0.0074304366,0.8987563,0.016891204,0.020497046,0.012201981,0.029031383,0.015191541
HAM_0006609,ISIC_0031266,bcc,histo,80.0,male,back,data/raw/HAM10000_images_part_2/ISIC_0031266.jpg,test,1,1,bcc,bcc,0.5520227,True,bcc → bcc,0.28375378,0.5520227,0.10402402,0.011113698,0.038565096,0.007004771,0.0035159506
HAM_0003610,ISIC_0028937,bcc,histo,80.0,male,face,data/raw/HAM10000_images_part_1/ISIC_0028937.jpg,test,1,1,bcc,bcc,0.39010325,True,bcc → bcc,0.2613673,0.39010325,0.28428638,0.0065899175,0.044721697,0.007403718,0.005527746
HAM_0006005,ISIC_0029489,bcc,histo,85.0,female,lower extremity,data/raw/HAM10000_images_part_2/ISIC_0029489.jpg,test,1,1,bcc,bcc,0.9217124,True,bcc → bcc,0.032340743,0.9217124,0.0020896248,0.016151605,0.010027924,0.0029750543,0.014702593
HAM_0005536,ISIC_0026798,bcc,histo,45.0,male,lower extremity,data/raw/HAM10000_images_part_1/ISIC_0026798.jpg,test,1,1,bcc,bcc,0.516739,True,bcc → bcc,0.082714,0.516739,0.05805956,0.030146107,0.023048436,0.23485771,0.054435175
HAM_0006708,ISIC_0027189,bcc,histo,80.0,female,lower extremity,data/raw/HAM10000_images_part_1/ISIC_0027189.jpg,test,1,1,bcc,bcc,0.9354247,True,bcc → bcc,0.047166888,0.9354247,0.008120165,0.0031907486,0.0024878907,0.00028211542,0.0033274784
HAM_0006851,ISIC_0031976,bcc,histo,80.0,male,face,data/raw/HAM10000_images_part_2/ISIC_0031976.jpg,test,1,1,bcc,bcc,0.78047854,True,bcc → bcc,0.14224496,0.78047854,0.05687973,0.0071579046,0.006930666,0.0022635846,0.004044708
HAM_0005268,ISIC_0027825,bcc,histo,55.0,male,chest,data/raw/HAM10000_images_part_1/ISIC_0027825.jpg,test,1,1,bcc,bcc,0.986458,True,bcc → bcc,0.0018966688,0.986458,0.0028046002,0.0017795851,0.0015547522,0.0019940028,0.0035123765
HAM_0001457,ISIC_0029856,bcc,histo,75.0,male,back,data/raw/HAM10000_images_part_2/ISIC_0029856.jpg,test,1,1,bcc,bcc,0.93139654,True,bcc → bcc,0.042731747,0.93139654,0.005548132,0.008117381,0.004739845,0.00078103953,0.006685378
HAM_0005501,ISIC_0025711,bcc,histo,80.0,male,back,data/raw/HAM10000_images_part_1/ISIC_0025711.jpg,test,1,1,bcc,bcc,0.7392424,True,bcc → bcc,0.056806736,0.7392424,0.019557267,0.013578768,0.017704437,0.00072896405,0.15238146
HAM_0004495,ISIC_0024743,bcc,histo,65.0,female,lower extremity,data/raw/HAM10000_images_part_1/ISIC_0024743.jpg,test,1,1,bcc,bcc,0.95269144,True,bcc → bcc,0.017463315,0.95269144,0.0034578082,0.01098852,0.0016814943,0.0019068206,0.0118106175
HAM_0005669,ISIC_0024949,bcc,histo,75.0,male,upper extremity,data/raw/HAM10000_images_part_1/ISIC_0024949.jpg,test,1,1,bcc,bcc,0.9600331,True,bcc → bcc,0.01985553,0.9600331,0.0060645356,0.0066748452,0.0015020078,0.0036051143,0.0022648107
HAM_0000987,ISIC_0027722,bcc,histo,70.0,male,back,data/raw/HAM10000_images_part_1/ISIC_0027722.jpg,test,1,1,bcc,bcc,0.69912136,True,bcc → bcc,0.25233504,0.69912136,0.007262768,0.024631506,0.0034514186,0.0032167172,0.00998127
HAM_0006872,ISIC_0030514,bcc,histo,85.0,male,back,data/raw/HAM10000_images_part_2/ISIC_0030514.jpg,test,1,0,bcc,akiec,0.51752186,False,bcc → akiec,0.51752186,0.19467671,0.22948961,0.026840294,0.016505394,0.0077024717,0.007263579
HAM_0006872,ISIC_0024345,bcc,histo,85.0,male,back,data/raw/HAM10000_images_part_1/ISIC_0024345.jpg,test,1,1,bcc,bcc,0.6981823,True,bcc → bcc,0.15192616,0.6981823,0.044364978,0.066442,0.008664252,0.010322584,0.020097706
HAM_0002812,ISIC_0029053,bcc,histo,75.0,female,back,data/raw/HAM10000_images_part_1/ISIC_0029053.jpg,test,1,0,bcc,akiec,0.6650127,False,bcc → akiec,0.6650127,0.09626468,0.16534705,0.006648519,0.057006072,0.00030265577,0.009418237
HAM_0003827,ISIC_0028350,bcc,histo,70.0,female,back,data/raw/HAM10000_images_part_1/ISIC_0028350.jpg,test,1,1,bcc,bcc,0.91740316,True,bcc → bcc,0.05265074,0.91740316,0.01177683,0.0030456393,0.0025886293,0.0039422447,0.008592784
HAM_0005375,ISIC_0028814,bcc,histo,70.0,male,neck,data/raw/HAM10000_images_part_1/ISIC_0028814.jpg,test,1,1,bcc,bcc,0.8994271,True,bcc → bcc,0.08490588,0.8994271,0.005598395,0.0014214454,0.005531898,0.0008974037,0.0022178327
HAM_0002812,ISIC_0027788,bcc,histo,75.0,female,back,data/raw/HAM10000_images_part_1/ISIC_0027788.jpg,test,1,1,bcc,bcc,0.552211,True,bcc → bcc,0.06866114,0.552211,0.023205211,0.14869669,0.05792055,0.13376434,0.015541093
HAM_0005026,ISIC_0028978,bcc,histo,40.0,female,abdomen,data/raw/HAM10000_images_part_1/ISIC_0028978.jpg,test,1,1,bcc,bcc,0.3168106,True,bcc → bcc,0.12352205,0.3168106,0.061840132,0.30328906,0.07639016,0.07330398,0.044844024
HAM_0005026,ISIC_0028728,bcc,histo,40.0,female,abdomen,data/raw/HAM10000_images_part_1/ISIC_0028728.jpg,test,1,0,bcc,akiec,0.5159574,False,bcc → akiec,0.5159574,0.23374882,0.0653367,0.121050335,0.026901128,0.028916763,0.00808885
HAM_0002530,ISIC_0028239,nv,follow_up,45.0,female,lower extremity,data/raw/HAM10000_images_part_1/ISIC_0028239.jpg,test,5,5,nv,nv,0.8626105,True,nv → nv,0.018299496,0.01256389,0.0109028015,0.033647098,0.034351695,0.8626105,0.027624419
HAM_0006830,ISIC_0032285,nv,follow_up,45.0,female,abdomen,data/raw/HAM10000_images_part_2/ISIC_0032285.jpg,test,5,5,nv,nv,0.77484834,True,nv → nv,0.028690025,0.012532573,0.009472301,0.027642716,0.08051853,0.77484834,0.066295505
HAM_0004233,ISIC_0029979,nv,follow_up,45.0,female,back,data/raw/HAM10000_images_part_2/ISIC_0029979.jpg,test,5,5,nv,nv,0.8173869,True,nv → nv,0.026151186,0.009851771,0.023694051,0.032286745,0.046781253,0.8173869,0.04384809
HAM_0003042,ISIC_0031282,nv,follow_up,50.0,male,trunk,data/raw/HAM10000_images_part_2/ISIC_0031282.jpg,test,5,5,nv,nv,0.81232756,True,nv → nv,0.020778192,0.012446415,0.03493205,0.04554355,0.043563012,0.81232756,0.030409137
HAM_0000727,ISIC_0029961,nv,follow_up,50.0,male,lower extremity,data/raw/HAM10000_images_part_2/ISIC_0029961.jpg,test,5,5,nv,nv,0.8170023,True,nv → nv,0.014427268,0.008654467,0.027667187,0.015934804,0.076805286,0.8170023,0.039508656
HAM_0007329,ISIC_0026583,nv,follow_up,50.0,male,lower extremity,data/raw/HAM10000_images_part_1/ISIC_0026583.jpg,test,5,5,nv,nv,0.81784976,True,nv → nv,0.035508897,0.02475376,0.01839261,0.07172674,0.0055702445,0.81784976,0.02619791
HAM_0000289,ISIC_0032226,nv,follow_up,50.0,male,lower extremity,data/raw/HAM10000_images_part_2/ISIC_0032226.jpg,test,5,5,nv,nv,0.8279558,True,nv → nv,0.029208401,0.022455627,0.02044068,0.056479055,0.013162093,0.8279558,0.030298296
HAM_0004408,ISIC_0026824,nv,follow_up,50.0,male,foot,data/raw/HAM10000_images_part_1/ISIC_0026824.jpg,test,5,5,nv,nv,0.9469624,True,nv → nv,0.0141627,0.0068378756,0.0021633157,0.018387226,0.0026320156,0.9469624,0.008854381
HAM_0003396,ISIC_0031068,nv,follow_up,45.0,male,lower extremity,data/raw/HAM10000_images_part_2/ISIC_0031068.jpg,test,5,5,nv,nv,0.8651205,True,nv → nv,0.018883452,0.0091542965,0.005252007,0.062210884,0.013043888,0.8651205,0.026334926
HAM_0001263,ISIC_0031463,nv,follow_up,45.0,male,back,data/raw/HAM10000_images_part_2/ISIC_0031463.jpg,test,5,5,nv,nv,0.87017834,True,nv → nv,0.014641099,0.0072528003,0.001540256,0.06515176,0.017574865,0.87017834,0.023660801
HAM_0003548,ISIC_0028480,nv,follow_up,55.0,male,back,data/raw/HAM10000_images_part_1/ISIC_0028480.jpg,test,5,5,nv,nv,0.8011286,True,nv → nv,0.049902,0.014170547,0.018051539,0.06354864,0.011375436,0.8011286,0.041823324
HAM_0005093,ISIC_0030517,nv,follow_up,55.0,male,back,data/raw/HAM10000_images_part_2/ISIC_0030517.jpg,test,5,5,nv,nv,0.87520856,True,nv → nv,0.02323851,0.009216158,0.00763748,0.03476524,0.018191842,0.87520856,0.031742193
HAM_0002514,ISIC_0026768,nv,follow_up,55.0,male,lower extremity,data/raw/HAM10000_images_part_1/ISIC_0026768.jpg,test,5,5,nv,nv,0.87808025,True,nv → nv,0.010593184,0.006818588,0.007549907,0.038469493,0.008830618,0.87808025,0.049658015
HAM_0001061,ISIC_0029526,nv,follow_up,45.0,male,back,data/raw/HAM10000_images_part_2/ISIC_0029526.jpg,test,5,5,nv,nv,0.8909027,True,nv → nv,0.010951358,0.0037759922,0.0019801774,0.0634642,0.012832192,0.8909027,0.016093347
HAM_0007316,ISIC_0031895,nv,follow_up,50.0,female,upper extremity,data/raw/HAM10000_images_part_2/ISIC_0031895.jpg,test,5,5,nv,nv,0.75301266,True,nv → nv,0.045449235,0.022184625,0.026906537,0.04466086,0.062465798,0.75301266,0.045320254
HAM_0002112,ISIC_0030820,nv,follow_up,55.0,male,upper extremity,data/raw/HAM10000_images_part_2/ISIC_0030820.jpg,test,5,5,nv,nv,0.5104673,True,nv → nv,0.028943764,0.19671808,0.07731739,0.044691518,0.06402723,0.5104673,0.07783472
HAM_0000381,ISIC_0030148,nv,follow_up,55.0,male,back,data/raw/HAM10000_images_part_2/ISIC_0030148.jpg,test,5,5,nv,nv,0.8470573,True,nv → nv,0.022288723,0.02073103,0.009175846,0.04051358,0.015152591,0.8470573,0.045081012
HAM_0001807,ISIC_0029637,nv,follow_up,45.0,male,trunk,data/raw/HAM10000_images_part_2/ISIC_0029637.jpg,test,5,5,nv,nv,0.8793717,True,nv → nv,0.02201308,0.012002409,0.006552384,0.027974246,0.0100215105,0.8793717,0.0420646
HAM_0000561,ISIC_0025143,nv,follow_up,45.0,male,genital,data/raw/HAM10000_images_part_1/ISIC_0025143.jpg,test,5,5,nv,nv,0.8764433,True,nv → nv,0.014477798,0.009540714,0.009416001,0.037149817,0.007417872,0.8764433,0.045554522
HAM_0006715,ISIC_0025161,nv,follow_up,20.0,male,trunk,data/raw/HAM10000_images_part_1/ISIC_0025161.jpg,test,5,5,nv,nv,0.650074,True,nv → nv,0.042473678,0.018143268,0.12538548,0.032569014,0.07987821,0.650074,0.051476374
HAM_0007391,ISIC_0031926,nv,follow_up,55.0,female,trunk,data/raw/HAM10000_images_part_2/ISIC_0031926.jpg,test,5,5,nv,nv,0.7307698,True,nv → nv,0.063840196,0.02214115,0.026471153,0.052996088,0.054665763,0.7307698,0.049115915
HAM_0004737,ISIC_0027221,nv,follow_up,75.0,male,trunk,data/raw/HAM10000_images_part_1/ISIC_0027221.jpg,test,5,5,nv,nv,0.82431614,True,nv → nv,0.020205595,0.0057665696,0.01358897,0.08014871,0.018481297,0.82431614,0.037492737
HAM_0006703,ISIC_0031833,nv,follow_up,45.0,female,lower extremity,data/raw/HAM10000_images_part_2/ISIC_0031833.jpg,test,5,6,nv,vasc,0.8791404,False,nv → vasc,0.00042377834,0.0014977503,0.00063235953,0.009920937,0.00059289107,0.10779191,0.8791404
HAM_0002443,ISIC_0029685,nv,follow_up,50.0,female,trunk,data/raw/HAM10000_images_part_2/ISIC_0029685.jpg,test,5,5,nv,nv,0.7283611,True,nv → nv,0.04443346,0.0642816,0.010394647,0.05588955,0.03729295,0.7283611,0.059346683
HAM_0000647,ISIC_0029911,nv,follow_up,45.0,female,upper extremity,data/raw/HAM10000_images_part_2/ISIC_0029911.jpg,test,5,5,nv,nv,0.8483794,True,nv → nv,0.025547327,0.020644447,0.010044735,0.06708489,0.0037028892,0.8483794,0.024596382
HAM_0001723,ISIC_0027784,nv,follow_up,45.0,female,lower extremity,data/raw/HAM10000_images_part_1/ISIC_0027784.jpg,test,5,5,nv,nv,0.66970086,True,nv → nv,0.043450564,0.042279273,0.026052667,0.063935064,0.0986369,0.66970086,0.055944715
HAM_0006668,ISIC_0027808,nv,follow_up,50.0,female,abdomen,data/raw/HAM10000_images_part_1/ISIC_0027808.jpg,test,5,5,nv,nv,0.8772452,True,nv → nv,0.018006919,0.010770102,0.007616878,0.034740746,0.022725185,0.8772452,0.028895015
HAM_0001957,ISIC_0025593,nv,follow_up,50.0,female,abdomen,data/raw/HAM10000_images_part_1/ISIC_0025593.jpg,test,5,5,nv,nv,0.893271,True,nv → nv,0.022550782,0.006455901,0.008179061,0.030119713,0.0141466325,0.893271,0.025277004
HAM_0005690,ISIC_0025487,nv,follow_up,50.0,female,lower extremity,data/raw/HAM10000_images_part_1/ISIC_0025487.jpg,test,5,5,nv,nv,0.8743396,True,nv → nv,0.010785414,0.013072673,0.00481806,0.036517,0.03873309,0.8743396,0.021734226
HAM_0007241,ISIC_0027752,nv,follow_up,50.0,female,trunk,data/raw/HAM10000_images_part_1/ISIC_0027752.jpg,test,5,5,nv,nv,0.87260395,True,nv → nv,0.009975842,0.0046370435,0.010495846,0.015505023,0.024425128,0.87260395,0.06235713
HAM_0000472,ISIC_0028339,nv,follow_up,50.0,female,back,data/raw/HAM10000_images_part_1/ISIC_0028339.jpg,test,5,5,nv,nv,0.80980325,True,nv → nv,0.037648898,0.02056036,0.0051128347,0.064122476,0.02388576,0.80980325,0.03886642
HAM_0003250,ISIC_0031997,nv,follow_up,50.0,female,lower extremity,data/raw/HAM10000_images_part_2/ISIC_0031997.jpg,test,5,5,nv,nv,0.75878704,True,nv → nv,0.04087324,0.019410655,0.03042858,0.031202652,0.04435037,0.75878704,0.074947394
HAM_0007244,ISIC_0030669,nv,follow_up,40.0,male,abdomen,data/raw/HAM10000_images_part_2/ISIC_0030669.jpg,test,5,5,nv,nv,0.82708573,True,nv → nv,0.016934413,0.016271623,0.008443885,0.07622641,0.017726447,0.82708573,0.037311453
HAM_0001662,ISIC_0030050,nv,follow_up,50.0,female,upper extremity,data/raw/HAM10000_images_part_2/ISIC_0030050.jpg,test,5,5,nv,nv,0.9042525,True,nv → nv,0.01657675,0.015563651,0.005641979,0.032179795,0.0058116447,0.9042525,0.01997356
HAM_0004163,ISIC_0025142,nv,follow_up,40.0,male,trunk,data/raw/HAM10000_images_part_1/ISIC_0025142.jpg,test,5,5,nv,nv,0.913276,True,nv → nv,0.015255578,0.011798275,0.005352983,0.021238359,0.006808199,0.913276,0.02627059
HAM_0001494,ISIC_0026621,nv,follow_up,45.0,female,abdomen,data/raw/HAM10000_images_part_1/ISIC_0026621.jpg,test,5,5,nv,nv,0.59321696,True,nv → nv,0.046848018,0.04985695,0.03364578,0.06586434,0.00766518,0.59321696,0.20290276
HAM_0004074,ISIC_0030599,nv,follow_up,45.0,female,back,data/raw/HAM10000_images_part_2/ISIC_0030599.jpg,test,5,5,nv,nv,0.80680186,True,nv → nv,0.0052156383,0.027792083,0.0042176787,0.12533642,0.004190066,0.80680186,0.02644627
HAM_0002994,ISIC_0027836,nv,follow_up,50.0,female,back,data/raw/HAM10000_images_part_1/ISIC_0027836.jpg,test,5,5,nv,nv,0.7800013,True,nv → nv,0.02681784,0.01151665,0.014980715,0.047149863,0.050710384,0.7800013,0.068823256
HAM_0006279,ISIC_0027195,nv,follow_up,25.0,female,neck,data/raw/HAM10000_images_part_1/ISIC_0027195.jpg,test,5,5,nv,nv,0.8506529,True,nv → nv,0.027732292,0.013342683,0.019246928,0.044117443,0.018628825,0.8506529,0.026278878
HAM_0000572,ISIC_0025224,nv,follow_up,55.0,male,trunk,data/raw/HAM10000_images_part_1/ISIC_0025224.jpg,test,5,5,nv,nv,0.89200646,True,nv → nv,0.01172782,0.037154373,0.0047769165,0.021650877,0.012359334,0.89200646,0.020324169
HAM_0000326,ISIC_0028353,nv,follow_up,65.0,female,trunk,data/raw/HAM10000_images_part_1/ISIC_0028353.jpg,test,5,5,nv,nv,0.3414247,True,nv → nv,0.0037198726,0.14696789,0.08007622,0.07123032,0.025342349,0.3414247,0.33123872
HAM_0001915,ISIC_0025813,nv,follow_up,50.0,male,trunk,data/raw/HAM10000_images_part_1/ISIC_0025813.jpg,test,5,5,nv,nv,0.69311726,True,nv → nv,0.0300399,0.045593977,0.075901486,0.05366457,0.054222237,0.69311726,0.04746056
HAM_0006306,ISIC_0026242,nv,follow_up,50.0,male,trunk,data/raw/HAM10000_images_part_1/ISIC_0026242.jpg,test,5,5,nv,nv,0.83661306,True,nv → nv,0.019420626,0.046966832,0.041204665,0.019367896,0.01215021,0.83661306,0.02427668
HAM_0002624,ISIC_0028282,nv,follow_up,50.0,male,foot,data/raw/HAM10000_images_part_1/ISIC_0028282.jpg,test,5,5,nv,nv,0.87892795,True,nv → nv,0.02009698,0.008686044,0.011237863,0.026127752,0.015077609,0.87892795,0.03984588
HAM_0006511,ISIC_0029892,nv,follow_up,50.0,female,trunk,data/raw/HAM10000_images_part_2/ISIC_0029892.jpg,test,5,5,nv,nv,0.6815733,True,nv → nv,0.10246617,0.10425093,0.015736016,0.04152034,0.027034583,0.6815733,0.027418671
HAM_0002918,ISIC_0031704,nv,follow_up,35.0,female,abdomen,data/raw/HAM10000_images_part_2/ISIC_0031704.jpg,test,5,5,nv,nv,0.76303315,True,nv → nv,0.0041024387,0.018674092,0.006885105,0.028270042,0.0059231687,0.76303315,0.173112
HAM_0000329,ISIC_0031185,nv,follow_up,35.0,female,back,data/raw/HAM10000_images_part_2/ISIC_0031185.jpg,test,5,5,nv,nv,0.87764037,True,nv → nv,0.01735915,0.010613404,0.00697786,0.030233745,0.0222027,0.87764037,0.0349727
HAM_0004657,ISIC_0024369,nv,follow_up,60.0,male,trunk,data/raw/HAM10000_images_part_1/ISIC_0024369.jpg,test,5,5,nv,nv,0.7625481,True,nv → nv,0.02425715,0.022842145,0.020041628,0.063210316,0.05740197,0.7625481,0.049698673
HAM_0002321,ISIC_0029015,nv,follow_up,45.0,male,back,data/raw/HAM10000_images_part_1/ISIC_0029015.jpg,test,5,5,nv,nv,0.827418,True,nv → nv,0.009130958,0.014839464,0.0037559655,0.025744261,0.0027026013,0.827418,0.116408765
HAM_0001675,ISIC_0024433,nv,follow_up,40.0,female,lower extremity,data/raw/HAM10000_images_part_1/ISIC_0024433.jpg,test,5,5,nv,nv,0.84895205,True,nv → nv,0.021995688,0.011221192,0.018366398,0.034944694,0.027959006,0.84895205,0.036561005
HAM_0002433,ISIC_0032011,nv,follow_up,45.0,female,upper extremity,data/raw/HAM10000_images_part_2/ISIC_0032011.jpg,test,5,5,nv,nv,0.85536665,True,nv → nv,0.011943783,0.009683399,0.05515137,0.018503232,0.024781918,0.85536665,0.024569666
HAM_0004046,ISIC_0032366,nv,follow_up,50.0,male,trunk,data/raw/HAM10000_images_part_2/ISIC_0032366.jpg,test,5,5,nv,nv,0.49420512,True,nv → nv,0.04817308,0.026464513,0.049263485,0.12123515,0.15389238,0.49420512,0.10676621
HAM_0006909,ISIC_0031777,nv,follow_up,45.0,female,lower extremity,data/raw/HAM10000_images_part_2/ISIC_0031777.jpg,test,5,5,nv,nv,0.81586957,True,nv → nv,0.03726917,0.022592284,0.01031427,0.054285508,0.029018024,0.81586957,0.030651152
HAM_0004744,ISIC_0024692,nv,follow_up,45.0,female,abdomen,data/raw/HAM10000_images_part_1/ISIC_0024692.jpg,test,5,5,nv,nv,0.86247796,True,nv → nv,0.01829376,0.01661573,0.010757199,0.03466222,0.016875643,0.86247796,0.040317487
HAM_0001482,ISIC_0027691,nv,follow_up,45.0,female,trunk,data/raw/HAM10000_images_part_1/ISIC_0027691.jpg,test,5,5,nv,nv,0.7639795,True,nv → nv,0.042396873,0.029231522,0.008504324,0.035904177,0.027538344,0.7639795,0.09244533
HAM_0002344,ISIC_0026778,nv,follow_up,45.0,female,trunk,data/raw/HAM10000_images_part_1/ISIC_0026778.jpg,test,5,5,nv,nv,0.83304423,True,nv → nv,0.04674109,0.015982032,0.013309424,0.02882977,0.012409979,0.83304423,0.049683474
HAM_0006270,ISIC_0031606,nv,follow_up,55.0,female,lower extremity,data/raw/HAM10000_images_part_2/ISIC_0031606.jpg,test,5,5,nv,nv,0.6552348,True,nv → nv,0.035550393,0.03730735,0.017300047,0.1831199,0.039378945,0.6552348,0.03210852
HAM_0005563,ISIC_0029784,nv,follow_up,50.0,male,abdomen,data/raw/HAM10000_images_part_2/ISIC_0029784.jpg,test,5,5,nv,nv,0.6186943,True,nv → nv,0.013079496,0.065864906,0.078603506,0.18050005,0.016316012,0.6186943,0.026941704
HAM_0000548,ISIC_0027763,nv,follow_up,55.0,male,abdomen,data/raw/HAM10000_images_part_1/ISIC_0027763.jpg,test,5,5,nv,nv,0.83802426,True,nv → nv,0.03493868,0.014030544,0.04385869,0.026139172,0.014210432,0.83802426,0.028798303
HAM_0006901,ISIC_0026700,nv,follow_up,55.0,male,abdomen,data/raw/HAM10000_images_part_1/ISIC_0026700.jpg,test,5,5,nv,nv,0.64457685,True,nv → nv,0.027492076,0.07694563,0.029799985,0.020881323,0.016192786,0.64457685,0.1841114
HAM_0000713,ISIC_0031174,nv,follow_up,55.0,male,abdomen,data/raw/HAM10000_images_part_2/ISIC_0031174.jpg,test,5,5,nv,nv,0.899948,True,nv → nv,0.011355428,0.00542897,0.0028699178,0.013394424,0.029678775,0.899948,0.03732442
HAM_0000053,ISIC_0030376,nv,follow_up,55.0,male,back,data/raw/HAM10000_images_part_2/ISIC_0030376.jpg,test,5,5,nv,nv,0.9231026,True,nv → nv,0.012337201,0.0046630832,0.0051368107,0.017993946,0.008667227,0.9231026,0.028099084
HAM_0002404,ISIC_0031776,nv,follow_up,55.0,male,back,data/raw/HAM10000_images_part_2/ISIC_0031776.jpg,test,5,2,nv,bkl,0.5096302,False,nv → bkl,0.09792463,0.014564295,0.5096302,0.10437643,0.03256848,0.22310151,0.017834501
HAM_0005187,ISIC_0029385,nv,follow_up,40.0,female,trunk,data/raw/HAM10000_images_part_2/ISIC_0029385.jpg,test,5,5,nv,nv,0.7453011,True,nv → nv,0.059712887,0.030325646,0.020384902,0.032839466,0.048916403,0.7453011,0.06251959
HAM_0006044,ISIC_0026986,nv,follow_up,40.0,female,lower extremity,data/raw/HAM10000_images_part_1/ISIC_0026986.jpg,test,5,5,nv,nv,0.8963458,True,nv → nv,0.013746497,0.0078420695,0.0043422002,0.030204287,0.012494193,0.8963458,0.03502489
HAM_0005800,ISIC_0028864,nv,follow_up,40.0,female,upper extremity,data/raw/HAM10000_images_part_1/ISIC_0028864.jpg,test,5,1,nv,bcc,0.3040767,False,nv → bcc,0.06450428,0.3040767,0.067343846,0.045137916,0.095386006,0.23816742,0.18538393
HAM_0000705,ISIC_0025508,nv,follow_up,40.0,female,back,data/raw/HAM10000_images_part_1/ISIC_0025508.jpg,test,5,5,nv,nv,0.9081479,True,nv → nv,0.012858153,0.0081024775,0.0071183858,0.027072381,0.006839097,0.9081479,0.029861743
HAM_0001121,ISIC_0024788,nv,follow_up,40.0,female,trunk,data/raw/HAM10000_images_part_1/ISIC_0024788.jpg,test,5,5,nv,nv,0.90326446,True,nv → nv,0.006455567,0.007163494,0.025674373,0.023759574,0.0053816354,0.90326446,0.028300906
HAM_0006671,ISIC_0027843,nv,follow_up,60.0,male,lower extremity,data/raw/HAM10000_images_part_1/ISIC_0027843.jpg,test,5,5,nv,nv,0.8384755,True,nv → nv,0.020220937,0.011468494,0.014582732,0.04117481,0.03476175,0.8384755,0.039315727
HAM_0004790,ISIC_0030902,nv,follow_up,35.0,female,trunk,data/raw/HAM10000_images_part_2/ISIC_0030902.jpg,test,5,5,nv,nv,0.5232858,True,nv → nv,0.015842346,0.01857698,0.0047955215,0.036358193,0.020418296,0.5232858,0.38072285
HAM_0006689,ISIC_0024493,nv,follow_up,40.0,male,lower extremity,data/raw/HAM10000_images_part_1/ISIC_0024493.jpg,test,5,5,nv,nv,0.8293507,True,nv → nv,0.013255249,0.038542494,0.007462854,0.06170484,0.012907727,0.8293507,0.03677613
HAM_0004134,ISIC_0026075,nv,follow_up,30.0,male,back,data/raw/HAM10000_images_part_1/ISIC_0026075.jpg,test,5,5,nv,nv,0.8407258,True,nv → nv,0.013944549,0.016582003,0.00550427,0.08754723,0.009676722,0.8407258,0.026019432
HAM_0001918,ISIC_0031291,nv,follow_up,45.0,female,back,data/raw/HAM10000_images_part_2/ISIC_0031291.jpg,test,5,5,nv,nv,0.8288977,True,nv → nv,0.03907915,0.019339576,0.021953754,0.03900049,0.022593006,0.8288977,0.029136267
HAM_0000120,ISIC_0030904,nv,follow_up,55.0,male,lower extremity,data/raw/HAM10000_images_part_2/ISIC_0030904.jpg,test,5,5,nv,nv,0.86206615,True,nv → nv,0.009399466,0.012692281,0.018561844,0.020265182,0.0075528086,0.86206615,0.06946231
HAM_0004253,ISIC_0031035,nv,follow_up,60.0,male,lower extremity,data/raw/HAM10000_images_part_2/ISIC_0031035.jpg,test,5,5,nv,nv,0.8949267,True,nv → nv,0.008012395,0.006579481,0.0010698114,0.03152934,0.027052596,0.8949267,0.030829621
HAM_0001392,ISIC_0030411,nv,follow_up,45.0,female,lower extremity,data/raw/HAM10000_images_part_2/ISIC_0030411.jpg,test,5,5,nv,nv,0.8373259,True,nv → nv,0.019435773,0.011847005,0.028668627,0.045239396,0.021649282,0.8373259,0.035834007
HAM_0002584,ISIC_0030315,nv,follow_up,45.0,female,upper extremity,data/raw/HAM10000_images_part_2/ISIC_0030315.jpg,test,5,5,nv,nv,0.86118895,True,nv → nv,0.014593165,0.009239093,0.009016515,0.017342377,0.032982707,0.86118895,0.0556372
HAM_0005295,ISIC_0024690,nv,follow_up,40.0,female,back,data/raw/HAM10000_images_part_1/ISIC_0024690.jpg,test,5,5,nv,nv,0.6119503,True,nv → nv,0.017295899,0.04608301,0.022992397,0.24337603,0.015168229,0.6119503,0.043134104
HAM_0001231,ISIC_0025878,nv,follow_up,45.0,male,trunk,data/raw/HAM10000_images_part_1/ISIC_0025878.jpg,test,5,5,nv,nv,0.8762572,True,nv → nv,0.033765513,0.025964016,0.0025029653,0.024046544,0.017361341,0.8762572,0.020102387
HAM_0001357,ISIC_0027145,nv,follow_up,45.0,male,back,data/raw/HAM10000_images_part_1/ISIC_0027145.jpg,test,5,5,nv,nv,0.8763539,True,nv → nv,0.01947931,0.013912577,0.0147218425,0.02958189,0.008768981,0.8763539,0.037181407
HAM_0006569,ISIC_0030483,nv,follow_up,35.0,male,lower extremity,data/raw/HAM10000_images_part_2/ISIC_0030483.jpg,test,5,5,nv,nv,0.8783146,True,nv → nv,0.018878816,0.016728189,0.010619593,0.023189789,0.009913097,0.8783146,0.042355936
HAM_0001572,ISIC_0028933,nv,follow_up,35.0,male,lower extremity,data/raw/HAM10000_images_part_1/ISIC_0028933.jpg,test,5,5,nv,nv,0.9308186,True,nv → nv,0.004618262,0.004399657,0.0150274355,0.013254667,0.0031509176,0.9308186,0.02873042
HAM_0002260,ISIC_0028699,nv,follow_up,35.0,male,lower extremity,data/raw/HAM10000_images_part_1/ISIC_0028699.jpg,test,5,5,nv,nv,0.8813859,True,nv → nv,0.006970926,0.013738637,0.014177898,0.036280435,0.005256733,0.8813859,0.04218945
HAM_0002464,ISIC_0030566,nv,follow_up,35.0,male,lower extremity,data/raw/HAM10000_images_part_2/ISIC_0030566.jpg,test,5,5,nv,nv,0.8868331,True,nv → nv,0.0108718835,0.0052109025,0.012191595,0.028170846,0.011562276,0.8868331,0.04515946
HAM_0003145,ISIC_0026136,nv,follow_up,75.0,male,neck,data/raw/HAM10000_images_part_1/ISIC_0026136.jpg,test,5,5,nv,nv,0.72219324,True,nv → nv,0.04182835,0.037542555,0.014926596,0.0379705,0.07015112,0.72219324,0.0753876
HAM_0003611,ISIC_0031699,nv,follow_up,75.0,male,hand,data/raw/HAM10000_images_part_2/ISIC_0031699.jpg,test,5,5,nv,nv,0.9145001,True,nv → nv,0.012003715,0.012620648,0.0017140949,0.038008984,0.004174069,0.9145001,0.016978404
HAM_0007323,ISIC_0031038,nv,follow_up,75.0,male,back,data/raw/HAM10000_images_part_2/ISIC_0031038.jpg,test,5,5,nv,nv,0.85785973,True,nv → nv,0.009114129,0.0067723803,0.003688481,0.011587105,0.050892092,0.85785973,0.06008616
HAM_0002038,ISIC_0032337,nv,follow_up,75.0,male,back,data/raw/HAM10000_images_part_2/ISIC_0032337.jpg,test,5,5,nv,nv,0.54257596,True,nv → nv,0.0053317747,0.009652705,0.015586351,0.01030384,0.373759,0.54257596,0.0427904
HAM_0005035,ISIC_0025536,nv,follow_up,35.0,female,trunk,data/raw/HAM10000_images_part_1/ISIC_0025536.jpg,test,5,5,nv,nv,0.9366859,True,nv → nv,0.008827679,0.00604611,0.0033463826,0.026262753,0.0019053898,0.9366859,0.016925793
HAM_0002626,ISIC_0026822,nv,follow_up,45.0,male,lower extremity,data/raw/HAM10000_images_part_1/ISIC_0026822.jpg,test,5,5,nv,nv,0.91474485,True,nv → nv,0.007406727,0.006218612,0.004648916,0.01110847,0.017567564,0.91474485,0.038304873
HAM_0005066,ISIC_0030787,nv,follow_up,45.0,male,lower extremity,data/raw/HAM10000_images_part_2/ISIC_0030787.jpg,test,5,5,nv,nv,0.8079146,True,nv → nv,0.008486257,0.01067534,0.006229089,0.0940253,0.016740741,0.8079146,0.05592873
HAM_0003536,ISIC_0028819,nv,follow_up,45.0,male,back,data/raw/HAM10000_images_part_1/ISIC_0028819.jpg,test,5,5,nv,nv,0.75763106,True,nv → nv,0.0070272316,0.013980611,0.008208869,0.017914416,0.07663633,0.75763106,0.11860152
HAM_0006792,ISIC_0026460,nv,follow_up,45.0,male,trunk,data/raw/HAM10000_images_part_1/ISIC_0026460.jpg,test,5,5,nv,nv,0.7843023,True,nv → nv,0.021040065,0.030061623,0.034044836,0.06704288,0.011716209,0.7843023,0.051792122
HAM_0001522,ISIC_0025084,nv,follow_up,45.0,male,back,data/raw/HAM10000_images_part_1/ISIC_0025084.jpg,test,5,5,nv,nv,0.81676775,True,nv → nv,0.020378772,0.04417402,0.0096785575,0.057504807,0.005871898,0.81676775,0.045624252
HAM_0006272,ISIC_0024429,nv,follow_up,55.0,male,trunk,data/raw/HAM10000_images_part_1/ISIC_0024429.jpg,test,5,5,nv,nv,0.8471171,True,nv → nv,0.028169356,0.0112663265,0.004072156,0.02089336,0.0411603,0.8471171,0.0473214
HAM_0003283,ISIC_0031469,nv,follow_up,50.0,female,upper extremity,data/raw/HAM10000_images_part_2/ISIC_0031469.jpg,test,5,5,nv,nv,0.868022,True,nv → nv,0.023857372,0.018928468,0.0077896193,0.030100057,0.015263504,0.868022,0.036039054
HAM_0004269,ISIC_0025003,nv,follow_up,50.0,female,lower extremity,data/raw/HAM10000_images_part_1/ISIC_0025003.jpg,test,5,5,nv,nv,0.75734514,True,nv → nv,0.020032182,0.018725898,0.04984783,0.11531784,0.0039650267,0.75734514,0.03476606
HAM_0003151,ISIC_0024556,nv,follow_up,50.0,female,foot,data/raw/HAM10000_images_part_1/ISIC_0024556.jpg,test,5,5,nv,nv,0.8772074,True,nv → nv,0.014662555,0.02471391,0.006747388,0.032429162,0.013291971,0.8772074,0.030947665
HAM_0004834,ISIC_0025328,nv,follow_up,20.0,female,trunk,data/raw/HAM10000_images_part_1/ISIC_0025328.jpg,test,5,5,nv,nv,0.86712193,True,nv → nv,0.0063093784,0.0044607525,0.0055320314,0.037509874,0.0052073402,0.86712193,0.07385872
HAM_0005241,ISIC_0029699,nv,follow_up,30.0,male,trunk,data/raw/HAM10000_images_part_2/ISIC_0029699.jpg,test,5,5,nv,nv,0.7563723,True,nv → nv,0.054625597,0.07909755,0.017267814,0.05302747,0.0100059705,0.7563723,0.029603358
HAM_0006917,ISIC_0025861,nv,follow_up,30.0,male,upper extremity,data/raw/HAM10000_images_part_1/ISIC_0025861.jpg,test,5,5,nv,nv,0.85240334,True,nv → nv,0.030021885,0.02034623,0.010414482,0.05133454,0.004890316,0.85240334,0.030589178
HAM_0000564,ISIC_0027333,nv,follow_up,40.0,male,foot,data/raw/HAM10000_images_part_1/ISIC_0027333.jpg,test,5,5,nv,nv,0.7347908,True,nv → nv,0.06711537,0.012831181,0.05911588,0.029373333,0.06857461,0.7347908,0.028198803
HAM_0003296,ISIC_0024944,nv,follow_up,40.0,male,lower extremity,data/raw/HAM10000_images_part_1/ISIC_0024944.jpg,test,5,5,nv,nv,0.7017977,True,nv → nv,0.032969933,0.01504546,0.050132792,0.03315056,0.12868267,0.7017977,0.038220834
HAM_0000328,ISIC_0025482,nv,follow_up,40.0,male,lower extremity,data/raw/HAM10000_images_part_1/ISIC_0025482.jpg,test,5,5,nv,nv,0.6911347,True,nv → nv,0.053823914,0.037826903,0.023255106,0.06284377,0.06330304,0.6911347,0.06781254
HAM_0001067,ISIC_0028813,nv,follow_up,40.0,male,lower extremity,data/raw/HAM10000_images_part_1/ISIC_0028813.jpg,test,5,5,nv,nv,0.7923933,True,nv → nv,0.046307195,0.019339778,0.024363915,0.056900337,0.015220242,0.7923933,0.045475144
HAM_0005361,ISIC_0024374,nv,follow_up,35.0,female,face,data/raw/HAM10000_images_part_1/ISIC_0024374.jpg,test,5,5,nv,nv,0.8118878,True,nv → nv,0.018300502,0.011503245,0.05582209,0.037224285,0.013359863,0.8118878,0.05190225
HAM_0007152,ISIC_0028184,nv,follow_up,20.0,male,trunk,data/raw/HAM10000_images_part_1/ISIC_0028184.jpg,test,5,5,nv,nv,0.83183247,True,nv → nv,0.018761568,0.021413203,0.0047537186,0.051221166,0.018761171,0.83183247,0.053256698
HAM_0005036,ISIC_0025815,nv,follow_up,50.0,female,trunk,data/raw/HAM10000_images_part_1/ISIC_0025815.jpg,test,5,5,nv,nv,0.9013114,True,nv → nv,0.01852424,0.020706495,0.01314572,0.016839262,0.010975388,0.9013114,0.018497465
HAM_0007128,ISIC_0025104,nv,follow_up,50.0,female,upper extremity,data/raw/HAM10000_images_part_1/ISIC_0025104.jpg,test,5,5,nv,nv,0.76648474,True,nv → nv,0.02000912,0.010391218,0.09287016,0.025898054,0.013187596,0.76648474,0.07115915
HAM_0003032,ISIC_0028789,nv,follow_up,45.0,female,trunk,data/raw/HAM10000_images_part_1/ISIC_0028789.jpg,test,5,5,nv,nv,0.799262,True,nv → nv,0.012010627,0.02991076,0.007744888,0.09876841,0.0040877974,0.799262,0.048215505
HAM_0006836,ISIC_0025678,nv,follow_up,30.0,male,back,data/raw/HAM10000_images_part_1/ISIC_0025678.jpg,test,5,5,nv,nv,0.8835232,True,nv → nv,0.0064873192,0.013984733,0.0041034585,0.07856584,0.0018738403,0.8835232,0.01146161
HAM_0004964,ISIC_0028062,nv,follow_up,30.0,male,scalp,data/raw/HAM10000_images_part_1/ISIC_0028062.jpg,test,5,5,nv,nv,0.9340228,True,nv → nv,0.006512022,0.019459493,0.007922893,0.0111609725,0.0049153445,0.9340228,0.016006561
HAM_0005166,ISIC_0024815,nv,follow_up,25.0,female,abdomen,data/raw/HAM10000_images_part_1/ISIC_0024815.jpg,test,5,5,nv,nv,0.8646216,True,nv → nv,0.013607311,0.011263484,0.0098382635,0.017379664,0.009755187,0.8646216,0.07353455
HAM_0005214,ISIC_0031114,nv,follow_up,75.0,female,lower extremity,data/raw/HAM10000_images_part_2/ISIC_0031114.jpg,test,5,5,nv,nv,0.8782143,True,nv → nv,0.023212412,0.0114565315,0.006003457,0.04975324,0.0044377795,0.8782143,0.026922267
HAM_0004692,ISIC_0030734,nv,follow_up,60.0,male,abdomen,data/raw/HAM10000_images_part_2/ISIC_0030734.jpg,test,5,5,nv,nv,0.77116424,True,nv → nv,0.04337196,0.016295774,0.039738253,0.06062183,0.03147726,0.77116424,0.03733074
HAM_0007035,ISIC_0030332,nv,follow_up,55.0,male,lower extremity,data/raw/HAM10000_images_part_2/ISIC_0030332.jpg,test,5,5,nv,nv,0.80133945,True,nv → nv,0.02022056,0.025948076,0.016531883,0.04853461,0.0036434229,0.80133945,0.083781965
HAM_0000723,ISIC_0031364,nv,follow_up,35.0,female,upper extremity,data/raw/HAM10000_images_part_2/ISIC_0031364.jpg,test,5,5,nv,nv,0.7351583,True,nv → nv,0.035708196,0.033514887,0.018581295,0.065710366,0.08351899,0.7351583,0.027807953
HAM_0005521,ISIC_0031963,nv,follow_up,65.0,male,lower extremity,data/raw/HAM10000_images_part_2/ISIC_0031963.jpg,test,5,5,nv,nv,0.41567066,True,nv → nv,0.26520437,0.0659129,0.029980006,0.047816876,0.08870068,0.41567066,0.08671447
HAM_0003513,ISIC_0030743,nv,follow_up,60.0,male,upper extremity,data/raw/HAM10000_images_part_2/ISIC_0030743.jpg,test,5,5,nv,nv,0.5133847,True,nv → nv,0.10046961,0.07800208,0.13083264,0.052335054,0.07120121,0.5133847,0.053774733
HAM_0007095,ISIC_0030374,nv,follow_up,60.0,male,abdomen,data/raw/HAM10000_images_part_2/ISIC_0030374.jpg,test,5,5,nv,nv,0.8752913,True,nv → nv,0.010941203,0.0109950565,0.0065355124,0.07300542,0.0025799887,0.8752913,0.020651506
HAM_0005111,ISIC_0030911,nv,follow_up,40.0,female,trunk,data/raw/HAM10000_images_part_2/ISIC_0030911.jpg,test,5,5,nv,nv,0.73740965,True,nv → nv,0.032393362,0.04014087,0.030489564,0.048851915,0.06520503,0.73740965,0.045509573
HAM_0002289,ISIC_0032266,nv,follow_up,55.0,female,lower extremity,data/raw/HAM10000_images_part_2/ISIC_0032266.jpg,test,5,5,nv,nv,0.7950978,True,nv → nv,0.016012361,0.06439898,0.015723903,0.026980158,0.008520174,0.7950978,0.07326667
HAM_0002144,ISIC_0031682,nv,follow_up,35.0,female,abdomen,data/raw/HAM10000_images_part_2/ISIC_0031682.jpg,test,5,5,nv,nv,0.7346804,True,nv → nv,0.027394064,0.034115326,0.02257699,0.041990813,0.075384945,0.7346804,0.06385751
HAM_0005178,ISIC_0030285,nv,follow_up,45.0,female,foot,data/raw/HAM10000_images_part_2/ISIC_0030285.jpg,test,5,5,nv,nv,0.82482064,True,nv → nv,0.053527214,0.058211323,0.004496141,0.045448646,0.0013240381,0.82482064,0.012172017
HAM_0005097,ISIC_0031018,nv,follow_up,75.0,male,lower extremity,data/raw/HAM10000_images_part_2/ISIC_0031018.jpg,test,5,5,nv,nv,0.78317636,True,nv → nv,0.029655792,0.024072532,0.017524233,0.08494222,0.012839644,0.78317636,0.047789283
HAM_0005784,ISIC_0030679,nv,follow_up,65.0,female,trunk,data/raw/HAM10000_images_part_2/ISIC_0030679.jpg,test,5,5,nv,nv,0.90332437,True,nv → nv,0.010205589,0.008200167,0.0051231277,0.038036406,0.004106219,0.90332437,0.0310041
HAM_0000141,ISIC_0030477,nv,follow_up,35.0,female,lower extremity,data/raw/HAM10000_images_part_2/ISIC_0030477.jpg,test,5,5,nv,nv,0.87854046,True,nv → nv,0.0153202405,0.0067765634,0.013950209,0.028588424,0.026456833,0.87854046,0.030367387
HAM_0007544,ISIC_0031390,nv,follow_up,60.0,male,lower extremity,data/raw/HAM10000_images_part_2/ISIC_0031390.jpg,test,5,5,nv,nv,0.84452254,True,nv → nv,0.013258895,0.019820057,0.011797868,0.08949807,0.002140082,0.84452254,0.018962428
HAM_0002262,ISIC_0027307,nv,follow_up,50.0,female,abdomen,data/raw/HAM10000_images_part_1/ISIC_0027307.jpg,test,5,5,nv,nv,0.7777521,True,nv → nv,0.059759248,0.04286444,0.021413347,0.044288605,0.022545876,0.7777521,0.031376336
HAM_0003721,ISIC_0029490,nv,follow_up,50.0,female,lower extremity,data/raw/HAM10000_images_part_2/ISIC_0029490.jpg,test,5,5,nv,nv,0.8802169,True,nv → nv,0.017891929,0.011739868,0.0059145624,0.030815475,0.01807779,0.8802169,0.035343494
HAM_0003412,ISIC_0026241,nv,follow_up,50.0,female,back,data/raw/HAM10000_images_part_1/ISIC_0026241.jpg,test,5,5,nv,nv,0.8869816,True,nv → nv,0.01487185,0.018440863,0.00967858,0.019500721,0.010127581,0.8869816,0.040398784
HAM_0000474,ISIC_0030099,nv,follow_up,45.0,female,hand,data/raw/HAM10000_images_part_2/ISIC_0030099.jpg,test,5,5,nv,nv,0.8405458,True,nv → nv,0.032018986,0.01899282,0.008029578,0.04986072,0.028630875,0.8405458,0.021921284
HAM_0004629,ISIC_0027019,nv,follow_up,45.0,female,abdomen,data/raw/HAM10000_images_part_1/ISIC_0027019.jpg,test,5,5,nv,nv,0.8143917,True,nv → nv,0.012671271,0.011635966,0.009457407,0.026789904,0.049127687,0.8143917,0.075926155
HAM_0000023,ISIC_0026144,nv,follow_up,40.0,male,lower extremity,data/raw/HAM10000_images_part_1/ISIC_0026144.jpg,test,5,5,nv,nv,0.86572707,True,nv → nv,0.008638887,0.012666628,0.0053807297,0.028903225,0.002604267,0.86572707,0.07607921
HAM_0007201,ISIC_0026208,nv,follow_up,50.0,male,lower extremity,data/raw/HAM10000_images_part_1/ISIC_0026208.jpg,test,5,5,nv,nv,0.92186517,True,nv → nv,0.00893199,0.008993207,0.0013409988,0.033124126,0.0043378123,0.92186517,0.021406667
HAM_0004271,ISIC_0025474,nv,follow_up,55.0,female,trunk,data/raw/HAM10000_images_part_1/ISIC_0025474.jpg,test,5,5,nv,nv,0.8714241,True,nv → nv,0.03587073,0.015325534,0.0007516322,0.02334776,0.010286149,0.8714241,0.04299413
HAM_0007453,ISIC_0024510,nv,follow_up,55.0,female,lower extremity,data/raw/HAM10000_images_part_1/ISIC_0024510.jpg,test,5,5,nv,nv,0.8622424,True,nv → nv,0.023875246,0.008537482,0.0107428925,0.050511517,0.015973458,0.8622424,0.028117089
HAM_0003876,ISIC_0030481,nv,follow_up,55.0,female,lower extremity,data/raw/HAM10000_images_part_2/ISIC_0030481.jpg,test,5,5,nv,nv,0.7866471,True,nv → nv,0.015265906,0.011025878,0.007965895,0.024711866,0.01920494,0.7866471,0.13517845
HAM_0007608,ISIC_0028609,nv,follow_up,55.0,female,lower extremity,data/raw/HAM10000_images_part_1/ISIC_0028609.jpg,test,5,5,nv,nv,0.83805794,True,nv → nv,0.023911485,0.007621295,0.011514673,0.044982176,0.034220465,0.83805794,0.03969201
HAM_0001882,ISIC_0025866,nv,follow_up,55.0,female,trunk,data/raw/HAM10000_images_part_1/ISIC_0025866.jpg,test,5,5,nv,nv,0.8502962,True,nv → nv,0.018963482,0.016657889,0.021461232,0.0551485,0.0063996874,0.8502962,0.031072961
HAM_0003865,ISIC_0032188,nv,follow_up,55.0,male,abdomen,data/raw/HAM10000_images_part_2/ISIC_0032188.jpg,test,5,5,nv,nv,0.8443795,True,nv → nv,0.011255005,0.009848903,0.006793131,0.029938249,0.014794869,0.8443795,0.082990356
HAM_0004404,ISIC_0025822,nv,follow_up,55.0,male,neck,data/raw/HAM10000_images_part_1/ISIC_0025822.jpg,test,5,5,nv,nv,0.8283952,True,nv → nv,0.01752777,0.0095287245,0.005513803,0.010442625,0.09449594,0.8283952,0.034095895
HAM_0001438,ISIC_0030490,nv,follow_up,55.0,male,back,data/raw/HAM10000_images_part_2/ISIC_0030490.jpg,test,5,5,nv,nv,0.8583679,True,nv → nv,0.014288467,0.009711094,0.026109397,0.015468999,0.02222315,0.8583679,0.05383096
HAM_0006786,ISIC_0029436,nv,follow_up,50.0,female,lower extremity,data/raw/HAM10000_images_part_2/ISIC_0029436.jpg,test,5,5,nv,nv,0.787989,True,nv → nv,0.015431151,0.005944293,0.0023236421,0.07775609,0.07678554,0.787989,0.033770256
HAM_0005195,ISIC_0025929,nv,follow_up,50.0,female,lower extremity,data/raw/HAM10000_images_part_1/ISIC_0025929.jpg,test,5,5,nv,nv,0.8378033,True,nv → nv,0.022147566,0.010859711,0.009995818,0.021334643,0.04096857,0.8378033,0.056890443
HAM_0002418,ISIC_0030711,nv,follow_up,50.0,female,lower extremity,data/raw/HAM10000_images_part_2/ISIC_0030711.jpg,test,5,5,nv,nv,0.843934,True,nv → nv,0.015181086,0.016534794,0.0040186476,0.061315175,0.015195223,0.843934,0.043821026
HAM_0001700,ISIC_0030971,nv,follow_up,50.0,female,lower extremity,data/raw/HAM10000_images_part_2/ISIC_0030971.jpg,test,5,5,nv,nv,0.7484235,True,nv → nv,0.05020685,0.02066181,0.021518309,0.09794671,0.023814367,0.7484235,0.0374284
HAM_0001008,ISIC_0031898,nv,follow_up,50.0,female,back,data/raw/HAM10000_images_part_2/ISIC_0031898.jpg,test,5,5,nv,nv,0.88254684,True,nv → nv,0.028333142,0.011671848,0.0051590945,0.022594063,0.00854937,0.88254684,0.041145552
HAM_0000497,ISIC_0024563,nv,follow_up,50.0,female,lower extremity,data/raw/HAM10000_images_part_1/ISIC_0024563.jpg,test,5,5,nv,nv,0.88940626,True,nv → nv,0.02235954,0.012475331,0.005741206,0.028239042,0.018646372,0.88940626,0.023132168
HAM_0004015,ISIC_0027892,nv,follow_up,50.0,female,lower extremity,data/raw/HAM10000_images_part_1/ISIC_0027892.jpg,test,5,5,nv,nv,0.68003297,True,nv → nv,0.095806114,0.03199187,0.011255939,0.13715474,0.02146088,0.68003297,0.02229741
HAM_0002062,ISIC_0027400,nv,follow_up,45.0,female,trunk,data/raw/HAM10000_images_part_1/ISIC_0027400.jpg,test,5,5,nv,nv,0.8144677,True,nv → nv,0.025250824,0.013512078,0.011902337,0.02671497,0.05819262,0.8144677,0.04995941
HAM_0003022,ISIC_0025551,nv,follow_up,45.0,female,upper extremity,data/raw/HAM10000_images_part_1/ISIC_0025551.jpg,test,5,5,nv,nv,0.92181444,True,nv → nv,0.015584404,0.00799059,0.0012692094,0.029962886,0.0028673725,0.92181444,0.020511134
HAM_0005076,ISIC_0024404,nv,follow_up,45.0,female,lower extremity,data/raw/HAM10000_images_part_1/ISIC_0024404.jpg,test,5,5,nv,nv,0.92803484,True,nv → nv,0.007919531,0.008042608,0.003340441,0.0238173,0.00651314,0.92803484,0.022332177
HAM_0006850,ISIC_0030186,nv,follow_up,45.0,female,trunk,data/raw/HAM10000_images_part_2/ISIC_0030186.jpg,test,5,5,nv,nv,0.8729353,True,nv → nv,0.020504728,0.014316374,0.0059668035,0.043178093,0.012672603,0.8729353,0.030426027
HAM_0003199,ISIC_0027309,nv,follow_up,55.0,female,lower extremity,data/raw/HAM10000_images_part_1/ISIC_0027309.jpg,test,5,5,nv,nv,0.93614936,True,nv → nv,0.0069818683,0.008297914,0.0037784248,0.030016994,0.002817389,0.93614936,0.011958018
HAM_0003917,ISIC_0026814,nv,follow_up,65.0,female,back,data/raw/HAM10000_images_part_1/ISIC_0026814.jpg,test,5,5,nv,nv,0.80903625,True,nv → nv,0.026953159,0.01385234,0.033736713,0.03746622,0.026070863,0.80903625,0.052884478
HAM_0001584,ISIC_0029004,nv,follow_up,65.0,female,lower extremity,data/raw/HAM10000_images_part_1/ISIC_0029004.jpg,test,5,5,nv,nv,0.86642367,True,nv → nv,0.017265024,0.0090651205,0.007456335,0.03231371,0.02216309,0.86642367,0.045313146
HAM_0005031,ISIC_0025109,nv,follow_up,65.0,male,abdomen,data/raw/HAM10000_images_part_1/ISIC_0025109.jpg,test,5,5,nv,nv,0.5547668,True,nv → nv,0.005266269,0.036519893,0.010508497,0.029176373,0.0071685216,0.5547668,0.3565937
HAM_0002035,ISIC_0024989,nv,follow_up,45.0,female,upper extremity,data/raw/HAM10000_images_part_1/ISIC_0024989.jpg,test,5,5,nv,nv,0.83793885,True,nv → nv,0.0131739555,0.053027213,0.0025590076,0.074521214,0.006116951,0.83793885,0.012662837
HAM_0002784,ISIC_0027712,nv,follow_up,55.0,male,lower extremity,data/raw/HAM10000_images_part_1/ISIC_0027712.jpg,test,5,5,nv,nv,0.8845098,True,nv → nv,0.0065097553,0.0013696047,0.0017025438,0.08892097,0.005260822,0.8845098,0.011726458
HAM_0005170,ISIC_0026253,nv,follow_up,80.0,male,trunk,data/raw/HAM10000_images_part_1/ISIC_0026253.jpg,test,5,5,nv,nv,0.83868533,True,nv → nv,0.048904385,0.024027321,0.01039742,0.034635138,0.01868424,0.83868533,0.02466618
HAM_0000213,ISIC_0029167,nv,follow_up,60.0,female,upper extremity,data/raw/HAM10000_images_part_1/ISIC_0029167.jpg,test,5,5,nv,nv,0.8830188,True,nv → nv,0.017095964,0.0072432663,0.014597458,0.0293732,0.011018772,0.8830188,0.03765255
HAM_0004359,ISIC_0025087,nv,follow_up,50.0,female,neck,data/raw/HAM10000_images_part_1/ISIC_0025087.jpg,test,5,5,nv,nv,0.8734459,True,nv → nv,0.021396535,0.016346578,0.011251509,0.017554043,0.0066569657,0.8734459,0.053348344
HAM_0002239,ISIC_0028021,nv,follow_up,70.0,female,lower extremity,data/raw/HAM10000_images_part_1/ISIC_0028021.jpg,test,5,5,nv,nv,0.83968085,True,nv → nv,0.020122226,0.016252888,0.020044504,0.066753075,0.009133644,0.83968085,0.028012907
HAM_0002405,ISIC_0030380,nv,follow_up,80.0,male,upper extremity,data/raw/HAM10000_images_part_2/ISIC_0030380.jpg,test,5,5,nv,nv,0.827005,True,nv → nv,0.050882842,0.016529191,0.018758643,0.04795829,0.01459358,0.827005,0.024272466
HAM_0005080,ISIC_0027951,nv,follow_up,65.0,male,abdomen,data/raw/HAM10000_images_part_1/ISIC_0027951.jpg,test,5,5,nv,nv,0.8360746,True,nv → nv,0.023411795,0.010214957,0.008858187,0.031079886,0.03667794,0.8360746,0.053682603
HAM_0004247,ISIC_0031532,nv,follow_up,65.0,male,trunk,data/raw/HAM10000_images_part_2/ISIC_0031532.jpg,test,5,5,nv,nv,0.7775573,True,nv → nv,0.031678855,0.034049883,0.0041934387,0.0650054,0.03601534,0.7775573,0.051499803
HAM_0006874,ISIC_0025017,nv,follow_up,65.0,male,lower extremity,data/raw/HAM10000_images_part_1/ISIC_0025017.jpg,test,5,5,nv,nv,0.85231036,True,nv → nv,0.018132653,0.0050396156,0.013830999,0.025555955,0.039283402,0.85231036,0.045847118
HAM_0001558,ISIC_0025007,nv,follow_up,50.0,female,lower extremity,data/raw/HAM10000_images_part_1/ISIC_0025007.jpg,test,5,5,nv,nv,0.85132176,True,nv → nv,0.022803538,0.011447731,0.003919642,0.06968637,0.019896409,0.85132176,0.020924535
HAM_0000813,ISIC_0024395,nv,follow_up,60.0,female,lower extremity,data/raw/HAM10000_images_part_1/ISIC_0024395.jpg,test,5,5,nv,nv,0.85829675,True,nv → nv,0.013824895,0.017367452,0.0048792465,0.06899244,0.0069395015,0.85829675,0.029699722
HAM_0001636,ISIC_0030866,nv,follow_up,50.0,female,upper extremity,data/raw/HAM10000_images_part_2/ISIC_0030866.jpg,test,5,5,nv,nv,0.85590035,True,nv → nv,0.018156037,0.012215902,0.017797865,0.036568344,0.009832093,0.85590035,0.049529452
HAM_0000260,ISIC_0026436,nv,follow_up,75.0,male,trunk,data/raw/HAM10000_images_part_1/ISIC_0026436.jpg,test,5,5,nv,nv,0.63976693,True,nv → nv,0.069979,0.107553095,0.014260757,0.023114333,0.07874343,0.63976693,0.066582404
HAM_0007388,ISIC_0031693,nv,follow_up,75.0,male,trunk,data/raw/HAM10000_images_part_2/ISIC_0031693.jpg,test,5,5,nv,nv,0.8839407,True,nv → nv,0.010404267,0.034965247,0.0019358883,0.03178083,0.009698029,0.8839407,0.027274938
HAM_0000363,ISIC_0027617,nv,follow_up,60.0,male,abdomen,data/raw/HAM10000_images_part_1/ISIC_0027617.jpg,test,5,5,nv,nv,0.8766335,True,nv → nv,0.017209478,0.02050854,0.00769548,0.034692984,0.018517757,0.8766335,0.024742246
HAM_0005890,ISIC_0027653,nv,follow_up,60.0,male,abdomen,data/raw/HAM10000_images_part_1/ISIC_0027653.jpg,test,5,5,nv,nv,0.8925595,True,nv → nv,0.02068969,0.010628933,0.013104719,0.017316122,0.00701233,0.8925595,0.03868876
HAM_0006767,ISIC_0031033,nv,follow_up,60.0,male,back,data/raw/HAM10000_images_part_2/ISIC_0031033.jpg,test,5,5,nv,nv,0.85857594,True,nv → nv,0.028882748,0.020884277,0.00838242,0.023281552,0.031173881,0.85857594,0.028819127
HAM_0004647,ISIC_0025639,nv,follow_up,60.0,female,trunk,data/raw/HAM10000_images_part_1/ISIC_0025639.jpg,test,5,5,nv,nv,0.65274256,True,nv → nv,0.057927344,0.09721037,0.017027019,0.03460935,0.08780393,0.65274256,0.052679483
HAM_0004527,ISIC_0027638,nv,follow_up,55.0,female,trunk,data/raw/HAM10000_images_part_1/ISIC_0027638.jpg,test,5,5,nv,nv,0.826751,True,nv → nv,0.013672792,0.0122656375,0.003848243,0.06879828,0.0033646296,0.826751,0.07129945
HAM_0005306,ISIC_0027056,nv,follow_up,60.0,male,back,data/raw/HAM10000_images_part_1/ISIC_0027056.jpg,test,5,5,nv,nv,0.77001244,True,nv → nv,0.024712665,0.01086954,0.012285919,0.055978954,0.056785874,0.77001244,0.06935456
HAM_0002019,ISIC_0030402,nv,follow_up,60.0,male,back,data/raw/HAM10000_images_part_2/ISIC_0030402.jpg,test,5,5,nv,nv,0.8887002,True,nv → nv,0.01109329,0.006821973,0.0027344758,0.055802032,0.010324283,0.8887002,0.024523767
HAM_0003697,ISIC_0025438,nv,follow_up,40.0,male,back,data/raw/HAM10000_images_part_1/ISIC_0025438.jpg,test,5,5,nv,nv,0.7984329,True,nv → nv,0.022536216,0.019599004,0.028071245,0.09978217,0.0057539353,0.7984329,0.02582456
HAM_0005390,ISIC_0024574,nv,follow_up,40.0,female,lower extremity,data/raw/HAM10000_images_part_1/ISIC_0024574.jpg,test,5,5,nv,nv,0.86643535,True,nv → nv,0.01834415,0.016989896,0.012727694,0.054070182,0.0039947485,0.86643535,0.027437933
HAM_0002789,ISIC_0030578,nv,follow_up,50.0,male,back,data/raw/HAM10000_images_part_2/ISIC_0030578.jpg,test,5,5,nv,nv,0.809882,True,nv → nv,0.022952136,0.057300065,0.0058193696,0.08151668,0.0031843858,0.809882,0.019345336
HAM_0006307,ISIC_0024570,nv,follow_up,50.0,male,back,data/raw/HAM10000_images_part_1/ISIC_0024570.jpg,test,5,5,nv,nv,0.8655437,True,nv → nv,0.026163658,0.022756081,0.0032115097,0.03535846,0.012073596,0.8655437,0.034893025
HAM_0007624,ISIC_0026322,nv,follow_up,60.0,male,trunk,data/raw/HAM10000_images_part_1/ISIC_0026322.jpg,test,5,4,nv,mel,0.3618528,False,nv → mel,0.18380958,0.029203923,0.08447147,0.026854107,0.3618528,0.27241278,0.041395303
HAM_0003390,ISIC_0024859,nv,follow_up,50.0,male,trunk,data/raw/HAM10000_images_part_1/ISIC_0024859.jpg,test,5,5,nv,nv,0.8130755,True,nv → nv,0.02062985,0.0191527,0.001954441,0.03890399,0.013044669,0.8130755,0.0932389
HAM_0005445,ISIC_0027695,nv,follow_up,40.0,female,trunk,data/raw/HAM10000_images_part_1/ISIC_0027695.jpg,test,5,5,nv,nv,0.8420163,True,nv → nv,0.015176542,0.015534717,0.014328056,0.043027807,0.024081921,0.8420163,0.04583466
HAM_0000829,ISIC_0029440,nv,follow_up,60.0,male,lower extremity,data/raw/HAM10000_images_part_2/ISIC_0029440.jpg,test,5,5,nv,nv,0.7963141,True,nv → nv,0.011745886,0.056395117,0.009109791,0.038746223,0.022926645,0.7963141,0.06476217
HAM_0007490,ISIC_0025968,nv,follow_up,60.0,male,lower extremity,data/raw/HAM10000_images_part_1/ISIC_0025968.jpg,test,5,5,nv,nv,0.88184667,True,nv → nv,0.0071902224,0.0069736824,0.011859862,0.0540076,0.0039464054,0.88184667,0.034175627
HAM_0000514,ISIC_0028934,nv,follow_up,80.0,male,trunk,data/raw/HAM10000_images_part_1/ISIC_0028934.jpg,test,5,5,nv,nv,0.4737819,True,nv → nv,0.011764239,0.025792057,0.0090860035,0.029274503,0.0046068113,0.4737819,0.44569442
HAM_0000489,ISIC_0024960,nv,follow_up,80.0,male,trunk,data/raw/HAM10000_images_part_1/ISIC_0024960.jpg,test,5,5,nv,nv,0.855153,True,nv → nv,0.042794783,0.01337845,0.01668393,0.03337863,0.0131060695,0.855153,0.025505135
HAM_0007351,ISIC_0032183,nv,follow_up,35.0,male,back,data/raw/HAM10000_images_part_2/ISIC_0032183.jpg,test,5,5,nv,nv,0.9171851,True,nv → nv,0.011135401,0.0072092223,0.0031415655,0.038225934,0.007182569,0.9171851,0.015920278
HAM_0003511,ISIC_0024321,nv,follow_up,35.0,male,lower extremity,data/raw/HAM10000_images_part_1/ISIC_0024321.jpg,test,5,5,nv,nv,0.8742233,True,nv → nv,0.005273832,0.02134431,0.011977019,0.04801302,0.0039186003,0.8742233,0.035249818
HAM_0004602,ISIC_0031240,nv,follow_up,55.0,female,trunk,data/raw/HAM10000_images_part_2/ISIC_0031240.jpg,test,5,5,nv,nv,0.84164536,True,nv → nv,0.023067797,0.019090492,0.017771294,0.042653374,0.02018956,0.84164536,0.035582136
HAM_0005128,ISIC_0025549,nv,follow_up,55.0,female,back,data/raw/HAM10000_images_part_1/ISIC_0025549.jpg,test,5,5,nv,nv,0.831734,True,nv → nv,0.026555847,0.02247263,0.016663592,0.032237865,0.014733278,0.831734,0.05560281
HAM_0005589,ISIC_0026224,nv,follow_up,45.0,male,foot,data/raw/HAM10000_images_part_1/ISIC_0026224.jpg,test,5,5,nv,nv,0.91082084,True,nv → nv,0.020592114,0.020123364,0.004117,0.024927957,0.0029028798,0.91082084,0.016515877
HAM_0006839,ISIC_0028683,nv,follow_up,50.0,female,trunk,data/raw/HAM10000_images_part_1/ISIC_0028683.jpg,test,5,5,nv,nv,0.8173014,True,nv → nv,0.039964102,0.052787602,0.015216206,0.045725968,0.009507462,0.8173014,0.01949731
HAM_0004938,ISIC_0027214,nv,follow_up,50.0,female,trunk,data/raw/HAM10000_images_part_1/ISIC_0027214.jpg,test,5,5,nv,nv,0.82322705,True,nv → nv,0.024908202,0.032266654,0.01015465,0.040851925,0.01924104,0.82322705,0.049350478
HAM_0002820,ISIC_0028422,nv,follow_up,35.0,male,back,data/raw/HAM10000_images_part_1/ISIC_0028422.jpg,test,5,5,nv,nv,0.93445885,True,nv → nv,0.0057577305,0.004395889,0.002043908,0.013119096,0.013632285,0.93445885,0.026592318
HAM_0002389,ISIC_0026701,nv,follow_up,50.0,male,trunk,data/raw/HAM10000_images_part_1/ISIC_0026701.jpg,test,5,5,nv,nv,0.88290244,True,nv → nv,0.0062195817,0.010212222,0.01024681,0.028891025,0.007160504,0.88290244,0.054367393
HAM_0005069,ISIC_0028301,nv,follow_up,60.0,female,lower extremity,data/raw/HAM10000_images_part_1/ISIC_0028301.jpg,test,5,5,nv,nv,0.8425427,True,nv → nv,0.028238788,0.013148795,0.016335296,0.03741994,0.025014738,0.8425427,0.037299745
HAM_0004723,ISIC_0032413,nv,follow_up,60.0,female,genital,data/raw/HAM10000_images_part_2/ISIC_0032413.jpg,test,5,5,nv,nv,0.87439233,True,nv → nv,0.017145883,0.016298693,0.0025127835,0.044732872,0.012514184,0.87439233,0.032403234
HAM_0004236,ISIC_0032180,nv,follow_up,55.0,female,back,data/raw/HAM10000_images_part_2/ISIC_0032180.jpg,test,5,5,nv,nv,0.8025141,True,nv → nv,0.04216329,0.033946365,0.018300049,0.04844897,0.01701562,0.8025141,0.037611622
HAM_0005491,ISIC_0032083,nv,follow_up,55.0,female,trunk,data/raw/HAM10000_images_part_2/ISIC_0032083.jpg,test,5,5,nv,nv,0.8516167,True,nv → nv,0.026086098,0.015480557,0.005128327,0.03229803,0.021115,0.8516167,0.04827528
HAM_0001441,ISIC_0024660,nv,follow_up,55.0,female,lower extremity,data/raw/HAM10000_images_part_1/ISIC_0024660.jpg,test,5,5,nv,nv,0.9246639,True,nv → nv,0.0063979235,0.011269928,0.002549812,0.018672917,0.0021221924,0.9246639,0.03432345
HAM_0000784,ISIC_0030989,nv,follow_up,50.0,female,lower extremity,data/raw/HAM10000_images_part_2/ISIC_0030989.jpg,test,5,5,nv,nv,0.89418787,True,nv → nv,0.026376346,0.016529158,0.0022602917,0.03828545,0.00853229,0.89418787,0.013828599
HAM_0003432,ISIC_0027962,nv,follow_up,50.0,female,upper extremity,data/raw/HAM10000_images_part_1/ISIC_0027962.jpg,test,5,5,nv,nv,0.86352116,True,nv → nv,0.02565914,0.028730901,0.0042710514,0.032216016,0.021599932,0.86352116,0.024001881
HAM_0006361,ISIC_0030196,nv,follow_up,50.0,female,lower extremity,data/raw/HAM10000_images_part_2/ISIC_0030196.jpg,test,5,5,nv,nv,0.9162728,True,nv → nv,0.012027013,0.0045770467,0.0021764382,0.029342506,0.005738013,0.9162728,0.029866155
HAM_0005177,ISIC_0029423,nv,follow_up,40.0,female,lower extremity,data/raw/HAM10000_images_part_2/ISIC_0029423.jpg,test,5,5,nv,nv,0.90259063,True,nv → nv,0.013823009,0.00640558,0.010797939,0.03221701,0.012500159,0.90259063,0.021665629
HAM_0000997,ISIC_0030385,nv,follow_up,75.0,female,trunk,data/raw/HAM10000_images_part_2/ISIC_0030385.jpg,test,5,5,nv,nv,0.8334498,True,nv → nv,0.04654378,0.013817349,0.020651503,0.03550089,0.01951131,0.8334498,0.030525286
HAM_0003612,ISIC_0024456,nv,follow_up,75.0,female,back,data/raw/HAM10000_images_part_1/ISIC_0024456.jpg,test,5,5,nv,nv,0.842989,True,nv → nv,0.02135183,0.008645096,0.013792575,0.055198073,0.0183732,0.842989,0.039650273
HAM_0000839,ISIC_0032049,nv,follow_up,55.0,female,trunk,data/raw/HAM10000_images_part_2/ISIC_0032049.jpg,test,5,5,nv,nv,0.8427004,True,nv → nv,0.020946356,0.015000797,0.026630286,0.027391242,0.024217334,0.8427004,0.04311362
HAM_0001281,ISIC_0027048,nv,follow_up,55.0,female,lower extremity,data/raw/HAM10000_images_part_1/ISIC_0027048.jpg,test,5,5,nv,nv,0.8487469,True,nv → nv,0.01267093,0.016531201,0.0032565019,0.05355148,0.027583167,0.8487469,0.037659787
HAM_0001653,ISIC_0027895,nv,follow_up,55.0,female,lower extremity,data/raw/HAM10000_images_part_1/ISIC_0027895.jpg,test,5,5,nv,nv,0.76258284,True,nv → nv,0.008722784,0.017502535,0.0046436847,0.105479434,0.009616691,0.76258284,0.09145201
HAM_0000550,ISIC_0024306,nv,follow_up,45.0,male,trunk,data/raw/HAM10000_images_part_1/ISIC_0024306.jpg,test,5,5,nv,nv,0.9247694,True,nv → nv,0.010784704,0.009058022,0.0028647499,0.03205044,0.0047483933,0.9247694,0.0157244
HAM_0003467,ISIC_0031089,nv,follow_up,30.0,male,trunk,data/raw/HAM10000_images_part_2/ISIC_0031089.jpg,test,5,5,nv,nv,0.87020236,True,nv → nv,0.01809517,0.007897669,0.01522938,0.02131875,0.020078123,0.87020236,0.04717859
HAM_0002328,ISIC_0026896,nv,follow_up,40.0,female,back,data/raw/HAM10000_images_part_1/ISIC_0026896.jpg,test,5,5,nv,nv,0.76981825,True,nv → nv,0.052577533,0.025135593,0.027691092,0.057615027,0.028089628,0.76981825,0.03907291
HAM_0006278,ISIC_0031141,nv,follow_up,40.0,female,lower extremity,data/raw/HAM10000_images_part_2/ISIC_0031141.jpg,test,5,5,nv,nv,0.86796004,True,nv → nv,0.0153514175,0.0048416574,0.009276826,0.03136498,0.029739292,0.86796004,0.041465823
HAM_0003733,ISIC_0025448,nv,follow_up,40.0,female,lower extremity,data/raw/HAM10000_images_part_1/ISIC_0025448.jpg,test,5,5,nv,nv,0.834698,True,nv → nv,0.022043267,0.009578872,0.013377277,0.049377862,0.015115718,0.834698,0.055808973
HAM_0000969,ISIC_0028071,nv,follow_up,40.0,female,lower extremity,data/raw/HAM10000_images_part_1/ISIC_0028071.jpg,test,5,5,nv,nv,0.84064186,True,nv → nv,0.012288562,0.022287477,0.006460628,0.04094885,0.0152988555,0.84064186,0.062073715
HAM_0002219,ISIC_0031679,nv,follow_up,55.0,female,trunk,data/raw/HAM10000_images_part_2/ISIC_0031679.jpg,test,5,5,nv,nv,0.8820247,True,nv → nv,0.020772517,0.016111873,0.0101521285,0.027999619,0.013026997,0.8820247,0.029912071
HAM_0007593,ISIC_0031854,nv,follow_up,60.0,female,abdomen,data/raw/HAM10000_images_part_2/ISIC_0031854.jpg,test,5,5,nv,nv,0.88447917,True,nv → nv,0.02259865,0.006425781,0.013246403,0.055706445,0.002720642,0.88447917,0.014822921
HAM_0005827,ISIC_0026119,nv,follow_up,60.0,female,abdomen,data/raw/HAM10000_images_part_1/ISIC_0026119.jpg,test,5,5,nv,nv,0.8781599,True,nv → nv,0.020031793,0.016392801,0.006598097,0.02244806,0.009032908,0.8781599,0.047336455
HAM_0000962,ISIC_0028674,nv,follow_up,60.0,female,lower extremity,data/raw/HAM10000_images_part_1/ISIC_0028674.jpg,test,5,5,nv,nv,0.8704892,True,nv → nv,0.012509374,0.013926622,0.02826741,0.024350097,0.016048504,0.8704892,0.034408793
HAM_0002831,ISIC_0026977,nv,follow_up,45.0,male,lower extremity,data/raw/HAM10000_images_part_1/ISIC_0026977.jpg,test,5,5,nv,nv,0.8696217,True,nv → nv,0.011946333,0.02861662,0.0025580511,0.029893817,0.016101731,0.8696217,0.041261707
HAM_0004394,ISIC_0025060,nv,follow_up,50.0,male,trunk,data/raw/HAM10000_images_part_1/ISIC_0025060.jpg,test,5,5,nv,nv,0.86292064,True,nv → nv,0.02191493,0.016810197,0.003964898,0.021184161,0.024574192,0.86292064,0.048630945
HAM_0001251,ISIC_0026972,nv,follow_up,45.0,male,lower extremity,data/raw/HAM10000_images_part_1/ISIC_0026972.jpg,test,5,5,nv,nv,0.8124046,True,nv → nv,0.03177334,0.023852509,0.017081799,0.046480704,0.02096814,0.8124046,0.04743893
HAM_0007386,ISIC_0024568,nv,follow_up,40.0,male,lower extremity,data/raw/HAM10000_images_part_1/ISIC_0024568.jpg,test,5,5,nv,nv,0.8811917,True,nv → nv,0.014601624,0.004886183,0.008918054,0.02698275,0.02401433,0.8811917,0.039405342
HAM_0000739,ISIC_0025561,nv,follow_up,40.0,male,trunk,data/raw/HAM10000_images_part_1/ISIC_0025561.jpg,test,5,5,nv,nv,0.6422414,True,nv → nv,0.026568832,0.24158293,0.00293628,0.03985781,0.009326906,0.6422414,0.03748585
HAM_0005070,ISIC_0030863,nv,follow_up,55.0,female,trunk,data/raw/HAM10000_images_part_2/ISIC_0030863.jpg,test,5,5,nv,nv,0.85691357,True,nv → nv,0.020795498,0.018426202,0.0046863947,0.062555395,0.0066422634,0.85691357,0.029980658
HAM_0003481,ISIC_0029050,nv,follow_up,35.0,female,back,data/raw/HAM10000_images_part_1/ISIC_0029050.jpg,test,5,5,nv,nv,0.85540766,True,nv → nv,0.029882476,0.024492862,0.008331314,0.019501513,0.025265602,0.85540766,0.037118636
HAM_0003988,ISIC_0024427,nv,follow_up,65.0,male,abdomen,data/raw/HAM10000_images_part_1/ISIC_0024427.jpg,test,5,5,nv,nv,0.8046231,True,nv → nv,0.03513488,0.031348493,0.025724461,0.07161753,0.007179472,0.8046231,0.02437202
HAM_0003701,ISIC_0027191,nv,follow_up,45.0,female,lower extremity,data/raw/HAM10000_images_part_1/ISIC_0027191.jpg,test,5,5,nv,nv,0.84779865,True,nv → nv,0.0061139725,0.0033001695,0.0014072399,0.08932305,0.0026736613,0.84779865,0.049383346
HAM_0002339,ISIC_0026597,nv,follow_up,75.0,female,trunk,data/raw/HAM10000_images_part_1/ISIC_0026597.jpg,test,5,5,nv,nv,0.88832563,True,nv → nv,0.0115444735,0.028618114,0.0044898526,0.020985223,0.00877141,0.88832563,0.037265334
HAM_0006441,ISIC_0029016,nv,follow_up,40.0,female,lower extremity,data/raw/HAM10000_images_part_1/ISIC_0029016.jpg,test,5,5,nv,nv,0.8315272,True,nv → nv,0.015693342,0.006362772,0.012400251,0.033589598,0.044857748,0.8315272,0.05556919
HAM_0006119,ISIC_0029944,nv,follow_up,40.0,female,upper extremity,data/raw/HAM10000_images_part_2/ISIC_0029944.jpg,test,5,5,nv,nv,0.875054,True,nv → nv,0.021716837,0.019552689,0.009012707,0.028539194,0.011736874,0.875054,0.03438769
HAM_0000522,ISIC_0024826,nv,follow_up,40.0,female,upper extremity,data/raw/HAM10000_images_part_1/ISIC_0024826.jpg,test,5,5,nv,nv,0.86739415,True,nv → nv,0.019198183,0.015209252,0.016715407,0.034598265,0.019767882,0.86739415,0.02711685
HAM_0000491,ISIC_0028207,nv,follow_up,45.0,male,trunk,data/raw/HAM10000_images_part_1/ISIC_0028207.jpg,test,5,5,nv,nv,0.59601533,True,nv → nv,0.030132918,0.04131978,0.0056389086,0.03156054,0.048053738,0.59601533,0.24727884
HAM_0006620,ISIC_0029378,nv,follow_up,45.0,female,upper extremity,data/raw/HAM10000_images_part_2/ISIC_0029378.jpg,test,5,5,nv,nv,0.8188806,True,nv → nv,0.02191743,0.014383209,0.045815546,0.02708697,0.026429975,0.8188806,0.045486305
HAM_0003226,ISIC_0029225,nv,follow_up,55.0,male,trunk,data/raw/HAM10000_images_part_1/ISIC_0029225.jpg,test,5,5,nv,nv,0.82523835,True,nv → nv,0.017095111,0.015434165,0.015292618,0.056695953,0.0033428033,0.82523835,0.066901065
HAM_0002524,ISIC_0026184,nv,follow_up,55.0,male,trunk,data/raw/HAM10000_images_part_1/ISIC_0026184.jpg,test,5,5,nv,nv,0.9307582,True,nv → nv,0.0026642797,0.0072879014,0.0016883863,0.013362994,0.0004226496,0.9307582,0.043815624
HAM_0002279,ISIC_0031427,nv,follow_up,45.0,female,lower extremity,data/raw/HAM10000_images_part_2/ISIC_0031427.jpg,test,5,5,nv,nv,0.852428,True,nv → nv,0.010285014,0.029930566,0.0030623996,0.0942669,0.0013052431,0.852428,0.008721797
HAM_0002636,ISIC_0031782,nv,follow_up,45.0,female,trunk,data/raw/HAM10000_images_part_2/ISIC_0031782.jpg,test,5,5,nv,nv,0.77235657,True,nv → nv,0.035117544,0.028659495,0.027355857,0.052116334,0.041141085,0.77235657,0.043253113
HAM_0001476,ISIC_0025343,nv,follow_up,35.0,male,lower extremity,data/raw/HAM10000_images_part_1/ISIC_0025343.jpg,test,5,5,nv,nv,0.84162825,True,nv → nv,0.024265513,0.012053904,0.019719677,0.060343374,0.015669443,0.84162825,0.026319839
HAM_0006087,ISIC_0032094,nv,follow_up,45.0,male,back,data/raw/HAM10000_images_part_2/ISIC_0032094.jpg,test,5,5,nv,nv,0.8547482,True,nv → nv,0.009962778,0.016897894,0.02194302,0.031204002,0.013672651,0.8547482,0.051571477
HAM_0002133,ISIC_0027885,nv,follow_up,35.0,female,lower extremity,data/raw/HAM10000_images_part_1/ISIC_0027885.jpg,test,5,5,nv,nv,0.90035003,True,nv → nv,0.013389242,0.011290167,0.0037852018,0.032755286,0.008036089,0.90035003,0.030393986
HAM_0003553,ISIC_0026469,nv,follow_up,45.0,female,abdomen,data/raw/HAM10000_images_part_1/ISIC_0026469.jpg,test,5,5,nv,nv,0.90985554,True,nv → nv,0.020443767,0.01730853,0.0030166905,0.014229793,0.010732164,0.90985554,0.02441356
HAM_0006259,ISIC_0027785,nv,follow_up,45.0,female,foot,data/raw/HAM10000_images_part_1/ISIC_0027785.jpg,test,5,5,nv,nv,0.8677448,True,nv → nv,0.01778943,0.006485233,0.018022513,0.023716053,0.01883539,0.8677448,0.047406554
HAM_0007371,ISIC_0026002,nv,follow_up,60.0,female,trunk,data/raw/HAM10000_images_part_1/ISIC_0026002.jpg,test,5,5,nv,nv,0.721482,True,nv → nv,0.0390227,0.02743691,0.019498032,0.058342062,0.071327895,0.721482,0.06289044
HAM_0001942,ISIC_0027476,nv,follow_up,60.0,male,lower extremity,data/raw/HAM10000_images_part_1/ISIC_0027476.jpg,test,5,5,nv,nv,0.88228196,True,nv → nv,0.0077848635,0.013933472,0.0030765529,0.025726391,0.008458726,0.88228196,0.058738116
HAM_0002155,ISIC_0027696,nv,follow_up,40.0,female,back,data/raw/HAM10000_images_part_1/ISIC_0027696.jpg,test,5,5,nv,nv,0.887498,True,nv → nv,0.008713084,0.012530191,0.002208424,0.038360804,0.011370449,0.887498,0.039319064
HAM_0000450,ISIC_0025059,nv,follow_up,40.0,female,lower extremity,data/raw/HAM10000_images_part_1/ISIC_0025059.jpg,test,5,5,nv,nv,0.87760174,True,nv → nv,0.011907925,0.007843648,0.0020924956,0.07504521,0.005086464,0.87760174,0.020422567
HAM_0005344,ISIC_0029383,nv,follow_up,45.0,male,upper extremity,data/raw/HAM10000_images_part_2/ISIC_0029383.jpg,test,5,5,nv,nv,0.9096889,True,nv → nv,0.007941419,0.023675969,0.005418755,0.012544436,0.0246507,0.9096889,0.016079733
HAM_0006133,ISIC_0024755,nv,follow_up,45.0,male,lower extremity,data/raw/HAM10000_images_part_1/ISIC_0024755.jpg,test,5,5,nv,nv,0.89513576,True,nv → nv,0.007468804,0.014295465,0.0088692205,0.03524087,0.0033407526,0.89513576,0.035649132
HAM_0006446,ISIC_0025591,nv,follow_up,60.0,male,trunk,data/raw/HAM10000_images_part_1/ISIC_0025591.jpg,test,5,5,nv,nv,0.86650205,True,nv → nv,0.02323957,0.026119255,0.0077341152,0.043642227,0.011803614,0.86650205,0.020959172
HAM_0004465,ISIC_0024500,nv,follow_up,45.0,male,abdomen,data/raw/HAM10000_images_part_1/ISIC_0024500.jpg,test,5,5,nv,nv,0.9373037,True,nv → nv,0.007544314,0.0031356765,0.0039486596,0.019993428,0.0046391133,0.9373037,0.023435006
HAM_0005965,ISIC_0029858,nv,follow_up,40.0,female,abdomen,data/raw/HAM10000_images_part_2/ISIC_0029858.jpg,test,5,5,nv,nv,0.7651401,True,nv → nv,0.042351924,0.023384364,0.009220892,0.029065387,0.032557994,0.7651401,0.09827934
HAM_0004987,ISIC_0027132,nv,follow_up,70.0,male,back,data/raw/HAM10000_images_part_1/ISIC_0027132.jpg,test,5,5,nv,nv,0.86980987,True,nv → nv,0.011783474,0.0082316445,0.010426013,0.022530988,0.006645775,0.86980987,0.07057221
HAM_0007154,ISIC_0024719,nv,follow_up,70.0,male,upper extremity,data/raw/HAM10000_images_part_1/ISIC_0024719.jpg,test,5,5,nv,nv,0.87178254,True,nv → nv,0.029732503,0.016219553,0.008430746,0.03861182,0.017683594,0.87178254,0.017539237
HAM_0002608,ISIC_0026484,nv,follow_up,40.0,female,foot,data/raw/HAM10000_images_part_1/ISIC_0026484.jpg,test,5,5,nv,nv,0.77850586,True,nv → nv,0.04082348,0.03290261,0.0054624435,0.055754904,0.060198773,0.77850586,0.026351932
HAM_0006534,ISIC_0028778,nv,follow_up,55.0,female,lower extremity,data/raw/HAM10000_images_part_1/ISIC_0028778.jpg,test,5,5,nv,nv,0.8851588,True,nv → nv,0.027304627,0.0076122866,0.004968512,0.035194058,0.014971196,0.8851588,0.024790568
HAM_0007215,ISIC_0030294,nv,follow_up,40.0,female,back,data/raw/HAM10000_images_part_2/ISIC_0030294.jpg,test,5,5,nv,nv,0.84285235,True,nv → nv,0.030038858,0.015224578,0.014522136,0.049596846,0.019019116,0.84285235,0.028746085
HAM_0004994,ISIC_0028839,nv,follow_up,40.0,female,abdomen,data/raw/HAM10000_images_part_1/ISIC_0028839.jpg,test,5,5,nv,nv,0.8730748,True,nv → nv,0.02773317,0.018731378,0.0068337987,0.026523847,0.010649844,0.8730748,0.036453113
HAM_0006336,ISIC_0032117,nv,follow_up,55.0,female,abdomen,data/raw/HAM10000_images_part_2/ISIC_0032117.jpg,test,5,5,nv,nv,0.87479377,True,nv → nv,0.016894627,0.01146709,0.005999914,0.04935969,0.00441985,0.87479377,0.037065074
HAM_0000166,ISIC_0028954,nv,follow_up,55.0,female,lower extremity,data/raw/HAM10000_images_part_1/ISIC_0028954.jpg,test,5,5,nv,nv,0.853803,True,nv → nv,0.017891,0.009841876,0.013873076,0.025592918,0.03599976,0.853803,0.042998392
HAM_0005771,ISIC_0030799,nv,follow_up,50.0,female,trunk,data/raw/HAM10000_images_part_2/ISIC_0030799.jpg,test,5,5,nv,nv,0.803563,True,nv → nv,0.012595285,0.0046486524,0.02978685,0.01871333,0.061316337,0.803563,0.06937651
HAM_0002420,ISIC_0028796,nv,follow_up,35.0,female,back,data/raw/HAM10000_images_part_1/ISIC_0028796.jpg,test,5,5,nv,nv,0.88251734,True,nv → nv,0.018205041,0.010113909,0.012268874,0.032308474,0.008247567,0.88251734,0.03633877
HAM_0007582,ISIC_0027092,nv,follow_up,50.0,male,lower extremity,data/raw/HAM10000_images_part_1/ISIC_0027092.jpg,test,5,5,nv,nv,0.88812065,True,nv → nv,0.013513967,0.0058308924,0.008038493,0.03221381,0.025155233,0.88812065,0.02712685
HAM_0005945,ISIC_0032053,nv,follow_up,50.0,male,lower extremity,data/raw/HAM10000_images_part_2/ISIC_0032053.jpg,test,5,5,nv,nv,0.84592086,True,nv → nv,0.026887821,0.009840987,0.0108876,0.05863413,0.01723011,0.84592086,0.03059846
HAM_0002362,ISIC_0025307,nv,follow_up,40.0,male,back,data/raw/HAM10000_images_part_1/ISIC_0025307.jpg,test,5,5,nv,nv,0.8732253,True,nv → nv,0.04514171,0.016169801,0.006504445,0.018515846,0.0122003015,0.8732253,0.028242644
HAM_0005622,ISIC_0030213,nv,follow_up,45.0,male,lower extremity,data/raw/HAM10000_images_part_2/ISIC_0030213.jpg,test,5,5,nv,nv,0.8477885,True,nv → nv,0.025093965,0.024054205,0.0061463425,0.018286299,0.0060614226,0.8477885,0.07256919
HAM_0001718,ISIC_0026357,nv,follow_up,50.0,male,abdomen,data/raw/HAM10000_images_part_1/ISIC_0026357.jpg,test,5,5,nv,nv,0.7571638,True,nv → nv,0.011739563,0.036611624,0.004298759,0.049037013,0.0009076763,0.7571638,0.1402415
HAM_0003849,ISIC_0027185,nv,follow_up,50.0,male,abdomen,data/raw/HAM10000_images_part_1/ISIC_0027185.jpg,test,5,5,nv,nv,0.8598172,True,nv → nv,0.014373618,0.009772747,0.020238595,0.033977043,0.016185462,0.8598172,0.04563542
HAM_0002458,ISIC_0026155,nv,follow_up,50.0,male,lower extremity,data/raw/HAM10000_images_part_1/ISIC_0026155.jpg,test,5,5,nv,nv,0.87081176,True,nv → nv,0.00998669,0.010130853,0.012423672,0.017795898,0.0128043145,0.87081176,0.066046864
HAM_0002700,ISIC_0025011,nv,follow_up,55.0,female,trunk,data/raw/HAM10000_images_part_1/ISIC_0025011.jpg,test,5,5,nv,nv,0.8753666,True,nv → nv,0.01569026,0.011731285,0.014228019,0.052277245,0.007074036,0.8753666,0.023632482
HAM_0005904,ISIC_0024956,nv,follow_up,60.0,male,trunk,data/raw/HAM10000_images_part_1/ISIC_0024956.jpg,test,5,5,nv,nv,0.70473784,True,nv → nv,0.04953963,0.032736164,0.017612776,0.03585483,0.016144805,0.70473784,0.14337394
HAM_0007092,ISIC_0031370,nv,follow_up,50.0,male,upper extremity,data/raw/HAM10000_images_part_2/ISIC_0031370.jpg,test,5,5,nv,nv,0.8620335,True,nv → nv,0.0264336,0.018575108,0.00860646,0.041200265,0.0105085885,0.8620335,0.03264251
HAM_0002767,ISIC_0031914,nv,follow_up,55.0,male,upper extremity,data/raw/HAM10000_images_part_2/ISIC_0031914.jpg,test,5,5,nv,nv,0.8926913,True,nv → nv,0.015788458,0.016031805,0.010488293,0.03217569,0.007507041,0.8926913,0.02531739
HAM_0004415,ISIC_0024532,nv,follow_up,40.0,male,abdomen,data/raw/HAM10000_images_part_1/ISIC_0024532.jpg,test,5,5,nv,nv,0.81609493,True,nv → nv,0.017114082,0.014267385,0.024019428,0.08227979,0.0031876976,0.81609493,0.04303666
HAM_0002101,ISIC_0029398,nv,follow_up,35.0,female,upper extremity,data/raw/HAM10000_images_part_2/ISIC_0029398.jpg,test,5,5,nv,nv,0.89233744,True,nv → nv,0.014159686,0.02483359,0.0043079318,0.026242392,0.0023723661,0.89233744,0.03574661
HAM_0002213,ISIC_0030222,nv,follow_up,55.0,female,lower extremity,data/raw/HAM10000_images_part_2/ISIC_0030222.jpg,test,5,5,nv,nv,0.8791014,True,nv → nv,0.011982551,0.01518733,0.007892229,0.03266149,0.019020801,0.8791014,0.03415415
HAM_0006690,ISIC_0028942,nv,follow_up,55.0,female,unknown,data/raw/HAM10000_images_part_1/ISIC_0028942.jpg,test,5,5,nv,nv,0.9027097,True,nv → nv,0.014360342,0.0058241785,0.0066054044,0.026766868,0.00863709,0.9027097,0.03509633
HAM_0005516,ISIC_0028748,nv,follow_up,50.0,male,abdomen,data/raw/HAM10000_images_part_1/ISIC_0028748.jpg,test,5,5,nv,nv,0.8071244,True,nv → nv,0.028662538,0.02260936,0.0023543278,0.031765934,0.028778322,0.8071244,0.07870516
HAM_0007055,ISIC_0031235,nv,follow_up,55.0,female,upper extremity,data/raw/HAM10000_images_part_2/ISIC_0031235.jpg,test,5,5,nv,nv,0.881461,True,nv → nv,0.020130344,0.02169878,0.009785393,0.038067177,0.011088055,0.881461,0.017769232
HAM_0005528,ISIC_0028391,nv,follow_up,55.0,female,lower extremity,data/raw/HAM10000_images_part_1/ISIC_0028391.jpg,test,5,5,nv,nv,0.8937184,True,nv → nv,0.0102280555,0.04517258,0.0025371597,0.023230232,0.008260087,0.8937184,0.016853493
HAM_0006952,ISIC_0027543,nv,follow_up,50.0,female,upper extremity,data/raw/HAM10000_images_part_1/ISIC_0027543.jpg,test,5,5,nv,nv,0.9090281,True,nv → nv,0.01020682,0.016129065,0.0019006116,0.041215673,0.0038408441,0.9090281,0.0176788
HAM_0003624,ISIC_0025608,nv,follow_up,50.0,female,trunk,data/raw/HAM10000_images_part_1/ISIC_0025608.jpg,test,5,5,nv,nv,0.88609743,True,nv → nv,0.0152276065,0.008317822,0.0047828546,0.027629089,0.007797582,0.88609743,0.05014759
HAM_0003347,ISIC_0032416,nv,follow_up,55.0,female,lower extremity,data/raw/HAM10000_images_part_2/ISIC_0032416.jpg,test,5,5,nv,nv,0.7686357,True,nv → nv,0.016247047,0.029771267,0.017837452,0.09660339,0.009402086,0.7686357,0.061503094
HAM_0002157,ISIC_0030763,nv,follow_up,30.0,female,trunk,data/raw/HAM10000_images_part_2/ISIC_0030763.jpg,test,5,5,nv,nv,0.70187014,True,nv → nv,0.01999686,0.032910746,0.01111881,0.044838946,0.03321617,0.70187014,0.15604837
HAM_0000875,ISIC_0031022,nv,follow_up,60.0,male,back,data/raw/HAM10000_images_part_2/ISIC_0031022.jpg,test,5,5,nv,nv,0.83405125,True,nv → nv,0.014312703,0.01780365,0.015854413,0.08374975,0.002790175,0.83405125,0.031438146
HAM_0002937,ISIC_0029478,nv,follow_up,40.0,male,trunk,data/raw/HAM10000_images_part_2/ISIC_0029478.jpg,test,5,5,nv,nv,0.85664546,True,nv → nv,0.022342045,0.010093817,0.011083173,0.014834312,0.024961557,0.85664546,0.06003966
HAM_0001165,ISIC_0030199,nv,follow_up,40.0,male,upper extremity,data/raw/HAM10000_images_part_2/ISIC_0030199.jpg,test,5,5,nv,nv,0.8417563,True,nv → nv,0.025909606,0.015354364,0.011119344,0.04180504,0.012313675,0.8417563,0.05174165
HAM_0006814,ISIC_0032264,nv,follow_up,40.0,male,trunk,data/raw/HAM10000_images_part_2/ISIC_0032264.jpg,test,5,5,nv,nv,0.74218583,True,nv → nv,0.034698095,0.09249001,0.022225477,0.04066547,0.006664302,0.74218583,0.06107079
HAM_0007440,ISIC_0029882,nv,follow_up,50.0,male,upper extremity,data/raw/HAM10000_images_part_2/ISIC_0029882.jpg,test,5,5,nv,nv,0.8597498,True,nv → nv,0.017641542,0.0066313227,0.018842902,0.014716694,0.026364192,0.8597498,0.056053553
HAM_0002863,ISIC_0024769,nv,follow_up,50.0,male,back,data/raw/HAM10000_images_part_1/ISIC_0024769.jpg,test,5,5,nv,nv,0.9047469,True,nv → nv,0.010820179,0.0058368123,0.0055084275,0.02263922,0.019365096,0.9047469,0.031083327
HAM_0000677,ISIC_0025494,nv,follow_up,55.0,male,abdomen,data/raw/HAM10000_images_part_1/ISIC_0025494.jpg,test,5,5,nv,nv,0.67992294,True,nv → nv,0.054586392,0.046082452,0.012524067,0.037398167,0.011037917,0.67992294,0.15844803
HAM_0004759,ISIC_0030467,nv,follow_up,45.0,female,lower extremity,data/raw/HAM10000_images_part_2/ISIC_0030467.jpg,test,5,5,nv,nv,0.88219017,True,nv → nv,0.017405787,0.009966144,0.0062093656,0.048478495,0.014244122,0.88219017,0.021505883
HAM_0000367,ISIC_0025462,nv,follow_up,45.0,female,trunk,data/raw/HAM10000_images_part_1/ISIC_0025462.jpg,test,5,5,nv,nv,0.9195612,True,nv → nv,0.00958228,0.008730183,0.0035728065,0.029765567,0.004685309,0.9195612,0.024102688
HAM_0005039,ISIC_0024320,nv,follow_up,65.0,male,trunk,data/raw/HAM10000_images_part_1/ISIC_0024320.jpg,test,5,5,nv,nv,0.94043756,True,nv → nv,0.010078069,0.005382916,0.0014790918,0.009436021,0.008310642,0.94043756,0.024875764
HAM_0002487,ISIC_0032503,nv,follow_up,55.0,female,trunk,data/raw/HAM10000_images_part_2/ISIC_0032503.jpg,test,5,5,nv,nv,0.7484083,True,nv → nv,0.042875383,0.025927337,0.029752994,0.055841103,0.05046775,0.7484083,0.046727177
HAM_0003201,ISIC_0030386,nv,follow_up,50.0,female,trunk,data/raw/HAM10000_images_part_2/ISIC_0030386.jpg,test,5,5,nv,nv,0.5982583,True,nv → nv,0.048298307,0.0085686,0.0139650125,0.029767687,0.26353493,0.5982583,0.03760717
HAM_0001229,ISIC_0032401,nv,follow_up,25.0,female,upper extremity,data/raw/HAM10000_images_part_2/ISIC_0032401.jpg,test,5,5,nv,nv,0.9066909,True,nv → nv,0.014358374,0.011086761,0.008081579,0.027186727,0.0031829572,0.9066909,0.029412666
HAM_0002263,ISIC_0030252,nv,follow_up,25.0,female,abdomen,data/raw/HAM10000_images_part_2/ISIC_0030252.jpg,test,5,5,nv,nv,0.7593589,True,nv → nv,0.009020147,0.009005062,0.0040491507,0.016331278,0.012067896,0.7593589,0.19016762
HAM_0000989,ISIC_0028070,nv,follow_up,55.0,male,lower extremity,data/raw/HAM10000_images_part_1/ISIC_0028070.jpg,test,5,5,nv,nv,0.9021602,True,nv → nv,0.014785614,0.00950046,0.0026510234,0.025363192,0.015553769,0.9021602,0.029985733
HAM_0006227,ISIC_0031264,nv,follow_up,45.0,female,abdomen,data/raw/HAM10000_images_part_2/ISIC_0031264.jpg,test,5,5,nv,nv,0.824798,True,nv → nv,0.02033946,0.01186329,0.012710453,0.029928813,0.035675805,0.824798,0.064684086
HAM_0003731,ISIC_0031680,nv,follow_up,45.0,female,trunk,data/raw/HAM10000_images_part_2/ISIC_0031680.jpg,test,5,5,nv,nv,0.9328329,True,nv → nv,0.0055451165,0.0029949096,0.0012271724,0.039143756,0.004048891,0.9328329,0.014207158
HAM_0001898,ISIC_0026917,nv,follow_up,50.0,female,abdomen,data/raw/HAM10000_images_part_1/ISIC_0026917.jpg,test,5,5,nv,nv,0.8200105,True,nv → nv,0.023908745,0.019874359,0.009261882,0.02955663,0.047769118,0.8200105,0.04961875
HAM_0000493,ISIC_0030304,nv,follow_up,55.0,female,lower extremity,data/raw/HAM10000_images_part_2/ISIC_0030304.jpg,test,5,5,nv,nv,0.7875936,True,nv → nv,0.026372615,0.028187197,0.016817354,0.05844203,0.029513713,0.7875936,0.05307352
HAM_0002966,ISIC_0024509,nv,follow_up,55.0,female,trunk,data/raw/HAM10000_images_part_1/ISIC_0024509.jpg,test,5,5,nv,nv,0.89077497,True,nv → nv,0.030186012,0.03601385,0.0067111985,0.020360816,0.003030732,0.89077497,0.0129223885
HAM_0002627,ISIC_0027014,nv,follow_up,40.0,female,lower extremity,data/raw/HAM10000_images_part_1/ISIC_0027014.jpg,test,5,5,nv,nv,0.6961284,True,nv → nv,0.021672571,0.10938038,0.009662417,0.07688946,0.03434991,0.6961284,0.051916853
HAM_0005729,ISIC_0030113,nv,follow_up,40.0,male,back,data/raw/HAM10000_images_part_2/ISIC_0030113.jpg,test,5,5,nv,nv,0.8151276,True,nv → nv,0.031067325,0.008655793,0.023151139,0.08460316,0.013077294,0.8151276,0.02431771
HAM_0007223,ISIC_0024783,nv,follow_up,35.0,female,abdomen,data/raw/HAM10000_images_part_1/ISIC_0024783.jpg,test,5,5,nv,nv,0.8755302,True,nv → nv,0.016816296,0.008836033,0.012345965,0.04692981,0.007670175,0.8755302,0.03187158
HAM_0000916,ISIC_0032167,nv,follow_up,45.0,female,abdomen,data/raw/HAM10000_images_part_2/ISIC_0032167.jpg,test,5,5,nv,nv,0.7404647,True,nv → nv,0.0461774,0.024140395,0.012521681,0.02874186,0.1098906,0.7404647,0.038063347
HAM_0003628,ISIC_0031324,nv,follow_up,45.0,female,trunk,data/raw/HAM10000_images_part_2/ISIC_0031324.jpg,test,5,5,nv,nv,0.7120042,True,nv → nv,0.06961012,0.039394002,0.012312792,0.050589077,0.04267619,0.7120042,0.07341371
HAM_0003180,ISIC_0031058,nv,follow_up,40.0,male,upper extremity,data/raw/HAM10000_images_part_2/ISIC_0031058.jpg,test,5,5,nv,nv,0.7877956,True,nv → nv,0.045653947,0.027616465,0.0146967685,0.055359125,0.030424101,0.7877956,0.03845401
HAM_0000281,ISIC_0030577,nv,follow_up,60.0,female,genital,data/raw/HAM10000_images_part_2/ISIC_0030577.jpg,test,5,5,nv,nv,0.82970107,True,nv → nv,0.021813171,0.025568305,0.015552081,0.031340163,0.034875233,0.82970107,0.041150007
HAM_0005554,ISIC_0027521,nv,follow_up,55.0,male,abdomen,data/raw/HAM10000_images_part_1/ISIC_0027521.jpg,test,5,5,nv,nv,0.77750045,True,nv → nv,0.042933997,0.022622086,0.017162208,0.039715648,0.053567585,0.77750045,0.046498
HAM_0002229,ISIC_0025423,nv,follow_up,55.0,female,lower extremity,data/raw/HAM10000_images_part_1/ISIC_0025423.jpg,test,5,5,nv,nv,0.8498576,True,nv → nv,0.0097036185,0.006175756,0.02143653,0.04110502,0.02145887,0.8498576,0.05026257
HAM_0007319,ISIC_0029144,nv,follow_up,55.0,female,lower extremity,data/raw/HAM10000_images_part_1/ISIC_0029144.jpg,test,5,5,nv,nv,0.8309073,True,nv → nv,0.009314492,0.02758024,0.0068412805,0.03464087,0.008117174,0.8309073,0.08259869
HAM_0005099,ISIC_0029648,nv,follow_up,45.0,male,abdomen,data/raw/HAM10000_images_part_2/ISIC_0029648.jpg,test,5,5,nv,nv,0.79990435,True,nv → nv,0.018089755,0.008885617,0.0017612553,0.12845778,0.0068158223,0.79990435,0.03608536
HAM_0005140,ISIC_0026662,nv,follow_up,45.0,male,lower extremity,data/raw/HAM10000_images_part_1/ISIC_0026662.jpg,test,5,5,nv,nv,0.8755872,True,nv → nv,0.011889698,0.010725596,0.0027403596,0.08229471,0.004128889,0.8755872,0.01263349
HAM_0007363,ISIC_0028013,nv,follow_up,55.0,male,trunk,data/raw/HAM10000_images_part_1/ISIC_0028013.jpg,test,5,5,nv,nv,0.78515214,True,nv → nv,0.07655711,0.027271658,0.0132140145,0.051053267,0.017904637,0.78515214,0.02884718
HAM_0004771,ISIC_0024622,nv,follow_up,55.0,male,trunk,data/raw/HAM10000_images_part_1/ISIC_0024622.jpg,test,5,5,nv,nv,0.7967859,True,nv → nv,0.047574796,0.021262215,0.0067199324,0.03532645,0.039090272,0.7967859,0.05324047
HAM_0005208,ISIC_0028781,nv,follow_up,45.0,male,abdomen,data/raw/HAM10000_images_part_1/ISIC_0028781.jpg,test,5,5,nv,nv,0.88573253,True,nv → nv,0.018020203,0.0084304465,0.0057117445,0.0258291,0.019287363,0.88573253,0.036988597
HAM_0000384,ISIC_0030506,nv,follow_up,35.0,male,trunk,data/raw/HAM10000_images_part_2/ISIC_0030506.jpg,test,5,5,nv,nv,0.8994305,True,nv → nv,0.007742288,0.008666806,0.002769734,0.03844273,0.0031735026,0.8994305,0.039774384
HAM_0002528,ISIC_0025821,nv,follow_up,35.0,male,upper extremity,data/raw/HAM10000_images_part_1/ISIC_0025821.jpg,test,5,5,nv,nv,0.88125896,True,nv → nv,0.014582559,0.007431447,0.009875324,0.04983304,0.010919801,0.88125896,0.026098834
HAM_0006477,ISIC_0029237,nv,follow_up,35.0,male,foot,data/raw/HAM10000_images_part_1/ISIC_0029237.jpg,test,5,5,nv,nv,0.84829247,True,nv → nv,0.030405916,0.0027289507,0.016590318,0.01815101,0.030081263,0.84829247,0.053750116
HAM_0006410,ISIC_0027449,nv,follow_up,45.0,female,abdomen,data/raw/HAM10000_images_part_1/ISIC_0027449.jpg,test,5,5,nv,nv,0.8888084,True,nv → nv,0.008262694,0.004242294,0.0013157218,0.017754156,0.0040267846,0.8888084,0.07558983
HAM_0006308,ISIC_0030716,nv,follow_up,55.0,female,lower extremity,data/raw/HAM10000_images_part_2/ISIC_0030716.jpg,test,5,5,nv,nv,0.77127606,True,nv → nv,0.024761302,0.017010028,0.0138678895,0.044752467,0.038365193,0.77127606,0.08996704
HAM_0001985,ISIC_0027330,nv,follow_up,45.0,male,back,data/raw/HAM10000_images_part_1/ISIC_0027330.jpg,test,5,5,nv,nv,0.8422449,True,nv → nv,0.012998815,0.021251597,0.011877777,0.066829026,0.0043167784,0.8422449,0.040481042
HAM_0001871,ISIC_0030834,nv,follow_up,50.0,female,abdomen,data/raw/HAM10000_images_part_2/ISIC_0030834.jpg,test,5,5,nv,nv,0.90389204,True,nv → nv,0.021181647,0.014231525,0.004974961,0.021890204,0.009941936,0.90389204,0.02388768
HAM_0001351,ISIC_0031684,nv,follow_up,50.0,female,back,data/raw/HAM10000_images_part_2/ISIC_0031684.jpg,test,5,5,nv,nv,0.79513687,True,nv → nv,0.03235835,0.01900424,0.029286271,0.049207624,0.028710593,0.79513687,0.04629598
HAM_0002320,ISIC_0025163,nv,follow_up,50.0,male,abdomen,data/raw/HAM10000_images_part_1/ISIC_0025163.jpg,test,5,5,nv,nv,0.87269974,True,nv → nv,0.011450976,0.023763234,0.009184066,0.057352416,0.003764878,0.87269974,0.021784695
HAM_0005399,ISIC_0030474,nv,follow_up,60.0,male,back,data/raw/HAM10000_images_part_2/ISIC_0030474.jpg,test,5,5,nv,nv,0.899036,True,nv → nv,0.006010986,0.013101395,0.0076965014,0.04147065,0.0034417487,0.899036,0.029242696
HAM_0002251,ISIC_0024438,nv,follow_up,50.0,male,back,data/raw/HAM10000_images_part_1/ISIC_0024438.jpg,test,5,5,nv,nv,0.8368182,True,nv → nv,0.019101337,0.057582647,0.0040677995,0.044739276,0.0053674267,0.8368182,0.032323323
HAM_0004107,ISIC_0029769,nv,follow_up,40.0,female,trunk,data/raw/HAM10000_images_part_2/ISIC_0029769.jpg,test,5,5,nv,nv,0.6262149,True,nv → nv,0.027810236,0.17566653,0.01006488,0.027263938,0.017365193,0.6262149,0.11561426
HAM_0005167,ISIC_0031780,nv,follow_up,40.0,female,abdomen,data/raw/HAM10000_images_part_2/ISIC_0031780.jpg,test,5,5,nv,nv,0.88858825,True,nv → nv,0.014952771,0.0055962736,0.014975877,0.02335087,0.0074269245,0.88858825,0.045108996
HAM_0001893,ISIC_0025110,nv,follow_up,40.0,female,trunk,data/raw/HAM10000_images_part_1/ISIC_0025110.jpg,test,5,5,nv,nv,0.78091675,True,nv → nv,0.023879262,0.01074183,0.01072469,0.023431597,0.08864618,0.78091675,0.061659686
HAM_0007257,ISIC_0025537,nv,follow_up,50.0,female,back,data/raw/HAM10000_images_part_1/ISIC_0025537.jpg,test,5,5,nv,nv,0.8931679,True,nv → nv,0.017130012,0.007775363,0.0044216746,0.02540502,0.026173132,0.8931679,0.025926912
HAM_0003604,ISIC_0028125,nv,follow_up,45.0,female,upper extremity,data/raw/HAM10000_images_part_1/ISIC_0028125.jpg,test,5,5,nv,nv,0.94089895,True,nv → nv,0.011353174,0.010409574,0.0017143001,0.017250402,0.00654441,0.94089895,0.011829275
HAM_0001252,ISIC_0026284,nv,follow_up,40.0,male,hand,data/raw/HAM10000_images_part_1/ISIC_0026284.jpg,test,5,5,nv,nv,0.9044556,True,nv → nv,0.023139585,0.026416566,0.004378571,0.02250858,0.0062475167,0.9044556,0.012853551
HAM_0004597,ISIC_0027050,nv,follow_up,40.0,male,upper extremity,data/raw/HAM10000_images_part_1/ISIC_0027050.jpg,test,5,5,nv,nv,0.8663289,True,nv → nv,0.02153193,0.018358706,0.012317355,0.02815668,0.01034745,0.8663289,0.042958934
HAM_0006773,ISIC_0026680,nv,follow_up,45.0,male,abdomen,data/raw/HAM10000_images_part_1/ISIC_0026680.jpg,test,5,5,nv,nv,0.8959848,True,nv → nv,0.02117685,0.015767783,0.015806401,0.022355104,0.011199645,0.8959848,0.0177094
HAM_0004353,ISIC_0029262,nv,follow_up,55.0,female,face,data/raw/HAM10000_images_part_1/ISIC_0029262.jpg,test,5,5,nv,nv,0.8249977,True,nv → nv,0.01531517,0.020500805,0.019923296,0.06679115,0.016172465,0.8249977,0.03629939
HAM_0005897,ISIC_0027511,nv,follow_up,50.0,male,lower extremity,data/raw/HAM10000_images_part_1/ISIC_0027511.jpg,test,5,5,nv,nv,0.90338254,True,nv → nv,0.008295393,0.010415406,0.009746399,0.027666388,0.002009038,0.90338254,0.03848479
HAM_0004729,ISIC_0026198,nv,follow_up,40.0,female,upper extremity,data/raw/HAM10000_images_part_1/ISIC_0026198.jpg,test,5,5,nv,nv,0.8487397,True,nv → nv,0.011681739,0.015033025,0.0027382004,0.10386351,0.00048816958,0.8487397,0.017455678
HAM_0002071,ISIC_0031616,nv,follow_up,45.0,female,abdomen,data/raw/HAM10000_images_part_2/ISIC_0031616.jpg,test,5,5,nv,nv,0.9028917,True,nv → nv,0.014863008,0.0110096885,0.004612957,0.030730916,0.007995138,0.9028917,0.027896576
HAM_0001945,ISIC_0026919,nv,follow_up,45.0,female,back,data/raw/HAM10000_images_part_1/ISIC_0026919.jpg,test,5,5,nv,nv,0.8787056,True,nv → nv,0.012361483,0.0100118425,0.0027388437,0.04415526,0.009246852,0.8787056,0.042780053
HAM_0006038,ISIC_0029969,nv,follow_up,50.0,male,abdomen,data/raw/HAM10000_images_part_2/ISIC_0029969.jpg,test,5,5,nv,nv,0.8076352,True,nv → nv,0.03010225,0.016508127,0.02112407,0.07017482,0.01465041,0.8076352,0.03980508
HAM_0007105,ISIC_0026616,nv,follow_up,35.0,male,abdomen,data/raw/HAM10000_images_part_1/ISIC_0026616.jpg,test,5,5,nv,nv,0.94835865,True,nv → nv,0.009884018,0.00948332,0.0038560415,0.014364226,0.0046538827,0.94835865,0.009399793
HAM_0002579,ISIC_0031683,nv,follow_up,35.0,male,lower extremity,data/raw/HAM10000_images_part_2/ISIC_0031683.jpg,test,5,5,nv,nv,0.79059714,True,nv → nv,0.008474506,0.009098172,0.010986811,0.025062315,0.0034025686,0.79059714,0.15237843
HAM_0003923,ISIC_0025282,nv,follow_up,35.0,male,trunk,data/raw/HAM10000_images_part_1/ISIC_0025282.jpg,test,5,5,nv,nv,0.83056945,True,nv → nv,0.022444727,0.01712989,0.017864913,0.036727726,0.008564802,0.83056945,0.066698454
HAM_0003905,ISIC_0029275,nv,follow_up,35.0,male,upper extremity,data/raw/HAM10000_images_part_1/ISIC_0029275.jpg,test,5,5,nv,nv,0.88945186,True,nv → nv,0.0195128,0.013174023,0.011449867,0.02926471,0.0049524973,0.88945186,0.032194268
HAM_0005687,ISIC_0027880,nv,follow_up,65.0,male,upper extremity,data/raw/HAM10000_images_part_1/ISIC_0027880.jpg,test,5,5,nv,nv,0.8745046,True,nv → nv,0.010925565,0.013953981,0.02434297,0.041392166,0.010453092,0.8745046,0.024427561
HAM_0001812,ISIC_0024326,nv,follow_up,75.0,male,back,data/raw/HAM10000_images_part_1/ISIC_0024326.jpg,test,5,5,nv,nv,0.82297134,True,nv → nv,0.028870866,0.019932395,0.017295312,0.054326195,0.019271089,0.82297134,0.037332766
HAM_0004598,ISIC_0030345,nv,follow_up,50.0,female,abdomen,data/raw/HAM10000_images_part_2/ISIC_0030345.jpg,test,5,5,nv,nv,0.6836213,True,nv → nv,0.026584074,0.091168,0.021109475,0.078119874,0.005984423,0.6836213,0.09341292
HAM_0004137,ISIC_0024966,nv,follow_up,45.0,female,abdomen,data/raw/HAM10000_images_part_1/ISIC_0024966.jpg,test,5,5,nv,nv,0.8338925,True,nv → nv,0.014702936,0.01127067,0.016350677,0.049850702,0.022349298,0.8338925,0.05158318
HAM_0005773,ISIC_0031096,nv,follow_up,45.0,female,lower extremity,data/raw/HAM10000_images_part_2/ISIC_0031096.jpg,test,5,5,nv,nv,0.8817445,True,nv → nv,0.013093774,0.010396467,0.005103121,0.034370326,0.004931565,0.8817445,0.050360188
HAM_0007455,ISIC_0027441,nv,follow_up,45.0,female,trunk,data/raw/HAM10000_images_part_1/ISIC_0027441.jpg,test,5,5,nv,nv,0.85305357,True,nv → nv,0.023845294,0.014412278,0.015064234,0.035943247,0.01720139,0.85305357,0.04047995
HAM_0000944,ISIC_0027864,nv,follow_up,75.0,male,upper extremity,data/raw/HAM10000_images_part_1/ISIC_0027864.jpg,test,5,5,nv,nv,0.8423496,True,nv → nv,0.027154552,0.015438062,0.007055358,0.055204015,0.020860633,0.8423496,0.03193773
HAM_0005477,ISIC_0029552,nv,follow_up,75.0,male,lower extremity,data/raw/HAM10000_images_part_2/ISIC_0029552.jpg,test,5,5,nv,nv,0.8467074,True,nv → nv,0.023207515,0.012290071,0.008665513,0.033266455,0.016530087,0.8467074,0.05933293
HAM_0004490,ISIC_0031788,nv,follow_up,70.0,male,lower extremity,data/raw/HAM10000_images_part_2/ISIC_0031788.jpg,test,5,5,nv,nv,0.8488197,True,nv → nv,0.01315531,0.009878525,0.00696941,0.09308084,0.012388744,0.8488197,0.015707474
HAM_0000178,ISIC_0031397,nv,follow_up,60.0,male,abdomen,data/raw/HAM10000_images_part_2/ISIC_0031397.jpg,test,5,5,nv,nv,0.83282524,True,nv → nv,0.022739807,0.008328721,0.014431365,0.041441582,0.048272666,0.83282524,0.031960655
HAM_0002310,ISIC_0025848,nv,follow_up,60.0,male,abdomen,data/raw/HAM10000_images_part_1/ISIC_0025848.jpg,test,5,5,nv,nv,0.66786313,True,nv → nv,0.02199154,0.0107527375,0.0013221174,0.086687215,0.19445038,0.66786313,0.016932845
HAM_0004493,ISIC_0030325,nv,follow_up,60.0,male,upper extremity,data/raw/HAM10000_images_part_2/ISIC_0030325.jpg,test,5,5,nv,nv,0.8649056,True,nv → nv,0.020411089,0.005655186,0.008395753,0.06580824,0.010609957,0.8649056,0.024214158
HAM_0003929,ISIC_0027792,nv,follow_up,75.0,male,back,data/raw/HAM10000_images_part_1/ISIC_0027792.jpg,test,5,5,nv,nv,0.7937456,True,nv → nv,0.033767104,0.013985692,0.016097885,0.040411144,0.048962004,0.7937456,0.053030655
HAM_0006172,ISIC_0024485,nv,follow_up,60.0,male,upper extremity,data/raw/HAM10000_images_part_1/ISIC_0024485.jpg,test,5,5,nv,nv,0.87166095,True,nv → nv,0.0109044,0.016170532,0.020984316,0.039006136,0.008195505,0.87166095,0.033078074
HAM_0000738,ISIC_0027443,nv,follow_up,60.0,male,lower extremity,data/raw/HAM10000_images_part_1/ISIC_0027443.jpg,test,5,5,nv,nv,0.8372959,True,nv → nv,0.020527624,0.009532468,0.025238108,0.046372075,0.02160551,0.8372959,0.039428283
HAM_0001320,ISIC_0028638,nv,follow_up,35.0,male,trunk,data/raw/HAM10000_images_part_1/ISIC_0028638.jpg,test,5,5,nv,nv,0.7631239,True,nv → nv,0.029337848,0.045784954,0.0102226,0.07353628,0.013298053,0.7631239,0.06469634
HAM_0001426,ISIC_0029154,nv,follow_up,40.0,female,abdomen,data/raw/HAM10000_images_part_1/ISIC_0029154.jpg,test,5,5,nv,nv,0.8226686,True,nv → nv,0.033996724,0.019542394,0.023730552,0.03404164,0.01915673,0.8226686,0.046863347
HAM_0003537,ISIC_0029734,nv,follow_up,40.0,female,lower extremity,data/raw/HAM10000_images_part_2/ISIC_0029734.jpg,test,5,5,nv,nv,0.852632,True,nv → nv,0.019152781,0.013479106,0.008548302,0.037898798,0.017191773,0.852632,0.05109726
HAM_0000594,ISIC_0029178,nv,follow_up,50.0,female,abdomen,data/raw/HAM10000_images_part_1/ISIC_0029178.jpg,test,5,5,nv,nv,0.62275386,True,nv → nv,0.025735654,0.03771288,0.03043115,0.25909021,0.004293059,0.62275386,0.019983083
HAM_0002893,ISIC_0025037,nv,follow_up,75.0,male,trunk,data/raw/HAM10000_images_part_1/ISIC_0025037.jpg,test,5,5,nv,nv,0.8502054,True,nv → nv,0.007643654,0.040596984,0.0044875154,0.015693082,0.04106254,0.8502054,0.040310737
HAM_0001577,ISIC_0029818,nv,follow_up,65.0,male,abdomen,data/raw/HAM10000_images_part_2/ISIC_0029818.jpg,test,5,5,nv,nv,0.6557342,True,nv → nv,0.01578642,0.17485031,0.0159179,0.049791813,0.01382181,0.6557342,0.07409761
HAM_0002383,ISIC_0032488,nv,follow_up,55.0,male,trunk,data/raw/HAM10000_images_part_2/ISIC_0032488.jpg,test,5,5,nv,nv,0.87102115,True,nv → nv,0.01578076,0.010197126,0.018154712,0.028427586,0.007538584,0.87102115,0.048880074
HAM_0004512,ISIC_0027977,nv,follow_up,55.0,male,abdomen,data/raw/HAM10000_images_part_1/ISIC_0027977.jpg,test,5,5,nv,nv,0.89510095,True,nv → nv,0.008852001,0.0027499371,0.015399367,0.033559166,0.017696287,0.89510095,0.026642276
HAM_0001204,ISIC_0030185,nv,follow_up,55.0,male,back,data/raw/HAM10000_images_part_2/ISIC_0030185.jpg,test,5,5,nv,nv,0.885686,True,nv → nv,0.013725427,0.024626026,0.014086693,0.027665507,0.015414879,0.885686,0.018795474
HAM_0003678,ISIC_0026197,nv,follow_up,55.0,female,abdomen,data/raw/HAM10000_images_part_1/ISIC_0026197.jpg,test,5,5,nv,nv,0.92542976,True,nv → nv,0.011260927,0.013600393,0.005097383,0.013206679,0.005973035,0.92542976,0.025431806
HAM_0002449,ISIC_0024391,nv,follow_up,50.0,male,chest,data/raw/HAM10000_images_part_1/ISIC_0024391.jpg,test,5,5,nv,nv,0.75461084,True,nv → nv,0.020481026,0.06426451,0.013027425,0.116715565,0.011958964,0.75461084,0.018941727
HAM_0000419,ISIC_0027741,nv,follow_up,50.0,male,trunk,data/raw/HAM10000_images_part_1/ISIC_0027741.jpg,test,5,5,nv,nv,0.92540145,True,nv → nv,0.0054338775,0.006609548,0.002204739,0.03179157,0.0033500318,0.92540145,0.025208782
HAM_0000616,ISIC_0024750,nv,follow_up,50.0,male,trunk,data/raw/HAM10000_images_part_1/ISIC_0024750.jpg,test,5,5,nv,nv,0.80126077,True,nv → nv,0.014684448,0.048907958,0.002448606,0.060534343,0.016528944,0.80126077,0.055634975
HAM_0003588,ISIC_0025232,nv,follow_up,40.0,male,upper extremity,data/raw/HAM10000_images_part_1/ISIC_0025232.jpg,test,5,5,nv,nv,0.87598485,True,nv → nv,0.03149159,0.02858752,0.002292301,0.02417457,0.012147025,0.87598485,0.025322188
HAM_0003065,ISIC_0031879,nv,follow_up,85.0,male,back,data/raw/HAM10000_images_part_2/ISIC_0031879.jpg,test,5,5,nv,nv,0.7041409,True,nv → nv,0.064996004,0.0419506,0.0351403,0.055500578,0.048362195,0.7041409,0.049909443
HAM_0006167,ISIC_0027845,nv,follow_up,50.0,female,foot,data/raw/HAM10000_images_part_1/ISIC_0027845.jpg,test,5,5,nv,nv,0.75764453,True,nv → nv,0.028751869,0.022920104,0.034678437,0.056481708,0.038733248,0.75764453,0.060790043
HAM_0003557,ISIC_0026973,nv,follow_up,75.0,male,trunk,data/raw/HAM10000_images_part_1/ISIC_0026973.jpg,test,5,5,nv,nv,0.89623266,True,nv → nv,0.013722255,0.009231085,0.0057406,0.028288372,0.014283715,0.89623266,0.0325013
HAM_0000056,ISIC_0025725,nv,follow_up,55.0,female,trunk,data/raw/HAM10000_images_part_1/ISIC_0025725.jpg,test,5,5,nv,nv,0.7920835,True,nv → nv,0.035231587,0.018784342,0.03465751,0.061648592,0.022677723,0.7920835,0.03491679
HAM_0005340,ISIC_0031830,nv,follow_up,55.0,female,abdomen,data/raw/HAM10000_images_part_2/ISIC_0031830.jpg,test,5,5,nv,nv,0.8322899,True,nv → nv,0.014761281,0.06403331,0.0047753267,0.07148105,0.0026443494,0.8322899,0.010014832
HAM_0004085,ISIC_0028471,nv,follow_up,55.0,female,abdomen,data/raw/HAM10000_images_part_1/ISIC_0028471.jpg,test,5,5,nv,nv,0.8945503,True,nv → nv,0.010541233,0.00895245,0.009552987,0.023875197,0.009987941,0.8945503,0.042539936
HAM_0006504,ISIC_0031098,nv,follow_up,55.0,female,lower extremity,data/raw/HAM10000_images_part_2/ISIC_0031098.jpg,test,5,5,nv,nv,0.8429459,True,nv → nv,0.017264735,0.0070052682,0.0059454725,0.033233874,0.042733166,0.8429459,0.050871603
HAM_0000155,ISIC_0032390,nv,follow_up,40.0,male,abdomen,data/raw/HAM10000_images_part_2/ISIC_0032390.jpg,test,5,5,nv,nv,0.59719694,True,nv → nv,0.024320299,0.1699667,0.004844058,0.013705199,0.1398776,0.59719694,0.050089203
HAM_0002963,ISIC_0032435,nv,follow_up,45.0,male,trunk,data/raw/HAM10000_images_part_2/ISIC_0032435.jpg,test,5,5,nv,nv,0.56679463,True,nv → nv,0.036120184,0.009391544,0.02652746,0.02741028,0.29348257,0.56679463,0.040273376
HAM_0001489,ISIC_0031765,nv,follow_up,50.0,female,foot,data/raw/HAM10000_images_part_2/ISIC_0031765.jpg,test,5,5,nv,nv,0.8394145,True,nv → nv,0.016969373,0.012816117,0.013969216,0.059687875,0.0094419,0.8394145,0.04770102
HAM_0001395,ISIC_0031818,nv,follow_up,50.0,female,foot,data/raw/HAM10000_images_part_2/ISIC_0031818.jpg,test,5,5,nv,nv,0.8486184,True,nv → nv,0.0168393,0.027270399,0.020472215,0.025895094,0.0048917374,0.8486184,0.0560129
HAM_0006680,ISIC_0028458,nv,follow_up,40.0,female,back,data/raw/HAM10000_images_part_1/ISIC_0028458.jpg,test,5,5,nv,nv,0.9291308,True,nv → nv,0.011270195,0.0077097868,0.002388303,0.026036479,0.0060356483,0.9291308,0.017428797
HAM_0002594,ISIC_0031047,nv,follow_up,45.0,female,upper extremity,data/raw/HAM10000_images_part_2/ISIC_0031047.jpg,test,5,5,nv,nv,0.8099794,True,nv → nv,0.035617933,0.013900918,0.010331004,0.032068394,0.042239867,0.8099794,0.055862464
HAM_0004414,ISIC_0030576,nv,follow_up,45.0,female,lower extremity,data/raw/HAM10000_images_part_2/ISIC_0030576.jpg,test,5,5,nv,nv,0.8710625,True,nv → nv,0.017852616,0.013665889,0.003789398,0.025241423,0.021782747,0.8710625,0.046605453
HAM_0003272,ISIC_0027979,nv,follow_up,30.0,male,upper extremity,data/raw/HAM10000_images_part_1/ISIC_0027979.jpg,test,5,5,nv,nv,0.7939565,True,nv → nv,0.03706042,0.04377528,0.0025298446,0.0798644,0.0012502236,0.7939565,0.041563235
HAM_0002036,ISIC_0025739,nv,follow_up,35.0,female,lower extremity,data/raw/HAM10000_images_part_1/ISIC_0025739.jpg,test,5,5,nv,nv,0.85599476,True,nv → nv,0.016171306,0.022318466,0.016438758,0.04494356,0.005298812,0.85599476,0.03883433
HAM_0000285,ISIC_0026925,nv,follow_up,50.0,male,upper extremity,data/raw/HAM10000_images_part_1/ISIC_0026925.jpg,test,5,5,nv,nv,0.8839347,True,nv → nv,0.030039664,0.00640928,0.003579133,0.025719563,0.023086114,0.8839347,0.027231647
HAM_0003204,ISIC_0028564,nv,follow_up,45.0,female,back,data/raw/HAM10000_images_part_1/ISIC_0028564.jpg,test,5,5,nv,nv,0.7399992,True,nv → nv,0.049947634,0.032788657,0.026199242,0.06527757,0.046645455,0.7399992,0.03914218
HAM_0002267,ISIC_0026937,nv,follow_up,45.0,female,lower extremity,data/raw/HAM10000_images_part_1/ISIC_0026937.jpg,test,5,5,nv,nv,0.8796256,True,nv → nv,0.015924605,0.023701837,0.008295397,0.030527363,0.009288749,0.8796256,0.03263635
HAM_0003075,ISIC_0028553,nv,follow_up,45.0,female,trunk,data/raw/HAM10000_images_part_1/ISIC_0028553.jpg,test,5,5,nv,nv,0.80385214,True,nv → nv,0.026660338,0.02662301,0.016514653,0.040993582,0.014533542,0.80385214,0.07082272
HAM_0005577,ISIC_0028320,nv,follow_up,40.0,male,trunk,data/raw/HAM10000_images_part_1/ISIC_0028320.jpg,test,5,5,nv,nv,0.90861744,True,nv → nv,0.012988944,0.0056292224,0.0069855554,0.02703037,0.007045079,0.90861744,0.03170333
HAM_0005290,ISIC_0026703,nv,follow_up,65.0,male,trunk,data/raw/HAM10000_images_part_1/ISIC_0026703.jpg,test,5,5,nv,nv,0.83026373,True,nv → nv,0.015658136,0.009199213,0.03482406,0.018630845,0.04530357,0.83026373,0.046120483
HAM_0003252,ISIC_0029977,nv,follow_up,45.0,female,lower extremity,data/raw/HAM10000_images_part_2/ISIC_0029977.jpg,test,5,5,nv,nv,0.90852386,True,nv → nv,0.012962493,0.013666635,0.0016770841,0.033551678,0.001976335,0.90852386,0.027641954
HAM_0000424,ISIC_0031328,nv,follow_up,45.0,female,lower extremity,data/raw/HAM10000_images_part_2/ISIC_0031328.jpg,test,5,5,nv,nv,0.7342954,True,nv → nv,0.008741539,0.006284449,0.017146304,0.21734582,0.0048110546,0.7342954,0.011375424
HAM_0001375,ISIC_0026238,nv,follow_up,45.0,female,trunk,data/raw/HAM10000_images_part_1/ISIC_0026238.jpg,test,5,5,nv,nv,0.8478468,True,nv → nv,0.016863935,0.016225792,0.010448045,0.068764046,0.0026117421,0.8478468,0.03723972
HAM_0002674,ISIC_0029646,nv,follow_up,20.0,female,back,data/raw/HAM10000_images_part_2/ISIC_0029646.jpg,test,5,5,nv,nv,0.89341325,True,nv → nv,0.016435364,0.008711071,0.0054071816,0.021104306,0.015077462,0.89341325,0.03985132
HAM_0007084,ISIC_0025315,nv,follow_up,40.0,female,back,data/raw/HAM10000_images_part_1/ISIC_0025315.jpg,test,5,5,nv,nv,0.7740737,True,nv → nv,0.023171088,0.09633705,0.016242763,0.05863359,0.007534264,0.7740737,0.024007522
HAM_0001063,ISIC_0027180,nv,follow_up,60.0,female,abdomen,data/raw/HAM10000_images_part_1/ISIC_0027180.jpg,test,5,5,nv,nv,0.83102673,True,nv → nv,0.019783594,0.017195137,0.020735094,0.04749658,0.010819453,0.83102673,0.052943405
HAM_0005630,ISIC_0025864,nv,follow_up,45.0,female,lower extremity,data/raw/HAM10000_images_part_1/ISIC_0025864.jpg,test,5,5,nv,nv,0.78706366,True,nv → nv,0.037294865,0.015351307,0.014548435,0.0443553,0.051527105,0.78706366,0.04985928
HAM_0002687,ISIC_0032037,nv,follow_up,60.0,female,back,data/raw/HAM10000_images_part_2/ISIC_0032037.jpg,test,5,5,nv,nv,0.84778947,True,nv → nv,0.029733315,0.036146484,0.00476008,0.04882334,0.008308219,0.84778947,0.02443913
HAM_0001255,ISIC_0030948,nv,follow_up,50.0,female,trunk,data/raw/HAM10000_images_part_2/ISIC_0030948.jpg,test,5,5,nv,nv,0.8517411,True,nv → nv,0.011114551,0.036258504,0.0046718623,0.03375138,0.0078355875,0.8517411,0.05462698
HAM_0002543,ISIC_0025645,nv,follow_up,45.0,male,abdomen,data/raw/HAM10000_images_part_1/ISIC_0025645.jpg,test,5,5,nv,nv,0.9155984,True,nv → nv,0.01778107,0.016971257,0.0028168382,0.020158518,0.0056423657,0.9155984,0.021031626
HAM_0005043,ISIC_0025004,nv,follow_up,35.0,male,back,data/raw/HAM10000_images_part_1/ISIC_0025004.jpg,test,5,5,nv,nv,0.8475761,True,nv → nv,0.025602454,0.020995641,0.003196599,0.017935734,0.017708793,0.8475761,0.06698465
HAM_0001560,ISIC_0026181,nv,follow_up,35.0,female,back,data/raw/HAM10000_images_part_1/ISIC_0026181.jpg,test,5,5,nv,nv,0.8222461,True,nv → nv,0.03172484,0.022533914,0.023693286,0.04216339,0.0201532,0.8222461,0.03748527
HAM_0007192,ISIC_0030558,nv,follow_up,35.0,female,upper extremity,data/raw/HAM10000_images_part_2/ISIC_0030558.jpg,test,5,5,nv,nv,0.8434044,True,nv → nv,0.020463405,0.01720361,0.019149292,0.025137091,0.015078875,0.8434044,0.05956336
HAM_0004661,ISIC_0026808,nv,follow_up,55.0,female,trunk,data/raw/HAM10000_images_part_1/ISIC_0026808.jpg,test,5,5,nv,nv,0.84272754,True,nv → nv,0.016515497,0.010841793,0.006646615,0.03524589,0.046360005,0.84272754,0.04166258
HAM_0006089,ISIC_0031316,nv,follow_up,45.0,male,upper extremity,data/raw/HAM10000_images_part_2/ISIC_0031316.jpg,test,5,5,nv,nv,0.7704674,True,nv → nv,0.03006596,0.045948558,0.02698857,0.042789016,0.011386107,0.7704674,0.072354384
HAM_0007561,ISIC_0031458,nv,follow_up,45.0,male,upper extremity,data/raw/HAM10000_images_part_2/ISIC_0031458.jpg,test,5,5,nv,nv,0.9319903,True,nv → nv,0.0089726215,0.006492899,0.0027461573,0.030131295,0.0020334816,0.9319903,0.017633155
HAM_0004433,ISIC_0029623,nv,follow_up,45.0,male,lower extremity,data/raw/HAM10000_images_part_2/ISIC_0029623.jpg,test,5,5,nv,nv,0.9232767,True,nv → nv,0.0042807236,0.0037850928,0.0026242647,0.023765773,0.01113671,0.9232767,0.031130685
HAM_0005200,ISIC_0032393,nv,follow_up,70.0,male,trunk,data/raw/HAM10000_images_part_2/ISIC_0032393.jpg,test,5,5,nv,nv,0.8756618,True,nv → nv,0.017836194,0.020990172,0.009213305,0.032324467,0.020429317,0.8756618,0.023544684
HAM_0005222,ISIC_0026636,nv,follow_up,70.0,male,back,data/raw/HAM10000_images_part_1/ISIC_0026636.jpg,test,5,5,nv,nv,0.80666673,True,nv → nv,0.00687988,0.0076847104,0.069965646,0.020034123,0.038536314,0.80666673,0.050232664
HAM_0005943,ISIC_0032033,nv,follow_up,50.0,female,trunk,data/raw/HAM10000_images_part_2/ISIC_0032033.jpg,test,5,5,nv,nv,0.84247315,True,nv → nv,0.019994134,0.01346204,0.018997576,0.03315082,0.016498975,0.84247315,0.055423293
HAM_0005774,ISIC_0031137,nv,follow_up,50.0,female,lower extremity,data/raw/HAM10000_images_part_2/ISIC_0031137.jpg,test,5,5,nv,nv,0.87922883,True,nv → nv,0.008501979,0.042095296,0.010054241,0.013090854,0.023241261,0.87922883,0.023787534
HAM_0002663,ISIC_0030720,nv,follow_up,35.0,female,trunk,data/raw/HAM10000_images_part_2/ISIC_0030720.jpg,test,5,5,nv,nv,0.85877925,True,nv → nv,0.012903033,0.027489498,0.0033048664,0.041653905,0.003337017,0.85877925,0.05253243
HAM_0000098,ISIC_0029716,nv,follow_up,35.0,female,back,data/raw/HAM10000_images_part_2/ISIC_0029716.jpg,test,5,5,nv,nv,0.7848009,True,nv → nv,0.027658595,0.023953158,0.010227185,0.04352974,0.019702412,0.7848009,0.09012809
HAM_0000774,ISIC_0029707,nv,follow_up,55.0,female,lower extremity,data/raw/HAM10000_images_part_2/ISIC_0029707.jpg,test,5,5,nv,nv,0.8759219,True,nv → nv,0.016103597,0.010224989,0.0039239977,0.032860857,0.018667324,0.8759219,0.042297307
HAM_0006402,ISIC_0025602,nv,follow_up,40.0,female,lower extremity,data/raw/HAM10000_images_part_1/ISIC_0025602.jpg,test,5,5,nv,nv,0.8682582,True,nv → nv,0.023227673,0.016114661,0.011728446,0.05639197,0.0074836896,0.8682582,0.016795345
HAM_0006164,ISIC_0024385,nv,follow_up,40.0,female,lower extremity,data/raw/HAM10000_images_part_1/ISIC_0024385.jpg,test,5,5,nv,nv,0.8270777,True,nv → nv,0.022339948,0.06426727,0.0064807036,0.052183643,0.0044895783,0.8270777,0.023161266
HAM_0000656,ISIC_0027096,nv,follow_up,50.0,male,abdomen,data/raw/HAM10000_images_part_1/ISIC_0027096.jpg,test,5,5,nv,nv,0.77138746,True,nv → nv,0.05356627,0.026295222,0.012664785,0.03292704,0.02204266,0.77138746,0.081116505
HAM_0006365,ISIC_0028296,nv,follow_up,80.0,male,lower extremity,data/raw/HAM10000_images_part_1/ISIC_0028296.jpg,test,5,5,nv,nv,0.7781983,True,nv → nv,0.041529026,0.018282464,0.015798086,0.06676331,0.046231903,0.7781983,0.03319689
HAM_0004580,ISIC_0030872,nv,follow_up,80.0,male,back,data/raw/HAM10000_images_part_2/ISIC_0030872.jpg,test,5,5,nv,nv,0.5561482,True,nv → nv,0.027972713,0.030206872,0.035041694,0.26764306,0.049228784,0.5561482,0.03375876
HAM_0007347,ISIC_0031054,nv,follow_up,25.0,female,trunk,data/raw/HAM10000_images_part_2/ISIC_0031054.jpg,test,5,5,nv,nv,0.8991568,True,nv → nv,0.01993581,0.031784423,0.00047856296,0.01766533,0.0016713646,0.8991568,0.029307779
HAM_0000246,ISIC_0027079,nv,follow_up,25.0,female,upper extremity,data/raw/HAM10000_images_part_1/ISIC_0027079.jpg,test,5,5,nv,nv,0.9252457,True,nv → nv,0.01667284,0.008783365,0.0063794143,0.024059985,0.005740835,0.9252457,0.013117806
HAM_0000011,ISIC_0024678,nv,follow_up,45.0,female,trunk,data/raw/HAM10000_images_part_1/ISIC_0024678.jpg,test,5,5,nv,nv,0.8341731,True,nv → nv,0.010155269,0.0041213473,0.016133515,0.01921437,0.0097410465,0.8341731,0.10646128
HAM_0004541,ISIC_0028838,nv,follow_up,65.0,male,trunk,data/raw/HAM10000_images_part_1/ISIC_0028838.jpg,test,5,5,nv,nv,0.8227845,True,nv → nv,0.026680809,0.020734198,0.014375228,0.042638503,0.018148351,0.8227845,0.05463846
HAM_0001084,ISIC_0030946,nv,follow_up,65.0,male,trunk,data/raw/HAM10000_images_part_2/ISIC_0030946.jpg,test,5,5,nv,nv,0.82919514,True,nv → nv,0.068155326,0.028263615,0.0017443626,0.042723063,0.007896472,0.82919514,0.022021966
HAM_0002805,ISIC_0031722,nv,follow_up,50.0,male,trunk,data/raw/HAM10000_images_part_2/ISIC_0031722.jpg,test,5,5,nv,nv,0.8736311,True,nv → nv,0.014253702,0.013500411,0.010682159,0.014668785,0.042435095,0.8736311,0.030828716
HAM_0002637,ISIC_0029376,nv,follow_up,30.0,male,upper extremity,data/raw/HAM10000_images_part_2/ISIC_0029376.jpg,test,5,5,nv,nv,0.86530703,True,nv → nv,0.017620545,0.012508688,0.009728588,0.050910473,0.010848078,0.86530703,0.03307663
HAM_0002570,ISIC_0029952,nv,follow_up,30.0,male,trunk,data/raw/HAM10000_images_part_2/ISIC_0029952.jpg,test,5,5,nv,nv,0.9394193,True,nv → nv,0.00921904,0.020241972,0.000801546,0.021072442,0.00065932365,0.9394193,0.008586291
HAM_0006247,ISIC_0031393,nv,follow_up,50.0,female,upper extremity,data/raw/HAM10000_images_part_2/ISIC_0031393.jpg,test,5,5,nv,nv,0.8662634,True,nv → nv,0.017275777,0.019176604,0.0130860815,0.041131806,0.011637165,0.8662634,0.03142925
HAM_0007407,ISIC_0026161,nv,follow_up,50.0,female,trunk,data/raw/HAM10000_images_part_1/ISIC_0026161.jpg,test,5,5,nv,nv,0.8884416,True,nv → nv,0.018788593,0.010392285,0.0038399182,0.047485366,0.009269723,0.8884416,0.021782504
HAM_0003889,ISIC_0026005,nv,follow_up,45.0,male,back,data/raw/HAM10000_images_part_1/ISIC_0026005.jpg,test,5,5,nv,nv,0.83147365,True,nv → nv,0.018600412,0.026985342,0.012556505,0.030653596,0.006726457,0.83147365,0.073004015
HAM_0002065,ISIC_0028776,nv,follow_up,55.0,male,lower extremity,data/raw/HAM10000_images_part_1/ISIC_0028776.jpg,test,5,5,nv,nv,0.815372,True,nv → nv,0.02551208,0.019524012,0.012704752,0.060518485,0.025973348,0.815372,0.040395424
HAM_0003528,ISIC_0028575,nv,follow_up,55.0,male,trunk,data/raw/HAM10000_images_part_1/ISIC_0028575.jpg,test,5,5,nv,nv,0.83392876,True,nv → nv,0.025952356,0.014470884,0.023913737,0.032132618,0.0184089,0.83392876,0.051192716
HAM_0006059,ISIC_0028089,nv,follow_up,55.0,male,back,data/raw/HAM10000_images_part_1/ISIC_0028089.jpg,test,5,5,nv,nv,0.88651556,True,nv → nv,0.015502135,0.009592285,0.010999555,0.026665993,0.017129134,0.88651556,0.033595324
HAM_0001602,ISIC_0032458,nv,follow_up,55.0,male,trunk,data/raw/HAM10000_images_part_2/ISIC_0032458.jpg,test,5,5,nv,nv,0.8733891,True,nv → nv,0.014193204,0.009780197,0.011327221,0.048371527,0.008040837,0.8733891,0.034897976
HAM_0005618,ISIC_0027280,nv,follow_up,40.0,male,foot,data/raw/HAM10000_images_part_1/ISIC_0027280.jpg,test,5,5,nv,nv,0.95334995,True,nv → nv,0.011786438,0.0047008162,0.00123022,0.020658642,0.0006165103,0.95334995,0.0076574637
HAM_0004110,ISIC_0030195,nv,follow_up,35.0,female,lower extremity,data/raw/HAM10000_images_part_2/ISIC_0030195.jpg,test,5,5,nv,nv,0.89064294,True,nv → nv,0.01497666,0.006375988,0.008018106,0.05318698,0.00396469,0.89064294,0.022834599
HAM_0004132,ISIC_0025801,nv,follow_up,50.0,female,abdomen,data/raw/HAM10000_images_part_1/ISIC_0025801.jpg,test,5,5,nv,nv,0.6583445,True,nv → nv,0.038682416,0.1306891,0.042809132,0.046948068,0.0473509,0.6583445,0.035175886
HAM_0004837,ISIC_0030735,nv,follow_up,50.0,female,lower extremity,data/raw/HAM10000_images_part_2/ISIC_0030735.jpg,test,5,5,nv,nv,0.82532215,True,nv → nv,0.024630435,0.0069322186,0.018845515,0.032637957,0.021942714,0.82532215,0.06968904
HAM_0002439,ISIC_0031083,nv,follow_up,65.0,female,abdomen,data/raw/HAM10000_images_part_2/ISIC_0031083.jpg,test,5,5,nv,nv,0.80677783,True,nv → nv,0.0075337775,0.009120146,0.015513564,0.016047342,0.019566052,0.80677783,0.12544127
HAM_0004904,ISIC_0032381,nv,follow_up,55.0,male,lower extremity,data/raw/HAM10000_images_part_2/ISIC_0032381.jpg,test,5,5,nv,nv,0.8152802,True,nv → nv,0.04256379,0.043094955,0.005746928,0.047918823,0.019066364,0.8152802,0.026329018
HAM_0000543,ISIC_0030776,nv,follow_up,50.0,male,back,data/raw/HAM10000_images_part_2/ISIC_0030776.jpg,test,5,5,nv,nv,0.7046071,True,nv → nv,0.019790776,0.012767069,0.015242111,0.027271338,0.13024764,0.7046071,0.09007392
HAM_0001146,ISIC_0032480,nv,follow_up,75.0,male,trunk,data/raw/HAM10000_images_part_2/ISIC_0032480.jpg,test,5,5,nv,nv,0.5534383,True,nv → nv,0.043677025,0.0071544014,0.042429388,0.040474188,0.273064,0.5534383,0.03976275
HAM_0000862,ISIC_0030724,nv,follow_up,50.0,male,back,data/raw/HAM10000_images_part_2/ISIC_0030724.jpg,test,5,5,nv,nv,0.84621954,True,nv → nv,0.009334755,0.017726919,0.00095275167,0.02637681,0.03279493,0.84621954,0.06659433
HAM_0001080,ISIC_0028762,nv,follow_up,35.0,female,back,data/raw/HAM10000_images_part_1/ISIC_0028762.jpg,test,5,5,nv,nv,0.8995402,True,nv → nv,0.012642886,0.0072658258,0.00446792,0.01845634,0.018363327,0.8995402,0.039263543
HAM_0003407,ISIC_0026971,nv,follow_up,35.0,female,trunk,data/raw/HAM10000_images_part_1/ISIC_0026971.jpg,test,5,5,nv,nv,0.87361157,True,nv → nv,0.013691145,0.0071995775,0.010078373,0.017759442,0.022457285,0.87361157,0.055202525
HAM_0007034,ISIC_0029529,nv,follow_up,40.0,male,trunk,data/raw/HAM10000_images_part_2/ISIC_0029529.jpg,test,5,5,nv,nv,0.85575163,True,nv → nv,0.0140455915,0.005626295,0.008222489,0.039627884,0.048525978,0.85575163,0.028200073
HAM_0005667,ISIC_0032394,nv,follow_up,40.0,male,back,data/raw/HAM10000_images_part_2/ISIC_0032394.jpg,test,5,5,nv,nv,0.7585634,True,nv → nv,0.06627069,0.02574041,0.026145035,0.0388385,0.050109703,0.7585634,0.034332246
HAM_0000051,ISIC_0026342,nv,follow_up,45.0,male,abdomen,data/raw/HAM10000_images_part_1/ISIC_0026342.jpg,test,5,5,nv,nv,0.87513417,True,nv → nv,0.027700366,0.01977424,0.0070425505,0.028732654,0.013440078,0.87513417,0.028175928
HAM_0001677,ISIC_0028191,nv,follow_up,35.0,female,upper extremity,data/raw/HAM10000_images_part_1/ISIC_0028191.jpg,test,5,5,nv,nv,0.8303046,True,nv → nv,0.029047528,0.018553777,0.009468907,0.046279356,0.020904863,0.8303046,0.045440935
HAM_0001581,ISIC_0027288,nv,follow_up,35.0,female,upper extremity,data/raw/HAM10000_images_part_1/ISIC_0027288.jpg,test,5,5,nv,nv,0.8600366,True,nv → nv,0.023613283,0.015356495,0.014205038,0.021660231,0.012194522,0.8600366,0.052933864
HAM_0007103,ISIC_0026271,nv,follow_up,65.0,female,abdomen,data/raw/HAM10000_images_part_1/ISIC_0026271.jpg,test,5,5,nv,nv,0.8753647,True,nv → nv,0.02528852,0.017428722,0.012874551,0.019162688,0.008288537,0.8753647,0.041592285
HAM_0007042,ISIC_0024754,nv,follow_up,30.0,male,back,data/raw/HAM10000_images_part_1/ISIC_0024754.jpg,test,5,5,nv,nv,0.60446715,True,nv → nv,0.11169643,0.021080535,0.11139934,0.024616798,0.08837731,0.60446715,0.03836244
HAM_0006072,ISIC_0027168,nv,follow_up,30.0,male,back,data/raw/HAM10000_images_part_1/ISIC_0027168.jpg,test,5,5,nv,nv,0.83890444,True,nv → nv,0.023594508,0.014234789,0.015597177,0.0482474,0.023159524,0.83890444,0.036262173
HAM_0006784,ISIC_0025486,nv,follow_up,50.0,female,trunk,data/raw/HAM10000_images_part_1/ISIC_0025486.jpg,test,5,5,nv,nv,0.8991401,True,nv → nv,0.013018551,0.010555741,0.004928996,0.024036381,0.0053684656,0.8991401,0.042951737
HAM_0005089,ISIC_0025673,nv,follow_up,45.0,male,upper extremity,data/raw/HAM10000_images_part_1/ISIC_0025673.jpg,test,5,5,nv,nv,0.67326057,True,nv → nv,0.03835213,0.18695699,0.011545497,0.046125393,0.009736735,0.67326057,0.034022648
HAM_0005138,ISIC_0027207,nv,follow_up,45.0,female,trunk,data/raw/HAM10000_images_part_1/ISIC_0027207.jpg,test,5,5,nv,nv,0.800965,True,nv → nv,0.03856252,0.016260557,0.019065734,0.026857492,0.036443867,0.800965,0.06184486
HAM_0006495,ISIC_0025215,nv,follow_up,45.0,female,trunk,data/raw/HAM10000_images_part_1/ISIC_0025215.jpg,test,5,5,nv,nv,0.8910624,True,nv → nv,0.020257443,0.010843716,0.0073328456,0.02678772,0.02225274,0.8910624,0.021463152
HAM_0001787,ISIC_0029700,nv,follow_up,45.0,female,lower extremity,data/raw/HAM10000_images_part_2/ISIC_0029700.jpg,test,5,5,nv,nv,0.85312825,True,nv → nv,0.013833957,0.006045438,0.0050123124,0.046329997,0.033338632,0.85312825,0.04231143
HAM_0004374,ISIC_0030651,nv,follow_up,35.0,male,back,data/raw/HAM10000_images_part_2/ISIC_0030651.jpg,test,5,5,nv,nv,0.88329524,True,nv → nv,0.0211295,0.013076454,0.004005411,0.051807977,0.0045509827,0.88329524,0.0221345
HAM_0001760,ISIC_0024389,nv,follow_up,45.0,male,lower extremity,data/raw/HAM10000_images_part_1/ISIC_0024389.jpg,test,5,5,nv,nv,0.85754067,True,nv → nv,0.0082328925,0.035100065,0.0050105676,0.030461239,0.011970216,0.85754067,0.05168437
HAM_0002695,ISIC_0028664,nv,follow_up,45.0,male,back,data/raw/HAM10000_images_part_1/ISIC_0028664.jpg,test,5,5,nv,nv,0.9198839,True,nv → nv,0.009471862,0.0071192337,0.0043558073,0.02497803,0.0045126416,0.9198839,0.029678628
HAM_0002212,ISIC_0029988,nv,follow_up,40.0,male,back,data/raw/HAM10000_images_part_2/ISIC_0029988.jpg,test,5,5,nv,nv,0.8780517,True,nv → nv,0.007292464,0.011274976,0.0020367813,0.069473304,0.008511423,0.8780517,0.023359397
HAM_0001003,ISIC_0028629,nv,follow_up,70.0,male,back,data/raw/HAM10000_images_part_1/ISIC_0028629.jpg,test,5,5,nv,nv,0.8364084,True,nv → nv,0.02289059,0.016267478,0.021929953,0.033575445,0.018759692,0.8364084,0.05016847
HAM_0002485,ISIC_0028351,nv,follow_up,35.0,male,upper extremity,data/raw/HAM10000_images_part_1/ISIC_0028351.jpg,test,5,5,nv,nv,0.89501953,True,nv → nv,0.013099746,0.014358465,0.004841123,0.033483345,0.0022383383,0.89501953,0.03695945
HAM_0006745,ISIC_0026363,nv,follow_up,35.0,male,back,data/raw/HAM10000_images_part_1/ISIC_0026363.jpg,test,5,5,nv,nv,0.8240699,True,nv → nv,0.021482734,0.023155658,0.012840646,0.058134645,0.01307366,0.8240699,0.04724273
HAM_0004355,ISIC_0030934,nv,follow_up,40.0,female,trunk,data/raw/HAM10000_images_part_2/ISIC_0030934.jpg,test,5,5,nv,nv,0.82727903,True,nv → nv,0.028512347,0.010852807,0.011878669,0.08126358,0.003744915,0.82727903,0.036468606
HAM_0007041,ISIC_0027341,nv,follow_up,25.0,male,lower extremity,data/raw/HAM10000_images_part_1/ISIC_0027341.jpg,test,5,5,nv,nv,0.89159733,True,nv → nv,0.015659664,0.006340008,0.010064543,0.025919095,0.00673825,0.89159733,0.043681055
HAM_0004562,ISIC_0031387,nv,follow_up,45.0,male,abdomen,data/raw/HAM10000_images_part_2/ISIC_0031387.jpg,test,5,5,nv,nv,0.78870636,True,nv → nv,0.02922709,0.020210005,0.0075988374,0.025022946,0.0433431,0.78870636,0.08589168
HAM_0001075,ISIC_0028743,nv,follow_up,30.0,female,back,data/raw/HAM10000_images_part_1/ISIC_0028743.jpg,test,5,5,nv,nv,0.92825174,True,nv → nv,0.011740626,0.0074314936,0.004272644,0.01934526,0.011533344,0.92825174,0.017424965
HAM_0007501,ISIC_0030780,nv,follow_up,45.0,male,trunk,data/raw/HAM10000_images_part_2/ISIC_0030780.jpg,test,5,5,nv,nv,0.8196883,True,nv → nv,0.04350551,0.01275181,0.016519334,0.053884134,0.02206097,0.8196883,0.03158995
HAM_0002500,ISIC_0028169,nv,follow_up,45.0,male,back,data/raw/HAM10000_images_part_1/ISIC_0028169.jpg,test,5,5,nv,nv,0.85767204,True,nv → nv,0.027149504,0.012112867,0.006580902,0.043022376,0.015441512,0.85767204,0.03802081
HAM_0006672,ISIC_0029096,nv,follow_up,30.0,female,trunk,data/raw/HAM10000_images_part_1/ISIC_0029096.jpg,test,5,5,nv,nv,0.8990359,True,nv → nv,0.014556097,0.0043300744,0.0051486935,0.031220514,0.014041194,0.8990359,0.03166754
HAM_0006995,ISIC_0025115,nv,follow_up,30.0,male,upper extremity,data/raw/HAM10000_images_part_1/ISIC_0025115.jpg,test,5,5,nv,nv,0.8767706,True,nv → nv,0.010232227,0.015478466,0.00778651,0.05023244,0.009615084,0.8767706,0.029884676
HAM_0002682,ISIC_0024478,nv,follow_up,45.0,female,trunk,data/raw/HAM10000_images_part_1/ISIC_0024478.jpg,test,5,5,nv,nv,0.85382265,True,nv → nv,0.02272475,0.027559813,0.018022366,0.03078591,0.010167612,0.85382265,0.03691688
HAM_0003413,ISIC_0030969,nv,follow_up,40.0,male,upper extremity,data/raw/HAM10000_images_part_2/ISIC_0030969.jpg,test,5,5,nv,nv,0.7703398,True,nv → nv,0.048227116,0.03029805,0.03292188,0.06626154,0.016323762,0.7703398,0.0356278
HAM_0006688,ISIC_0030699,nv,follow_up,50.0,male,abdomen,data/raw/HAM10000_images_part_2/ISIC_0030699.jpg,test,5,5,nv,nv,0.77038985,True,nv → nv,0.022528298,0.08650274,0.0033359071,0.015153771,0.08557567,0.77038985,0.016513804
HAM_0003242,ISIC_0031242,nv,follow_up,40.0,female,lower extremity,data/raw/HAM10000_images_part_2/ISIC_0031242.jpg,test,5,5,nv,nv,0.85056794,True,nv → nv,0.017075088,0.008047932,0.030527338,0.028676944,0.026343605,0.85056794,0.038761247
HAM_0001867,ISIC_0030136,nv,follow_up,55.0,female,back,data/raw/HAM10000_images_part_2/ISIC_0030136.jpg,test,5,5,nv,nv,0.7548192,True,nv → nv,0.023991391,0.03456661,0.022111282,0.08070208,0.035030477,0.7548192,0.048778906
HAM_0005152,ISIC_0030112,nv,follow_up,40.0,male,abdomen,data/raw/HAM10000_images_part_2/ISIC_0030112.jpg,test,5,5,nv,nv,0.92281204,True,nv → nv,0.008777898,0.008163791,0.0018961969,0.024057278,0.0040134946,0.92281204,0.030279268
HAM_0002422,ISIC_0031566,nv,follow_up,60.0,male,lower extremity,data/raw/HAM10000_images_part_2/ISIC_0031566.jpg,test,5,5,nv,nv,0.91075045,True,nv → nv,0.004888415,0.014346265,0.005516718,0.020051248,0.00243244,0.91075045,0.04201451
HAM_0000355,ISIC_0027842,nv,follow_up,30.0,male,abdomen,data/raw/HAM10000_images_part_1/ISIC_0027842.jpg,test,5,5,nv,nv,0.8073556,True,nv → nv,0.019296108,0.010528982,0.0076956456,0.05560131,0.05532899,0.8073556,0.04419337
HAM_0006485,ISIC_0024423,nv,follow_up,40.0,male,trunk,data/raw/HAM10000_images_part_1/ISIC_0024423.jpg,test,5,5,nv,nv,0.82981586,True,nv → nv,0.025658024,0.018577801,0.009868088,0.029175038,0.035424035,0.82981586,0.051481128
HAM_0000660,ISIC_0028953,nv,follow_up,40.0,male,abdomen,data/raw/HAM10000_images_part_1/ISIC_0028953.jpg,test,5,5,nv,nv,0.86885697,True,nv → nv,0.021401597,0.010848072,0.0075087068,0.036328766,0.01990329,0.86885697,0.03515259
HAM_0007061,ISIC_0031433,nv,follow_up,50.0,male,abdomen,data/raw/HAM10000_images_part_2/ISIC_0031433.jpg,test,5,5,nv,nv,0.76985776,True,nv → nv,0.032418046,0.054936476,0.007878498,0.028068114,0.040254574,0.76985776,0.066586494
HAM_0004770,ISIC_0032495,nv,follow_up,50.0,male,lower extremity,data/raw/HAM10000_images_part_2/ISIC_0032495.jpg,test,5,5,nv,nv,0.9205053,True,nv → nv,0.008190338,0.011953504,0.0017945558,0.008817942,0.0058672554,0.9205053,0.04287104
HAM_0003956,ISIC_0030190,nv,follow_up,55.0,female,upper extremity,data/raw/HAM10000_images_part_2/ISIC_0030190.jpg,test,5,5,nv,nv,0.89331955,True,nv → nv,0.011274559,0.013246023,0.014867155,0.048541747,0.0035554252,0.89331955,0.015195564
HAM_0006677,ISIC_0025426,nv,follow_up,60.0,male,trunk,data/raw/HAM10000_images_part_1/ISIC_0025426.jpg,test,5,5,nv,nv,0.9174874,True,nv → nv,0.005969583,0.0046864687,0.0013985375,0.054876436,0.0004901974,0.9174874,0.015091391
HAM_0006427,ISIC_0028704,nv,follow_up,60.0,male,upper extremity,data/raw/HAM10000_images_part_1/ISIC_0028704.jpg,test,5,5,nv,nv,0.94987357,True,nv → nv,0.0069551216,0.0044910074,0.0038149885,0.011660196,0.0023017013,0.94987357,0.020903377
HAM_0001222,ISIC_0029916,nv,follow_up,60.0,male,back,data/raw/HAM10000_images_part_2/ISIC_0029916.jpg,test,5,5,nv,nv,0.85266054,True,nv → nv,0.026798138,0.02206329,0.010549888,0.0441825,0.008556313,0.85266054,0.0351894
HAM_0003581,ISIC_0030051,nv,follow_up,40.0,male,trunk,data/raw/HAM10000_images_part_2/ISIC_0030051.jpg,test,5,5,nv,nv,0.8225207,True,nv → nv,0.03712525,0.016645348,0.0052046985,0.027259769,0.03089407,0.8225207,0.060350176
HAM_0003285,ISIC_0029907,nv,follow_up,30.0,female,back,data/raw/HAM10000_images_part_2/ISIC_0029907.jpg,test,5,5,nv,nv,0.9077068,True,nv → nv,0.012761474,0.006146404,0.003706832,0.02523272,0.008457821,0.9077068,0.035987984
HAM_0005358,ISIC_0026982,nv,follow_up,50.0,male,lower extremity,data/raw/HAM10000_images_part_1/ISIC_0026982.jpg,test,5,5,nv,nv,0.89757204,True,nv → nv,0.01752741,0.011063333,0.009078453,0.035630837,0.009449821,0.89757204,0.019678034
HAM_0001714,ISIC_0032354,nv,follow_up,30.0,female,trunk,data/raw/HAM10000_images_part_2/ISIC_0032354.jpg,test,5,5,nv,nv,0.5800394,True,nv → nv,0.045675498,0.1917688,0.031424705,0.08224304,0.023079712,0.5800394,0.045768898
HAM_0004557,ISIC_0032465,nv,follow_up,30.0,female,trunk,data/raw/HAM10000_images_part_2/ISIC_0032465.jpg,test,5,5,nv,nv,0.8201501,True,nv → nv,0.01791993,0.041485764,0.0067737754,0.066738404,0.0054327147,0.8201501,0.041499343
HAM_0002415,ISIC_0026121,nv,follow_up,30.0,female,trunk,data/raw/HAM10000_images_part_1/ISIC_0026121.jpg,test,5,5,nv,nv,0.8789599,True,nv → nv,0.021152934,0.026774095,0.00970132,0.029524315,0.0034513455,0.8789599,0.03043599
HAM_0002678,ISIC_0030739,nv,follow_up,30.0,female,trunk,data/raw/HAM10000_images_part_2/ISIC_0030739.jpg,test,5,5,nv,nv,0.6248293,True,nv → nv,0.011571257,0.26642898,0.0026311611,0.031723466,0.0018839979,0.6248293,0.060931873
HAM_0006571,ISIC_0025418,nv,follow_up,30.0,female,upper extremity,data/raw/HAM10000_images_part_1/ISIC_0025418.jpg,test,5,5,nv,nv,0.9136681,True,nv → nv,0.018972738,0.009600606,0.0038797907,0.027464492,0.007441083,0.9136681,0.018973108
HAM_0003116,ISIC_0030453,nv,follow_up,30.0,female,lower extremity,data/raw/HAM10000_images_part_2/ISIC_0030453.jpg,test,5,5,nv,nv,0.88247967,True,nv → nv,0.016328659,0.011481594,0.014631949,0.032755475,0.010331129,0.88247967,0.03199153
HAM_0006023,ISIC_0025002,nv,follow_up,35.0,male,trunk,data/raw/HAM10000_images_part_1/ISIC_0025002.jpg,test,5,5,nv,nv,0.8596267,True,nv → nv,0.014548088,0.026809404,0.007932876,0.031020615,0.0059991986,0.8596267,0.054063108
HAM_0003953,ISIC_0027158,nv,follow_up,45.0,male,back,data/raw/HAM10000_images_part_1/ISIC_0027158.jpg,test,5,5,nv,nv,0.8214177,True,nv → nv,0.033362206,0.02602904,0.011982844,0.037107185,0.01361002,0.8214177,0.05649098
HAM_0003442,ISIC_0027929,nv,follow_up,45.0,male,back,data/raw/HAM10000_images_part_1/ISIC_0027929.jpg,test,5,5,nv,nv,0.84399873,True,nv → nv,0.024182092,0.01233204,0.015952649,0.037431058,0.016766058,0.84399873,0.049337335
HAM_0003554,ISIC_0027494,nv,follow_up,45.0,male,trunk,data/raw/HAM10000_images_part_1/ISIC_0027494.jpg,test,5,5,nv,nv,0.873871,True,nv → nv,0.019111656,0.010839776,0.009652403,0.038431644,0.012761365,0.873871,0.035332084
HAM_0004484,ISIC_0025124,nv,follow_up,45.0,male,trunk,data/raw/HAM10000_images_part_1/ISIC_0025124.jpg,test,5,5,nv,nv,0.79324216,True,nv → nv,0.011417186,0.018443571,0.034870215,0.03791472,0.005819814,0.79324216,0.09829241
HAM_0003705,ISIC_0025263,nv,follow_up,50.0,male,trunk,data/raw/HAM10000_images_part_1/ISIC_0025263.jpg,test,5,5,nv,nv,0.9530407,True,nv → nv,0.007278381,0.01124254,0.0015788081,0.013198192,0.00045610123,0.9530407,0.013205299
HAM_0004477,ISIC_0026646,nv,follow_up,50.0,male,trunk,data/raw/HAM10000_images_part_1/ISIC_0026646.jpg,test,5,5,nv,nv,0.77431136,True,nv → nv,0.015656076,0.018190453,0.009595083,0.17181493,0.0033973835,0.77431136,0.0070347236
HAM_0003510,ISIC_0031507,nv,follow_up,65.0,male,trunk,data/raw/HAM10000_images_part_2/ISIC_0031507.jpg,test,5,5,nv,nv,0.6535842,True,nv → nv,0.03026915,0.05642624,0.10068714,0.062209938,0.057624992,0.6535842,0.039198324
HAM_0004804,ISIC_0030497,nv,follow_up,25.0,female,back,data/raw/HAM10000_images_part_2/ISIC_0030497.jpg,test,5,5,nv,nv,0.798006,True,nv → nv,0.014280257,0.025802057,0.010523031,0.026109608,0.08352691,0.798006,0.041752115
HAM_0003498,ISIC_0024609,nv,follow_up,40.0,male,trunk,data/raw/HAM10000_images_part_1/ISIC_0024609.jpg,test,5,5,nv,nv,0.8180644,True,nv → nv,0.035873152,0.07336404,0.0034918562,0.027429711,0.013352267,0.8180644,0.028424587
HAM_0004486,ISIC_0031448,nv,follow_up,45.0,male,upper extremity,data/raw/HAM10000_images_part_2/ISIC_0031448.jpg,test,5,5,nv,nv,0.877113,True,nv → nv,0.017983703,0.00823217,0.016796218,0.024671404,0.02849609,0.877113,0.026707456
HAM_0007314,ISIC_0031152,nv,follow_up,40.0,female,trunk,data/raw/HAM10000_images_part_2/ISIC_0031152.jpg,test,5,5,nv,nv,0.8742055,True,nv → nv,0.016332021,0.0071154702,0.009353184,0.04643612,0.012313709,0.8742055,0.03424388
HAM_0005414,ISIC_0027054,nv,follow_up,40.0,female,trunk,data/raw/HAM10000_images_part_1/ISIC_0027054.jpg,test,5,5,nv,nv,0.8644018,True,nv → nv,0.029475654,0.0142584955,0.006290444,0.059817217,0.008659983,0.8644018,0.017096374
HAM_0000864,ISIC_0028716,nv,follow_up,40.0,female,abdomen,data/raw/HAM10000_images_part_1/ISIC_0028716.jpg,test,5,5,nv,nv,0.8459596,True,nv → nv,0.023680607,0.009663446,0.016242528,0.021373231,0.0303825,0.8459596,0.052698083
HAM_0007064,ISIC_0032282,nv,follow_up,40.0,female,back,data/raw/HAM10000_images_part_2/ISIC_0032282.jpg,test,5,5,nv,nv,0.9148124,True,nv → nv,0.018954733,0.010387547,0.0040859752,0.026904443,0.00291244,0.9148124,0.02194244
HAM_0003494,ISIC_0031347,nv,follow_up,40.0,female,back,data/raw/HAM10000_images_part_2/ISIC_0031347.jpg,test,5,5,nv,nv,0.8559054,True,nv → nv,0.018774198,0.0054541747,0.0028833647,0.02265262,0.05971191,0.8559054,0.03461828
HAM_0002690,ISIC_0028828,nv,follow_up,70.0,male,trunk,data/raw/HAM10000_images_part_1/ISIC_0028828.jpg,test,5,5,nv,nv,0.70745796,True,nv → nv,0.06612752,0.06311907,0.009860932,0.029517248,0.04313687,0.70745796,0.0807804
HAM_0001844,ISIC_0026736,nv,follow_up,70.0,male,abdomen,data/raw/HAM10000_images_part_1/ISIC_0026736.jpg,test,5,5,nv,nv,0.7809157,True,nv → nv,0.03934703,0.015237285,0.049892116,0.036077276,0.04609555,0.7809157,0.03243508
HAM_0002273,ISIC_0026772,nv,follow_up,70.0,male,lower extremity,data/raw/HAM10000_images_part_1/ISIC_0026772.jpg,test,5,5,nv,nv,0.865737,True,nv → nv,0.011499341,0.039423812,0.003980664,0.041143198,0.0032137865,0.865737,0.03500223
HAM_0002081,ISIC_0029120,nv,follow_up,70.0,male,trunk,data/raw/HAM10000_images_part_1/ISIC_0029120.jpg,test,5,5,nv,nv,0.6941453,True,nv → nv,0.034420706,0.020963423,0.047141716,0.03879181,0.115839764,0.6941453,0.04869731
HAM_0004251,ISIC_0026673,nv,follow_up,70.0,male,trunk,data/raw/HAM10000_images_part_1/ISIC_0026673.jpg,test,5,5,nv,nv,0.86523205,True,nv → nv,0.012614133,0.01467081,0.009805116,0.027093332,0.015922448,0.86523205,0.05466213
HAM_0005216,ISIC_0032161,nv,follow_up,70.0,male,back,data/raw/HAM10000_images_part_2/ISIC_0032161.jpg,test,5,5,nv,nv,0.84992015,True,nv → nv,0.02409722,0.011437067,0.01229777,0.026726559,0.012146855,0.84992015,0.06337441
HAM_0005741,ISIC_0027222,nv,follow_up,40.0,male,trunk,data/raw/HAM10000_images_part_1/ISIC_0027222.jpg,test,5,5,nv,nv,0.8449421,True,nv → nv,0.024836099,0.06361195,0.004048244,0.025721945,0.008984583,0.8449421,0.027855044
HAM_0006515,ISIC_0025828,nv,follow_up,40.0,female,abdomen,data/raw/HAM10000_images_part_1/ISIC_0025828.jpg,test,5,5,nv,nv,0.9035793,True,nv → nv,0.008491207,0.008162707,0.0032201738,0.033789705,0.015023991,0.9035793,0.027732935
HAM_0003844,ISIC_0027169,nv,follow_up,50.0,male,back,data/raw/HAM10000_images_part_1/ISIC_0027169.jpg,test,5,5,nv,nv,0.8351604,True,nv → nv,0.017578484,0.016080627,0.0098532755,0.062551975,0.012833807,0.8351604,0.04594142
HAM_0005734,ISIC_0025048,nv,follow_up,50.0,male,trunk,data/raw/HAM10000_images_part_1/ISIC_0025048.jpg,test,5,5,nv,nv,0.8659214,True,nv → nv,0.027459728,0.019251341,0.007729684,0.029091906,0.00789777,0.8659214,0.042648174
HAM_0007156,ISIC_0025893,nv,follow_up,45.0,male,lower extremity,data/raw/HAM10000_images_part_1/ISIC_0025893.jpg,test,5,5,nv,nv,0.83931804,True,nv → nv,0.014762618,0.020796493,0.0065189474,0.09402087,0.008937258,0.83931804,0.015645757
HAM_0007322,ISIC_0030205,nv,follow_up,35.0,female,trunk,data/raw/HAM10000_images_part_2/ISIC_0030205.jpg,test,5,5,nv,nv,0.82781136,True,nv → nv,0.030293388,0.014852049,0.008617137,0.04887874,0.026868654,0.82781136,0.042678785
HAM_0002516,ISIC_0028315,nv,follow_up,35.0,female,lower extremity,data/raw/HAM10000_images_part_1/ISIC_0028315.jpg,test,5,5,nv,nv,0.8281295,True,nv → nv,0.021141993,0.016188022,0.0149033945,0.02929719,0.026396772,0.8281295,0.06394313
HAM_0007071,ISIC_0030449,nv,follow_up,35.0,female,trunk,data/raw/HAM10000_images_part_2/ISIC_0030449.jpg,test,5,5,nv,nv,0.85524124,True,nv → nv,0.025712159,0.020335235,0.016685612,0.02983208,0.011406565,0.85524124,0.040787056
HAM_0000503,ISIC_0029236,nv,follow_up,65.0,female,abdomen,data/raw/HAM10000_images_part_1/ISIC_0029236.jpg,test,5,5,nv,nv,0.8223257,True,nv → nv,0.017408146,0.01609326,0.029846132,0.02697467,0.029310321,0.8223257,0.058041733
HAM_0003061,ISIC_0032262,nv,follow_up,65.0,female,upper extremity,data/raw/HAM10000_images_part_2/ISIC_0032262.jpg,test,5,5,nv,nv,0.83891845,True,nv → nv,0.014082681,0.031088592,0.014686244,0.056814004,0.013318098,0.83891845,0.031091955
HAM_0003247,ISIC_0026707,nv,follow_up,40.0,female,abdomen,data/raw/HAM10000_images_part_1/ISIC_0026707.jpg,test,5,5,nv,nv,0.9010372,True,nv → nv,0.012940625,0.013628383,0.003997535,0.036291964,0.003587915,0.9010372,0.028516425
HAM_0003618,ISIC_0028234,nv,follow_up,50.0,male,trunk,data/raw/HAM10000_images_part_1/ISIC_0028234.jpg,test,5,5,nv,nv,0.84137803,True,nv → nv,0.013376068,0.0073628947,0.013913984,0.018064566,0.04378358,0.84137803,0.062120803
HAM_0003592,ISIC_0031416,nv,follow_up,50.0,male,trunk,data/raw/HAM10000_images_part_2/ISIC_0031416.jpg,test,5,5,nv,nv,0.74452406,True,nv → nv,0.016504446,0.017103206,0.01068108,0.019634686,0.06889814,0.74452406,0.12265441
HAM_0007012,ISIC_0030865,nv,follow_up,50.0,male,abdomen,data/raw/HAM10000_images_part_2/ISIC_0030865.jpg,test,5,5,nv,nv,0.84234226,True,nv → nv,0.010621904,0.0053375103,0.012406657,0.022552304,0.032735106,0.84234226,0.07400424
HAM_0001205,ISIC_0025034,nv,follow_up,50.0,male,abdomen,data/raw/HAM10000_images_part_1/ISIC_0025034.jpg,test,5,5,nv,nv,0.88973325,True,nv → nv,0.009755025,0.004464574,0.0050262017,0.017917233,0.03590573,0.88973325,0.03719803
HAM_0000606,ISIC_0030109,nv,follow_up,50.0,male,trunk,data/raw/HAM10000_images_part_2/ISIC_0030109.jpg,test,5,5,nv,nv,0.7582641,True,nv → nv,0.046455942,0.03693002,0.012097229,0.02273356,0.028826945,0.7582641,0.094692215
HAM_0002006,ISIC_0025360,nv,follow_up,50.0,male,back,data/raw/HAM10000_images_part_1/ISIC_0025360.jpg,test,5,5,nv,nv,0.83862925,True,nv → nv,0.025393564,0.012401017,0.01268474,0.047872424,0.019426443,0.83862925,0.043592528
HAM_0002927,ISIC_0028012,nv,follow_up,50.0,male,trunk,data/raw/HAM10000_images_part_1/ISIC_0028012.jpg,test,5,5,nv,nv,0.8617223,True,nv → nv,0.0106139155,0.015873518,0.0025977162,0.019945359,0.04309612,0.8617223,0.0461511
HAM_0005165,ISIC_0030108,nv,follow_up,50.0,male,lower extremity,data/raw/HAM10000_images_part_2/ISIC_0030108.jpg,test,5,5,nv,nv,0.8275506,True,nv → nv,0.015135264,0.024456318,0.011179484,0.038207453,0.025416436,0.8275506,0.058054447
HAM_0003547,ISIC_0027921,nv,follow_up,50.0,male,lower extremity,data/raw/HAM10000_images_part_1/ISIC_0027921.jpg,test,5,5,nv,nv,0.86688715,True,nv → nv,0.0117321815,0.0030988115,0.0053655603,0.031238584,0.027863191,0.86688715,0.05381449
HAM_0005512,ISIC_0025194,nv,follow_up,35.0,female,abdomen,data/raw/HAM10000_images_part_1/ISIC_0025194.jpg,test,5,5,nv,nv,0.886356,True,nv → nv,0.018488238,0.00926279,0.012175342,0.026334703,0.013158364,0.886356,0.034224544
HAM_0004887,ISIC_0024717,nv,follow_up,35.0,female,back,data/raw/HAM10000_images_part_1/ISIC_0024717.jpg,test,5,5,nv,nv,0.804535,True,nv → nv,0.011399458,0.015594862,0.011626244,0.10630676,0.0014405751,0.804535,0.04909701
HAM_0000200,ISIC_0028213,nv,follow_up,35.0,female,lower extremity,data/raw/HAM10000_images_part_1/ISIC_0028213.jpg,test,5,5,nv,nv,0.82544184,True,nv → nv,0.012454002,0.009553866,0.013343985,0.1204614,0.008552351,0.82544184,0.010192632
HAM_0002780,ISIC_0028732,nv,follow_up,70.0,male,lower extremity,data/raw/HAM10000_images_part_1/ISIC_0028732.jpg,test,5,5,nv,nv,0.63147503,True,nv → nv,0.0065355077,0.0073097176,0.011207217,0.021843545,0.020708678,0.63147503,0.30092028
HAM_0006503,ISIC_0032217,nv,follow_up,45.0,female,lower extremity,data/raw/HAM10000_images_part_2/ISIC_0032217.jpg,test,5,5,nv,nv,0.8520926,True,nv → nv,0.0090865735,0.0050993497,0.0118339425,0.026061235,0.011215724,0.8520926,0.08461056
HAM_0004089,ISIC_0026589,nv,follow_up,45.0,female,upper extremity,data/raw/HAM10000_images_part_1/ISIC_0026589.jpg,test,5,5,nv,nv,0.9071626,True,nv → nv,0.016782053,0.0061990735,0.0035945997,0.038683314,0.0040822765,0.9071626,0.023496028
HAM_0006439,ISIC_0028423,nv,histo,30.0,female,neck,data/raw/HAM10000_images_part_1/ISIC_0028423.jpg,test,5,5,nv,nv,0.42907384,True,nv → nv,0.02027853,0.014881144,0.07976756,0.06574383,0.35388666,0.42907384,0.036368534
HAM_0006439,ISIC_0025621,nv,histo,30.0,female,neck,data/raw/HAM10000_images_part_1/ISIC_0025621.jpg,test,5,5,nv,nv,0.64585847,True,nv → nv,0.023300443,0.015847001,0.12559442,0.04244702,0.096946865,0.64585847,0.050005835
HAM_0000892,ISIC_0024594,nv,histo,40.0,male,trunk,data/raw/HAM10000_images_part_1/ISIC_0024594.jpg,test,5,5,nv,nv,0.5172995,True,nv → nv,0.0309922,0.145661,0.13940933,0.049918544,0.10263779,0.5172995,0.014081632
HAM_0000892,ISIC_0029845,nv,histo,40.0,male,trunk,data/raw/HAM10000_images_part_2/ISIC_0029845.jpg,test,5,5,nv,nv,0.5511568,True,nv → nv,0.017351175,0.006461093,0.03720336,0.030376235,0.33859473,0.5511568,0.018856537
HAM_0004997,ISIC_0027305,nv,histo,35.0,male,back,data/raw/HAM10000_images_part_1/ISIC_0027305.jpg,test,5,5,nv,nv,0.7781265,True,nv → nv,0.03068189,0.08710282,0.0257381,0.03124751,0.0326552,0.7781265,0.014448006
HAM_0004997,ISIC_0027718,nv,histo,35.0,male,back,data/raw/HAM10000_images_part_1/ISIC_0027718.jpg,test,5,5,nv,nv,0.7183158,True,nv → nv,0.014154114,0.091597185,0.028252231,0.033885576,0.097699486,0.7183158,0.01609567
HAM_0000028,ISIC_0026012,nv,histo,35.0,female,back,data/raw/HAM10000_images_part_1/ISIC_0026012.jpg,test,5,5,nv,nv,0.8224694,True,nv → nv,0.0073478534,0.0056479587,0.022136895,0.031538215,0.065712094,0.8224694,0.04514764
HAM_0000028,ISIC_0029752,nv,histo,35.0,female,back,data/raw/HAM10000_images_part_2/ISIC_0029752.jpg,test,5,5,nv,nv,0.8001098,True,nv → nv,0.013603805,0.010065861,0.06853948,0.03921459,0.025866091,0.8001098,0.04260041
HAM_0004380,ISIC_0026251,nv,histo,30.0,female,face,data/raw/HAM10000_images_part_1/ISIC_0026251.jpg,test,5,5,nv,nv,0.40198284,True,nv → nv,0.14310758,0.091607206,0.093863934,0.050972905,0.18897788,0.40198284,0.029487606
HAM_0004380,ISIC_0029072,nv,histo,30.0,female,face,data/raw/HAM10000_images_part_1/ISIC_0029072.jpg,test,5,5,nv,nv,0.6700469,True,nv → nv,0.043188475,0.18614301,0.0063790088,0.04613779,0.028279489,0.6700469,0.019825356
HAM_0006150,ISIC_0031404,nv,histo,70.0,male,back,data/raw/HAM10000_images_part_2/ISIC_0031404.jpg,test,5,1,nv,bcc,0.85521716,False,nv → bcc,0.07284971,0.85521716,0.015963234,0.017670853,0.015702765,0.01110443,0.011491907
HAM_0006150,ISIC_0026569,nv,histo,70.0,male,back,data/raw/HAM10000_images_part_1/ISIC_0026569.jpg,test,5,1,nv,bcc,0.7072792,False,nv → bcc,0.10881987,0.7072792,0.007736854,0.046273638,0.020824129,0.025599493,0.08346689
HAM_0002120,ISIC_0029735,nv,histo,50.0,male,chest,data/raw/HAM10000_images_part_2/ISIC_0029735.jpg,test,5,5,nv,nv,0.68850607,True,nv → nv,0.011775912,0.012302548,0.039522015,0.026336512,0.19998819,0.68850607,0.021568745
HAM_0002120,ISIC_0028010,nv,histo,50.0,male,chest,data/raw/HAM10000_images_part_1/ISIC_0028010.jpg,test,5,5,nv,nv,0.69887495,True,nv → nv,0.007299253,0.003968724,0.08609341,0.043639276,0.14960721,0.69887495,0.010517186
HAM_0007123,ISIC_0025672,nv,histo,70.0,male,hand,data/raw/HAM10000_images_part_1/ISIC_0025672.jpg,test,5,5,nv,nv,0.55091494,True,nv → nv,0.027778726,0.12329322,0.0031892597,0.2661154,0.007729246,0.55091494,0.02097923
HAM_0007123,ISIC_0030664,nv,histo,70.0,male,hand,data/raw/HAM10000_images_part_2/ISIC_0030664.jpg,test,5,5,nv,nv,0.83728784,True,nv → nv,0.0016287038,0.013455433,0.008439795,0.031792328,0.015773019,0.83728784,0.09162283
HAM_0005237,ISIC_0031733,nv,histo,70.0,male,hand,data/raw/HAM10000_images_part_2/ISIC_0031733.jpg,test,5,5,nv,nv,0.67702997,True,nv → nv,0.003824278,0.022000298,0.036482036,0.048181612,0.030180188,0.67702997,0.18230164
HAM_0005237,ISIC_0027240,nv,histo,70.0,male,hand,data/raw/HAM10000_images_part_1/ISIC_0027240.jpg,test,5,0,nv,akiec,0.20168808,False,nv → akiec,0.20168808,0.18291716,0.09775512,0.08031684,0.16239378,0.18911563,0.08581337
HAM_0001813,ISIC_0030858,nv,histo,60.0,male,trunk,data/raw/HAM10000_images_part_2/ISIC_0030858.jpg,test,5,2,nv,bkl,0.367684,False,nv → bkl,0.04120085,0.10234914,0.367684,0.074481584,0.06336581,0.2983625,0.052556023
HAM_0001813,ISIC_0030609,nv,histo,60.0,male,trunk,data/raw/HAM10000_images_part_2/ISIC_0030609.jpg,test,5,4,nv,mel,0.43830073,False,nv → mel,0.042592358,0.013771448,0.081702046,0.03149304,0.43830073,0.34350783,0.048632644
HAM_0002198,ISIC_0024314,nv,histo,75.0,male,lower extremity,data/raw/HAM10000_images_part_1/ISIC_0024314.jpg,test,5,5,nv,nv,0.40726274,True,nv → nv,0.049631026,0.03878254,0.12097525,0.051678542,0.23495145,0.40726274,0.096718475
HAM_0002198,ISIC_0026722,nv,histo,75.0,male,lower extremity,data/raw/HAM10000_images_part_1/ISIC_0026722.jpg,test,5,1,nv,bcc,0.63394636,False,nv → bcc,0.12975757,0.63394636,0.0150308525,0.030365886,0.07537543,0.066943556,0.048580423
HAM_0003848,ISIC_0027077,nv,histo,55.0,female,abdomen,data/raw/HAM10000_images_part_1/ISIC_0027077.jpg,test,5,5,nv,nv,0.6365201,True,nv → nv,0.010294464,0.012864399,0.056947805,0.038656004,0.11781023,0.6365201,0.126907
HAM_0003848,ISIC_0032096,nv,histo,55.0,female,abdomen,data/raw/HAM10000_images_part_2/ISIC_0032096.jpg,test,5,2,nv,bkl,0.5267824,False,nv → bkl,0.009711531,0.0049166363,0.5267824,0.015968584,0.13920169,0.2788255,0.024593677
HAM_0001342,ISIC_0029366,nv,histo,55.0,female,abdomen,data/raw/HAM10000_images_part_2/ISIC_0029366.jpg,test,5,5,nv,nv,0.3980681,True,nv → nv,0.020080581,0.026114857,0.15366007,0.05065111,0.273313,0.3980681,0.07811222
HAM_0001342,ISIC_0032378,nv,histo,55.0,female,abdomen,data/raw/HAM10000_images_part_2/ISIC_0032378.jpg,test,5,5,nv,nv,0.688747,True,nv → nv,0.0065291575,0.007744943,0.07524115,0.015637673,0.18028748,0.688747,0.025812566
HAM_0003327,ISIC_0029430,nv,histo,45.0,male,upper extremity,data/raw/HAM10000_images_part_2/ISIC_0029430.jpg,test,5,5,nv,nv,0.735082,True,nv → nv,0.08773755,0.088246815,0.009390877,0.043169238,0.0274624,0.735082,0.008911124
HAM_0003327,ISIC_0027312,nv,histo,45.0,male,upper extremity,data/raw/HAM10000_images_part_1/ISIC_0027312.jpg,test,5,5,nv,nv,0.4270947,True,nv → nv,0.11517267,0.16766325,0.10326674,0.10861303,0.050558742,0.4270947,0.02763082
HAM_0005447,ISIC_0027427,nv,histo,70.0,male,back,data/raw/HAM10000_images_part_1/ISIC_0027427.jpg,test,5,5,nv,nv,0.8238788,True,nv → nv,0.00086533284,0.019783285,0.001962088,0.0028232571,0.006788018,0.8238788,0.14389926
HAM_0005447,ISIC_0026389,nv,histo,70.0,male,back,data/raw/HAM10000_images_part_1/ISIC_0026389.jpg,test,5,5,nv,nv,0.76387256,True,nv → nv,0.0031891936,0.037209123,0.026474731,0.011571028,0.007188206,0.76387256,0.15049516
HAM_0006359,ISIC_0028385,nv,histo,45.0,female,foot,data/raw/HAM10000_images_part_1/ISIC_0028385.jpg,test,5,5,nv,nv,0.54145765,True,nv → nv,0.005310867,0.0075836047,0.29145598,0.024659863,0.10292579,0.54145765,0.026606262
HAM_0006359,ISIC_0027403,nv,histo,45.0,female,foot,data/raw/HAM10000_images_part_1/ISIC_0027403.jpg,test,5,5,nv,nv,0.59782535,True,nv → nv,0.007869762,0.0015028171,0.24848853,0.061105248,0.052362252,0.59782535,0.03084606
HAM_0006742,ISIC_0027031,nv,histo,30.0,male,back,data/raw/HAM10000_images_part_1/ISIC_0027031.jpg,test,5,5,nv,nv,0.7726292,True,nv → nv,0.0050743786,0.003998234,0.019213818,0.04131049,0.15411064,0.7726292,0.0036632516
HAM_0006742,ISIC_0024813,nv,histo,30.0,male,back,data/raw/HAM10000_images_part_1/ISIC_0024813.jpg,test,5,4,nv,mel,0.45830283,False,nv → mel,0.0073774876,0.0063155796,0.039829556,0.031743165,0.45830283,0.4406124,0.015818905
HAM_0006914,ISIC_0027462,nv,histo,75.0,male,abdomen,data/raw/HAM10000_images_part_1/ISIC_0027462.jpg,test,5,5,nv,nv,0.5816691,True,nv → nv,0.009756184,0.004632444,0.04375346,0.02112283,0.3219651,0.5816691,0.017100893
HAM_0006914,ISIC_0025254,nv,histo,75.0,male,abdomen,data/raw/HAM10000_images_part_1/ISIC_0025254.jpg,test,5,4,nv,mel,0.6068066,False,nv → mel,0.010488862,0.0044390257,0.030885171,0.029485835,0.6068066,0.29303226,0.024862261
HAM_0007476,ISIC_0025108,nv,histo,40.0,female,back,data/raw/HAM10000_images_part_1/ISIC_0025108.jpg,test,5,5,nv,nv,0.65954596,True,nv → nv,0.012112381,0.008280571,0.03615756,0.027913306,0.20670375,0.65954596,0.04928649
HAM_0007476,ISIC_0029296,nv,histo,40.0,female,back,data/raw/HAM10000_images_part_1/ISIC_0029296.jpg,test,5,5,nv,nv,0.6659924,True,nv → nv,0.022294253,0.019918956,0.06368226,0.03978197,0.15642108,0.6659924,0.031909082
HAM_0003684,ISIC_0031646,nv,histo,75.0,male,face,data/raw/HAM10000_images_part_2/ISIC_0031646.jpg,test,5,5,nv,nv,0.53579587,True,nv → nv,0.014486289,0.008305385,0.2396769,0.044036675,0.14093485,0.53579587,0.016764008
HAM_0003684,ISIC_0031385,nv,histo,75.0,male,face,data/raw/HAM10000_images_part_2/ISIC_0031385.jpg,test,5,2,nv,bkl,0.49749616,False,nv → bkl,0.03419378,0.042010352,0.49749616,0.023421891,0.05987124,0.32257202,0.020434547
HAM_0006711,ISIC_0029986,nv,histo,70.0,male,trunk,data/raw/HAM10000_images_part_2/ISIC_0029986.jpg,test,5,4,nv,mel,0.8253191,False,nv → mel,0.031943176,0.012037938,0.030553354,0.016198114,0.8253191,0.07040279,0.013545516
HAM_0006711,ISIC_0027010,nv,histo,70.0,male,trunk,data/raw/HAM10000_images_part_1/ISIC_0027010.jpg,test,5,2,nv,bkl,0.410699,False,nv → bkl,0.06398593,0.09176424,0.410699,0.020068357,0.15799308,0.25080532,0.0046840627
HAM_0004461,ISIC_0031817,nv,histo,20.0,female,lower extremity,data/raw/HAM10000_images_part_2/ISIC_0031817.jpg,test,5,5,nv,nv,0.6935804,True,nv → nv,0.011223787,0.0030435543,0.06356235,0.06828738,0.13916568,0.6935804,0.021136763
HAM_0004461,ISIC_0032421,nv,histo,20.0,female,lower extremity,data/raw/HAM10000_images_part_2/ISIC_0032421.jpg,test,5,4,nv,mel,0.45485324,False,nv → mel,0.009905417,0.003104274,0.13185343,0.066823296,0.45485324,0.3188657,0.014594739
HAM_0003627,ISIC_0024855,nv,histo,30.0,female,back,data/raw/HAM10000_images_part_1/ISIC_0024855.jpg,test,5,5,nv,nv,0.7476366,True,nv → nv,0.014691563,0.0033323143,0.0148200495,0.035684656,0.140454,0.7476366,0.04338071
HAM_0003627,ISIC_0026497,nv,histo,30.0,female,back,data/raw/HAM10000_images_part_1/ISIC_0026497.jpg,test,5,5,nv,nv,0.48066887,True,nv → nv,0.0076513835,0.0017309393,0.0071263188,0.022428097,0.46270704,0.48066887,0.01768743
HAM_0001088,ISIC_0031959,nv,histo,45.0,female,upper extremity,data/raw/HAM10000_images_part_2/ISIC_0031959.jpg,test,5,2,nv,bkl,0.6691413,False,nv → bkl,0.006158266,0.004078642,0.6691413,0.012741214,0.073066965,0.2082823,0.026531259
HAM_0001088,ISIC_0032078,nv,histo,45.0,female,upper extremity,data/raw/HAM10000_images_part_2/ISIC_0032078.jpg,test,5,2,nv,bkl,0.8033723,False,nv → bkl,0.0061111017,0.0022822595,0.8033723,0.0069694626,0.052209534,0.11688334,0.012172005
HAM_0005484,ISIC_0032443,nv,histo,35.0,male,abdomen,data/raw/HAM10000_images_part_2/ISIC_0032443.jpg,test,5,5,nv,nv,0.8105285,True,nv → nv,0.022562312,0.0072034434,0.05889352,0.025673391,0.053339332,0.8105285,0.021799449
HAM_0004869,ISIC_0025370,nv,histo,15.0,female,lower extremity,data/raw/HAM10000_images_part_1/ISIC_0025370.jpg,test,5,5,nv,nv,0.6719679,True,nv → nv,0.012067562,0.0040153437,0.10875646,0.1154742,0.077208884,0.6719679,0.010509622
HAM_0005227,ISIC_0027768,nv,histo,75.0,male,face,data/raw/HAM10000_images_part_1/ISIC_0027768.jpg,test,5,2,nv,bkl,0.45713612,False,nv → bkl,0.037278395,0.02018096,0.45713612,0.033272192,0.19063383,0.201063,0.06043561
HAM_0005227,ISIC_0027410,nv,histo,75.0,male,face,data/raw/HAM10000_images_part_1/ISIC_0027410.jpg,test,5,5,nv,nv,0.62447596,True,nv → nv,0.015863921,0.0073323464,0.093439154,0.027321676,0.21264061,0.62447596,0.018926319
HAM_0000589,ISIC_0030194,nv,histo,15.0,female,neck,data/raw/HAM10000_images_part_2/ISIC_0030194.jpg,test,5,5,nv,nv,0.53622365,True,nv → nv,0.012585559,0.0020291666,0.06913839,0.017113201,0.33872527,0.53622365,0.024184778
HAM_0000589,ISIC_0027103,nv,histo,15.0,female,neck,data/raw/HAM10000_images_part_1/ISIC_0027103.jpg,test,5,5,nv,nv,0.6117496,True,nv → nv,0.024205301,0.007421446,0.06459288,0.027320383,0.22487447,0.6117496,0.039835967
HAM_0004156,ISIC_0025863,nv,histo,65.0,female,lower extremity,data/raw/HAM10000_images_part_1/ISIC_0025863.jpg,test,5,5,nv,nv,0.80705243,True,nv → nv,0.011992206,0.0051713674,0.00269811,0.0224037,0.118138276,0.80705243,0.032543905
HAM_0004156,ISIC_0024387,nv,histo,65.0,female,lower extremity,data/raw/HAM10000_images_part_1/ISIC_0024387.jpg,test,5,5,nv,nv,0.43953007,True,nv → nv,0.016987624,0.0031413743,0.21028529,0.034612834,0.27866304,0.43953007,0.016779877
HAM_0003222,ISIC_0031720,nv,histo,45.0,female,lower extremity,data/raw/HAM10000_images_part_2/ISIC_0031720.jpg,test,5,5,nv,nv,0.5153146,True,nv → nv,0.019681005,0.03800757,0.16874418,0.050149854,0.17620014,0.5153146,0.031902716
HAM_0003222,ISIC_0026382,nv,histo,45.0,female,lower extremity,data/raw/HAM10000_images_part_1/ISIC_0026382.jpg,test,5,5,nv,nv,0.7108623,True,nv → nv,0.013074726,0.043015145,0.05066408,0.056218833,0.0935895,0.7108623,0.032575324
HAM_0000230,ISIC_0029720,nv,histo,50.0,female,lower extremity,data/raw/HAM10000_images_part_2/ISIC_0029720.jpg,test,5,5,nv,nv,0.8463423,True,nv → nv,0.0072576124,0.0028044651,0.011807003,0.021019142,0.06965025,0.8463423,0.041119274
HAM_0000230,ISIC_0032150,nv,histo,50.0,female,lower extremity,data/raw/HAM10000_images_part_2/ISIC_0032150.jpg,test,5,5,nv,nv,0.73184156,True,nv → nv,0.006993978,0.027591385,0.11231768,0.049441613,0.028173288,0.73184156,0.04364053
HAM_0002575,ISIC_0028015,nv,histo,55.0,female,back,data/raw/HAM10000_images_part_1/ISIC_0028015.jpg,test,5,5,nv,nv,0.6091362,True,nv → nv,0.024080535,0.015420231,0.039111067,0.04563821,0.22021104,0.6091362,0.046402685
HAM_0002575,ISIC_0026781,nv,histo,55.0,female,back,data/raw/HAM10000_images_part_1/ISIC_0026781.jpg,test,5,5,nv,nv,0.66161513,True,nv → nv,0.01652365,0.012307031,0.06931108,0.035160605,0.15758464,0.66161513,0.04749787
HAM_0001160,ISIC_0024340,nv,histo,10.0,female,foot,data/raw/HAM10000_images_part_1/ISIC_0024340.jpg,test,5,5,nv,nv,0.6468672,True,nv → nv,0.02249088,0.006238619,0.19129655,0.01728541,0.07121067,0.6468672,0.0446106
HAM_0001160,ISIC_0027361,nv,histo,10.0,female,foot,data/raw/HAM10000_images_part_1/ISIC_0027361.jpg,test,5,5,nv,nv,0.7656449,True,nv → nv,0.04060876,0.0027304688,0.029144686,0.0120005505,0.12511256,0.7656449,0.024758099
HAM_0007312,ISIC_0027709,nv,histo,5.0,male,upper extremity,data/raw/HAM10000_images_part_1/ISIC_0027709.jpg,test,5,5,nv,nv,0.6856689,True,nv → nv,0.025490943,0.05017334,0.061461464,0.041076727,0.086630374,0.6856689,0.049498342
HAM_0003892,ISIC_0028045,nv,histo,25.0,female,lower extremity,data/raw/HAM10000_images_part_1/ISIC_0028045.jpg,test,5,5,nv,nv,0.7499815,True,nv → nv,0.004655415,0.0013566824,0.10467778,0.01698702,0.09880552,0.7499815,0.023536013
HAM_0001497,ISIC_0026608,nv,histo,50.0,male,upper extremity,data/raw/HAM10000_images_part_1/ISIC_0026608.jpg,test,5,4,nv,mel,0.40595245,False,nv → mel,0.01489584,0.009627748,0.15895009,0.020655472,0.40595245,0.35031408,0.039604343
HAM_0001497,ISIC_0030334,nv,histo,50.0,male,upper extremity,data/raw/HAM10000_images_part_2/ISIC_0030334.jpg,test,5,4,nv,mel,0.5110797,False,nv → mel,0.009695572,0.006146488,0.036665063,0.024096267,0.5110797,0.39390212,0.018414712
HAM_0004138,ISIC_0025905,nv,histo,45.0,male,abdomen,data/raw/HAM10000_images_part_1/ISIC_0025905.jpg,test,5,5,nv,nv,0.92094123,True,nv → nv,0.004890594,0.005327753,0.0016314283,0.03276552,0.027997583,0.92094123,0.0064459196
HAM_0004138,ISIC_0030184,nv,histo,45.0,male,abdomen,data/raw/HAM10000_images_part_2/ISIC_0030184.jpg,test,5,5,nv,nv,0.7872132,True,nv → nv,0.025309477,0.0116482675,0.02006359,0.04035934,0.08827694,0.7872132,0.027129136
HAM_0002541,ISIC_0028098,nv,histo,15.0,female,upper extremity,data/raw/HAM10000_images_part_1/ISIC_0028098.jpg,test,5,2,nv,bkl,0.9469415,False,nv → bkl,0.013845573,0.0010973483,0.9469415,0.0059356466,0.0044872174,0.025888642,0.0018039735
HAM_0007468,ISIC_0024831,nv,histo,50.0,female,upper extremity,data/raw/HAM10000_images_part_1/ISIC_0024831.jpg,test,5,5,nv,nv,0.72070515,True,nv → nv,0.0063297213,0.016715765,0.08091596,0.019364472,0.07819901,0.72070515,0.077769965
HAM_0007468,ISIC_0026869,nv,histo,50.0,female,upper extremity,data/raw/HAM10000_images_part_1/ISIC_0026869.jpg,test,5,5,nv,nv,0.63400316,True,nv → nv,0.010186943,0.016049314,0.04770527,0.038743068,0.030501984,0.63400316,0.22281027
HAM_0006221,ISIC_0028195,nv,histo,35.0,female,upper extremity,data/raw/HAM10000_images_part_1/ISIC_0028195.jpg,test,5,2,nv,bkl,0.4074657,False,nv → bkl,0.01983209,0.0050610253,0.4074657,0.025565548,0.1391234,0.36703408,0.03591821
HAM_0006221,ISIC_0025300,nv,histo,35.0,female,upper extremity,data/raw/HAM10000_images_part_1/ISIC_0025300.jpg,test,5,5,nv,nv,0.63732076,True,nv → nv,0.018556194,0.019359818,0.106758185,0.039418533,0.1406905,0.63732076,0.03789602
HAM_0003308,ISIC_0025610,nv,histo,35.0,male,face,data/raw/HAM10000_images_part_1/ISIC_0025610.jpg,test,5,5,nv,nv,0.713813,True,nv → nv,0.0042840666,0.18959552,0.0020720097,0.013446526,0.0064036148,0.713813,0.07038519
HAM_0003308,ISIC_0024615,nv,histo,35.0,male,face,data/raw/HAM10000_images_part_1/ISIC_0024615.jpg,test,5,5,nv,nv,0.76357985,True,nv → nv,0.027499977,0.026321568,0.009883888,0.02207109,0.057327077,0.76357985,0.09331657
HAM_0005034,ISIC_0028751,nv,histo,35.0,female,back,data/raw/HAM10000_images_part_1/ISIC_0028751.jpg,test,5,5,nv,nv,0.7554739,True,nv → nv,0.012636383,0.0054456764,0.006939845,0.011560629,0.17246005,0.7554739,0.035483494
HAM_0005034,ISIC_0027024,nv,histo,35.0,female,back,data/raw/HAM10000_images_part_1/ISIC_0027024.jpg,test,5,5,nv,nv,0.6351191,True,nv → nv,0.015548581,0.007202551,0.031029722,0.016792167,0.24109292,0.6351191,0.05321504
HAM_0005143,ISIC_0030303,nv,histo,40.0,male,chest,data/raw/HAM10000_images_part_2/ISIC_0030303.jpg,test,5,5,nv,nv,0.3578815,True,nv → nv,0.10470603,0.13919793,0.0669187,0.042490583,0.05699868,0.3578815,0.23180671
HAM_0006709,ISIC_0031158,nv,histo,40.0,male,back,data/raw/HAM10000_images_part_2/ISIC_0031158.jpg,test,5,3,nv,df,0.4173467,False,nv → df,0.1365363,0.06543832,0.064487234,0.4173467,0.17005879,0.12726797,0.0188647
HAM_0003369,ISIC_0032181,nv,histo,45.0,female,trunk,data/raw/HAM10000_images_part_2/ISIC_0032181.jpg,test,5,5,nv,nv,0.83949065,True,nv → nv,0.010245847,0.004589289,0.009592716,0.012725736,0.10353723,0.83949065,0.019818509
HAM_0002494,ISIC_0033686,nv,histo,65.0,female,abdomen,data/raw/HAM10000_images_part_2/ISIC_0033686.jpg,test,5,5,nv,nv,0.7201267,True,nv → nv,0.017180806,0.006742238,0.01853418,0.025045818,0.18067783,0.7201267,0.03169248
HAM_0004708,ISIC_0033852,nv,histo,45.0,male,trunk,data/raw/HAM10000_images_part_2/ISIC_0033852.jpg,test,5,5,nv,nv,0.7240632,True,nv → nv,0.014296876,0.008456687,0.07367474,0.03228544,0.13827118,0.7240632,0.008951933
HAM_0004708,ISIC_0033775,nv,histo,45.0,male,trunk,data/raw/HAM10000_images_part_2/ISIC_0033775.jpg,test,5,5,nv,nv,0.40901363,True,nv → nv,0.034409616,0.026230328,0.20724647,0.039036345,0.24659969,0.40901363,0.037463892
HAM_0004708,ISIC_0033561,nv,histo,45.0,male,trunk,data/raw/HAM10000_images_part_2/ISIC_0033561.jpg,test,5,5,nv,nv,0.33256644,True,nv → nv,0.036676407,0.0362319,0.2777462,0.04206306,0.2565933,0.33256644,0.018122686
HAM_0002009,ISIC_0034290,nv,histo,60.0,female,back,data/raw/HAM10000_images_part_2/ISIC_0034290.jpg,test,5,5,nv,nv,0.4728142,True,nv → nv,0.034578267,0.086884715,0.054435257,0.029901234,0.18488427,0.4728142,0.13650203
HAM_0002009,ISIC_0033165,nv,histo,60.0,female,back,data/raw/HAM10000_images_part_2/ISIC_0033165.jpg,test,5,5,nv,nv,0.44988415,True,nv → nv,0.029567959,0.0095867785,0.024219267,0.044134703,0.3402,0.44988415,0.10240718
HAM_0002009,ISIC_0033430,nv,histo,60.0,female,back,data/raw/HAM10000_images_part_2/ISIC_0033430.jpg,test,5,5,nv,nv,0.33248046,True,nv → nv,0.017800037,0.021712696,0.31481698,0.016917797,0.15744378,0.33248046,0.1388284
HAM_0005523,ISIC_0027087,nv,histo,25.0,male,lower extremity,data/raw/HAM10000_images_part_1/ISIC_0027087.jpg,test,5,4,nv,mel,0.66982895,False,nv → mel,0.014845643,0.006267127,0.024968239,0.027287198,0.66982895,0.23192346,0.024879469
HAM_0005300,ISIC_0033767,nv,histo,35.0,female,lower extremity,data/raw/HAM10000_images_part_2/ISIC_0033767.jpg,test,5,5,nv,nv,0.7212318,True,nv → nv,0.02024422,0.012716828,0.06740831,0.03740397,0.09051948,0.7212318,0.05047547
HAM_0005300,ISIC_0033755,nv,histo,35.0,female,lower extremity,data/raw/HAM10000_images_part_2/ISIC_0033755.jpg,test,5,5,nv,nv,0.6562643,True,nv → nv,0.015235933,0.0041923076,0.0142589845,0.02468237,0.26147932,0.6562643,0.023886833
HAM_0005300,ISIC_0033625,nv,histo,35.0,female,lower extremity,data/raw/HAM10000_images_part_2/ISIC_0033625.jpg,test,5,5,nv,nv,0.7474644,True,nv → nv,0.020624144,0.007988681,0.032002103,0.024772918,0.122834556,0.7474644,0.04431322
HAM_0000268,ISIC_0034110,nv,histo,10.0,female,trunk,data/raw/HAM10000_images_part_2/ISIC_0034110.jpg,test,5,6,nv,vasc,0.52756786,False,nv → vasc,0.016676936,0.10599171,0.030173892,0.036729217,0.09373681,0.18912356,0.52756786
HAM_0000268,ISIC_0025160,nv,histo,10.0,female,trunk,data/raw/HAM10000_images_part_1/ISIC_0025160.jpg,test,5,6,nv,vasc,0.8679367,False,nv → vasc,0.011554535,0.03347196,0.0072381217,0.01385646,0.003034261,0.06290801,0.8679367
HAM_0000268,ISIC_0033389,nv,histo,10.0,female,trunk,data/raw/HAM10000_images_part_2/ISIC_0033389.jpg,test,5,5,nv,nv,0.41123876,True,nv → nv,0.024352232,0.060117047,0.025309253,0.0371498,0.1684341,0.41123876,0.27339882
HAM_0004706,ISIC_0034234,nv,histo,30.0,female,abdomen,data/raw/HAM10000_images_part_2/ISIC_0034234.jpg,test,5,5,nv,nv,0.4885144,True,nv → nv,0.024554946,0.01250459,0.10089944,0.03328903,0.2868232,0.4885144,0.05341441
HAM_0004706,ISIC_0033308,nv,histo,30.0,female,abdomen,data/raw/HAM10000_images_part_2/ISIC_0033308.jpg,test,5,5,nv,nv,0.39660975,True,nv → nv,0.020002475,0.014050057,0.20394531,0.03498023,0.25483796,0.39660975,0.07557422
HAM_0004706,ISIC_0034274,nv,histo,30.0,female,abdomen,data/raw/HAM10000_images_part_2/ISIC_0034274.jpg,test,5,5,nv,nv,0.5396765,True,nv → nv,0.017690286,0.00325508,0.032889582,0.016572565,0.37324953,0.5396765,0.01666651
HAM_0007444,ISIC_0033989,nv,histo,50.0,female,lower extremity,data/raw/HAM10000_images_part_2/ISIC_0033989.jpg,test,5,5,nv,nv,0.7302234,True,nv → nv,0.022478515,0.00881025,0.024643512,0.029485894,0.14282472,0.7302234,0.041533742
HAM_0007444,ISIC_0032977,nv,histo,50.0,female,lower extremity,data/raw/HAM10000_images_part_2/ISIC_0032977.jpg,test,5,5,nv,nv,0.8425851,True,nv → nv,0.0065066535,0.0014024547,0.016638031,0.011967693,0.110968225,0.8425851,0.009931828
HAM_0007444,ISIC_0033664,nv,histo,50.0,female,lower extremity,data/raw/HAM10000_images_part_2/ISIC_0033664.jpg,test,5,5,nv,nv,0.68095785,True,nv → nv,0.015603491,0.006110275,0.028321553,0.02101203,0.221217,0.68095785,0.026777823
HAM_0000609,ISIC_0025990,nv,histo,75.0,female,upper extremity,data/raw/HAM10000_images_part_1/ISIC_0025990.jpg,test,5,4,nv,mel,0.40414912,False,nv → mel,0.1490414,0.030653305,0.32805738,0.020651536,0.40414912,0.053129226,0.014317996
HAM_0000609,ISIC_0025778,nv,histo,75.0,female,upper extremity,data/raw/HAM10000_images_part_1/ISIC_0025778.jpg,test,5,2,nv,bkl,0.44644326,False,nv → bkl,0.056883793,0.06586509,0.44644326,0.015512941,0.3425715,0.06764904,0.005074428
HAM_0000395,ISIC_0029656,nv,histo,40.0,male,upper extremity,data/raw/HAM10000_images_part_2/ISIC_0029656.jpg,test,5,5,nv,nv,0.6907544,True,nv → nv,0.011302363,0.006122523,0.18123022,0.01984206,0.06520619,0.6907544,0.025542222
HAM_0000395,ISIC_0025421,nv,histo,40.0,male,upper extremity,data/raw/HAM10000_images_part_1/ISIC_0025421.jpg,test,5,5,nv,nv,0.5831279,True,nv → nv,0.03185291,0.021417197,0.12393772,0.06721102,0.15265383,0.5831279,0.019799374
HAM_0000012,ISIC_0030085,nv,histo,85.0,male,back,data/raw/HAM10000_images_part_2/ISIC_0030085.jpg,test,5,5,nv,nv,0.41902396,True,nv → nv,0.014096362,0.010284846,0.262374,0.020524774,0.25284836,0.41902396,0.020847764
HAM_0000012,ISIC_0029348,nv,histo,85.0,male,back,data/raw/HAM10000_images_part_2/ISIC_0029348.jpg,test,5,2,nv,bkl,0.6891961,False,nv → bkl,0.008197842,0.006463275,0.6891961,0.00975589,0.07118589,0.20317352,0.012027417
HAM_0007350,ISIC_0031202,nv,histo,45.0,male,back,data/raw/HAM10000_images_part_2/ISIC_0031202.jpg,test,5,5,nv,nv,0.7757543,True,nv → nv,0.01442556,0.042109065,0.034395065,0.018127332,0.08341305,0.7757543,0.031775672
HAM_0007350,ISIC_0030892,nv,histo,45.0,male,back,data/raw/HAM10000_images_part_2/ISIC_0030892.jpg,test,5,5,nv,nv,0.41865805,True,nv → nv,0.022951968,0.31929716,0.035082553,0.018714437,0.05018215,0.41865805,0.13511364
HAM_0006520,ISIC_0032767,nv,histo,65.0,male,back,data/raw/HAM10000_images_part_2/ISIC_0032767.jpg,test,5,5,nv,nv,0.6896456,True,nv → nv,0.015841072,0.011565222,0.020486087,0.029809726,0.21926251,0.6896456,0.013389811
HAM_0006520,ISIC_0033503,nv,histo,65.0,male,back,data/raw/HAM10000_images_part_2/ISIC_0033503.jpg,test,5,5,nv,nv,0.67679614,True,nv → nv,0.03483215,0.021265974,0.058495443,0.026925743,0.15672992,0.67679614,0.024954585
HAM_0006520,ISIC_0033795,nv,histo,65.0,male,back,data/raw/HAM10000_images_part_2/ISIC_0033795.jpg,test,5,5,nv,nv,0.49182698,True,nv → nv,0.038536523,0.020947356,0.071591005,0.029994065,0.3100428,0.49182698,0.03706123
HAM_0005942,ISIC_0032679,nv,histo,60.0,unknown,foot,data/raw/HAM10000_images_part_2/ISIC_0032679.jpg,test,5,5,nv,nv,0.77781516,True,nv → nv,0.041612078,0.021341434,0.032501504,0.06601492,0.037599053,0.77781516,0.023115877
HAM_0005942,ISIC_0032529,nv,histo,60.0,unknown,foot,data/raw/HAM10000_images_part_2/ISIC_0032529.jpg,test,5,1,nv,bcc,0.4623769,False,nv → bcc,0.024321329,0.4623769,0.05913332,0.085630685,0.02863738,0.3191942,0.020706262
HAM_0005942,ISIC_0033119,nv,histo,60.0,unknown,foot,data/raw/HAM10000_images_part_2/ISIC_0033119.jpg,test,5,5,nv,nv,0.45756337,True,nv → nv,0.070487276,0.062437695,0.16676906,0.08489875,0.11252651,0.45756337,0.04531735
HAM_0005248,ISIC_0032902,nv,histo,45.0,female,upper extremity,data/raw/HAM10000_images_part_2/ISIC_0032902.jpg,test,5,5,nv,nv,0.7985893,True,nv → nv,0.013273738,0.0034008925,0.018485157,0.012780224,0.13181014,0.7985893,0.021660617
HAM_0005248,ISIC_0032948,nv,histo,45.0,female,upper extremity,data/raw/HAM10000_images_part_2/ISIC_0032948.jpg,test,5,5,nv,nv,0.7818181,True,nv → nv,0.023701364,0.00891179,0.017346814,0.027346121,0.09333969,0.7818181,0.04753613
HAM_0005248,ISIC_0034264,nv,histo,45.0,female,upper extremity,data/raw/HAM10000_images_part_2/ISIC_0034264.jpg,test,5,5,nv,nv,0.8646021,True,nv → nv,0.009780421,0.0033975586,0.027854353,0.029912714,0.046891317,0.8646021,0.017561553
HAM_0005539,ISIC_0033296,nv,histo,30.0,female,lower extremity,data/raw/HAM10000_images_part_2/ISIC_0033296.jpg,test,5,5,nv,nv,0.7058361,True,nv → nv,0.025609937,0.0076934053,0.019584965,0.031897843,0.15780681,0.7058361,0.05157095
HAM_0005539,ISIC_0033838,nv,histo,30.0,female,lower extremity,data/raw/HAM10000_images_part_2/ISIC_0033838.jpg,test,5,5,nv,nv,0.7294968,True,nv → nv,0.020834934,0.0034552475,0.029519716,0.024747977,0.16674389,0.7294968,0.025201436
HAM_0005539,ISIC_0033409,nv,histo,30.0,female,lower extremity,data/raw/HAM10000_images_part_2/ISIC_0033409.jpg,test,5,5,nv,nv,0.8364944,True,nv → nv,0.01015751,0.0029840975,0.01152723,0.017375737,0.10880253,0.8364944,0.012658629
HAM_0002721,ISIC_0032585,nv,histo,25.0,male,abdomen,data/raw/HAM10000_images_part_2/ISIC_0032585.jpg,test,5,5,nv,nv,0.6983242,True,nv → nv,0.0154490275,0.0063159964,0.006201311,0.025875133,0.19853097,0.6983242,0.04930342
HAM_0002721,ISIC_0032899,nv,histo,25.0,male,abdomen,data/raw/HAM10000_images_part_2/ISIC_0032899.jpg,test,5,5,nv,nv,0.56656843,True,nv → nv,0.018619085,0.006845215,0.017486561,0.0217617,0.3360857,0.56656843,0.03263336
HAM_0002721,ISIC_0034157,nv,histo,25.0,male,abdomen,data/raw/HAM10000_images_part_2/ISIC_0034157.jpg,test,5,5,nv,nv,0.85849994,True,nv → nv,0.015766485,0.004119273,0.008334292,0.018009836,0.07521629,0.85849994,0.02005388
HAM_0002878,ISIC_0033984,nv,histo,45.0,female,back,data/raw/HAM10000_images_part_2/ISIC_0033984.jpg,test,5,4,nv,mel,0.458403,False,nv → mel,0.011066054,0.008796689,0.12734312,0.02055182,0.458403,0.34115472,0.03268453
HAM_0002878,ISIC_0032640,nv,histo,45.0,female,back,data/raw/HAM10000_images_part_2/ISIC_0032640.jpg,test,5,5,nv,nv,0.4495527,True,nv → nv,0.07059042,0.04892312,0.07248232,0.059436463,0.23301612,0.4495527,0.06599883
HAM_0004548,ISIC_0032520,nv,histo,45.0,female,upper extremity,data/raw/HAM10000_images_part_2/ISIC_0032520.jpg,test,5,5,nv,nv,0.46090934,True,nv → nv,0.11709901,0.052193288,0.073111154,0.11096732,0.17102951,0.46090934,0.014690346
HAM_0004548,ISIC_0032832,nv,histo,45.0,female,upper extremity,data/raw/HAM10000_images_part_2/ISIC_0032832.jpg,test,5,5,nv,nv,0.33914405,True,nv → nv,0.03742831,0.024449747,0.20622304,0.11033799,0.23727955,0.33914405,0.045137364
HAM_0004548,ISIC_0033917,nv,histo,45.0,female,upper extremity,data/raw/HAM10000_images_part_2/ISIC_0033917.jpg,test,5,5,nv,nv,0.84481436,True,nv → nv,0.020189064,0.008180966,0.016563827,0.07401143,0.032683358,0.84481436,0.0035569351
HAM_0006980,ISIC_0033992,nv,histo,25.0,female,upper extremity,data/raw/HAM10000_images_part_2/ISIC_0033992.jpg,test,5,5,nv,nv,0.62740684,True,nv → nv,0.03078699,0.011850663,0.16164905,0.035346523,0.08043344,0.62740684,0.05252654
HAM_0006980,ISIC_0033715,nv,histo,25.0,female,upper extremity,data/raw/HAM10000_images_part_2/ISIC_0033715.jpg,test,5,5,nv,nv,0.5432543,True,nv → nv,0.028592108,0.014894603,0.18055768,0.037535485,0.16322377,0.5432543,0.031942
HAM_0006980,ISIC_0033920,nv,histo,25.0,female,upper extremity,data/raw/HAM10000_images_part_2/ISIC_0033920.jpg,test,5,5,nv,nv,0.68457925,True,nv → nv,0.022384912,0.022269452,0.08831578,0.045857564,0.115232356,0.68457925,0.021360677
HAM_0007552,ISIC_0033825,nv,histo,70.0,male,chest,data/raw/HAM10000_images_part_2/ISIC_0033825.jpg,test,5,4,nv,mel,0.499623,False,nv → mel,0.036836393,0.029021494,0.09407261,0.034004375,0.499623,0.28044343,0.02599879
HAM_0007552,ISIC_0033857,nv,histo,70.0,male,chest,data/raw/HAM10000_images_part_2/ISIC_0033857.jpg,test,5,5,nv,nv,0.44308203,True,nv → nv,0.041882996,0.05299269,0.16685633,0.021352429,0.2660471,0.44308203,0.0077864607
HAM_0007552,ISIC_0032731,nv,histo,70.0,male,chest,data/raw/HAM10000_images_part_2/ISIC_0032731.jpg,test,5,4,nv,mel,0.478985,False,nv → mel,0.05448388,0.04889245,0.04015815,0.028297635,0.478985,0.33809102,0.011091952
HAM_0005135,ISIC_0032989,nv,histo,15.0,male,back,data/raw/HAM10000_images_part_2/ISIC_0032989.jpg,test,5,5,nv,nv,0.6804568,True,nv → nv,0.015294535,0.009103248,0.027213072,0.02199922,0.23315212,0.6804568,0.012781015
HAM_0005135,ISIC_0033618,nv,histo,15.0,male,back,data/raw/HAM10000_images_part_2/ISIC_0033618.jpg,test,5,5,nv,nv,0.4657128,True,nv → nv,0.02112652,0.013120344,0.021137938,0.026222106,0.4213295,0.4657128,0.031350765
HAM_0005135,ISIC_0033016,nv,histo,15.0,male,back,data/raw/HAM10000_images_part_2/ISIC_0033016.jpg,test,5,5,nv,nv,0.36001787,True,nv → nv,0.04228732,0.12880102,0.08816933,0.045342065,0.29421458,0.36001787,0.041167807
HAM_0005433,ISIC_0033906,nv,histo,55.0,female,trunk,data/raw/HAM10000_images_part_2/ISIC_0033906.jpg,test,5,4,nv,mel,0.49598515,False,nv → mel,0.047165647,0.0063689547,0.026987212,0.040251918,0.49598515,0.3406251,0.042616013
HAM_0005433,ISIC_0033298,nv,histo,55.0,female,trunk,data/raw/HAM10000_images_part_2/ISIC_0033298.jpg,test,5,5,nv,nv,0.6988714,True,nv → nv,0.010677252,0.0021129593,0.011043192,0.015727995,0.24589483,0.6988714,0.015672397
HAM_0005433,ISIC_0034210,nv,histo,55.0,female,trunk,data/raw/HAM10000_images_part_2/ISIC_0034210.jpg,test,5,5,nv,nv,0.6613753,True,nv → nv,0.012958014,0.0049528056,0.020278605,0.017201535,0.22754027,0.6613753,0.055693384
HAM_0007306,ISIC_0026810,nv,histo,30.0,male,back,data/raw/HAM10000_images_part_1/ISIC_0026810.jpg,test,5,5,nv,nv,0.5517142,True,nv → nv,0.05818965,0.023439735,0.037831835,0.040385272,0.2378009,0.5517142,0.050638422
HAM_0003259,ISIC_0033641,nv,histo,40.0,male,lower extremity,data/raw/HAM10000_images_part_2/ISIC_0033641.jpg,test,5,5,nv,nv,0.64730924,True,nv → nv,0.024523526,0.011121416,0.058118295,0.03398295,0.19287543,0.64730924,0.032069135
HAM_0003259,ISIC_0033527,nv,histo,40.0,male,lower extremity,data/raw/HAM10000_images_part_2/ISIC_0033527.jpg,test,5,5,nv,nv,0.89391905,True,nv → nv,0.0065550245,0.0015350562,0.008008726,0.017203737,0.06060534,0.89391905,0.012173105
HAM_0003259,ISIC_0032895,nv,histo,40.0,male,lower extremity,data/raw/HAM10000_images_part_2/ISIC_0032895.jpg,test,5,5,nv,nv,0.79532605,True,nv → nv,0.021274243,0.0068662674,0.03136397,0.035877224,0.070519716,0.79532605,0.038772482
HAM_0003512,ISIC_0034300,nv,histo,35.0,male,back,data/raw/HAM10000_images_part_2/ISIC_0034300.jpg,test,5,5,nv,nv,0.81986696,True,nv → nv,0.020382913,0.0028545067,0.005820112,0.037204284,0.0925702,0.81986696,0.021301063
HAM_0003512,ISIC_0033155,nv,histo,35.0,male,back,data/raw/HAM10000_images_part_2/ISIC_0033155.jpg,test,5,5,nv,nv,0.79600054,True,nv → nv,0.033333536,0.010270878,0.0055180504,0.04996052,0.045960598,0.79600054,0.058955815
HAM_0003512,ISIC_0032609,nv,histo,35.0,male,back,data/raw/HAM10000_images_part_2/ISIC_0032609.jpg,test,5,5,nv,nv,0.8336642,True,nv → nv,0.013790068,0.0032912726,0.01729446,0.042382788,0.04981618,0.8336642,0.039761007
HAM_0001808,ISIC_0033318,nv,histo,35.0,female,back,data/raw/HAM10000_images_part_2/ISIC_0033318.jpg,test,5,5,nv,nv,0.66794515,True,nv → nv,0.010513624,0.0034640508,0.03479246,0.015498239,0.24295115,0.66794515,0.02483539
HAM_0001808,ISIC_0032615,nv,histo,35.0,female,back,data/raw/HAM10000_images_part_2/ISIC_0032615.jpg,test,5,5,nv,nv,0.75604403,True,nv → nv,0.02310974,0.004648546,0.009202867,0.028844224,0.14892867,0.75604403,0.029221877
HAM_0001808,ISIC_0033862,nv,histo,35.0,female,back,data/raw/HAM10000_images_part_2/ISIC_0033862.jpg,test,5,5,nv,nv,0.5613632,True,nv → nv,0.01621438,0.0056359847,0.046718765,0.01921997,0.31778768,0.5613632,0.03305996
HAM_0007510,ISIC_0025587,nv,histo,20.0,female,lower extremity,data/raw/HAM10000_images_part_1/ISIC_0025587.jpg,test,5,5,nv,nv,0.8405743,True,nv → nv,0.031975955,0.011417253,0.0057042264,0.022446893,0.060710248,0.8405743,0.027171114
HAM_0001912,ISIC_0033145,nv,histo,40.0,female,lower extremity,data/raw/HAM10000_images_part_2/ISIC_0033145.jpg,test,5,5,nv,nv,0.78329444,True,nv → nv,0.026569132,0.043019917,0.019059772,0.063447215,0.054251254,0.78329444,0.010358332
HAM_0001912,ISIC_0033799,nv,histo,40.0,female,lower extremity,data/raw/HAM10000_images_part_2/ISIC_0033799.jpg,test,5,5,nv,nv,0.7407654,True,nv → nv,0.037600122,0.02530982,0.041067585,0.039493546,0.07621815,0.7407654,0.039545443
HAM_0001511,ISIC_0034060,nv,histo,30.0,female,back,data/raw/HAM10000_images_part_2/ISIC_0034060.jpg,test,5,5,nv,nv,0.5976456,True,nv → nv,0.011018377,0.0059969663,0.06041921,0.040003203,0.22920354,0.5976456,0.055713106
HAM_0001511,ISIC_0033002,nv,histo,30.0,female,back,data/raw/HAM10000_images_part_2/ISIC_0033002.jpg,test,5,5,nv,nv,0.7827471,True,nv → nv,0.005433678,0.004500396,0.012495284,0.020674655,0.13496844,0.7827471,0.03918045
HAM_0001511,ISIC_0033683,nv,histo,30.0,female,back,data/raw/HAM10000_images_part_2/ISIC_0033683.jpg,test,5,5,nv,nv,0.7797563,True,nv → nv,0.016253073,0.010912094,0.029992882,0.034242038,0.06876661,0.7797563,0.060077034
HAM_0001824,ISIC_0033121,nv,histo,55.0,male,lower extremity,data/raw/HAM10000_images_part_2/ISIC_0033121.jpg,test,5,4,nv,mel,0.51699686,False,nv → mel,0.014792152,0.004939941,0.02222079,0.03131759,0.51699686,0.37677428,0.032958407
HAM_0001824,ISIC_0034158,nv,histo,55.0,male,lower extremity,data/raw/HAM10000_images_part_2/ISIC_0034158.jpg,test,5,5,nv,nv,0.5894251,True,nv → nv,0.014738472,0.004721871,0.013745736,0.02415541,0.31267387,0.5894251,0.040539548
HAM_0001824,ISIC_0033213,nv,histo,55.0,male,lower extremity,data/raw/HAM10000_images_part_2/ISIC_0033213.jpg,test,5,5,nv,nv,0.6020429,True,nv → nv,0.037658807,0.047059193,0.08395677,0.04440673,0.15366766,0.6020429,0.031207923
HAM_0007367,ISIC_0032705,nv,histo,5.0,male,trunk,data/raw/HAM10000_images_part_2/ISIC_0032705.jpg,test,5,5,nv,nv,0.71207136,True,nv → nv,0.0151298875,0.0148612,0.03335556,0.01827255,0.17645979,0.71207136,0.029849688
HAM_0007367,ISIC_0034198,nv,histo,5.0,male,trunk,data/raw/HAM10000_images_part_2/ISIC_0034198.jpg,test,5,5,nv,nv,0.7275921,True,nv → nv,0.016316721,0.008216472,0.022857461,0.018309696,0.14415164,0.7275921,0.06255593
HAM_0007367,ISIC_0033658,nv,histo,5.0,male,trunk,data/raw/HAM10000_images_part_2/ISIC_0033658.jpg,test,5,5,nv,nv,0.6581866,True,nv → nv,0.017201807,0.03513258,0.024596537,0.023275182,0.082517646,0.6581866,0.15908958
HAM_0007367,ISIC_0033046,nv,histo,5.0,male,trunk,data/raw/HAM10000_images_part_2/ISIC_0033046.jpg,test,5,5,nv,nv,0.6618625,True,nv → nv,0.006733893,0.003392988,0.017329138,0.0121318335,0.24718966,0.6618625,0.051360004
HAM_0007367,ISIC_0032689,nv,histo,5.0,male,trunk,data/raw/HAM10000_images_part_2/ISIC_0032689.jpg,test,5,5,nv,nv,0.8748172,True,nv → nv,0.005658987,0.0024120463,0.0283307,0.014902245,0.05861283,0.8748172,0.015266076
HAM_0002367,ISIC_0033150,nv,histo,60.0,male,abdomen,data/raw/HAM10000_images_part_2/ISIC_0033150.jpg,test,5,5,nv,nv,0.6679493,True,nv → nv,0.00988888,0.0045509064,0.08811459,0.01961454,0.17219159,0.6679493,0.037690178
HAM_0002367,ISIC_0033698,nv,histo,60.0,male,abdomen,data/raw/HAM10000_images_part_2/ISIC_0033698.jpg,test,5,5,nv,nv,0.75320566,True,nv → nv,0.010550771,0.005810705,0.04297195,0.016027862,0.12815692,0.75320566,0.04327617
HAM_0002367,ISIC_0034240,nv,histo,60.0,male,abdomen,data/raw/HAM10000_images_part_2/ISIC_0034240.jpg,test,5,5,nv,nv,0.7518539,True,nv → nv,0.023579475,0.010325394,0.02565263,0.021032767,0.103287816,0.7518539,0.06426807
HAM_0002582,ISIC_0033665,nv,histo,50.0,male,abdomen,data/raw/HAM10000_images_part_2/ISIC_0033665.jpg,test,5,5,nv,nv,0.5329368,True,nv → nv,0.016922561,0.0022558905,0.037288416,0.017606905,0.3688861,0.5329368,0.024103342
HAM_0002582,ISIC_0032813,nv,histo,50.0,male,abdomen,data/raw/HAM10000_images_part_2/ISIC_0032813.jpg,test,5,4,nv,mel,0.43330702,False,nv → mel,0.023787137,0.0040193647,0.070452675,0.016611729,0.43330702,0.41098148,0.040840648
HAM_0007348,ISIC_0033128,nv,histo,50.0,female,lower extremity,data/raw/HAM10000_images_part_2/ISIC_0033128.jpg,test,5,5,nv,nv,0.6497999,True,nv → nv,0.035130076,0.007951396,0.017646596,0.027662873,0.2273242,0.6497999,0.03448504
HAM_0007348,ISIC_0033115,nv,histo,50.0,female,lower extremity,data/raw/HAM10000_images_part_2/ISIC_0033115.jpg,test,5,5,nv,nv,0.65200174,True,nv → nv,0.019239793,0.006031059,0.028969716,0.031343326,0.23823936,0.65200174,0.024175
HAM_0007348,ISIC_0032625,nv,histo,50.0,female,lower extremity,data/raw/HAM10000_images_part_2/ISIC_0032625.jpg,test,5,5,nv,nv,0.6249327,True,nv → nv,0.018185155,0.0060392665,0.024476953,0.025992647,0.26696634,0.6249327,0.03340691
HAM_0002208,ISIC_0033940,nv,histo,20.0,female,lower extremity,data/raw/HAM10000_images_part_2/ISIC_0033940.jpg,test,5,5,nv,nv,0.6398951,True,nv → nv,0.020349532,0.01678802,0.046470184,0.022980586,0.20527144,0.6398951,0.048245177
HAM_0002208,ISIC_0033818,nv,histo,20.0,female,lower extremity,data/raw/HAM10000_images_part_2/ISIC_0033818.jpg,test,5,5,nv,nv,0.7068428,True,nv → nv,0.05486972,0.03834277,0.027281307,0.03997046,0.10035934,0.7068428,0.032333624
HAM_0002208,ISIC_0034029,nv,histo,20.0,female,lower extremity,data/raw/HAM10000_images_part_2/ISIC_0034029.jpg,test,5,5,nv,nv,0.656709,True,nv → nv,0.024623623,0.011016096,0.021437883,0.023763599,0.22179946,0.656709,0.040650297
HAM_0006118,ISIC_0026429,nv,histo,65.0,male,back,data/raw/HAM10000_images_part_1/ISIC_0026429.jpg,test,5,1,nv,bcc,0.42874247,False,nv → bcc,0.06613329,0.42874247,0.046493053,0.03104024,0.017784704,0.37417048,0.0356357
HAM_0002170,ISIC_0034237,nv,histo,40.0,male,lower extremity,data/raw/HAM10000_images_part_2/ISIC_0034237.jpg,test,5,4,nv,mel,0.42569846,False,nv → mel,0.026573125,0.0066454737,0.08745797,0.0289458,0.42569846,0.39418897,0.030490186
HAM_0002170,ISIC_0034032,nv,histo,40.0,male,lower extremity,data/raw/HAM10000_images_part_2/ISIC_0034032.jpg,test,5,5,nv,nv,0.6388378,True,nv → nv,0.017458891,0.007256094,0.07679706,0.028268432,0.20307776,0.6388378,0.028303966
HAM_0002170,ISIC_0033075,nv,histo,40.0,male,lower extremity,data/raw/HAM10000_images_part_2/ISIC_0033075.jpg,test,5,5,nv,nv,0.6382922,True,nv → nv,0.014059181,0.004161471,0.064919144,0.013915249,0.2457936,0.6382922,0.018859165
HAM_0003424,ISIC_0033451,nv,histo,45.0,male,back,data/raw/HAM10000_images_part_2/ISIC_0033451.jpg,test,5,4,nv,mel,0.50557435,False,nv → mel,0.036001217,0.010735355,0.077998735,0.033059426,0.50557435,0.27579412,0.060836826
HAM_0003424,ISIC_0033552,nv,histo,45.0,male,back,data/raw/HAM10000_images_part_2/ISIC_0033552.jpg,test,5,4,nv,mel,0.52553016,False,nv → mel,0.010989101,0.0043738456,0.1687374,0.011563561,0.52553016,0.26181275,0.016993089
HAM_0003424,ISIC_0034310,nv,histo,45.0,male,back,data/raw/HAM10000_images_part_2/ISIC_0034310.jpg,test,5,4,nv,mel,0.5545163,False,nv → mel,0.028937446,0.009634307,0.28710675,0.010707604,0.5545163,0.08996641,0.019131148
HAM_0006121,ISIC_0034244,nv,histo,20.0,female,chest,data/raw/HAM10000_images_part_2/ISIC_0034244.jpg,test,5,5,nv,nv,0.6019531,True,nv → nv,0.028120996,0.03461059,0.041329313,0.043273002,0.19761528,0.6019531,0.053097744
HAM_0006121,ISIC_0032855,nv,histo,20.0,female,chest,data/raw/HAM10000_images_part_2/ISIC_0032855.jpg,test,5,5,nv,nv,0.651638,True,nv → nv,0.00782325,0.005910934,0.17353159,0.033889525,0.07806312,0.651638,0.04914363
HAM_0006121,ISIC_0032792,nv,histo,20.0,female,chest,data/raw/HAM10000_images_part_2/ISIC_0032792.jpg,test,5,5,nv,nv,0.7150151,True,nv → nv,0.024341704,0.014847606,0.051040146,0.041736662,0.11260291,0.7150151,0.040415905
HAM_0000578,ISIC_0033288,nv,histo,30.0,female,back,data/raw/HAM10000_images_part_2/ISIC_0033288.jpg,test,5,5,nv,nv,0.47073606,True,nv → nv,0.035625856,0.008141361,0.013794812,0.05971488,0.39354727,0.47073606,0.018439738
HAM_0000578,ISIC_0033087,nv,histo,30.0,female,back,data/raw/HAM10000_images_part_2/ISIC_0033087.jpg,test,5,5,nv,nv,0.71304214,True,nv → nv,0.024449073,0.008403917,0.015256108,0.034429993,0.16916564,0.71304214,0.0352532
HAM_0001872,ISIC_0031290,nv,histo,60.0,female,lower extremity,data/raw/HAM10000_images_part_2/ISIC_0031290.jpg,test,5,5,nv,nv,0.7216758,True,nv → nv,0.024274372,0.008227288,0.045494568,0.036248144,0.09057116,0.7216758,0.07350872
HAM_0007519,ISIC_0032865,nv,histo,35.0,female,upper extremity,data/raw/HAM10000_images_part_2/ISIC_0032865.jpg,test,5,5,nv,nv,0.6938044,True,nv → nv,0.015682159,0.0128860045,0.080447935,0.05149463,0.11858133,0.6938044,0.027103465
HAM_0007519,ISIC_0033726,nv,histo,35.0,female,upper extremity,data/raw/HAM10000_images_part_2/ISIC_0033726.jpg,test,5,5,nv,nv,0.6399178,True,nv → nv,0.021634882,0.010260829,0.057187315,0.031208277,0.20550436,0.6399178,0.0342865
HAM_0004149,ISIC_0033880,nv,histo,45.0,female,foot,data/raw/HAM10000_images_part_2/ISIC_0033880.jpg,test,5,5,nv,nv,0.8869404,True,nv → nv,0.012776333,0.017808128,0.0038657493,0.0338643,0.01835396,0.8869404,0.026391126
HAM_0004149,ISIC_0033994,nv,histo,45.0,female,foot,data/raw/HAM10000_images_part_2/ISIC_0033994.jpg,test,5,5,nv,nv,0.9141087,True,nv → nv,0.013356798,0.01777766,0.0020787185,0.026284121,0.00984699,0.9141087,0.016547019
HAM_0004149,ISIC_0032755,nv,histo,45.0,female,foot,data/raw/HAM10000_images_part_2/ISIC_0032755.jpg,test,5,5,nv,nv,0.8535887,True,nv → nv,0.010874048,0.02020811,0.0032936938,0.026458822,0.05520345,0.8535887,0.030373199
HAM_0005052,ISIC_0033724,nv,histo,35.0,male,lower extremity,data/raw/HAM10000_images_part_2/ISIC_0033724.jpg,test,5,5,nv,nv,0.87204444,True,nv → nv,0.00583915,0.008683655,0.034206767,0.021176275,0.025416916,0.87204444,0.03263277
HAM_0005052,ISIC_0033786,nv,histo,35.0,male,lower extremity,data/raw/HAM10000_images_part_2/ISIC_0033786.jpg,test,5,5,nv,nv,0.67547464,True,nv → nv,0.027672451,0.018981064,0.0828297,0.035229217,0.1270977,0.67547464,0.032715194
HAM_0003969,ISIC_0033564,nv,histo,15.0,female,chest,data/raw/HAM10000_images_part_2/ISIC_0033564.jpg,test,5,4,nv,mel,0.64990085,False,nv → mel,0.013292995,0.004952188,0.08364281,0.010117156,0.64990085,0.21185623,0.026237741
HAM_0003969,ISIC_0032627,nv,histo,15.0,female,chest,data/raw/HAM10000_images_part_2/ISIC_0032627.jpg,test,5,4,nv,mel,0.5915619,False,nv → mel,0.016596634,0.010011353,0.031450734,0.01668976,0.5915619,0.28818464,0.04550492
HAM_0005209,ISIC_0033532,nv,histo,45.0,female,back,data/raw/HAM10000_images_part_2/ISIC_0033532.jpg,test,5,5,nv,nv,0.87646353,True,nv → nv,0.009913123,0.003765027,0.007496325,0.01280379,0.059083294,0.87646353,0.030474853
HAM_0005209,ISIC_0032713,nv,histo,45.0,female,back,data/raw/HAM10000_images_part_2/ISIC_0032713.jpg,test,5,5,nv,nv,0.8086014,True,nv → nv,0.009770892,0.024830148,0.008427081,0.03066772,0.084741175,0.8086014,0.032961655
HAM_0002325,ISIC_0033021,nv,histo,45.0,male,abdomen,data/raw/HAM10000_images_part_2/ISIC_0033021.jpg,test,5,5,nv,nv,0.6703188,True,nv → nv,0.013304409,0.0031377322,0.007922418,0.020953255,0.25060546,0.6703188,0.03375798
HAM_0002325,ISIC_0033835,nv,histo,45.0,male,abdomen,data/raw/HAM10000_images_part_2/ISIC_0033835.jpg,test,5,5,nv,nv,0.7785183,True,nv → nv,0.01108488,0.0040225014,0.008769167,0.035733327,0.122192904,0.7785183,0.03967887
HAM_0004586,ISIC_0033329,nv,consensus,55.0,male,unknown,data/raw/HAM10000_images_part_2/ISIC_0033329.jpg,test,5,5,nv,nv,0.7637374,True,nv → nv,0.03178636,0.014067731,0.03398233,0.03685154,0.09335783,0.7637374,0.026216794
HAM_0004587,ISIC_0034181,nv,consensus,55.0,male,unknown,data/raw/HAM10000_images_part_2/ISIC_0034181.jpg,test,5,5,nv,nv,0.7019025,True,nv → nv,0.011565321,0.011612064,0.022741143,0.025321342,0.2050218,0.7019025,0.021835916
HAM_0003699,ISIC_0027397,nv,histo,60.0,male,back,data/raw/HAM10000_images_part_1/ISIC_0027397.jpg,test,5,4,nv,mel,0.19949007,False,nv → mel,0.16849853,0.14619313,0.11488245,0.1641909,0.19949007,0.19006869,0.016676238
HAM_0003310,ISIC_0034217,nv,histo,60.0,male,abdomen,data/raw/HAM10000_images_part_2/ISIC_0034217.jpg,test,5,5,nv,nv,0.7938656,True,nv → nv,0.013063865,0.00761436,0.0019230712,0.035478175,0.09485122,0.7938656,0.05320368
HAM_0003310,ISIC_0032952,nv,histo,60.0,male,abdomen,data/raw/HAM10000_images_part_2/ISIC_0032952.jpg,test,5,5,nv,nv,0.8674364,True,nv → nv,0.017658558,0.014379624,0.002837919,0.027348628,0.031128451,0.8674364,0.039210405
HAM_0001948,ISIC_0033993,nv,histo,35.0,male,foot,data/raw/HAM10000_images_part_2/ISIC_0033993.jpg,test,5,5,nv,nv,0.87461126,True,nv → nv,0.006611085,0.001962183,0.009044913,0.020981632,0.06996151,0.87461126,0.016827384
HAM_0001948,ISIC_0032926,nv,histo,35.0,male,foot,data/raw/HAM10000_images_part_2/ISIC_0032926.jpg,test,5,5,nv,nv,0.6596187,True,nv → nv,0.030920967,0.004644574,0.008875915,0.026635071,0.23829995,0.6596187,0.031004872
HAM_0001948,ISIC_0033049,nv,histo,35.0,male,foot,data/raw/HAM10000_images_part_2/ISIC_0033049.jpg,test,5,5,nv,nv,0.8573526,True,nv → nv,0.027077742,0.005575706,0.006642302,0.029775724,0.04702377,0.8573526,0.026552198
HAM_0006478,ISIC_0025210,nv,histo,45.0,male,back,data/raw/HAM10000_images_part_1/ISIC_0025210.jpg,test,5,5,nv,nv,0.44649592,True,nv → nv,0.03273558,0.023739414,0.032818023,0.039613396,0.38061994,0.44649592,0.04397774
HAM_0006478,ISIC_0026372,nv,histo,45.0,male,back,data/raw/HAM10000_images_part_1/ISIC_0026372.jpg,test,5,4,nv,mel,0.47204813,False,nv → mel,0.028452035,0.016831618,0.036368147,0.03207333,0.47204813,0.37984362,0.034383114
HAM_0007164,ISIC_0025972,nv,histo,75.0,male,trunk,data/raw/HAM10000_images_part_1/ISIC_0025972.jpg,test,5,5,nv,nv,0.47263256,True,nv → nv,0.024026982,0.010601785,0.34994525,0.020992594,0.09449987,0.47263256,0.027300995
HAM_0001269,ISIC_0027582,nv,histo,40.0,female,trunk,data/raw/HAM10000_images_part_1/ISIC_0027582.jpg,test,5,5,nv,nv,0.3235252,True,nv → nv,0.0903205,0.051657435,0.11948168,0.067040995,0.32160464,0.3235252,0.026369596
HAM_0000231,ISIC_0024608,nv,histo,55.0,male,lower extremity,data/raw/HAM10000_images_part_1/ISIC_0024608.jpg,test,5,5,nv,nv,0.65551746,True,nv → nv,0.018204343,0.008060665,0.011184423,0.01931469,0.2523495,0.65551746,0.035368856
HAM_0000626,ISIC_0025267,nv,histo,35.0,female,foot,data/raw/HAM10000_images_part_1/ISIC_0025267.jpg,test,5,5,nv,nv,0.70563793,True,nv → nv,0.01765951,0.010417539,0.031204319,0.020476528,0.14678217,0.70563793,0.06782209
HAM_0000626,ISIC_0029581,nv,histo,35.0,female,foot,data/raw/HAM10000_images_part_2/ISIC_0029581.jpg,test,5,5,nv,nv,0.68274224,True,nv → nv,0.0099331625,0.0045059416,0.031068325,0.017107846,0.20360422,0.68274224,0.051038273
HAM_0001450,ISIC_0030771,nv,histo,45.0,male,lower extremity,data/raw/HAM10000_images_part_2/ISIC_0030771.jpg,test,5,2,nv,bkl,0.49101865,False,nv → bkl,0.074660785,0.038742848,0.49101865,0.031636477,0.11978754,0.22194645,0.02220737
HAM_0001612,ISIC_0025618,nv,histo,30.0,female,foot,data/raw/HAM10000_images_part_1/ISIC_0025618.jpg,test,5,5,nv,nv,0.51257724,True,nv → nv,0.02271706,0.02829986,0.2310504,0.02009816,0.15257461,0.51257724,0.032682747
HAM_0007195,ISIC_0031923,nv,histo,40.0,female,lower extremity,data/raw/HAM10000_images_part_2/ISIC_0031923.jpg,test,5,5,nv,nv,0.7259021,True,nv → nv,0.024909867,0.046445437,0.04906238,0.06295466,0.050739337,0.7259021,0.039986193
HAM_0000231,ISIC_0030841,nv,histo,55.0,male,lower extremity,data/raw/HAM10000_images_part_2/ISIC_0030841.jpg,test,5,4,nv,mel,0.4861322,False,nv → mel,0.020092363,0.010215031,0.030685995,0.01733275,0.4861322,0.39877322,0.03676837
HAM_0005428,ISIC_0031654,nv,histo,15.0,female,trunk,data/raw/HAM10000_images_part_2/ISIC_0031654.jpg,test,5,5,nv,nv,0.7351431,True,nv → nv,0.02290416,0.0019537325,0.012717976,0.1432924,0.06623424,0.7351431,0.0177543
HAM_0004919,ISIC_0025226,nv,histo,40.0,male,upper extremity,data/raw/HAM10000_images_part_1/ISIC_0025226.jpg,test,5,5,nv,nv,0.65623534,True,nv → nv,0.025124704,0.015850564,0.030950537,0.053016108,0.1966267,0.65623534,0.022196025
HAM_0005902,ISIC_0027285,nv,histo,40.0,female,foot,data/raw/HAM10000_images_part_1/ISIC_0027285.jpg,test,5,5,nv,nv,0.35619885,True,nv → nv,0.012271495,0.040453937,0.15777157,0.02143071,0.32592362,0.35619885,0.0859498
HAM_0001637,ISIC_0031521,nv,histo,35.0,male,chest,data/raw/HAM10000_images_part_2/ISIC_0031521.jpg,test,5,5,nv,nv,0.7820928,True,nv → nv,0.022192836,0.009046567,0.005675444,0.026521722,0.120790936,0.7820928,0.033679713
HAM_0005840,ISIC_0030773,nv,histo,45.0,female,chest,data/raw/HAM10000_images_part_2/ISIC_0030773.jpg,test,5,5,nv,nv,0.5432727,True,nv → nv,0.016143197,0.014628506,0.025731042,0.029455826,0.33244103,0.5432727,0.03832776
HAM_0005840,ISIC_0028692,nv,histo,45.0,female,chest,data/raw/HAM10000_images_part_1/ISIC_0028692.jpg,test,5,5,nv,nv,0.4557051,True,nv → nv,0.030049127,0.021129847,0.05950834,0.0216442,0.37957838,0.4557051,0.03238496
HAM_0005840,ISIC_0032260,nv,histo,45.0,female,chest,data/raw/HAM10000_images_part_2/ISIC_0032260.jpg,test,5,5,nv,nv,0.5269228,True,nv → nv,0.023078319,0.013682915,0.013060295,0.030268155,0.37006843,0.5269228,0.022919133
HAM_0006363,ISIC_0024936,nv,histo,25.0,male,abdomen,data/raw/HAM10000_images_part_1/ISIC_0024936.jpg,test,5,5,nv,nv,0.6953782,True,nv → nv,0.008493439,0.00420208,0.031274587,0.010983802,0.2219201,0.6953782,0.027747797
HAM_0006364,ISIC_0029027,nv,histo,30.0,female,back,data/raw/HAM10000_images_part_1/ISIC_0029027.jpg,test,5,5,nv,nv,0.68447214,True,nv → nv,0.039911896,0.022981886,0.03258777,0.046542868,0.12487513,0.68447214,0.048628263
HAM_0000032,ISIC_0032291,nv,histo,60.0,male,abdomen,data/raw/HAM10000_images_part_2/ISIC_0032291.jpg,test,5,4,nv,mel,0.7714541,False,nv → mel,0.009487536,0.0035880357,0.00552318,0.005250795,0.7714541,0.19009486,0.014601578
HAM_0001236,ISIC_0030615,nv,histo,60.0,male,back,data/raw/HAM10000_images_part_2/ISIC_0030615.jpg,test,5,5,nv,nv,0.6139742,True,nv → nv,0.016690368,0.08091896,0.059410207,0.05638955,0.15659674,0.6139742,0.016019957
HAM_0002031,ISIC_0027925,nv,histo,30.0,male,back,data/raw/HAM10000_images_part_1/ISIC_0027925.jpg,test,5,5,nv,nv,0.7968201,True,nv → nv,0.011525535,0.010638426,0.04138711,0.028600754,0.09113274,0.7968201,0.019895311
HAM_0002031,ISIC_0031917,nv,histo,30.0,male,back,data/raw/HAM10000_images_part_2/ISIC_0031917.jpg,test,5,5,nv,nv,0.7595733,True,nv → nv,0.010875286,0.0069136485,0.053885765,0.028468736,0.118867934,0.7595733,0.021415345
HAM_0003276,ISIC_0024975,nv,histo,35.0,female,trunk,data/raw/HAM10000_images_part_1/ISIC_0024975.jpg,test,5,4,nv,mel,0.9080531,False,nv → mel,0.0027563442,0.0007139721,0.011667384,0.003971782,0.9080531,0.069023415,0.0038140402
HAM_0003276,ISIC_0025782,nv,histo,35.0,female,trunk,data/raw/HAM10000_images_part_1/ISIC_0025782.jpg,test,5,4,nv,mel,0.9106906,False,nv → mel,0.0039596697,0.00067238894,0.01419512,0.004372701,0.9106906,0.06258739,0.0035220834
HAM_0001872,ISIC_0029188,nv,histo,60.0,female,lower extremity,data/raw/HAM10000_images_part_1/ISIC_0029188.jpg,test,5,5,nv,nv,0.65451086,True,nv → nv,0.04559711,0.0230325,0.044819992,0.040358357,0.13251533,0.65451086,0.05916578
HAM_0001872,ISIC_0027800,nv,histo,60.0,female,lower extremity,data/raw/HAM10000_images_part_1/ISIC_0027800.jpg,test,5,5,nv,nv,0.68181515,True,nv → nv,0.031030567,0.018089646,0.0597829,0.03522534,0.12192317,0.68181515,0.05213322
HAM_0004239,ISIC_0029450,nv,histo,75.0,female,lower extremity,data/raw/HAM10000_images_part_2/ISIC_0029450.jpg,test,5,5,nv,nv,0.8292504,True,nv → nv,0.020037841,0.019284884,0.0075115296,0.036032867,0.051795773,0.8292504,0.036086753
HAM_0004239,ISIC_0027887,nv,histo,75.0,female,lower extremity,data/raw/HAM10000_images_part_1/ISIC_0027887.jpg,test,5,5,nv,nv,0.8515566,True,nv → nv,0.02186776,0.018238071,0.004679898,0.035699625,0.03190424,0.8515566,0.036053807
HAM_0004239,ISIC_0024928,nv,histo,75.0,female,lower extremity,data/raw/HAM10000_images_part_1/ISIC_0024928.jpg,test,5,5,nv,nv,0.8045447,True,nv → nv,0.023504427,0.024700306,0.008426688,0.04331944,0.052265942,0.8045447,0.04323841
HAM_0001715,ISIC_0027208,nv,histo,30.0,female,lower extremity,data/raw/HAM10000_images_part_1/ISIC_0027208.jpg,test,5,5,nv,nv,0.59702134,True,nv → nv,0.031315327,0.015386836,0.062690936,0.030701851,0.2223659,0.59702134,0.04051779
HAM_0001715,ISIC_0032368,nv,histo,30.0,female,lower extremity,data/raw/HAM10000_images_part_2/ISIC_0032368.jpg,test,5,5,nv,nv,0.5520773,True,nv → nv,0.02073731,0.010748179,0.05456183,0.027957462,0.29575217,0.5520773,0.038165703
HAM_0001715,ISIC_0029504,nv,histo,30.0,female,lower extremity,data/raw/HAM10000_images_part_2/ISIC_0029504.jpg,test,5,5,nv,nv,0.6491945,True,nv → nv,0.02450619,0.010959687,0.063698106,0.029642165,0.18696909,0.6491945,0.035030317
HAM_0001297,ISIC_0030135,nv,histo,60.0,male,back,data/raw/HAM10000_images_part_2/ISIC_0030135.jpg,test,5,5,nv,nv,0.6818209,True,nv → nv,0.028720792,0.050162133,0.03157428,0.019894158,0.17131698,0.6818209,0.016510794
HAM_0001297,ISIC_0030941,nv,histo,60.0,male,back,data/raw/HAM10000_images_part_2/ISIC_0030941.jpg,test,5,5,nv,nv,0.7441741,True,nv → nv,0.0138661675,0.04347279,0.030462094,0.015728978,0.1383643,0.7441741,0.013931612
HAM_0002547,ISIC_0024394,nv,histo,20.0,female,back,data/raw/HAM10000_images_part_1/ISIC_0024394.jpg,test,5,4,nv,mel,0.334636,False,nv → mel,0.07416582,0.08143157,0.19599558,0.029239465,0.334636,0.24708293,0.037448592
HAM_0002547,ISIC_0029516,nv,histo,20.0,female,back,data/raw/HAM10000_images_part_2/ISIC_0029516.jpg,test,5,5,nv,nv,0.44727018,True,nv → nv,0.052874684,0.031160267,0.14819439,0.023038171,0.25021547,0.44727018,0.047246844
HAM_0007089,ISIC_0030066,nv,histo,35.0,male,chest,data/raw/HAM10000_images_part_2/ISIC_0030066.jpg,test,5,2,nv,bkl,0.3712043,False,nv → bkl,0.017305445,0.052362073,0.3712043,0.01369233,0.17053653,0.3507746,0.02412476
HAM_0007340,ISIC_0028944,nv,histo,40.0,female,trunk,data/raw/HAM10000_images_part_1/ISIC_0028944.jpg,test,5,4,nv,mel,0.69002354,False,nv → mel,0.010143599,0.008140403,0.110823736,0.011028689,0.69002354,0.14586839,0.023971653
HAM_0003742,ISIC_0031631,nv,histo,20.0,female,back,data/raw/HAM10000_images_part_2/ISIC_0031631.jpg,test,5,4,nv,mel,0.40584075,False,nv → mel,0.0041829143,0.007507213,0.16328765,0.0065420154,0.40584075,0.3736851,0.03895445
HAM_0003742,ISIC_0027150,nv,histo,20.0,female,back,data/raw/HAM10000_images_part_1/ISIC_0027150.jpg,test,5,5,nv,nv,0.4348718,True,nv → nv,0.007121134,0.010642864,0.22131045,0.007836461,0.2873939,0.4348718,0.030823516
HAM_0002979,ISIC_0030588,nv,histo,35.0,female,back,data/raw/HAM10000_images_part_2/ISIC_0030588.jpg,test,5,5,nv,nv,0.60495853,True,nv → nv,0.009485881,0.0048794914,0.0061248373,0.017749833,0.29297128,0.60495853,0.063830085
HAM_0002979,ISIC_0025511,nv,histo,35.0,female,back,data/raw/HAM10000_images_part_1/ISIC_0025511.jpg,test,5,5,nv,nv,0.7198188,True,nv → nv,0.011512689,0.009493428,0.00987126,0.024750408,0.17232068,0.7198188,0.0522328
HAM_0005284,ISIC_0029640,nv,histo,20.0,male,back,data/raw/HAM10000_images_part_2/ISIC_0029640.jpg,test,5,4,nv,mel,0.48333362,False,nv → mel,0.031525616,0.021990309,0.12044449,0.019693624,0.48333362,0.2755798,0.047432568
HAM_0005284,ISIC_0029724,nv,histo,20.0,male,back,data/raw/HAM10000_images_part_2/ISIC_0029724.jpg,test,5,4,nv,mel,0.46924114,False,nv → mel,0.028930198,0.020048488,0.23748031,0.01464978,0.46924114,0.19203,0.037620053
HAM_0005284,ISIC_0027707,nv,histo,20.0,male,back,data/raw/HAM10000_images_part_1/ISIC_0027707.jpg,test,5,4,nv,mel,0.3617213,False,nv → mel,0.030901505,0.019420324,0.229765,0.020813653,0.3617213,0.28726053,0.050117694
HAM_0004007,ISIC_0031541,nv,histo,35.0,female,lower extremity,data/raw/HAM10000_images_part_2/ISIC_0031541.jpg,test,5,5,nv,nv,0.94088376,True,nv → nv,0.0067811785,0.005070225,0.0037433547,0.030713024,0.005265858,0.94088376,0.007542526
HAM_0004007,ISIC_0027596,nv,histo,35.0,female,lower extremity,data/raw/HAM10000_images_part_1/ISIC_0027596.jpg,test,5,5,nv,nv,0.93227214,True,nv → nv,0.0078982795,0.006077737,0.003973853,0.023936462,0.011281784,0.93227214,0.014559724
HAM_0004007,ISIC_0028960,nv,histo,35.0,female,lower extremity,data/raw/HAM10000_images_part_1/ISIC_0028960.jpg,test,5,5,nv,nv,0.940975,True,nv → nv,0.0066817766,0.0049437205,0.0040792874,0.023606999,0.009470695,0.940975,0.0102425525
HAM_0000188,ISIC_0027020,nv,histo,40.0,male,abdomen,data/raw/HAM10000_images_part_1/ISIC_0027020.jpg,test,5,5,nv,nv,0.7031963,True,nv → nv,0.0050804955,0.00422472,0.0054370877,0.010534258,0.22074488,0.7031963,0.050782263
HAM_0000188,ISIC_0028390,nv,histo,40.0,male,abdomen,data/raw/HAM10000_images_part_1/ISIC_0028390.jpg,test,5,5,nv,nv,0.6081568,True,nv → nv,0.0041806153,0.006877108,0.011189284,0.013521066,0.30394822,0.6081568,0.052126963
HAM_0000188,ISIC_0029199,nv,histo,40.0,male,abdomen,data/raw/HAM10000_images_part_1/ISIC_0029199.jpg,test,5,5,nv,nv,0.6255644,True,nv → nv,0.0057570143,0.0018835657,0.008844717,0.008872457,0.308776,0.6255644,0.040301938
HAM_0003686,ISIC_0025386,nv,histo,25.0,male,upper extremity,data/raw/HAM10000_images_part_1/ISIC_0025386.jpg,test,5,5,nv,nv,0.5746358,True,nv → nv,0.05145952,0.024610983,0.099906996,0.01930733,0.18149555,0.5746358,0.04858382
HAM_0002835,ISIC_0028510,nv,histo,30.0,female,foot,data/raw/HAM10000_images_part_1/ISIC_0028510.jpg,test,5,5,nv,nv,0.6673467,True,nv → nv,0.053068746,0.010169748,0.046775512,0.039446294,0.10028573,0.6673467,0.08290733
HAM_0003686,ISIC_0024870,nv,histo,25.0,male,upper extremity,data/raw/HAM10000_images_part_1/ISIC_0024870.jpg,test,5,5,nv,nv,0.681341,True,nv → nv,0.03184487,0.009051834,0.0824379,0.017849792,0.13367051,0.681341,0.043804184
HAM_0006296,ISIC_0028999,nv,histo,70.0,male,trunk,data/raw/HAM10000_images_part_1/ISIC_0028999.jpg,test,5,4,nv,mel,0.8252468,False,nv → mel,0.008404735,0.006585194,0.021493888,0.0073123965,0.8252468,0.12229333,0.008663713
HAM_0007160,ISIC_0028723,nv,histo,30.0,female,trunk,data/raw/HAM10000_images_part_1/ISIC_0028723.jpg,test,5,5,nv,nv,0.82106215,True,nv → nv,0.027991688,0.016176362,0.010882275,0.03313016,0.05124089,0.82106215,0.03951649
HAM_0005457,ISIC_0025039,nv,histo,75.0,male,back,data/raw/HAM10000_images_part_1/ISIC_0025039.jpg,test,5,5,nv,nv,0.6359373,True,nv → nv,0.037180886,0.014363823,0.050977822,0.024951205,0.21152966,0.6359373,0.02505934
HAM_0005614,ISIC_0030397,nv,histo,35.0,female,trunk,data/raw/HAM10000_images_part_2/ISIC_0030397.jpg,test,5,5,nv,nv,0.82452,True,nv → nv,0.02792413,0.038433272,0.013476482,0.028769635,0.013197183,0.82452,0.053679243
HAM_0003164,ISIC_0027897,nv,histo,30.0,female,trunk,data/raw/HAM10000_images_part_1/ISIC_0027897.jpg,test,5,5,nv,nv,0.5839264,True,nv → nv,0.07421357,0.105140336,0.040381134,0.04940365,0.027491156,0.5839264,0.11944376
HAM_0000418,ISIC_0029339,nv,histo,55.0,male,back,data/raw/HAM10000_images_part_2/ISIC_0029339.jpg,test,5,4,nv,mel,0.43674845,False,nv → mel,0.05910023,0.03254068,0.021292515,0.093079366,0.43674845,0.33041722,0.026821515
HAM_0000904,ISIC_0025149,nv,histo,30.0,male,back,data/raw/HAM10000_images_part_1/ISIC_0025149.jpg,test,5,5,nv,nv,0.7249329,True,nv → nv,0.045186188,0.023268348,0.03057495,0.05140523,0.08273125,0.7249329,0.041901194
HAM_0000904,ISIC_0025938,nv,histo,30.0,male,back,data/raw/HAM10000_images_part_1/ISIC_0025938.jpg,test,5,5,nv,nv,0.5737187,True,nv → nv,0.052791405,0.03010606,0.07583126,0.07947963,0.15260087,0.5737187,0.03547206
HAM_0005855,ISIC_0031727,nv,histo,60.0,male,lower extremity,data/raw/HAM10000_images_part_2/ISIC_0031727.jpg,test,5,5,nv,nv,0.38738295,True,nv → nv,0.08858363,0.033489026,0.18719043,0.05395186,0.22745928,0.38738295,0.021942824
HAM_0002298,ISIC_0031483,nv,histo,25.0,male,lower extremity,data/raw/HAM10000_images_part_2/ISIC_0031483.jpg,test,5,5,nv,nv,0.4932866,True,nv → nv,0.013025977,0.3570043,0.003991805,0.038575027,0.014061824,0.4932866,0.08005452
HAM_0002128,ISIC_0031603,nv,histo,35.0,female,scalp,data/raw/HAM10000_images_part_2/ISIC_0031603.jpg,test,5,2,nv,bkl,0.2811559,False,nv → bkl,0.14713067,0.05899292,0.2811559,0.032302584,0.25021845,0.19490251,0.03529707
HAM_0002128,ISIC_0029867,nv,histo,35.0,female,scalp,data/raw/HAM10000_images_part_2/ISIC_0029867.jpg,test,5,5,nv,nv,0.44443667,True,nv → nv,0.10576396,0.024616234,0.04162503,0.023643175,0.34330288,0.44443667,0.016612053
HAM_0002668,ISIC_0027224,nv,histo,30.0,male,back,data/raw/HAM10000_images_part_1/ISIC_0027224.jpg,test,5,5,nv,nv,0.57119435,True,nv → nv,0.0517259,0.076830536,0.031719767,0.0595353,0.17425261,0.57119435,0.03474156
HAM_0002668,ISIC_0026784,nv,histo,30.0,male,back,data/raw/HAM10000_images_part_1/ISIC_0026784.jpg,test,5,5,nv,nv,0.60237753,True,nv → nv,0.05934532,0.11368465,0.014168074,0.05138668,0.12724847,0.60237753,0.031789172
HAM_0006302,ISIC_0030819,nv,histo,50.0,female,ear,data/raw/HAM10000_images_part_2/ISIC_0030819.jpg,test,5,5,nv,nv,0.7171655,True,nv → nv,0.058213025,0.017504318,0.0577298,0.06524374,0.05446772,0.7171655,0.029675847
HAM_0006025,ISIC_0031285,nv,histo,70.0,female,foot,data/raw/HAM10000_images_part_2/ISIC_0031285.jpg,test,5,5,nv,nv,0.5198104,True,nv → nv,0.042853747,0.031872958,0.09232647,0.06683841,0.21061705,0.5198104,0.035681013
HAM_0007080,ISIC_0029994,nv,histo,50.0,male,back,data/raw/HAM10000_images_part_2/ISIC_0029994.jpg,test,5,4,nv,mel,0.35601795,False,nv → mel,0.18637161,0.036355972,0.05976006,0.052906446,0.35601795,0.28921965,0.019368287
HAM_0006318,ISIC_0024937,nv,histo,45.0,female,back,data/raw/HAM10000_images_part_1/ISIC_0024937.jpg,test,5,5,nv,nv,0.6134498,True,nv → nv,0.077705726,0.03740728,0.032138087,0.052627448,0.15993284,0.6134498,0.026738774
HAM_0000168,ISIC_0031353,nv,histo,55.0,male,neck,data/raw/HAM10000_images_part_2/ISIC_0031353.jpg,test,5,2,nv,bkl,0.46966764,False,nv → bkl,0.07050862,0.026529415,0.46966764,0.021182695,0.15810108,0.2252097,0.028800806
HAM_0007004,ISIC_0030525,nv,histo,70.0,female,hand,data/raw/HAM10000_images_part_2/ISIC_0030525.jpg,test,5,5,nv,nv,0.41846493,True,nv → nv,0.023787068,0.3586076,0.01789963,0.06720119,0.06675563,0.41846493,0.047283977
HAM_0003434,ISIC_0031126,nv,histo,30.0,female,neck,data/raw/HAM10000_images_part_2/ISIC_0031126.jpg,test,5,2,nv,bkl,0.29635134,False,nv → bkl,0.059896115,0.19865386,0.29635134,0.08464901,0.12494688,0.18611228,0.049390454
HAM_0001406,ISIC_0026592,nv,histo,25.0,female,chest,data/raw/HAM10000_images_part_1/ISIC_0026592.jpg,test,5,5,nv,nv,0.6987801,True,nv → nv,0.077240355,0.022164294,0.010413342,0.051404223,0.082655676,0.6987801,0.057342
HAM_0001406,ISIC_0030914,nv,histo,25.0,female,chest,data/raw/HAM10000_images_part_2/ISIC_0030914.jpg,test,5,5,nv,nv,0.63090014,True,nv → nv,0.0633099,0.020392613,0.02895351,0.09307878,0.11622904,0.63090014,0.047136005
HAM_0001911,ISIC_0029197,nv,histo,55.0,male,back,data/raw/HAM10000_images_part_1/ISIC_0029197.jpg,test,5,5,nv,nv,0.6210111,True,nv → nv,0.020596012,0.015968043,0.06256005,0.032304376,0.18962543,0.6210111,0.05793506
HAM_0002103,ISIC_0026034,nv,histo,60.0,male,lower extremity,data/raw/HAM10000_images_part_1/ISIC_0026034.jpg,test,5,5,nv,nv,0.71880406,True,nv → nv,0.024700249,0.048037425,0.01676315,0.035367668,0.115462966,0.71880406,0.040864524
HAM_0000045,ISIC_0032126,nv,histo,50.0,male,back,data/raw/HAM10000_images_part_2/ISIC_0032126.jpg,test,5,0,nv,akiec,0.44472504,False,nv → akiec,0.44472504,0.09025728,0.17877248,0.047687102,0.09405839,0.11433802,0.03016176
HAM_0001508,ISIC_0029298,nv,histo,65.0,female,lower extremity,data/raw/HAM10000_images_part_1/ISIC_0029298.jpg,test,5,5,nv,nv,0.614961,True,nv → nv,0.029847512,0.031706337,0.056507606,0.0320744,0.20016487,0.614961,0.0347383
HAM_0005009,ISIC_0027569,nv,histo,20.0,male,back,data/raw/HAM10000_images_part_1/ISIC_0027569.jpg,test,5,4,nv,mel,0.33776164,False,nv → mel,0.07564749,0.17593743,0.096476376,0.04313542,0.33776164,0.25134167,0.019699981
HAM_0005176,ISIC_0031117,nv,histo,70.0,male,back,data/raw/HAM10000_images_part_2/ISIC_0031117.jpg,test,5,5,nv,nv,0.571119,True,nv → nv,0.023512043,0.010931096,0.03950331,0.05568735,0.2787025,0.571119,0.0205447
HAM_0003820,ISIC_0029109,nv,histo,20.0,female,back,data/raw/HAM10000_images_part_1/ISIC_0029109.jpg,test,5,5,nv,nv,0.6517822,True,nv → nv,0.04996713,0.011350746,0.03165332,0.05856759,0.15851912,0.6517822,0.038159892
HAM_0001630,ISIC_0028297,nv,histo,70.0,female,back,data/raw/HAM10000_images_part_1/ISIC_0028297.jpg,test,5,5,nv,nv,0.4577045,True,nv → nv,0.1016671,0.026394563,0.065734394,0.057378914,0.25607345,0.4577045,0.035047006
HAM_0005510,ISIC_0029203,nv,histo,30.0,female,lower extremity,data/raw/HAM10000_images_part_1/ISIC_0029203.jpg,test,5,5,nv,nv,0.34952226,True,nv → nv,0.06300722,0.06785207,0.29715604,0.17814995,0.007005912,0.34952226,0.03730661
HAM_0000949,ISIC_0032444,nv,histo,65.0,male,back,data/raw/HAM10000_images_part_2/ISIC_0032444.jpg,test,5,4,nv,mel,0.5143368,False,nv → mel,0.047572155,0.008610383,0.04796903,0.048336126,0.5143368,0.30119747,0.031978063
HAM_0002291,ISIC_0024836,nv,histo,45.0,male,back,data/raw/HAM10000_images_part_1/ISIC_0024836.jpg,test,5,5,nv,nv,0.68499106,True,nv → nv,0.010382444,0.17581181,0.020317575,0.067017525,0.016564477,0.68499106,0.024915095
HAM_0006401,ISIC_0031451,nv,histo,45.0,female,foot,data/raw/HAM10000_images_part_2/ISIC_0031451.jpg,test,5,5,nv,nv,0.8773175,True,nv → nv,0.026579583,0.013203345,0.0089441035,0.05216677,0.009044167,0.8773175,0.012744555
HAM_0005450,ISIC_0029286,nv,histo,40.0,female,lower extremity,data/raw/HAM10000_images_part_1/ISIC_0029286.jpg,test,5,5,nv,nv,0.52387893,True,nv → nv,0.08503634,0.09809189,0.031008044,0.11104428,0.12877199,0.52387893,0.022168592
HAM_0000338,ISIC_0028631,nv,histo,30.0,male,back,data/raw/HAM10000_images_part_1/ISIC_0028631.jpg,test,5,5,nv,nv,0.6998062,True,nv → nv,0.04705241,0.029394425,0.03038421,0.1022241,0.077504836,0.6998062,0.013633766
HAM_0001319,ISIC_0026053,nv,histo,70.0,male,back,data/raw/HAM10000_images_part_1/ISIC_0026053.jpg,test,5,4,nv,mel,0.7266232,False,nv → mel,0.014843064,0.008800957,0.025296167,0.013135642,0.7266232,0.1971242,0.014176749
HAM_0001319,ISIC_0028599,nv,histo,70.0,male,back,data/raw/HAM10000_images_part_1/ISIC_0028599.jpg,test,5,5,nv,nv,0.33873618,True,nv → nv,0.04078752,0.090879045,0.18786442,0.028474089,0.28060564,0.33873618,0.032653153
HAM_0003117,ISIC_0027917,nv,histo,35.0,male,upper extremity,data/raw/HAM10000_images_part_1/ISIC_0027917.jpg,test,5,5,nv,nv,0.6640425,True,nv → nv,0.010684369,0.0076041776,0.08834243,0.042263374,0.062109362,0.6640425,0.12495381
HAM_0003241,ISIC_0030079,nv,histo,40.0,male,back,data/raw/HAM10000_images_part_2/ISIC_0030079.jpg,test,5,5,nv,nv,0.47093388,True,nv → nv,0.04036013,0.017714208,0.039583515,0.045546986,0.34002453,0.47093388,0.045836736
HAM_0003241,ISIC_0024908,nv,histo,40.0,male,back,data/raw/HAM10000_images_part_1/ISIC_0024908.jpg,test,5,5,nv,nv,0.46256292,True,nv → nv,0.04843475,0.019214272,0.04611741,0.047887478,0.32890615,0.46256292,0.04687701
HAM_0002794,ISIC_0031596,nv,histo,55.0,female,back,data/raw/HAM10000_images_part_2/ISIC_0031596.jpg,test,5,4,nv,mel,0.59648275,False,nv → mel,0.029685333,0.007637352,0.05510685,0.03201172,0.59648275,0.24904342,0.030032577
HAM_0007510,ISIC_0027382,nv,histo,20.0,female,lower extremity,data/raw/HAM10000_images_part_1/ISIC_0027382.jpg,test,5,5,nv,nv,0.8139327,True,nv → nv,0.014786305,0.0023117738,0.017348863,0.021018323,0.10206559,0.8139327,0.02853642
HAM_0003058,ISIC_0028032,nv,histo,70.0,male,back,data/raw/HAM10000_images_part_1/ISIC_0028032.jpg,test,5,5,nv,nv,0.50759387,True,nv → nv,0.1005503,0.042910162,0.054625086,0.06765389,0.18876848,0.50759387,0.0378982
HAM_0007263,ISIC_0028130,nv,histo,50.0,female,lower extremity,data/raw/HAM10000_images_part_1/ISIC_0028130.jpg,test,5,5,nv,nv,0.5445168,True,nv → nv,0.04636174,0.023122648,0.0815404,0.05020972,0.21242173,0.5445168,0.04182691
HAM_0006118,ISIC_0028400,nv,histo,65.0,male,back,data/raw/HAM10000_images_part_1/ISIC_0028400.jpg,test,5,1,nv,bcc,0.40860173,False,nv → bcc,0.19756277,0.40860173,0.14657804,0.0650906,0.058234107,0.098161936,0.025770925
HAM_0002518,ISIC_0032028,nv,histo,60.0,male,abdomen,data/raw/HAM10000_images_part_2/ISIC_0032028.jpg,test,5,4,nv,mel,0.48588565,False,nv → mel,0.0472073,0.0063692187,0.08964895,0.024550749,0.48588565,0.32081497,0.025523165
HAM_0005822,ISIC_0029054,nv,histo,45.0,male,upper extremity,data/raw/HAM10000_images_part_1/ISIC_0029054.jpg,test,5,5,nv,nv,0.45925537,True,nv → nv,0.042256396,0.016739061,0.1002705,0.030131973,0.30947292,0.45925537,0.04187376
HAM_0004806,ISIC_0032327,nv,histo,80.0,male,back,data/raw/HAM10000_images_part_2/ISIC_0032327.jpg,test,5,2,nv,bkl,0.84016836,False,nv → bkl,0.04061631,0.0021825428,0.84016836,0.008720843,0.031195728,0.049797926,0.027318269
HAM_0004534,ISIC_0024363,nv,histo,40.0,male,back,data/raw/HAM10000_images_part_1/ISIC_0024363.jpg,test,5,5,nv,nv,0.8582377,True,nv → nv,0.008322093,0.0013934338,0.010256343,0.022382718,0.0869935,0.8582377,0.0124143185
HAM_0006069,ISIC_0031681,nv,histo,45.0,female,abdomen,data/raw/HAM10000_images_part_2/ISIC_0031681.jpg,test,5,5,nv,nv,0.5782049,True,nv → nv,0.055172663,0.11069582,0.09337415,0.08672877,0.037309945,0.5782049,0.03851379
HAM_0005894,ISIC_0025579,nv,histo,45.0,female,back,data/raw/HAM10000_images_part_1/ISIC_0025579.jpg,test,5,5,nv,nv,0.75334024,True,nv → nv,0.016780902,0.0093260575,0.023202961,0.023149624,0.13121504,0.75334024,0.04298513
HAM_0006420,ISIC_0029905,nv,histo,50.0,female,upper extremity,data/raw/HAM10000_images_part_2/ISIC_0029905.jpg,test,5,2,nv,bkl,0.38682014,False,nv → bkl,0.027239325,0.014603869,0.38682014,0.018013064,0.25332338,0.26279712,0.03720302
HAM_0004806,ISIC_0031031,nv,histo,80.0,male,back,data/raw/HAM10000_images_part_2/ISIC_0031031.jpg,test,5,2,nv,bkl,0.488917,False,nv → bkl,0.037208308,0.008332246,0.488917,0.033951838,0.14687581,0.25034496,0.034369912
HAM_0000707,ISIC_0031113,nv,histo,70.0,female,abdomen,data/raw/HAM10000_images_part_2/ISIC_0031113.jpg,test,5,5,nv,nv,0.56350434,True,nv → nv,0.04452787,0.030629558,0.08969563,0.038602725,0.17575371,0.56350434,0.057286177
HAM_0005510,ISIC_0028166,nv,histo,30.0,female,lower extremity,data/raw/HAM10000_images_part_1/ISIC_0028166.jpg,test,5,2,nv,bkl,0.4693162,False,nv → bkl,0.035617508,0.040965114,0.4693162,0.18885393,0.0044671413,0.2134885,0.04729151
HAM_0005510,ISIC_0026406,nv,histo,30.0,female,lower extremity,data/raw/HAM10000_images_part_1/ISIC_0026406.jpg,test,5,2,nv,bkl,0.5566901,False,nv → bkl,0.022533933,0.035207506,0.5566901,0.06463012,0.06846275,0.230749,0.021726584
HAM_0006323,ISIC_0026805,nv,histo,75.0,female,lower extremity,data/raw/HAM10000_images_part_1/ISIC_0026805.jpg,test,5,5,nv,nv,0.60013795,True,nv → nv,0.03362734,0.0087618055,0.053486686,0.031083087,0.22943704,0.60013795,0.04346616
HAM_0006323,ISIC_0024680,nv,histo,75.0,female,lower extremity,data/raw/HAM10000_images_part_1/ISIC_0024680.jpg,test,5,5,nv,nv,0.60738534,True,nv → nv,0.042800374,0.020591816,0.0383674,0.040120296,0.1810537,0.60738534,0.069681115
HAM_0006323,ISIC_0029465,nv,histo,75.0,female,lower extremity,data/raw/HAM10000_images_part_2/ISIC_0029465.jpg,test,5,5,nv,nv,0.6622033,True,nv → nv,0.033114444,0.009278234,0.029352507,0.0241704,0.19567181,0.6622033,0.046209343
HAM_0006835,ISIC_0031594,nv,histo,75.0,male,chest,data/raw/HAM10000_images_part_2/ISIC_0031594.jpg,test,5,2,nv,bkl,0.31488124,False,nv → bkl,0.24040964,0.28542566,0.31488124,0.05258219,0.01987637,0.06431217,0.02251267
HAM_0004518,ISIC_0025967,nv,histo,35.0,female,upper extremity,data/raw/HAM10000_images_part_1/ISIC_0025967.jpg,test,5,5,nv,nv,0.26287496,True,nv → nv,0.036426887,0.015448202,0.20857018,0.18841867,0.2591228,0.26287496,0.029138265
HAM_0004518,ISIC_0031960,nv,histo,35.0,female,upper extremity,data/raw/HAM10000_images_part_2/ISIC_0031960.jpg,test,5,5,nv,nv,0.78752065,True,nv → nv,0.029751593,0.026928296,0.015936386,0.07366674,0.03923285,0.78752065,0.026963452
HAM_0004518,ISIC_0024578,nv,histo,35.0,female,upper extremity,data/raw/HAM10000_images_part_1/ISIC_0024578.jpg,test,5,5,nv,nv,0.7219733,True,nv → nv,0.047793485,0.027143458,0.040882155,0.07705838,0.050530855,0.7219733,0.034618266
HAM_0003836,ISIC_0031802,nv,histo,55.0,male,unknown,data/raw/HAM10000_images_part_2/ISIC_0031802.jpg,test,5,5,nv,nv,0.8162519,True,nv → nv,0.014809703,0.033041693,0.008041333,0.034576893,0.083001755,0.8162519,0.010276756
HAM_0007342,ISIC_0030625,nv,histo,35.0,male,back,data/raw/HAM10000_images_part_2/ISIC_0030625.jpg,test,5,5,nv,nv,0.6954471,True,nv → nv,0.03099942,0.00577654,0.049141344,0.076857954,0.11051949,0.6954471,0.031258155
HAM_0002905,ISIC_0029026,nv,histo,40.0,male,neck,data/raw/HAM10000_images_part_1/ISIC_0029026.jpg,test,5,2,nv,bkl,0.4212986,False,nv → bkl,0.014298955,0.037649117,0.4212986,0.028367743,0.3159296,0.16581509,0.016640933
HAM_0005175,ISIC_0029479,nv,histo,60.0,female,back,data/raw/HAM10000_images_part_2/ISIC_0029479.jpg,test,5,2,nv,bkl,0.50205404,False,nv → bkl,0.16856682,0.037415296,0.50205404,0.04592489,0.17500831,0.05574574,0.015284818
HAM_0005175,ISIC_0032278,nv,histo,60.0,female,back,data/raw/HAM10000_images_part_2/ISIC_0032278.jpg,test,5,0,nv,akiec,0.54857296,False,nv → akiec,0.54857296,0.11581512,0.085378826,0.04678353,0.120989844,0.06696821,0.015491467
HAM_0007284,ISIC_0027255,nv,histo,60.0,female,back,data/raw/HAM10000_images_part_1/ISIC_0027255.jpg,test,5,5,nv,nv,0.7311159,True,nv → nv,0.025740996,0.040467937,0.052080985,0.050939232,0.08716741,0.7311159,0.012487607
HAM_0000889,ISIC_0026581,nv,histo,30.0,female,lower extremity,data/raw/HAM10000_images_part_1/ISIC_0026581.jpg,test,5,5,nv,nv,0.7420037,True,nv → nv,0.01896468,0.005267759,0.025583431,0.03501394,0.14101803,0.7420037,0.03214853
HAM_0000889,ISIC_0025936,nv,histo,30.0,female,lower extremity,data/raw/HAM10000_images_part_1/ISIC_0025936.jpg,test,5,5,nv,nv,0.79956895,True,nv → nv,0.022160327,0.006345744,0.01758993,0.034741554,0.07936579,0.79956895,0.04022762
HAM_0000889,ISIC_0026401,nv,histo,30.0,female,lower extremity,data/raw/HAM10000_images_part_1/ISIC_0026401.jpg,test,5,5,nv,nv,0.725535,True,nv → nv,0.019037621,0.0087346705,0.045079317,0.039382357,0.11837064,0.725535,0.04386037
HAM_0000889,ISIC_0030370,nv,histo,30.0,female,lower extremity,data/raw/HAM10000_images_part_2/ISIC_0030370.jpg,test,5,5,nv,nv,0.7628521,True,nv → nv,0.012282646,0.004960045,0.031290207,0.024355575,0.1282422,0.7628521,0.03601729
HAM_0006835,ISIC_0026577,nv,histo,75.0,male,chest,data/raw/HAM10000_images_part_1/ISIC_0026577.jpg,test,5,5,nv,nv,0.3810497,True,nv → nv,0.1910063,0.053939987,0.20769432,0.10857828,0.0287297,0.3810497,0.029001657
HAM_0006205,ISIC_0031121,nv,histo,55.0,male,chest,data/raw/HAM10000_images_part_2/ISIC_0031121.jpg,test,5,5,nv,nv,0.4602016,True,nv → nv,0.031574026,0.088272884,0.17576313,0.028562114,0.18572477,0.4602016,0.029901482
HAM_0006205,ISIC_0032034,nv,histo,55.0,male,chest,data/raw/HAM10000_images_part_2/ISIC_0032034.jpg,test,5,5,nv,nv,0.57524973,True,nv → nv,0.053606965,0.059791554,0.10031685,0.07130756,0.089755625,0.57524973,0.04997171
HAM_0000778,ISIC_0028602,nv,histo,30.0,female,back,data/raw/HAM10000_images_part_1/ISIC_0028602.jpg,test,5,5,nv,nv,0.5394317,True,nv → nv,0.07672148,0.1232437,0.05551044,0.11386777,0.0622469,0.5394317,0.02897815
HAM_0000976,ISIC_0030833,nv,histo,40.0,male,chest,data/raw/HAM10000_images_part_2/ISIC_0030833.jpg,test,5,5,nv,nv,0.38758954,True,nv → nv,0.034640606,0.03910078,0.20654532,0.02631604,0.275439,0.38758954,0.030368742
HAM_0002345,ISIC_0031982,nv,histo,35.0,male,upper extremity,data/raw/HAM10000_images_part_2/ISIC_0031982.jpg,test,5,5,nv,nv,0.75510895,True,nv → nv,0.013488553,0.016049776,0.069755435,0.023656532,0.10590338,0.75510895,0.01603739
HAM_0002271,ISIC_0027840,nv,histo,65.0,female,back,data/raw/HAM10000_images_part_1/ISIC_0027840.jpg,test,5,4,nv,mel,0.39568126,False,nv → mel,0.16938236,0.01968985,0.086644106,0.03955226,0.39568126,0.26283038,0.026219793
HAM_0005197,ISIC_0030922,nv,histo,75.0,male,trunk,data/raw/HAM10000_images_part_2/ISIC_0030922.jpg,test,5,5,nv,nv,0.48700142,True,nv → nv,0.005833501,0.0025328845,0.0734789,0.011574818,0.39057192,0.48700142,0.029006574
HAM_0005102,ISIC_0028128,nv,histo,55.0,male,chest,data/raw/HAM10000_images_part_1/ISIC_0028128.jpg,test,5,1,nv,bcc,0.35325542,False,nv → bcc,0.09250572,0.35325542,0.1613934,0.06601219,0.055988338,0.25941676,0.011428212
HAM_0006420,ISIC_0031074,nv,histo,50.0,female,upper extremity,data/raw/HAM10000_images_part_2/ISIC_0031074.jpg,test,5,2,nv,bkl,0.68095565,False,nv → bkl,0.02123338,0.007670419,0.68095565,0.011317959,0.12353754,0.13931388,0.015971173
HAM_0000707,ISIC_0024561,nv,histo,70.0,female,abdomen,data/raw/HAM10000_images_part_1/ISIC_0024561.jpg,test,5,5,nv,nv,0.5089735,True,nv → nv,0.033976484,0.035976313,0.08639161,0.040544067,0.2534295,0.5089735,0.04070852
HAM_0002271,ISIC_0026048,nv,histo,65.0,female,back,data/raw/HAM10000_images_part_1/ISIC_0026048.jpg,test,5,4,nv,mel,0.41382265,False,nv → mel,0.121219814,0.033541728,0.04556853,0.0487769,0.41382265,0.30105004,0.03602034
HAM_0002271,ISIC_0031930,nv,histo,65.0,female,back,data/raw/HAM10000_images_part_2/ISIC_0031930.jpg,test,5,4,nv,mel,0.46586365,False,nv → mel,0.10558334,0.015834069,0.023959775,0.06515723,0.46586365,0.29188672,0.03171524
HAM_0003754,ISIC_0029671,nv,histo,60.0,male,foot,data/raw/HAM10000_images_part_2/ISIC_0029671.jpg,test,5,5,nv,nv,0.6617908,True,nv → nv,0.048026808,0.023084402,0.024831051,0.035143983,0.12560555,0.6617908,0.08151733
HAM_0000836,ISIC_0030061,nv,histo,45.0,female,back,data/raw/HAM10000_images_part_2/ISIC_0030061.jpg,test,5,5,nv,nv,0.6039649,True,nv → nv,0.08765812,0.067265764,0.014122035,0.08244301,0.098598555,0.6039649,0.045947634
HAM_0000836,ISIC_0030960,nv,histo,45.0,female,back,data/raw/HAM10000_images_part_2/ISIC_0030960.jpg,test,5,5,nv,nv,0.3331808,True,nv → nv,0.11760063,0.15501478,0.1101053,0.051287297,0.19107077,0.3331808,0.041740444
HAM_0000836,ISIC_0030311,nv,histo,45.0,female,back,data/raw/HAM10000_images_part_2/ISIC_0030311.jpg,test,5,5,nv,nv,0.48330423,True,nv → nv,0.06752461,0.04964457,0.03904645,0.04829953,0.26392025,0.48330423,0.04826032
HAM_0000836,ISIC_0025505,nv,histo,45.0,female,back,data/raw/HAM10000_images_part_1/ISIC_0025505.jpg,test,5,5,nv,nv,0.6431656,True,nv → nv,0.073902205,0.11075238,0.0059812167,0.082135744,0.053812407,0.6431656,0.03025055
HAM_0000194,ISIC_0030456,nv,histo,50.0,female,lower extremity,data/raw/HAM10000_images_part_2/ISIC_0030456.jpg,test,5,5,nv,nv,0.7090785,True,nv → nv,0.042345814,0.017046764,0.06047461,0.045469522,0.0955765,0.7090785,0.030008256
HAM_0000194,ISIC_0030942,nv,histo,50.0,female,lower extremity,data/raw/HAM10000_images_part_2/ISIC_0030942.jpg,test,5,5,nv,nv,0.5628848,True,nv → nv,0.040991142,0.036707785,0.08260956,0.0330202,0.21706349,0.5628848,0.026723018
HAM_0000976,ISIC_0031880,nv,histo,40.0,male,chest,data/raw/HAM10000_images_part_2/ISIC_0031880.jpg,test,5,2,nv,bkl,0.5002216,False,nv → bkl,0.022121413,0.012914548,0.5002216,0.032942526,0.23851524,0.17288321,0.020401517
HAM_0000500,ISIC_0029145,nv,histo,45.0,male,lower extremity,data/raw/HAM10000_images_part_1/ISIC_0029145.jpg,test,5,5,nv,nv,0.40842888,True,nv → nv,0.06734372,0.36709493,0.020064088,0.05770347,0.061253056,0.40842888,0.018111762
HAM_0000500,ISIC_0029441,nv,histo,45.0,male,lower extremity,data/raw/HAM10000_images_part_2/ISIC_0029441.jpg,test,5,5,nv,nv,0.6271029,True,nv → nv,0.023781946,0.14766252,0.019130751,0.061291147,0.09904426,0.6271029,0.02198651
HAM_0000778,ISIC_0031039,nv,histo,30.0,female,back,data/raw/HAM10000_images_part_2/ISIC_0031039.jpg,test,5,5,nv,nv,0.5378435,True,nv → nv,0.04583264,0.045883823,0.05928996,0.08610149,0.19883999,0.5378435,0.026208518
HAM_0000778,ISIC_0026665,nv,histo,30.0,female,back,data/raw/HAM10000_images_part_1/ISIC_0026665.jpg,test,5,5,nv,nv,0.74045795,True,nv → nv,0.048937757,0.04664557,0.009062681,0.05438065,0.06401954,0.74045795,0.03649585
HAM_0003434,ISIC_0028608,nv,histo,30.0,female,neck,data/raw/HAM10000_images_part_1/ISIC_0028608.jpg,test,5,5,nv,nv,0.3850744,True,nv → nv,0.05990772,0.078001894,0.08462248,0.30926302,0.060166355,0.3850744,0.022964055
HAM_0003754,ISIC_0028649,nv,histo,60.0,male,foot,data/raw/HAM10000_images_part_1/ISIC_0028649.jpg,test,5,5,nv,nv,0.8033525,True,nv → nv,0.032863,0.008063406,0.011094978,0.0271623,0.07388915,0.8033525,0.043574687
HAM_0000562,ISIC_0026166,nv,histo,55.0,male,upper extremity,data/raw/HAM10000_images_part_1/ISIC_0026166.jpg,test,5,3,nv,df,0.37036854,False,nv → df,0.18590164,0.038163364,0.24174769,0.37036854,0.027627539,0.061406903,0.0747844
HAM_0006910,ISIC_0028504,nv,histo,40.0,female,lower extremity,data/raw/HAM10000_images_part_1/ISIC_0028504.jpg,test,5,5,nv,nv,0.8030691,True,nv → nv,0.040592458,0.01193003,0.015267467,0.04276488,0.06210542,0.8030691,0.024270622
HAM_0006910,ISIC_0029862,nv,histo,40.0,female,lower extremity,data/raw/HAM10000_images_part_2/ISIC_0029862.jpg,test,5,5,nv,nv,0.78612846,True,nv → nv,0.060169946,0.017174345,0.015552797,0.045462914,0.05086534,0.78612846,0.024646183
HAM_0007083,ISIC_0027959,nv,histo,85.0,male,lower extremity,data/raw/HAM10000_images_part_1/ISIC_0027959.jpg,test,5,5,nv,nv,0.68345577,True,nv → nv,0.020134885,0.01105932,0.07116838,0.06734109,0.12128033,0.68345577,0.025560306
HAM_0005450,ISIC_0030176,nv,histo,40.0,female,lower extremity,data/raw/HAM10000_images_part_2/ISIC_0030176.jpg,test,5,5,nv,nv,0.6836998,True,nv → nv,0.050041012,0.020494519,0.035609268,0.093175076,0.08251472,0.6836998,0.034465622
HAM_0000787,ISIC_0026157,nv,histo,35.0,male,back,data/raw/HAM10000_images_part_1/ISIC_0026157.jpg,test,5,4,nv,mel,0.38914558,False,nv → mel,0.047093395,0.013409736,0.0703973,0.09324342,0.38914558,0.35121745,0.03549311
HAM_0002486,ISIC_0028947,nv,histo,35.0,male,abdomen,data/raw/HAM10000_images_part_1/ISIC_0028947.jpg,test,5,5,nv,nv,0.7027817,True,nv → nv,0.025406078,0.012734952,0.0587101,0.06698013,0.087659076,0.7027817,0.045727994
HAM_0004095,ISIC_0029252,nv,histo,65.0,male,back,data/raw/HAM10000_images_part_1/ISIC_0029252.jpg,test,5,2,nv,bkl,0.4533331,False,nv → bkl,0.2700029,0.06553342,0.4533331,0.1410517,0.02186236,0.043596182,0.004620292
HAM_0004095,ISIC_0026017,nv,histo,65.0,male,back,data/raw/HAM10000_images_part_1/ISIC_0026017.jpg,test,5,2,nv,bkl,0.81844574,False,nv → bkl,0.03121072,0.0071788416,0.81844574,0.08796492,0.030903935,0.020161757,0.0041340506
HAM_0001058,ISIC_0024716,nv,histo,75.0,female,upper extremity,data/raw/HAM10000_images_part_1/ISIC_0024716.jpg,test,5,5,nv,nv,0.69512296,True,nv → nv,0.03577055,0.0214457,0.020287983,0.06638325,0.12752683,0.69512296,0.033462767
HAM_0005008,ISIC_0026580,nv,histo,60.0,male,lower extremity,data/raw/HAM10000_images_part_1/ISIC_0026580.jpg,test,5,5,nv,nv,0.5652078,True,nv → nv,0.07435477,0.03880893,0.02621306,0.10818402,0.14637418,0.5652078,0.040857222
HAM_0005008,ISIC_0030919,nv,histo,60.0,male,lower extremity,data/raw/HAM10000_images_part_2/ISIC_0030919.jpg,test,5,2,nv,bkl,0.55792636,False,nv → bkl,0.045224,0.03447487,0.55792636,0.08229889,0.19317414,0.07539717,0.011504625
HAM_0004534,ISIC_0030210,nv,histo,40.0,male,back,data/raw/HAM10000_images_part_2/ISIC_0030210.jpg,test,5,5,nv,nv,0.80392724,True,nv → nv,0.028425239,0.019987203,0.013905375,0.05427242,0.038149606,0.80392724,0.041332927
HAM_0003672,ISIC_0030263,nv,histo,55.0,male,back,data/raw/HAM10000_images_part_2/ISIC_0030263.jpg,test,5,5,nv,nv,0.9053376,True,nv → nv,0.00824767,0.0045397156,0.00757533,0.04743196,0.016059164,0.9053376,0.010808601
HAM_0000604,ISIC_0029208,nv,histo,35.0,male,ear,data/raw/HAM10000_images_part_1/ISIC_0029208.jpg,test,5,5,nv,nv,0.7929395,True,nv → nv,0.031789284,0.06378424,0.011862543,0.045623586,0.035872348,0.7929395,0.018128501
HAM_0005479,ISIC_0028009,nv,histo,10.0,female,hand,data/raw/HAM10000_images_part_1/ISIC_0028009.jpg,test,5,5,nv,nv,0.7629348,True,nv → nv,0.012795324,0.00434851,0.02968577,0.025753126,0.13327865,0.7629348,0.031203749
HAM_0006600,ISIC_0028891,nv,consensus,25.0,female,lower extremity,data/raw/HAM10000_images_part_1/ISIC_0028891.jpg,test,5,2,nv,bkl,0.7535223,False,nv → bkl,0.016302362,0.0047284537,0.7535223,0.038838036,0.042452812,0.114962555,0.029193487
HAM_0006600,ISIC_0032018,nv,consensus,25.0,female,lower extremity,data/raw/HAM10000_images_part_2/ISIC_0032018.jpg,test,5,5,nv,nv,0.4522356,True,nv → nv,0.037292257,0.004549431,0.31206533,0.15462348,0.014537291,0.4522356,0.024696607
HAM_0000505,ISIC_0024902,nv,consensus,25.0,male,face,data/raw/HAM10000_images_part_1/ISIC_0024902.jpg,test,5,5,nv,nv,0.6564403,True,nv → nv,0.03263074,0.0057410724,0.10583472,0.035430506,0.13726597,0.6564403,0.026656691
HAM_0000505,ISIC_0027415,nv,consensus,25.0,male,face,data/raw/HAM10000_images_part_1/ISIC_0027415.jpg,test,5,5,nv,nv,0.7023988,True,nv → nv,0.036488105,0.019591685,0.06951255,0.05246523,0.08449412,0.7023988,0.035049606
HAM_0007543,ISIC_0024519,nv,consensus,55.0,female,lower extremity,data/raw/HAM10000_images_part_1/ISIC_0024519.jpg,test,5,5,nv,nv,0.38848233,True,nv → nv,0.013272607,0.014524022,0.31313056,0.017289253,0.21810322,0.38848233,0.03519798
HAM_0007543,ISIC_0026676,nv,consensus,55.0,female,lower extremity,data/raw/HAM10000_images_part_1/ISIC_0026676.jpg,test,5,4,nv,mel,0.48203188,False,nv → mel,0.027217632,0.014553062,0.20604956,0.01558889,0.48203188,0.23064673,0.0239123
HAM_0001356,ISIC_0029498,nv,consensus,60.0,female,chest,data/raw/HAM10000_images_part_2/ISIC_0029498.jpg,test,5,5,nv,nv,0.87053055,True,nv → nv,0.0066747796,0.0013392647,0.032726426,0.021567488,0.05243447,0.87053055,0.014727046
HAM_0001356,ISIC_0026333,nv,consensus,60.0,female,chest,data/raw/HAM10000_images_part_1/ISIC_0026333.jpg,test,5,5,nv,nv,0.70436954,True,nv → nv,0.0139268655,0.0050843298,0.047581457,0.030508619,0.16476768,0.70436954,0.033761494
HAM_0005531,ISIC_0028477,nv,consensus,45.0,male,lower extremity,data/raw/HAM10000_images_part_1/ISIC_0028477.jpg,test,5,5,nv,nv,0.8645243,True,nv → nv,0.00785507,0.0078328,0.021729302,0.03807414,0.04020024,0.8645243,0.019784175
HAM_0005531,ISIC_0024577,nv,consensus,45.0,male,lower extremity,data/raw/HAM10000_images_part_1/ISIC_0024577.jpg,test,5,5,nv,nv,0.69482565,True,nv → nv,0.021564923,0.009813303,0.018094806,0.040329073,0.16134673,0.69482565,0.05402552
HAM_0004475,ISIC_0029920,nv,consensus,85.0,female,back,data/raw/HAM10000_images_part_2/ISIC_0029920.jpg,test,5,5,nv,nv,0.87142456,True,nv → nv,0.005846022,0.007214332,0.00916645,0.019321159,0.035479043,0.87142456,0.0515485
HAM_0004475,ISIC_0031188,nv,consensus,85.0,female,back,data/raw/HAM10000_images_part_2/ISIC_0031188.jpg,test,5,5,nv,nv,0.6484891,True,nv → nv,0.041857805,0.013699714,0.03166451,0.053540103,0.13861531,0.6484891,0.0721335
HAM_0005193,ISIC_0026742,nv,consensus,50.0,female,ear,data/raw/HAM10000_images_part_1/ISIC_0026742.jpg,test,5,5,nv,nv,0.7570673,True,nv → nv,0.025797121,0.008849799,0.05559996,0.013386047,0.107721835,0.7570673,0.031577904
HAM_0005193,ISIC_0028665,nv,consensus,50.0,female,ear,data/raw/HAM10000_images_part_1/ISIC_0028665.jpg,test,5,5,nv,nv,0.49727702,True,nv → nv,0.25522006,0.021721192,0.06564955,0.019207478,0.1171161,0.49727702,0.02380864
HAM_0002726,ISIC_0025860,nv,consensus,5.0,male,foot,data/raw/HAM10000_images_part_1/ISIC_0025860.jpg,test,5,5,nv,nv,0.81051093,True,nv → nv,0.021327496,0.013474495,0.056505684,0.0366745,0.03998214,0.81051093,0.021524837
HAM_0002726,ISIC_0025473,nv,consensus,5.0,male,foot,data/raw/HAM10000_images_part_1/ISIC_0025473.jpg,test,5,2,nv,bkl,0.51446456,False,nv → bkl,0.020467265,0.022271166,0.51446456,0.03577048,0.059229262,0.3210883,0.026709026
HAM_0007058,ISIC_0029786,nv,consensus,50.0,male,back,data/raw/HAM10000_images_part_2/ISIC_0029786.jpg,test,5,5,nv,nv,0.38524806,True,nv → nv,0.008642355,0.014891599,0.2508883,0.075339295,0.15394937,0.38524806,0.111041024
HAM_0007058,ISIC_0027642,nv,consensus,50.0,male,back,data/raw/HAM10000_images_part_1/ISIC_0027642.jpg,test,5,5,nv,nv,0.46431437,True,nv → nv,0.015688727,0.028038943,0.205036,0.078836806,0.15134105,0.46431437,0.056744054
HAM_0004777,ISIC_0026749,nv,consensus,25.0,female,foot,data/raw/HAM10000_images_part_1/ISIC_0026749.jpg,test,5,5,nv,nv,0.7139125,True,nv → nv,0.021955894,0.012147187,0.07647337,0.12451878,0.036172457,0.7139125,0.014819868
HAM_0004777,ISIC_0029895,nv,consensus,25.0,female,foot,data/raw/HAM10000_images_part_2/ISIC_0029895.jpg,test,5,5,nv,nv,0.77729183,True,nv → nv,0.015132632,0.011444943,0.052958984,0.033758648,0.0322652,0.77729183,0.07714774
HAM_0007566,ISIC_0030479,nv,consensus,50.0,male,back,data/raw/HAM10000_images_part_2/ISIC_0030479.jpg,test,5,5,nv,nv,0.6192979,True,nv → nv,0.0830324,0.04507278,0.02051758,0.057016663,0.1555517,0.6192979,0.01951095
HAM_0007566,ISIC_0028834,nv,consensus,50.0,male,back,data/raw/HAM10000_images_part_1/ISIC_0028834.jpg,test,5,5,nv,nv,0.53709906,True,nv → nv,0.033481073,0.005965175,0.07355567,0.023100104,0.28144443,0.53709906,0.045354504
HAM_0000229,ISIC_0030086,nv,consensus,35.0,female,face,data/raw/HAM10000_images_part_2/ISIC_0030086.jpg,test,5,5,nv,nv,0.6909804,True,nv → nv,0.01957306,0.00370718,0.013581594,0.033737473,0.2127281,0.6909804,0.025692262
HAM_0005122,ISIC_0034265,nv,consensus,70.0,male,trunk,data/raw/HAM10000_images_part_2/ISIC_0034265.jpg,test,5,5,nv,nv,0.5492233,True,nv → nv,0.033018876,0.024982402,0.117238775,0.055197332,0.16376062,0.5492233,0.05657865
HAM_0003360,ISIC_0033140,nv,consensus,45.0,female,unknown,data/raw/HAM10000_images_part_2/ISIC_0033140.jpg,test,5,5,nv,nv,0.64009887,True,nv → nv,0.028054401,0.007724203,0.016369406,0.03185871,0.23331542,0.64009887,0.042579073
HAM_0003362,ISIC_0033313,nv,consensus,45.0,female,unknown,data/raw/HAM10000_images_part_2/ISIC_0033313.jpg,test,5,5,nv,nv,0.5924497,True,nv → nv,0.020318802,0.0147863785,0.13386008,0.046982646,0.1551411,0.5924497,0.036461283
HAM_0003356,ISIC_0033105,nv,consensus,45.0,female,unknown,data/raw/HAM10000_images_part_2/ISIC_0033105.jpg,test,5,5,nv,nv,0.8254396,True,nv → nv,0.014855064,0.0084395325,0.011699989,0.02616939,0.07789582,0.8254396,0.035500713
HAM_0003356,ISIC_0032572,nv,consensus,45.0,female,unknown,data/raw/HAM10000_images_part_2/ISIC_0032572.jpg,test,5,5,nv,nv,0.57875645,True,nv → nv,0.030220395,0.015937278,0.07450125,0.029317727,0.2225435,0.57875645,0.0487234
HAM_0004387,ISIC_0033132,nv,consensus,55.0,female,trunk,data/raw/HAM10000_images_part_2/ISIC_0033132.jpg,test,5,4,nv,mel,0.56236637,False,nv → mel,0.016539028,0.00306343,0.0830226,0.013735672,0.56236637,0.29626575,0.025007207
HAM_0004387,ISIC_0033821,nv,consensus,55.0,female,trunk,data/raw/HAM10000_images_part_2/ISIC_0033821.jpg,test,5,4,nv,mel,0.84450555,False,nv → mel,0.0055022845,0.0011721605,0.027772374,0.0047043185,0.84450555,0.110769,0.005574353
HAM_0002569,ISIC_0034018,nv,consensus,30.0,male,back,data/raw/HAM10000_images_part_2/ISIC_0034018.jpg,test,5,5,nv,nv,0.81659526,True,nv → nv,0.036485665,0.008519998,0.007587844,0.03577421,0.055094294,0.81659526,0.03994275
HAM_0002074,ISIC_0032575,nv,consensus,40.0,female,face,data/raw/HAM10000_images_part_2/ISIC_0032575.jpg,test,5,5,nv,nv,0.53288704,True,nv → nv,0.017046029,0.007958142,0.056973755,0.016128456,0.34144944,0.53288704,0.02755708
HAM_0002074,ISIC_0032793,nv,consensus,40.0,female,face,data/raw/HAM10000_images_part_2/ISIC_0032793.jpg,test,5,5,nv,nv,0.57246023,True,nv → nv,0.015467665,0.009455468,0.06901095,0.015831176,0.2654463,0.57246023,0.052328214
HAM_0004349,ISIC_0033896,nv,consensus,40.0,female,unknown,data/raw/HAM10000_images_part_2/ISIC_0033896.jpg,test,5,5,nv,nv,0.7395167,True,nv → nv,0.039398264,0.011096071,0.027234565,0.05495886,0.10462355,0.7395167,0.023172075
HAM_0004351,ISIC_0034193,nv,consensus,40.0,female,unknown,data/raw/HAM10000_images_part_2/ISIC_0034193.jpg,test,5,5,nv,nv,0.76552457,True,nv → nv,0.023910709,0.0072805425,0.008361142,0.033553153,0.11851225,0.76552457,0.04285766
HAM_0003813,ISIC_0033173,nv,consensus,40.0,male,unknown,data/raw/HAM10000_images_part_2/ISIC_0033173.jpg,test,5,5,nv,nv,0.7969989,True,nv → nv,0.02108764,0.017041307,0.015767246,0.05396695,0.057073332,0.7969989,0.03806454
HAM_0006233,ISIC_0033290,nv,consensus,60.0,male,unknown,data/raw/HAM10000_images_part_2/ISIC_0033290.jpg,test,5,5,nv,nv,0.71983016,True,nv → nv,0.042500418,0.018108146,0.029978558,0.045234084,0.07876194,0.71983016,0.06558664
HAM_0006237,ISIC_0034072,nv,consensus,60.0,male,unknown,data/raw/HAM10000_images_part_2/ISIC_0034072.jpg,test,5,3,nv,df,0.38358316,False,nv → df,0.07030055,0.09743628,0.21182425,0.38358316,0.020536108,0.08034288,0.13597673
HAM_0006236,ISIC_0033741,nv,consensus,60.0,male,unknown,data/raw/HAM10000_images_part_2/ISIC_0033741.jpg,test,5,5,nv,nv,0.72394943,True,nv → nv,0.014131111,0.04802738,0.057908997,0.080481656,0.032539774,0.72394943,0.042961553
HAM_0006232,ISIC_0033043,nv,consensus,60.0,male,unknown,data/raw/HAM10000_images_part_2/ISIC_0033043.jpg,test,5,5,nv,nv,0.67265624,True,nv → nv,0.015808145,0.01090398,0.003973243,0.2264081,0.036587887,0.67265624,0.033662356
HAM_0006230,ISIC_0032632,nv,consensus,60.0,male,unknown,data/raw/HAM10000_images_part_2/ISIC_0032632.jpg,test,5,5,nv,nv,0.8351897,True,nv → nv,0.023189511,0.011725304,0.00050569954,0.052463938,0.011221869,0.8351897,0.065704
HAM_0004214,ISIC_0034248,nv,consensus,40.0,female,unknown,data/raw/HAM10000_images_part_2/ISIC_0034248.jpg,test,5,5,nv,nv,0.67258936,True,nv → nv,0.057862215,0.037024725,0.050627157,0.06219997,0.08310242,0.67258936,0.0365941
HAM_0004208,ISIC_0033892,nv,consensus,40.0,female,unknown,data/raw/HAM10000_images_part_2/ISIC_0033892.jpg,test,5,5,nv,nv,0.7556396,True,nv → nv,0.039451357,0.035019837,0.0040591066,0.045998435,0.088266924,0.7556396,0.031564653
HAM_0004181,ISIC_0032571,nv,consensus,40.0,female,unknown,data/raw/HAM10000_images_part_2/ISIC_0032571.jpg,test,5,3,nv,df,0.4494095,False,nv → df,0.072472855,0.08755094,0.0269156,0.4494095,0.06715166,0.27659082,0.019908668
HAM_0004194,ISIC_0033101,nv,consensus,40.0,female,unknown,data/raw/HAM10000_images_part_2/ISIC_0033101.jpg,test,5,5,nv,nv,0.30997717,True,nv → nv,0.25140455,0.13210408,0.02682199,0.08064986,0.16161993,0.30997717,0.03742238
HAM_0004183,ISIC_0032606,nv,consensus,40.0,female,unknown,data/raw/HAM10000_images_part_2/ISIC_0032606.jpg,test,5,5,nv,nv,0.59129655,True,nv → nv,0.03298871,0.0058963452,0.028953347,0.028449588,0.27868068,0.59129655,0.033734754
HAM_0004210,ISIC_0034081,nv,consensus,40.0,female,unknown,data/raw/HAM10000_images_part_2/ISIC_0034081.jpg,test,5,5,nv,nv,0.7184669,True,nv → nv,0.038396575,0.034537375,0.030454965,0.07349647,0.076325566,0.7184669,0.028322222
HAM_0004198,ISIC_0033481,nv,consensus,40.0,female,unknown,data/raw/HAM10000_images_part_2/ISIC_0033481.jpg,test,5,5,nv,nv,0.7707048,True,nv → nv,0.036279462,0.017402437,0.027770925,0.06518015,0.065203056,0.7707048,0.017459156
HAM_0004216,ISIC_0034312,nv,consensus,40.0,female,unknown,data/raw/HAM10000_images_part_2/ISIC_0034312.jpg,test,5,5,nv,nv,0.7661033,True,nv → nv,0.050241765,0.042142324,0.0056580408,0.06957562,0.043775335,0.7661033,0.022503514
HAM_0002037,ISIC_0033733,nv,consensus,,unknown,unknown,data/raw/HAM10000_images_part_2/ISIC_0033733.jpg,test,5,5,nv,nv,0.7591312,True,nv → nv,0.020733144,0.010073239,0.051175375,0.041271947,0.08673689,0.7591312,0.03087818
HAM_0004430,ISIC_0032789,nv,consensus,,unknown,unknown,data/raw/HAM10000_images_part_2/ISIC_0032789.jpg,test,5,5,nv,nv,0.6380775,True,nv → nv,0.031974304,0.022759562,0.14395542,0.041070376,0.054238394,0.6380775,0.0679245
HAM_0003034,ISIC_0033187,nv,consensus,,unknown,unknown,data/raw/HAM10000_images_part_2/ISIC_0033187.jpg,test,5,5,nv,nv,0.72208816,True,nv → nv,0.016320316,0.0072129797,0.058286633,0.0319098,0.12258133,0.72208816,0.041600734
HAM_0002402,ISIC_0033515,nv,consensus,,unknown,unknown,data/raw/HAM10000_images_part_2/ISIC_0033515.jpg,test,5,5,nv,nv,0.5248699,True,nv → nv,0.047787044,0.019209554,0.037499674,0.037017867,0.2981991,0.5248699,0.03541681
HAM_0003300,ISIC_0034195,nv,consensus,,unknown,unknown,data/raw/HAM10000_images_part_2/ISIC_0034195.jpg,test,5,5,nv,nv,0.7032896,True,nv → nv,0.028445315,0.011004023,0.039973292,0.037431743,0.15117313,0.7032896,0.028682845
HAM_0003808,ISIC_0034040,bkl,consensus,40.0,male,unknown,data/raw/HAM10000_images_part_2/ISIC_0034040.jpg,test,2,5,bkl,nv,0.6085662,False,bkl → nv,0.008187947,0.0040440783,0.08216879,0.020777334,0.24204196,0.6085662,0.034213647
HAM_0001410,ISIC_0029143,nv,consensus,15.0,female,chest,data/raw/HAM10000_images_part_1/ISIC_0029143.jpg,test,5,5,nv,nv,0.6301747,True,nv → nv,0.014171374,0.03598468,0.1222383,0.06289088,0.029365288,0.6301747,0.1051748
HAM_0002554,ISIC_0028585,nv,consensus,30.0,male,back,data/raw/HAM10000_images_part_1/ISIC_0028585.jpg,test,5,5,nv,nv,0.622504,True,nv → nv,0.061261367,0.06846677,0.022609722,0.030963415,0.10545854,0.622504,0.08873626
HAM_0007609,ISIC_0026326,nv,consensus,30.0,male,face,data/raw/HAM10000_images_part_1/ISIC_0026326.jpg,test,5,1,nv,bcc,0.5446537,False,nv → bcc,0.104719475,0.5446537,0.2508279,0.0104891965,0.038984492,0.00875316,0.04157208
HAM_0002554,ISIC_0032102,nv,consensus,30.0,male,back,data/raw/HAM10000_images_part_2/ISIC_0032102.jpg,test,5,5,nv,nv,0.5830348,True,nv → nv,0.058189802,0.0535477,0.15024126,0.034840688,0.05365456,0.5830348,0.06649116
HAM_0001410,ISIC_0024830,nv,consensus,15.0,female,chest,data/raw/HAM10000_images_part_1/ISIC_0024830.jpg,test,5,5,nv,nv,0.56176555,True,nv → nv,0.011474161,0.011524145,0.19862042,0.041246388,0.024728028,0.56176555,0.15064126
HAM_0000673,ISIC_0029659,akiec,histo,70.0,female,face,data/raw/HAM10000_images_part_2/ISIC_0029659.jpg,test,0,0,akiec,akiec,0.8625705,True,akiec → akiec,0.8625705,0.060895797,0.023764163,0.008828978,0.039928477,0.001488225,0.0025238805
HAM_0006898,ISIC_0029041,akiec,histo,80.0,male,scalp,data/raw/HAM10000_images_part_1/ISIC_0029041.jpg,test,0,2,akiec,bkl,0.43711457,False,akiec → bkl,0.225931,0.07818267,0.43711457,0.048822645,0.17894828,0.02122581,0.0097749755
HAM_0006898,ISIC_0031040,akiec,histo,80.0,male,scalp,data/raw/HAM10000_images_part_2/ISIC_0031040.jpg,test,0,1,akiec,bcc,0.68138796,False,akiec → bcc,0.20898117,0.68138796,0.06998524,0.0044122133,0.020994142,0.0033981781,0.01084116
HAM_0001694,ISIC_0032173,akiec,histo,80.0,female,upper extremity,data/raw/HAM10000_images_part_2/ISIC_0032173.jpg,test,0,0,akiec,akiec,0.4847054,True,akiec → akiec,0.4847054,0.3016711,0.09079673,0.060487386,0.045621723,0.009049811,0.0076678037
HAM_0001526,ISIC_0027795,akiec,histo,70.0,male,ear,data/raw/HAM10000_images_part_1/ISIC_0027795.jpg,test,0,0,akiec,akiec,0.5842112,True,akiec → akiec,0.5842112,0.016995488,0.16567554,0.014370931,0.21522875,0.0010815279,0.0024366158
HAM_0005027,ISIC_0032329,akiec,histo,85.0,female,back,data/raw/HAM10000_images_part_2/ISIC_0032329.jpg,test,0,0,akiec,akiec,0.82266724,True,akiec → akiec,0.82266724,0.034056928,0.013012874,0.02957874,0.08187983,0.0114011215,0.00740326
HAM_0003422,ISIC_0031198,akiec,histo,55.0,female,neck,data/raw/HAM10000_images_part_2/ISIC_0031198.jpg,test,0,0,akiec,akiec,0.6954219,True,akiec → akiec,0.6954219,0.20168361,0.027181368,0.020532893,0.047579803,0.0007212815,0.006879193
HAM_0006898,ISIC_0030242,akiec,histo,80.0,male,scalp,data/raw/HAM10000_images_part_2/ISIC_0030242.jpg,test,0,0,akiec,akiec,0.7074693,True,akiec → akiec,0.7074693,0.1002821,0.021137044,0.01560543,0.106964536,0.02050003,0.02804169
HAM_0006893,ISIC_0027084,akiec,histo,65.0,female,lower extremity,data/raw/HAM10000_images_part_1/ISIC_0027084.jpg,test,0,1,akiec,bcc,0.5042324,False,akiec → bcc,0.11589615,0.5042324,0.072266765,0.07315933,0.08028769,0.14089951,0.013258191
HAM_0004522,ISIC_0028381,akiec,histo,55.0,female,neck,data/raw/HAM10000_images_part_1/ISIC_0028381.jpg,test,0,4,akiec,mel,0.49967536,False,akiec → mel,0.15430035,0.02575961,0.12141208,0.10644468,0.49967536,0.08228043,0.010127523
HAM_0005354,ISIC_0026625,akiec,histo,60.0,male,face,data/raw/HAM10000_images_part_1/ISIC_0026625.jpg,test,0,0,akiec,akiec,0.842605,True,akiec → akiec,0.842605,0.029813614,0.048165284,0.019329652,0.03922876,0.0066175936,0.0142400265
HAM_0004441,ISIC_0031852,akiec,histo,85.0,female,upper extremity,data/raw/HAM10000_images_part_2/ISIC_0031852.jpg,test,0,4,akiec,mel,0.3574171,False,akiec → mel,0.29347044,0.0185698,0.0705037,0.02463638,0.3574171,0.20535968,0.03004282
HAM_0003146,ISIC_0026992,akiec,histo,85.0,male,upper extremity,data/raw/HAM10000_images_part_1/ISIC_0026992.jpg,test,0,4,akiec,mel,0.39916986,False,akiec → mel,0.39815292,0.017713098,0.11838005,0.016748423,0.39916986,0.0405704,0.009265306
HAM_0003146,ISIC_0029563,akiec,histo,85.0,male,upper extremity,data/raw/HAM10000_images_part_2/ISIC_0029563.jpg,test,0,0,akiec,akiec,0.58316535,True,akiec → akiec,0.58316535,0.06946166,0.1778181,0.06751012,0.0693975,0.016810825,0.015836457
HAM_0002441,ISIC_0030491,akiec,histo,80.0,male,scalp,data/raw/HAM10000_images_part_2/ISIC_0030491.jpg,test,0,0,akiec,akiec,0.89613456,True,akiec → akiec,0.89613456,0.025291096,0.057308663,0.004069671,0.013502559,0.0020347706,0.0016587045
HAM_0001967,ISIC_0029860,akiec,histo,85.0,male,chest,data/raw/HAM10000_images_part_2/ISIC_0029860.jpg,test,0,1,akiec,bcc,0.608087,False,akiec → bcc,0.116417296,0.608087,0.046977166,0.008411719,0.16996728,0.036654428,0.013485108
HAM_0006434,ISIC_0028314,akiec,histo,60.0,male,lower extremity,data/raw/HAM10000_images_part_1/ISIC_0028314.jpg,test,0,0,akiec,akiec,0.5206141,True,akiec → akiec,0.5206141,0.43812558,0.017416233,0.008244581,0.012751579,0.00041108287,0.002436876
HAM_0005027,ISIC_0026138,akiec,histo,85.0,female,back,data/raw/HAM10000_images_part_1/ISIC_0026138.jpg,test,0,0,akiec,akiec,0.9100224,True,akiec → akiec,0.9100224,0.036701042,0.020421593,0.019851042,0.0071386825,0.001267439,0.0045978692
HAM_0005924,ISIC_0030953,akiec,histo,80.0,female,upper extremity,data/raw/HAM10000_images_part_2/ISIC_0030953.jpg,test,0,4,akiec,mel,0.34232867,False,akiec → mel,0.3298728,0.011882661,0.07553014,0.06514903,0.34232867,0.15855676,0.016679995
HAM_0005924,ISIC_0025196,akiec,histo,80.0,female,upper extremity,data/raw/HAM10000_images_part_1/ISIC_0025196.jpg,test,0,0,akiec,akiec,0.6112308,True,akiec → akiec,0.6112308,0.1380947,0.061623316,0.040374536,0.12904081,0.006535479,0.013100441
HAM_0006213,ISIC_0025182,akiec,histo,60.0,female,hand,data/raw/HAM10000_images_part_1/ISIC_0025182.jpg,test,0,1,akiec,bcc,0.3798942,False,akiec → bcc,0.29723188,0.3798942,0.019938217,0.26054966,0.015293917,0.020311013,0.006781064
HAM_0003262,ISIC_0026212,akiec,histo,45.0,male,face,data/raw/HAM10000_images_part_1/ISIC_0026212.jpg,test,0,0,akiec,akiec,0.84457904,True,akiec → akiec,0.84457904,0.021033984,0.09067146,0.008297439,0.025632078,0.0041670846,0.0056188703
HAM_0006483,ISIC_0032371,akiec,histo,75.0,male,upper extremity,data/raw/HAM10000_images_part_2/ISIC_0032371.jpg,test,0,0,akiec,akiec,0.78848785,True,akiec → akiec,0.78848785,0.13547209,0.008178274,0.017046042,0.038908806,0.0038778337,0.008029138
HAM_0002441,ISIC_0031381,akiec,histo,80.0,male,scalp,data/raw/HAM10000_images_part_2/ISIC_0031381.jpg,test,0,0,akiec,akiec,0.81975573,True,akiec → akiec,0.81975573,0.010041528,0.023323804,0.006244079,0.12212135,0.009640746,0.008872714
HAM_0002646,ISIC_0028558,akiec,histo,75.0,male,face,data/raw/HAM10000_images_part_1/ISIC_0028558.jpg,test,0,0,akiec,akiec,0.85853887,True,akiec → akiec,0.85853887,0.042190496,0.02155225,0.012618175,0.034243423,0.016822504,0.014034173
HAM_0006879,ISIC_0029573,akiec,histo,70.0,male,lower extremity,data/raw/HAM10000_images_part_2/ISIC_0029573.jpg,test,0,0,akiec,akiec,0.59850967,True,akiec → akiec,0.59850967,0.068548635,0.11458183,0.010297211,0.18810102,0.012837421,0.0071242163
HAM_0003633,ISIC_0030280,akiec,histo,70.0,male,upper extremity,data/raw/HAM10000_images_part_2/ISIC_0030280.jpg,test,0,0,akiec,akiec,0.59932125,True,akiec → akiec,0.59932125,0.09147357,0.015258679,0.008347583,0.27390125,0.004414484,0.007283243
HAM_0004439,ISIC_0031672,akiec,histo,55.0,female,face,data/raw/HAM10000_images_part_2/ISIC_0031672.jpg,test,0,0,akiec,akiec,0.7674556,True,akiec → akiec,0.7674556,0.07211362,0.03284286,0.027899344,0.044323593,0.046886556,0.008478488
HAM_0004439,ISIC_0030986,akiec,histo,55.0,female,face,data/raw/HAM10000_images_part_2/ISIC_0030986.jpg,test,0,0,akiec,akiec,0.831566,True,akiec → akiec,0.831566,0.032371152,0.029759524,0.020188333,0.05211943,0.027101966,0.0068937
HAM_0004439,ISIC_0031431,akiec,histo,55.0,female,face,data/raw/HAM10000_images_part_2/ISIC_0031431.jpg,test,0,0,akiec,akiec,0.7631323,True,akiec → akiec,0.7631323,0.06012543,0.02973031,0.023232361,0.042776253,0.0656585,0.015344871
HAM_0002646,ISIC_0029781,akiec,histo,75.0,male,face,data/raw/HAM10000_images_part_2/ISIC_0029781.jpg,test,0,0,akiec,akiec,0.836537,True,akiec → akiec,0.836537,0.061823074,0.029284058,0.008234695,0.046092737,0.003430552,0.014597821
HAM_0000909,ISIC_0026981,akiec,histo,55.0,male,lower extremity,data/raw/HAM10000_images_part_1/ISIC_0026981.jpg,test,0,0,akiec,akiec,0.40145102,True,akiec → akiec,0.40145102,0.07855879,0.06988171,0.23507303,0.019922893,0.18801434,0.0070982766
HAM_0000909,ISIC_0031286,akiec,histo,55.0,male,lower extremity,data/raw/HAM10000_images_part_2/ISIC_0031286.jpg,test,0,5,akiec,nv,0.45910668,False,akiec → nv,0.25447145,0.05632882,0.0581708,0.060280345,0.09347438,0.45910668,0.018167509
HAM_0006180,ISIC_0026905,akiec,histo,70.0,male,upper extremity,data/raw/HAM10000_images_part_1/ISIC_0026905.jpg,test,0,2,akiec,bkl,0.38354424,False,akiec → bkl,0.3513945,0.02711971,0.38354424,0.022553569,0.20805109,0.004539382,0.002797535
HAM_0006524,ISIC_0031228,akiec,histo,65.0,male,ear,data/raw/HAM10000_images_part_2/ISIC_0031228.jpg,test,0,0,akiec,akiec,0.8764811,True,akiec → akiec,0.8764811,0.019331304,0.034723535,0.021943834,0.027886001,0.016654378,0.0029797654
HAM_0006524,ISIC_0024763,akiec,histo,65.0,male,ear,data/raw/HAM10000_images_part_1/ISIC_0024763.jpg,test,0,0,akiec,akiec,0.9579443,True,akiec → akiec,0.9579443,0.007140098,0.0046511334,0.002719829,0.023325635,0.0022806155,0.0019384916
HAM_0006434,ISIC_0028076,akiec,histo,60.0,male,lower extremity,data/raw/HAM10000_images_part_1/ISIC_0028076.jpg,test,0,0,akiec,akiec,0.48185456,True,akiec → akiec,0.48185456,0.3052054,0.08418691,0.04326379,0.058601763,0.023467863,0.0034196803
HAM_0006434,ISIC_0030142,akiec,histo,60.0,male,lower extremity,data/raw/HAM10000_images_part_2/ISIC_0030142.jpg,test,0,0,akiec,akiec,0.51641804,True,akiec → akiec,0.51641804,0.42993948,0.033379152,0.011860024,0.006402422,0.00050607277,0.0014947746
HAM_0001967,ISIC_0025471,akiec,histo,85.0,male,chest,data/raw/HAM10000_images_part_1/ISIC_0025471.jpg,test,0,1,akiec,bcc,0.81612486,False,akiec → bcc,0.07800134,0.81612486,0.01582481,0.0095020775,0.02188197,0.0039075017,0.05475737
HAM_0007038,ISIC_0032404,akiec,histo,70.0,male,face,data/raw/HAM10000_images_part_2/ISIC_0032404.jpg,test,0,0,akiec,akiec,0.96467763,True,akiec → akiec,0.96467763,0.0052936347,0.009922036,0.0022762928,0.015396638,0.0006067836,0.0018269693
HAM_0007047,ISIC_0025957,akiec,histo,60.0,female,lower extremity,data/raw/HAM10000_images_part_1/ISIC_0025957.jpg,test,0,0,akiec,akiec,0.35558125,True,akiec → akiec,0.35558125,0.28879294,0.041083816,0.029384103,0.24236786,0.028238896,0.014551042
HAM_0007047,ISIC_0025605,akiec,histo,60.0,female,lower extremity,data/raw/HAM10000_images_part_1/ISIC_0025605.jpg,test,0,4,akiec,mel,0.63121635,False,akiec → mel,0.08155981,0.06468687,0.10367433,0.03426684,0.63121635,0.058556687,0.02603899
HAM_0007088,ISIC_0024800,akiec,histo,50.0,male,back,data/raw/HAM10000_images_part_1/ISIC_0024800.jpg,test,0,2,akiec,bkl,0.5514942,False,akiec → bkl,0.30723712,0.017928222,0.5514942,0.010312946,0.07030205,0.02333655,0.019388875
HAM_0007308,ISIC_0026848,akiec,histo,55.0,male,face,data/raw/HAM10000_images_part_1/ISIC_0026848.jpg,test,0,0,akiec,akiec,0.29666916,True,akiec → akiec,0.29666916,0.1172332,0.17723875,0.13590539,0.049639232,0.21285526,0.010458984
HAM_0001520,ISIC_0027294,akiec,histo,75.0,female,lower extremity,data/raw/HAM10000_images_part_1/ISIC_0027294.jpg,test,0,5,akiec,nv,0.32075962,False,akiec → nv,0.101233535,0.22124718,0.028319923,0.07952115,0.06704666,0.32075962,0.18187197
HAM_0006587,ISIC_0025780,akiec,histo,70.0,male,face,data/raw/HAM10000_images_part_1/ISIC_0025780.jpg,test,0,0,akiec,akiec,0.87903064,True,akiec → akiec,0.87903064,0.013925723,0.025532667,0.0060935435,0.069482386,0.0016730361,0.0042619845
HAM_0002699,ISIC_0029827,akiec,histo,60.0,male,back,data/raw/HAM10000_images_part_2/ISIC_0029827.jpg,test,0,1,akiec,bcc,0.27586886,False,akiec → bcc,0.18765241,0.27586886,0.1465258,0.0902036,0.19710001,0.09004187,0.012607512
HAM_0006902,ISIC_0031506,akiec,histo,70.0,male,hand,data/raw/HAM10000_images_part_2/ISIC_0031506.jpg,test,0,2,akiec,bkl,0.64666206,False,akiec → bkl,0.0880684,0.053202517,0.64666206,0.111072905,0.023860745,0.063781604,0.013351766
HAM_0001505,ISIC_0024511,akiec,histo,55.0,female,face,data/raw/HAM10000_images_part_1/ISIC_0024511.jpg,test,0,5,akiec,nv,0.39689115,False,akiec → nv,0.08399228,0.14722532,0.14110453,0.056577038,0.15671134,0.39689115,0.017498394
HAM_0006180,ISIC_0027615,akiec,histo,70.0,male,upper extremity,data/raw/HAM10000_images_part_1/ISIC_0027615.jpg,test,0,4,akiec,mel,0.34477356,False,akiec → mel,0.11429081,0.03407734,0.30689257,0.10433119,0.34477356,0.07881799,0.016816683
HAM_0006180,ISIC_0028990,akiec,histo,70.0,male,upper extremity,data/raw/HAM10000_images_part_1/ISIC_0028990.jpg,test,0,0,akiec,akiec,0.3885327,True,akiec → akiec,0.3885327,0.17176345,0.17661047,0.04983839,0.16950637,0.01160409,0.03214452
HAM_0001576,ISIC_0033705,akiec,histo,60.0,male,face,data/raw/HAM10000_images_part_2/ISIC_0033705.jpg,test,0,0,akiec,akiec,0.96120477,True,akiec → akiec,0.96120477,0.0066983434,0.010325762,0.0022766711,0.010382204,0.0077733463,0.0013389004
