lesion_id,image_id,dx,dx_type,age,sex,localization,image_path,split,true_idx,pred_idx,true_class,pred_class,confidence,is_correct,error_pair,prob_akiec,prob_bcc,prob_bkl,prob_df,prob_mel,prob_nv,prob_vasc
HAM_0002761,ISIC_0029176,bkl,histo,60.0,male,face,data/raw/HAM10000_images_part_1/ISIC_0029176.jpg,test,2,0,bkl,akiec,0.2945821,False,bkl → akiec,0.2945821,0.19828379,0.1453218,0.23501198,0.0429825,0.06744789,0.016369909
HAM_0002761,ISIC_0029068,bkl,histo,60.0,male,face,data/raw/HAM10000_images_part_1/ISIC_0029068.jpg,test,2,1,bkl,bcc,0.3519056,False,bkl → bcc,0.2996448,0.3519056,0.080885306,0.1918779,0.02736175,0.027263917,0.021060761
HAM_0005132,ISIC_0025837,bkl,histo,70.0,female,back,data/raw/HAM10000_images_part_1/ISIC_0025837.jpg,test,2,0,bkl,akiec,0.3500214,False,bkl → akiec,0.3500214,0.1982217,0.19491394,0.1411468,0.050883956,0.050793923,0.014018271
HAM_0005132,ISIC_0025209,bkl,histo,70.0,female,back,data/raw/HAM10000_images_part_1/ISIC_0025209.jpg,test,2,0,bkl,akiec,0.3480194,False,bkl → akiec,0.3480194,0.10129026,0.28412494,0.06863069,0.1686845,0.029094564,0.00015553861
HAM_0007571,ISIC_0029836,bkl,histo,70.0,male,chest,data/raw/HAM10000_images_part_2/ISIC_0029836.jpg,test,2,0,bkl,akiec,0.22815426,False,bkl → akiec,0.22815426,0.2083051,0.22759171,0.11631234,0.16305847,0.05545122,0.0011269789
HAM_0007571,ISIC_0032129,bkl,histo,70.0,male,chest,data/raw/HAM10000_images_part_2/ISIC_0032129.jpg,test,2,2,bkl,bkl,0.2781103,True,bkl → bkl,0.15492903,0.15917385,0.2781103,0.07669754,0.27467954,0.056021277,0.00038834114
HAM_0001480,ISIC_0031753,bkl,histo,70.0,male,abdomen,data/raw/HAM10000_images_part_2/ISIC_0031753.jpg,test,2,2,bkl,bkl,0.72652304,True,bkl → bkl,0.0019385746,0.00048298377,0.72652304,0.0004952177,0.13192736,0.13863268,5.5300077e-08
HAM_0001480,ISIC_0026835,bkl,histo,70.0,male,abdomen,data/raw/HAM10000_images_part_1/ISIC_0026835.jpg,test,2,2,bkl,bkl,0.47064722,True,bkl → bkl,0.066193014,0.098200254,0.47064722,0.06049049,0.14914776,0.15091896,0.004402249
HAM_0007409,ISIC_0025076,bkl,histo,50.0,male,upper extremity,data/raw/HAM10000_images_part_1/ISIC_0025076.jpg,test,2,5,bkl,nv,0.2247742,False,bkl → nv,0.1574651,0.19586764,0.14081694,0.07758491,0.16729806,0.2247742,0.03619311
HAM_0007409,ISIC_0029687,bkl,histo,50.0,male,upper extremity,data/raw/HAM10000_images_part_2/ISIC_0029687.jpg,test,2,2,bkl,bkl,0.21143647,True,bkl → bkl,0.16002616,0.18697165,0.21143647,0.12918359,0.18984158,0.11964183,0.0028987494
HAM_0007409,ISIC_0025642,bkl,histo,50.0,male,upper extremity,data/raw/HAM10000_images_part_1/ISIC_0025642.jpg,test,2,2,bkl,bkl,0.5390268,True,bkl → bkl,0.0052129724,0.0007439573,0.5390268,0.0006074545,0.21479109,0.23961712,5.2588524e-07
HAM_0003670,ISIC_0030105,bkl,histo,80.0,female,unknown,data/raw/HAM10000_images_part_2/ISIC_0030105.jpg,test,2,6,bkl,vasc,0.4344756,False,bkl → vasc,0.018462632,0.20064925,0.060467675,0.020674579,0.12845036,0.13681996,0.4344756
HAM_0004641,ISIC_0025099,bkl,histo,60.0,male,abdomen,data/raw/HAM10000_images_part_1/ISIC_0025099.jpg,test,2,5,bkl,nv,0.39403385,False,bkl → nv,0.0039249538,0.00081054575,0.22437504,0.0004245322,0.376424,0.39403385,7.0122533e-06
HAM_0004641,ISIC_0031485,bkl,histo,60.0,male,abdomen,data/raw/HAM10000_images_part_2/ISIC_0031485.jpg,test,2,2,bkl,bkl,0.3309141,True,bkl → bkl,0.03835307,0.03562133,0.3309141,0.021975026,0.27751487,0.2930397,0.0025819796
HAM_0004341,ISIC_0031967,bkl,histo,70.0,female,scalp,data/raw/HAM10000_images_part_2/ISIC_0031967.jpg,test,2,2,bkl,bkl,0.3492486,True,bkl → bkl,0.10244938,0.1661213,0.3492486,0.101122245,0.203817,0.0758144,0.0014271282
HAM_0004341,ISIC_0031584,bkl,histo,70.0,female,scalp,data/raw/HAM10000_images_part_2/ISIC_0031584.jpg,test,2,1,bkl,bcc,0.31255114,False,bkl → bcc,0.14647424,0.31255114,0.2377086,0.16444036,0.064087816,0.05205363,0.022684224
HAM_0001469,ISIC_0029289,bkl,histo,60.0,female,trunk,data/raw/HAM10000_images_part_1/ISIC_0029289.jpg,test,2,2,bkl,bkl,0.28165925,True,bkl → bkl,0.07125751,0.17718199,0.28165925,0.060718514,0.15572742,0.23346324,0.019992106
HAM_0001469,ISIC_0029912,bkl,histo,60.0,female,trunk,data/raw/HAM10000_images_part_2/ISIC_0029912.jpg,test,2,2,bkl,bkl,0.37033203,True,bkl → bkl,0.014751279,0.010394504,0.37033203,0.0044889646,0.3177732,0.28201652,0.0002434848
HAM_0007179,ISIC_0025906,bkl,histo,0.0,female,back,data/raw/HAM10000_images_part_1/ISIC_0025906.jpg,test,2,2,bkl,bkl,0.51555455,True,bkl → bkl,0.0021111816,0.00027324536,0.51555455,0.00024807578,0.19927606,0.28253663,2.8388874e-07
HAM_0007179,ISIC_0027151,bkl,histo,0.0,female,back,data/raw/HAM10000_images_part_1/ISIC_0027151.jpg,test,2,2,bkl,bkl,0.3947741,True,bkl → bkl,0.05167694,0.06044885,0.3947741,0.030464124,0.21259506,0.24816367,0.0018772319
HAM_0005077,ISIC_0028646,bkl,histo,75.0,male,upper extremity,data/raw/HAM10000_images_part_1/ISIC_0028646.jpg,test,2,2,bkl,bkl,0.66169715,True,bkl → bkl,0.051690456,0.03547025,0.66169715,0.022321258,0.14959344,0.07913587,9.154639e-05
HAM_0006654,ISIC_0033691,bkl,histo,75.0,male,back,data/raw/HAM10000_images_part_2/ISIC_0033691.jpg,test,2,5,bkl,nv,0.3846868,False,bkl → nv,0.02893189,0.0142761255,0.19369069,0.008261696,0.36974764,0.3846868,0.00040507986
HAM_0006654,ISIC_0033910,bkl,histo,75.0,male,back,data/raw/HAM10000_images_part_2/ISIC_0033910.jpg,test,2,5,bkl,nv,0.33455485,False,bkl → nv,0.032743458,0.032246828,0.26998326,0.01968407,0.30965516,0.33455485,0.0011324252
HAM_0006654,ISIC_0032556,bkl,histo,75.0,male,back,data/raw/HAM10000_images_part_2/ISIC_0032556.jpg,test,2,4,bkl,mel,0.36473653,False,bkl → mel,0.009357284,0.0011079928,0.34695518,0.0008929801,0.36473653,0.27694827,1.8314435e-06
HAM_0003743,ISIC_0033646,bkl,histo,50.0,male,upper extremity,data/raw/HAM10000_images_part_2/ISIC_0033646.jpg,test,2,2,bkl,bkl,0.5025747,True,bkl → bkl,0.027647486,0.009375945,0.5025747,0.0040803114,0.33842704,0.11789102,3.476281e-06
HAM_0003743,ISIC_0033592,bkl,histo,50.0,male,upper extremity,data/raw/HAM10000_images_part_2/ISIC_0033592.jpg,test,2,4,bkl,mel,0.37983385,False,bkl → mel,0.035456136,0.11609405,0.23583513,0.018454533,0.37983385,0.19591409,0.01841219
HAM_0003743,ISIC_0033899,bkl,histo,50.0,male,upper extremity,data/raw/HAM10000_images_part_2/ISIC_0033899.jpg,test,2,2,bkl,bkl,0.41754532,True,bkl → bkl,0.016453274,0.02499542,0.41754532,0.015335011,0.25512373,0.26963454,0.0009127815
HAM_0006938,ISIC_0033716,bkl,histo,45.0,male,face,data/raw/HAM10000_images_part_2/ISIC_0033716.jpg,test,2,2,bkl,bkl,0.25095963,True,bkl → bkl,0.15964504,0.14346898,0.25095963,0.096613474,0.20878051,0.13365261,0.0068796687
HAM_0006938,ISIC_0034011,bkl,histo,45.0,male,face,data/raw/HAM10000_images_part_2/ISIC_0034011.jpg,test,2,4,bkl,mel,0.2829093,False,bkl → mel,0.20355777,0.08939403,0.21758656,0.04638846,0.2829093,0.15825914,0.0019047224
HAM_0006938,ISIC_0033613,bkl,histo,45.0,male,face,data/raw/HAM10000_images_part_2/ISIC_0033613.jpg,test,2,4,bkl,mel,0.39691466,False,bkl → mel,0.09062262,0.024283368,0.26786506,0.01653187,0.39691466,0.2034087,0.0003737278
HAM_0000802,ISIC_0033437,bkl,histo,60.0,female,lower extremity,data/raw/HAM10000_images_part_2/ISIC_0033437.jpg,test,2,4,bkl,mel,0.48925537,False,bkl → mel,0.0044750804,0.0003985831,0.095107675,0.00011181887,0.48925537,0.41064984,1.6289795e-06
HAM_0000802,ISIC_0033195,bkl,histo,60.0,female,lower extremity,data/raw/HAM10000_images_part_2/ISIC_0033195.jpg,test,2,4,bkl,mel,0.4336022,False,bkl → mel,0.01816631,0.0019307935,0.26005146,0.0011009815,0.4336022,0.2851453,3.0335316e-06
HAM_0000802,ISIC_0032553,bkl,histo,60.0,female,lower extremity,data/raw/HAM10000_images_part_2/ISIC_0032553.jpg,test,2,4,bkl,mel,0.60312,False,bkl → mel,0.002928633,0.00013358743,0.06274194,7.2680596e-05,0.60312,0.33100253,5.530851e-07
HAM_0003050,ISIC_0033744,bkl,histo,70.0,male,face,data/raw/HAM10000_images_part_2/ISIC_0033744.jpg,test,2,4,bkl,mel,0.27769235,False,bkl → mel,0.19733693,0.096268885,0.25974283,0.0560661,0.27769235,0.11183888,0.0010540187
HAM_0003050,ISIC_0033659,bkl,histo,70.0,male,face,data/raw/HAM10000_images_part_2/ISIC_0033659.jpg,test,2,0,bkl,akiec,0.26187003,False,bkl → akiec,0.26187003,0.080786124,0.21495807,0.09394423,0.106129564,0.23952475,0.002787165
HAM_0007341,ISIC_0032898,bkl,histo,50.0,female,lower extremity,data/raw/HAM10000_images_part_2/ISIC_0032898.jpg,test,2,4,bkl,mel,0.6611691,False,bkl → mel,0.0002422701,0.00036842213,0.09684986,5.712056e-05,0.6611691,0.2413103,3.016745e-06
HAM_0007341,ISIC_0033488,bkl,histo,50.0,female,lower extremity,data/raw/HAM10000_images_part_2/ISIC_0033488.jpg,test,2,4,bkl,mel,0.586756,False,bkl → mel,0.010618822,0.0053366735,0.1443677,0.0010519107,0.586756,0.25167564,0.00019322797
HAM_0007341,ISIC_0033758,bkl,histo,50.0,female,lower extremity,data/raw/HAM10000_images_part_2/ISIC_0033758.jpg,test,2,4,bkl,mel,0.464325,False,bkl → mel,0.018000178,0.0130378865,0.12271358,0.0023487394,0.464325,0.37840405,0.0011705105
HAM_0001384,ISIC_0033397,bkl,histo,70.0,male,back,data/raw/HAM10000_images_part_2/ISIC_0033397.jpg,test,2,2,bkl,bkl,0.59767365,True,bkl → bkl,0.008458278,0.00261287,0.59767365,0.002456674,0.18311581,0.20568044,2.307246e-06
HAM_0001384,ISIC_0033414,bkl,histo,70.0,male,back,data/raw/HAM10000_images_part_2/ISIC_0033414.jpg,test,2,2,bkl,bkl,0.52725154,True,bkl → bkl,0.028417952,0.008536825,0.52725154,0.008108309,0.22649074,0.20117672,1.7911903e-05
HAM_0001384,ISIC_0034113,bkl,histo,70.0,male,back,data/raw/HAM10000_images_part_2/ISIC_0034113.jpg,test,2,2,bkl,bkl,0.5108461,True,bkl → bkl,0.018022325,0.0075255684,0.5108461,0.005720699,0.24027926,0.21759084,1.5239696e-05
HAM_0004555,ISIC_0034259,bkl,histo,75.0,male,lower extremity,data/raw/HAM10000_images_part_2/ISIC_0034259.jpg,test,2,4,bkl,mel,0.5909633,False,bkl → mel,0.009232952,0.043201797,0.20174982,0.0062112617,0.5909633,0.14767112,0.0009696913
HAM_0004555,ISIC_0033446,bkl,histo,75.0,male,lower extremity,data/raw/HAM10000_images_part_2/ISIC_0033446.jpg,test,2,2,bkl,bkl,0.40908733,True,bkl → bkl,0.09333382,0.084795944,0.40908733,0.0475549,0.24041009,0.12472609,9.1773356e-05
HAM_0004555,ISIC_0033200,bkl,histo,75.0,male,lower extremity,data/raw/HAM10000_images_part_2/ISIC_0033200.jpg,test,2,4,bkl,mel,0.3206477,False,bkl → mel,0.056028485,0.13999134,0.25715026,0.044411086,0.3206477,0.16986118,0.011909962
HAM_0004029,ISIC_0029472,bkl,histo,65.0,male,upper extremity,data/raw/HAM10000_images_part_2/ISIC_0029472.jpg,test,2,4,bkl,mel,0.5047898,False,bkl → mel,0.000895984,1.734765e-05,0.27707842,9.242934e-06,0.5047898,0.21720919,3.548854e-10
HAM_0004029,ISIC_0029682,bkl,histo,65.0,male,upper extremity,data/raw/HAM10000_images_part_2/ISIC_0029682.jpg,test,2,4,bkl,mel,0.6062408,False,bkl → mel,0.0016901408,3.664524e-05,0.21036386,2.2901193e-05,0.6062408,0.18164565,1.4324967e-09
HAM_0004406,ISIC_0034125,bkl,histo,80.0,male,back,data/raw/HAM10000_images_part_2/ISIC_0034125.jpg,test,2,5,bkl,nv,0.53120553,False,bkl → nv,0.000118252414,8.315754e-06,0.03940371,3.7145192e-06,0.42926034,0.53120553,8.343739e-08
HAM_0004406,ISIC_0033060,bkl,histo,80.0,male,back,data/raw/HAM10000_images_part_2/ISIC_0033060.jpg,test,2,4,bkl,mel,0.40218714,False,bkl → mel,0.01442805,0.0050583463,0.22273089,0.0018428954,0.40218714,0.35368237,7.032345e-05
HAM_0001738,ISIC_0027218,bkl,histo,50.0,female,lower extremity,data/raw/HAM10000_images_part_1/ISIC_0027218.jpg,test,2,4,bkl,mel,0.3999811,False,bkl → mel,0.019044288,0.0024753918,0.2743625,0.00095023727,0.3999811,0.3031741,1.2276202e-05
HAM_0006697,ISIC_0030272,bkl,histo,50.0,female,trunk,data/raw/HAM10000_images_part_2/ISIC_0030272.jpg,test,2,2,bkl,bkl,0.47770056,True,bkl → bkl,0.09668891,0.056583405,0.47770056,0.0667668,0.14313248,0.15723321,0.0018945521
HAM_0001562,ISIC_0027713,bkl,histo,80.0,male,face,data/raw/HAM10000_images_part_1/ISIC_0027713.jpg,test,2,2,bkl,bkl,0.54150105,True,bkl → bkl,0.05687525,0.11376588,0.54150105,0.07662986,0.10185712,0.104694866,0.0046759616
HAM_0003293,ISIC_0029010,bkl,histo,55.0,male,back,data/raw/HAM10000_images_part_1/ISIC_0029010.jpg,test,2,2,bkl,bkl,0.6528089,True,bkl → bkl,0.026656821,0.0114319455,0.6528089,0.0084478455,0.19989966,0.10075118,3.6305757e-06
HAM_0001995,ISIC_0024581,bkl,histo,40.0,male,lower extremity,data/raw/HAM10000_images_part_1/ISIC_0024581.jpg,test,2,2,bkl,bkl,0.79077774,True,bkl → bkl,0.023940513,0.011710946,0.79077774,0.0107916035,0.11071904,0.05204967,1.0542605e-05
HAM_0004947,ISIC_0029003,bkl,histo,75.0,male,abdomen,data/raw/HAM10000_images_part_1/ISIC_0029003.jpg,test,2,2,bkl,bkl,0.48024476,True,bkl → bkl,0.046562366,0.011810645,0.48024476,0.00964018,0.28146663,0.1702583,1.7209764e-05
HAM_0004947,ISIC_0024711,bkl,histo,75.0,male,abdomen,data/raw/HAM10000_images_part_1/ISIC_0024711.jpg,test,2,4,bkl,mel,0.4240019,False,bkl → mel,0.016798219,0.00075542874,0.32445982,0.0004343742,0.4240019,0.23355001,1.699212e-07
HAM_0003000,ISIC_0025326,bkl,histo,50.0,female,upper extremity,data/raw/HAM10000_images_part_1/ISIC_0025326.jpg,test,2,2,bkl,bkl,0.2469769,True,bkl → bkl,0.21443288,0.1747638,0.2469769,0.119399495,0.16952486,0.07333182,0.0015701905
HAM_0002078,ISIC_0027042,bkl,histo,60.0,female,lower extremity,data/raw/HAM10000_images_part_1/ISIC_0027042.jpg,test,2,4,bkl,mel,0.6471402,False,bkl → mel,0.037845884,0.005327795,0.21767068,0.002664753,0.6471402,0.08935013,6.313008e-07
HAM_0003752,ISIC_0028308,bkl,histo,50.0,female,chest,data/raw/HAM10000_images_part_1/ISIC_0028308.jpg,test,2,0,bkl,akiec,0.28073984,False,bkl → akiec,0.28073984,0.19036113,0.1844776,0.1640015,0.10804367,0.06391092,0.008465293
HAM_0000364,ISIC_0024505,bkl,histo,40.0,female,face,data/raw/HAM10000_images_part_1/ISIC_0024505.jpg,test,2,0,bkl,akiec,0.2871376,False,bkl → akiec,0.2871376,0.17079984,0.1506824,0.09510906,0.18106033,0.11326483,0.0019459212
HAM_0002988,ISIC_0025337,bkl,histo,35.0,male,face,data/raw/HAM10000_images_part_1/ISIC_0025337.jpg,test,2,2,bkl,bkl,0.656103,True,bkl → bkl,0.071808524,0.048050147,0.656103,0.0438834,0.12742509,0.052546963,0.00018295732
HAM_0006987,ISIC_0027649,bkl,histo,85.0,female,upper extremity,data/raw/HAM10000_images_part_1/ISIC_0027649.jpg,test,2,4,bkl,mel,0.3893157,False,bkl → mel,0.07005956,0.007903813,0.29372296,0.0045875986,0.3893157,0.23439796,1.2432493e-05
HAM_0005325,ISIC_0024971,bkl,histo,50.0,male,neck,data/raw/HAM10000_images_part_1/ISIC_0024971.jpg,test,2,2,bkl,bkl,0.44381738,True,bkl → bkl,0.10661372,0.066171445,0.44381738,0.04322176,0.21880026,0.12110264,0.00027276186
HAM_0003689,ISIC_0025874,bkl,histo,80.0,male,upper extremity,data/raw/HAM10000_images_part_1/ISIC_0025874.jpg,test,2,4,bkl,mel,0.34791422,False,bkl → mel,0.26939407,0.08652857,0.2213426,0.034483057,0.34791422,0.040334493,2.9533778e-06
HAM_0004928,ISIC_0031424,bkl,histo,65.0,male,neck,data/raw/HAM10000_images_part_2/ISIC_0031424.jpg,test,2,4,bkl,mel,0.38571885,False,bkl → mel,0.057066727,0.015906397,0.2469094,0.008625577,0.38571885,0.28557873,0.00019429538
HAM_0004928,ISIC_0029770,bkl,histo,65.0,male,neck,data/raw/HAM10000_images_part_2/ISIC_0029770.jpg,test,2,5,bkl,nv,0.2694193,False,bkl → nv,0.20908166,0.0538467,0.21664067,0.050054554,0.19900544,0.2694193,0.0019516213
HAM_0006541,ISIC_0024883,bkl,histo,35.0,female,lower extremity,data/raw/HAM10000_images_part_1/ISIC_0024883.jpg,test,2,1,bkl,bcc,0.26557064,False,bkl → bcc,0.111370735,0.26557064,0.23636481,0.091538936,0.11249767,0.16699474,0.015662493
HAM_0006472,ISIC_0027394,bkl,histo,75.0,male,back,data/raw/HAM10000_images_part_1/ISIC_0027394.jpg,test,2,2,bkl,bkl,0.4362232,True,bkl → bkl,0.0582682,0.01882484,0.4362232,0.017852813,0.23212488,0.23650828,0.00019775619
HAM_0003913,ISIC_0027295,bkl,histo,60.0,male,hand,data/raw/HAM10000_images_part_1/ISIC_0027295.jpg,test,2,2,bkl,bkl,0.30060747,True,bkl → bkl,0.20674482,0.14601958,0.30060747,0.09375252,0.21108574,0.041698977,9.0899644e-05
HAM_0000933,ISIC_0024358,bkl,histo,60.0,female,back,data/raw/HAM10000_images_part_1/ISIC_0024358.jpg,test,2,2,bkl,bkl,0.33915418,True,bkl → bkl,0.15516596,0.03024574,0.33915418,0.020307345,0.33114058,0.123957254,2.8867813e-05
HAM_0000933,ISIC_0027771,bkl,histo,60.0,female,back,data/raw/HAM10000_images_part_1/ISIC_0027771.jpg,test,2,2,bkl,bkl,0.39841545,True,bkl → bkl,0.1678325,0.047736637,0.39841545,0.036246136,0.26191038,0.08778766,7.1241564e-05
HAM_0003420,ISIC_0024748,bkl,histo,45.0,male,abdomen,data/raw/HAM10000_images_part_1/ISIC_0024748.jpg,test,2,4,bkl,mel,0.46597692,False,bkl → mel,0.021193163,0.0031895426,0.17990975,0.0010627089,0.46597692,0.32865885,9.101931e-06
HAM_0005546,ISIC_0029519,bkl,histo,60.0,male,back,data/raw/HAM10000_images_part_2/ISIC_0029519.jpg,test,2,2,bkl,bkl,0.5479842,True,bkl → bkl,0.08105637,0.07664532,0.5479842,0.03863317,0.19144374,0.06377616,0.00046110028
HAM_0000782,ISIC_0030723,bkl,histo,75.0,female,face,data/raw/HAM10000_images_part_2/ISIC_0030723.jpg,test,2,2,bkl,bkl,0.29785836,True,bkl → bkl,0.12387099,0.11812441,0.29785836,0.081167005,0.25348932,0.12146613,0.0040237806
HAM_0001562,ISIC_0029789,bkl,histo,80.0,male,face,data/raw/HAM10000_images_part_2/ISIC_0029789.jpg,test,2,0,bkl,akiec,0.34666017,False,bkl → akiec,0.34666017,0.17808974,0.20950873,0.14677009,0.08904125,0.027774803,0.0021553047
HAM_0004400,ISIC_0030026,bkl,histo,75.0,female,face,data/raw/HAM10000_images_part_2/ISIC_0030026.jpg,test,2,2,bkl,bkl,0.24018554,True,bkl → bkl,0.12947524,0.17229307,0.24018554,0.094885185,0.20877655,0.14702548,0.0073589194
HAM_0003840,ISIC_0027801,bkl,histo,55.0,female,face,data/raw/HAM10000_images_part_1/ISIC_0027801.jpg,test,2,1,bkl,bcc,0.35404164,False,bkl → bcc,0.17501737,0.35404164,0.16856603,0.18090095,0.047987714,0.052856427,0.020629836
HAM_0006580,ISIC_0025376,bkl,histo,75.0,male,back,data/raw/HAM10000_images_part_1/ISIC_0025376.jpg,test,2,2,bkl,bkl,0.26831645,True,bkl → bkl,0.06121367,0.11581805,0.26831645,0.054245666,0.22148816,0.26183617,0.017081823
HAM_0001605,ISIC_0024422,bkl,histo,75.0,male,upper extremity,data/raw/HAM10000_images_part_1/ISIC_0024422.jpg,test,2,2,bkl,bkl,0.24312957,True,bkl → bkl,0.21910925,0.12784107,0.24312957,0.10869018,0.18966173,0.107912235,0.003655985
HAM_0001809,ISIC_0029897,bkl,histo,80.0,female,unknown,data/raw/HAM10000_images_part_2/ISIC_0029897.jpg,test,2,2,bkl,bkl,0.4730009,True,bkl → bkl,0.08322877,0.17645405,0.4730009,0.10997055,0.12081567,0.03571949,0.0008106145
HAM_0001815,ISIC_0024970,bkl,histo,85.0,male,chest,data/raw/HAM10000_images_part_1/ISIC_0024970.jpg,test,2,2,bkl,bkl,0.45296898,True,bkl → bkl,0.10164764,0.04743065,0.45296898,0.030644467,0.26684785,0.10041872,4.1686573e-05
HAM_0001605,ISIC_0028881,bkl,histo,75.0,male,upper extremity,data/raw/HAM10000_images_part_1/ISIC_0028881.jpg,test,2,0,bkl,akiec,0.268912,False,bkl → akiec,0.268912,0.1057233,0.16763829,0.06361235,0.25716743,0.13457294,0.0023736672
HAM_0001958,ISIC_0029580,bkl,histo,60.0,female,face,data/raw/HAM10000_images_part_2/ISIC_0029580.jpg,test,2,0,bkl,akiec,0.31309283,False,bkl → akiec,0.31309283,0.12415652,0.25256523,0.11076252,0.14186156,0.054854445,0.0027069077
HAM_0000207,ISIC_0027451,bkl,histo,75.0,female,chest,data/raw/HAM10000_images_part_1/ISIC_0027451.jpg,test,2,2,bkl,bkl,0.3212963,True,bkl → bkl,0.20835117,0.11598216,0.3212963,0.08638482,0.2131526,0.054055106,0.00077785965
HAM_0006827,ISIC_0031702,bkl,histo,70.0,male,face,data/raw/HAM10000_images_part_2/ISIC_0031702.jpg,test,2,1,bkl,bcc,0.3733517,False,bkl → bcc,0.21726274,0.3733517,0.13099527,0.15656316,0.068284035,0.043740064,0.009803018
HAM_0004143,ISIC_0029031,bkl,histo,50.0,male,chest,data/raw/HAM10000_images_part_1/ISIC_0029031.jpg,test,2,2,bkl,bkl,0.42092663,True,bkl → bkl,0.19418845,0.02876192,0.42092663,0.014013155,0.31680152,0.025308182,2.3846283e-07
HAM_0002400,ISIC_0024772,bkl,histo,70.0,male,lower extremity,data/raw/HAM10000_images_part_1/ISIC_0024772.jpg,test,2,2,bkl,bkl,0.34593984,True,bkl → bkl,0.061580468,0.014862683,0.34593984,0.01026929,0.28821772,0.278847,0.0002829986
HAM_0000973,ISIC_0025222,bkl,histo,65.0,female,face,data/raw/HAM10000_images_part_1/ISIC_0025222.jpg,test,2,2,bkl,bkl,0.44522476,True,bkl → bkl,0.15101434,0.1287181,0.44522476,0.11488092,0.120765366,0.038401797,0.0009946645
HAM_0004010,ISIC_0031061,bkl,histo,60.0,male,back,data/raw/HAM10000_images_part_2/ISIC_0031061.jpg,test,2,2,bkl,bkl,0.31511736,True,bkl → bkl,0.13548826,0.13762006,0.31511736,0.09958034,0.20205317,0.11004224,9.858773e-05
HAM_0006541,ISIC_0025064,bkl,histo,35.0,female,lower extremity,data/raw/HAM10000_images_part_1/ISIC_0025064.jpg,test,2,5,bkl,nv,0.29934865,False,bkl → nv,0.0914586,0.093615204,0.19449319,0.0366139,0.2793211,0.29934865,0.0051494166
HAM_0004801,ISIC_0030365,bkl,histo,50.0,male,back,data/raw/HAM10000_images_part_2/ISIC_0030365.jpg,test,2,4,bkl,mel,0.49479255,False,bkl → mel,0.12485561,0.008362609,0.25340667,0.004087586,0.49479255,0.11449398,1.1075836e-06
HAM_0005053,ISIC_0024761,bkl,histo,65.0,male,face,data/raw/HAM10000_images_part_1/ISIC_0024761.jpg,test,2,2,bkl,bkl,0.40011773,True,bkl → bkl,0.077366315,0.18102063,0.40011773,0.12965502,0.08109076,0.10982337,0.020926157
HAM_0002357,ISIC_0031783,bkl,histo,70.0,male,neck,data/raw/HAM10000_images_part_2/ISIC_0031783.jpg,test,2,4,bkl,mel,0.41293946,False,bkl → mel,0.07574774,0.03714917,0.30374262,0.016623048,0.41293946,0.15379064,7.374232e-06
HAM_0002357,ISIC_0030137,bkl,histo,70.0,male,neck,data/raw/HAM10000_images_part_2/ISIC_0030137.jpg,test,2,4,bkl,mel,0.35630786,False,bkl → mel,0.14514817,0.035055816,0.30759138,0.017585298,0.35630786,0.13829817,1.3341184e-05
HAM_0000425,ISIC_0026947,bkl,histo,50.0,male,scalp,data/raw/HAM10000_images_part_1/ISIC_0026947.jpg,test,2,2,bkl,bkl,0.37259343,True,bkl → bkl,0.051045716,0.010136867,0.37259343,0.0057639563,0.29687056,0.26356214,2.7321223e-05
HAM_0000425,ISIC_0024839,bkl,histo,50.0,male,scalp,data/raw/HAM10000_images_part_1/ISIC_0024839.jpg,test,2,2,bkl,bkl,0.3412874,True,bkl → bkl,0.085792296,0.026959704,0.3412874,0.01177121,0.31072173,0.2234526,1.506785e-05
HAM_0002400,ISIC_0026316,bkl,histo,70.0,male,lower extremity,data/raw/HAM10000_images_part_1/ISIC_0026316.jpg,test,2,2,bkl,bkl,0.3236911,True,bkl → bkl,0.07947289,0.017541481,0.3236911,0.0122869415,0.3120307,0.25468874,0.0002880701
HAM_0002548,ISIC_0027470,bkl,histo,50.0,female,lower extremity,data/raw/HAM10000_images_part_1/ISIC_0027470.jpg,test,2,2,bkl,bkl,0.49886444,True,bkl → bkl,0.071138784,0.08064123,0.49886444,0.057819348,0.1366656,0.15185992,0.0030106714
HAM_0001094,ISIC_0031150,bkl,histo,70.0,female,upper extremity,data/raw/HAM10000_images_part_2/ISIC_0031150.jpg,test,2,2,bkl,bkl,0.43555576,True,bkl → bkl,0.079242945,0.04761049,0.43555576,0.03887352,0.22974709,0.16890775,6.239874e-05
HAM_0006622,ISIC_0026072,bkl,histo,45.0,male,face,data/raw/HAM10000_images_part_1/ISIC_0026072.jpg,test,2,0,bkl,akiec,0.28224945,False,bkl → akiec,0.28224945,0.23678191,0.14049335,0.22274297,0.046067674,0.049412806,0.022251736
HAM_0006622,ISIC_0025939,bkl,histo,45.0,male,face,data/raw/HAM10000_images_part_1/ISIC_0025939.jpg,test,2,2,bkl,bkl,0.46920323,True,bkl → bkl,0.119398534,0.086651355,0.46920323,0.070567995,0.15773547,0.09528548,0.0011579073
HAM_0006670,ISIC_0027335,bkl,histo,75.0,male,back,data/raw/HAM10000_images_part_1/ISIC_0027335.jpg,test,2,2,bkl,bkl,0.4294739,True,bkl → bkl,0.0928784,0.02999854,0.4294739,0.018242927,0.27302507,0.15636285,1.8290746e-05
HAM_0002548,ISIC_0028656,bkl,histo,50.0,female,lower extremity,data/raw/HAM10000_images_part_1/ISIC_0028656.jpg,test,2,2,bkl,bkl,0.33480194,True,bkl → bkl,0.08780704,0.040050622,0.33480194,0.032455735,0.27475446,0.22902541,0.0011048332
HAM_0002358,ISIC_0028650,bkl,histo,85.0,female,face,data/raw/HAM10000_images_part_1/ISIC_0028650.jpg,test,2,0,bkl,akiec,0.4094007,False,bkl → akiec,0.4094007,0.09969121,0.30231044,0.06369488,0.096512005,0.02793102,0.0004596981
HAM_0002358,ISIC_0027973,bkl,histo,85.0,female,face,data/raw/HAM10000_images_part_1/ISIC_0027973.jpg,test,2,2,bkl,bkl,0.6986912,True,bkl → bkl,0.059381116,0.03887114,0.6986912,0.025994368,0.13906878,0.03795636,3.6984893e-05
HAM_0004908,ISIC_0031138,bkl,histo,45.0,female,hand,data/raw/HAM10000_images_part_2/ISIC_0031138.jpg,test,2,0,bkl,akiec,0.37965634,False,bkl → akiec,0.37965634,0.20932975,0.1502927,0.13954952,0.10387301,0.016686695,0.00061208126
HAM_0004908,ISIC_0028710,bkl,histo,45.0,female,hand,data/raw/HAM10000_images_part_1/ISIC_0028710.jpg,test,2,0,bkl,akiec,0.3301523,False,bkl → akiec,0.3301523,0.22972345,0.14738947,0.16029812,0.11009056,0.021491934,0.0008541342
HAM_0006181,ISIC_0026961,bkl,histo,65.0,male,upper extremity,data/raw/HAM10000_images_part_1/ISIC_0026961.jpg,test,2,2,bkl,bkl,0.6348036,True,bkl → bkl,0.07213405,0.032737873,0.6348036,0.025684118,0.18641414,0.04821687,9.333353e-06
HAM_0006181,ISIC_0030849,bkl,histo,65.0,male,upper extremity,data/raw/HAM10000_images_part_2/ISIC_0030849.jpg,test,2,2,bkl,bkl,0.43200734,True,bkl → bkl,0.15055431,0.046415187,0.43200734,0.03649574,0.26916254,0.06533659,2.8184695e-05
HAM_0006472,ISIC_0029032,bkl,histo,75.0,male,back,data/raw/HAM10000_images_part_1/ISIC_0029032.jpg,test,2,2,bkl,bkl,0.6775023,True,bkl → bkl,0.040665712,0.025592446,0.6775023,0.020135447,0.14858638,0.08741932,9.851734e-05
HAM_0006541,ISIC_0025040,bkl,histo,35.0,female,lower extremity,data/raw/HAM10000_images_part_1/ISIC_0025040.jpg,test,2,2,bkl,bkl,0.3056413,True,bkl → bkl,0.051334243,0.05703205,0.3056413,0.034360822,0.26886198,0.2770773,0.0056923893
HAM_0006732,ISIC_0024336,bkl,histo,50.0,female,lower extremity,data/raw/HAM10000_images_part_1/ISIC_0024336.jpg,test,2,2,bkl,bkl,0.4254567,True,bkl → bkl,0.10382569,0.06259602,0.4254567,0.04743751,0.23607776,0.12435728,0.0002490476
HAM_0006737,ISIC_0029302,bkl,histo,45.0,female,face,data/raw/HAM10000_images_part_1/ISIC_0029302.jpg,test,2,2,bkl,bkl,0.48453197,True,bkl → bkl,0.01267607,0.0072525735,0.48453197,0.005315714,0.26255512,0.22763254,3.5931887e-05
HAM_0003205,ISIC_0031287,bkl,histo,75.0,female,lower extremity,data/raw/HAM10000_images_part_2/ISIC_0031287.jpg,test,2,2,bkl,bkl,0.50321424,True,bkl → bkl,0.11126251,0.07825727,0.50321424,0.08599601,0.13684413,0.08288207,0.0015437864
HAM_0001722,ISIC_0030976,bkl,histo,60.0,male,back,data/raw/HAM10000_images_part_2/ISIC_0030976.jpg,test,2,0,bkl,akiec,0.41630152,False,bkl → akiec,0.41630152,0.33730313,0.043003667,0.18298605,0.013096667,0.0040498865,0.0032590092
HAM_0000893,ISIC_0026409,bkl,histo,70.0,male,lower extremity,data/raw/HAM10000_images_part_1/ISIC_0026409.jpg,test,2,1,bkl,bcc,0.2867639,False,bkl → bcc,0.19998926,0.2867639,0.20651764,0.15931833,0.13051902,0.016846312,4.5528348e-05
HAM_0000893,ISIC_0025345,bkl,histo,70.0,male,lower extremity,data/raw/HAM10000_images_part_1/ISIC_0025345.jpg,test,2,2,bkl,bkl,0.40971547,True,bkl → bkl,0.13987023,0.09089196,0.40971547,0.0639357,0.22169146,0.07381315,8.196477e-05
HAM_0000893,ISIC_0032303,bkl,histo,70.0,male,lower extremity,data/raw/HAM10000_images_part_2/ISIC_0032303.jpg,test,2,2,bkl,bkl,0.44316062,True,bkl → bkl,0.15427032,0.092457764,0.44316062,0.072794445,0.18696332,0.050281044,7.242899e-05
HAM_0000893,ISIC_0032103,bkl,histo,70.0,male,lower extremity,data/raw/HAM10000_images_part_2/ISIC_0032103.jpg,test,2,1,bkl,bcc,0.28024435,False,bkl → bcc,0.21105462,0.28024435,0.18631385,0.20876518,0.08772576,0.025421333,0.00047492038
HAM_0000893,ISIC_0024825,bkl,histo,70.0,male,lower extremity,data/raw/HAM10000_images_part_1/ISIC_0024825.jpg,test,2,0,bkl,akiec,0.27097958,False,bkl → akiec,0.27097958,0.21266468,0.22817641,0.15091462,0.11876591,0.018312708,0.00018604314
HAM_0001725,ISIC_0027509,bkl,histo,60.0,female,face,data/raw/HAM10000_images_part_1/ISIC_0027509.jpg,test,2,2,bkl,bkl,0.69730866,True,bkl → bkl,0.047419142,0.06452598,0.69730866,0.0439283,0.11178359,0.03502164,1.2655578e-05
HAM_0001240,ISIC_0026871,bkl,histo,55.0,male,face,data/raw/HAM10000_images_part_1/ISIC_0026871.jpg,test,2,0,bkl,akiec,0.3219259,False,bkl → akiec,0.3219259,0.15167083,0.19379212,0.13738261,0.11221058,0.078427926,0.0045900038
HAM_0001815,ISIC_0026663,bkl,histo,85.0,male,chest,data/raw/HAM10000_images_part_1/ISIC_0026663.jpg,test,2,2,bkl,bkl,0.5679664,True,bkl → bkl,0.06789885,0.029259596,0.5679664,0.020142281,0.23635203,0.07836862,1.2337277e-05
HAM_0000846,ISIC_0029115,bkl,histo,60.0,female,lower extremity,data/raw/HAM10000_images_part_1/ISIC_0029115.jpg,test,2,1,bkl,bcc,0.35901448,False,bkl → bcc,0.21380219,0.35901448,0.13948217,0.20465368,0.04363143,0.030974943,0.008441103
HAM_0002193,ISIC_0031000,bkl,histo,85.0,male,upper extremity,data/raw/HAM10000_images_part_2/ISIC_0031000.jpg,test,2,1,bkl,bcc,0.33367965,False,bkl → bcc,0.27043104,0.33367965,0.11688253,0.21001096,0.042463914,0.018758968,0.007773059
HAM_0002193,ISIC_0027392,bkl,histo,85.0,male,upper extremity,data/raw/HAM10000_images_part_1/ISIC_0027392.jpg,test,2,2,bkl,bkl,0.32487538,True,bkl → bkl,0.11295177,0.24665186,0.32487538,0.13261698,0.075936265,0.08036262,0.026605058
HAM_0005967,ISIC_0032395,bkl,confocal,65.0,female,face,data/raw/HAM10000_images_part_2/ISIC_0032395.jpg,test,2,2,bkl,bkl,0.5800602,True,bkl → bkl,0.049477804,0.061092462,0.5800602,0.050760265,0.18086623,0.07738171,0.00036138482
HAM_0005967,ISIC_0032031,bkl,confocal,65.0,female,face,data/raw/HAM10000_images_part_2/ISIC_0032031.jpg,test,2,2,bkl,bkl,0.5656438,True,bkl → bkl,0.06818413,0.105228975,0.5656438,0.08223009,0.11734424,0.06038406,0.0009847748
HAM_0000083,ISIC_0028622,bkl,confocal,60.0,female,face,data/raw/HAM10000_images_part_1/ISIC_0028622.jpg,test,2,2,bkl,bkl,0.42435986,True,bkl → bkl,0.17186917,0.058352455,0.42435986,0.03979869,0.2387607,0.06679339,6.577912e-05
HAM_0000083,ISIC_0031872,bkl,confocal,60.0,female,face,data/raw/HAM10000_images_part_2/ISIC_0031872.jpg,test,2,2,bkl,bkl,0.34337452,True,bkl → bkl,0.28734025,0.10053056,0.34337452,0.059322603,0.15640886,0.052800942,0.00022229161
HAM_0006346,ISIC_0026280,bkl,confocal,50.0,male,face,data/raw/HAM10000_images_part_1/ISIC_0026280.jpg,test,2,2,bkl,bkl,0.38147688,True,bkl → bkl,0.16631135,0.048750374,0.38147688,0.023278128,0.30056152,0.07959972,2.1989888e-05
HAM_0006346,ISIC_0027811,bkl,confocal,50.0,male,face,data/raw/HAM10000_images_part_1/ISIC_0027811.jpg,test,2,4,bkl,mel,0.41511762,False,bkl → mel,0.13796857,0.043138403,0.32366353,0.019806769,0.41511762,0.06028332,2.1880647e-05
HAM_0007590,ISIC_0031528,bkl,confocal,40.0,male,unknown,data/raw/HAM10000_images_part_2/ISIC_0031528.jpg,test,2,0,bkl,akiec,0.28501973,False,bkl → akiec,0.28501973,0.0964612,0.24299449,0.05966089,0.23415048,0.08130352,0.00040972733
HAM_0007590,ISIC_0028615,bkl,confocal,40.0,male,unknown,data/raw/HAM10000_images_part_1/ISIC_0028615.jpg,test,2,0,bkl,akiec,0.39906812,False,bkl → akiec,0.39906812,0.15178819,0.15814564,0.10152986,0.13448012,0.053174436,0.0018137902
HAM_0001310,ISIC_0027820,bkl,consensus,50.0,male,face,data/raw/HAM10000_images_part_1/ISIC_0027820.jpg,test,2,4,bkl,mel,0.5998714,False,bkl → mel,0.0032638398,0.0012491529,0.2853566,0.0005286644,0.5998714,0.10973025,1.3696747e-07
HAM_0006988,ISIC_0024943,bkl,consensus,75.0,female,face,data/raw/HAM10000_images_part_1/ISIC_0024943.jpg,test,2,2,bkl,bkl,0.35374263,True,bkl → bkl,0.072852604,0.1339382,0.35374263,0.08540066,0.20943852,0.14321217,0.0014152132
HAM_0005442,ISIC_0034197,bkl,consensus,70.0,male,scalp,data/raw/HAM10000_images_part_2/ISIC_0034197.jpg,test,2,2,bkl,bkl,0.24870999,True,bkl → bkl,0.22871344,0.1324705,0.24870999,0.076945305,0.23481523,0.078259386,8.6245316e-05
HAM_0005442,ISIC_0034057,bkl,consensus,70.0,male,scalp,data/raw/HAM10000_images_part_2/ISIC_0034057.jpg,test,2,2,bkl,bkl,0.24790262,True,bkl → bkl,0.21081312,0.16246244,0.24790262,0.09190335,0.23421848,0.05266334,3.6682588e-05
HAM_0006003,ISIC_0032827,bkl,consensus,85.0,female,lower extremity,data/raw/HAM10000_images_part_2/ISIC_0032827.jpg,test,2,4,bkl,mel,0.34840256,False,bkl → mel,0.29949796,0.046641428,0.25555652,0.025935205,0.34840256,0.023961075,5.303066e-06
HAM_0006003,ISIC_0033022,bkl,consensus,85.0,female,lower extremity,data/raw/HAM10000_images_part_2/ISIC_0033022.jpg,test,2,2,bkl,bkl,0.67869204,True,bkl → bkl,0.03660752,0.016547514,0.67869204,0.011987557,0.19018263,0.06597662,6.121751e-06
HAM_0005749,ISIC_0033246,bkl,consensus,85.0,male,back,data/raw/HAM10000_images_part_2/ISIC_0033246.jpg,test,2,4,bkl,mel,0.3355411,False,bkl → mel,0.18467599,0.07354984,0.27473113,0.051622536,0.3355411,0.079645306,0.0002340749
HAM_0005749,ISIC_0032843,bkl,consensus,85.0,male,back,data/raw/HAM10000_images_part_2/ISIC_0032843.jpg,test,2,2,bkl,bkl,0.3755258,True,bkl → bkl,0.100015834,0.043048434,0.3755258,0.032435805,0.31455192,0.13426335,0.00015881992
HAM_0000571,ISIC_0032773,bkl,consensus,70.0,male,back,data/raw/HAM10000_images_part_2/ISIC_0032773.jpg,test,2,4,bkl,mel,0.4533907,False,bkl → mel,0.0012435302,0.080827095,0.109259754,0.00093037524,0.4533907,0.10558343,0.24876516
HAM_0000571,ISIC_0033156,bkl,consensus,70.0,male,back,data/raw/HAM10000_images_part_2/ISIC_0033156.jpg,test,2,4,bkl,mel,0.3704447,False,bkl → mel,0.0066427775,0.13962051,0.13769117,0.005395549,0.3704447,0.1536316,0.18657376
HAM_0006238,ISIC_0034151,bkl,consensus,60.0,male,unknown,data/raw/HAM10000_images_part_2/ISIC_0034151.jpg,test,2,4,bkl,mel,0.37222666,False,bkl → mel,0.0009876427,5.580285e-05,0.27394554,3.5033176e-05,0.37222666,0.35274935,2.6786308e-08
HAM_0000372,ISIC_0033685,bkl,consensus,,unknown,unknown,data/raw/HAM10000_images_part_2/ISIC_0033685.jpg,test,2,4,bkl,mel,0.4264461,False,bkl → mel,0.037624322,0.09923491,0.279485,0.016175915,0.4264461,0.13588731,0.0051464387
HAM_0000825,ISIC_0034186,bkl,consensus,,unknown,unknown,data/raw/HAM10000_images_part_2/ISIC_0034186.jpg,test,2,2,bkl,bkl,0.38763136,True,bkl → bkl,0.119787164,0.053876963,0.38763136,0.029311098,0.31769,0.091654494,4.887126e-05
HAM_0006074,ISIC_0034252,bkl,consensus,,unknown,unknown,data/raw/HAM10000_images_part_2/ISIC_0034252.jpg,test,2,2,bkl,bkl,0.5959206,True,bkl → bkl,0.018185388,0.006774231,0.5959206,0.004392811,0.20527104,0.16944863,7.334916e-06
HAM_0006074,ISIC_0033829,bkl,consensus,,unknown,unknown,data/raw/HAM10000_images_part_2/ISIC_0033829.jpg,test,2,4,bkl,mel,0.40452564,False,bkl → mel,0.013906922,0.0039100205,0.40374634,0.0013547287,0.40452564,0.17255417,2.176645e-06
HAM_0002371,ISIC_0032271,bkl,consensus,50.0,male,chest,data/raw/HAM10000_images_part_2/ISIC_0032271.jpg,test,2,5,bkl,nv,0.348206,False,bkl → nv,0.13540064,0.02688308,0.26169047,0.20548323,0.02013615,0.348206,0.0022004463
HAM_0004322,ISIC_0027142,bkl,consensus,55.0,male,trunk,data/raw/HAM10000_images_part_1/ISIC_0027142.jpg,test,2,5,bkl,nv,0.4378894,False,bkl → nv,0.087644614,0.021652581,0.26183486,0.11778349,0.07252824,0.4378894,0.00066681666
HAM_0002355,ISIC_0029202,bkl,consensus,35.0,male,abdomen,data/raw/HAM10000_images_part_1/ISIC_0029202.jpg,test,2,5,bkl,nv,0.7363019,False,bkl → nv,0.01952021,0.0037802716,0.15412028,0.015500605,0.06997663,0.7363019,0.00080017466
HAM_0005136,ISIC_0024337,bkl,consensus,50.0,female,lower extremity,data/raw/HAM10000_images_part_1/ISIC_0024337.jpg,test,2,5,bkl,nv,0.48689833,False,bkl → nv,0.032372206,0.0135685485,0.31165597,0.11715882,0.026451709,0.48689833,0.011894412
HAM_0003926,ISIC_0026422,bkl,consensus,80.0,male,face,data/raw/HAM10000_images_part_1/ISIC_0026422.jpg,test,2,5,bkl,nv,0.5566144,False,bkl → nv,0.051804516,0.03416108,0.1573419,0.12497534,0.03895048,0.5566144,0.036152236
HAM_0001167,ISIC_0028448,bkl,consensus,55.0,male,trunk,data/raw/HAM10000_images_part_1/ISIC_0028448.jpg,test,2,5,bkl,nv,0.20267501,False,bkl → nv,0.17759483,0.123072475,0.1967781,0.16609004,0.10018929,0.20267501,0.03360021
HAM_0002209,ISIC_0031226,bkl,consensus,70.0,male,trunk,data/raw/HAM10000_images_part_2/ISIC_0031226.jpg,test,2,5,bkl,nv,0.61573803,False,bkl → nv,0.033670645,0.02063923,0.16207163,0.099600755,0.051947955,0.61573803,0.0163317
HAM_0001589,ISIC_0030067,bkl,consensus,70.0,male,face,data/raw/HAM10000_images_part_2/ISIC_0030067.jpg,test,2,5,bkl,nv,0.9181387,False,bkl → nv,0.00020077011,7.0869064e-05,0.017688043,0.06355571,0.00018584533,0.9181387,0.00016012971
HAM_0002034,ISIC_0027954,bkl,consensus,5.0,male,abdomen,data/raw/HAM10000_images_part_1/ISIC_0027954.jpg,test,2,5,bkl,nv,0.8956749,False,bkl → nv,0.0035781218,0.0006723932,0.06251831,0.030956728,0.006293043,0.8956749,0.00030657573
HAM_0002043,ISIC_0030160,bkl,consensus,80.0,male,lower extremity,data/raw/HAM10000_images_part_2/ISIC_0030160.jpg,test,2,5,bkl,nv,0.98758066,False,bkl → nv,8.245051e-06,7.2134617e-06,0.002582166,0.009240657,2.2776107e-05,0.98758066,0.0005582165
HAM_0001443,ISIC_0025804,bkl,consensus,50.0,male,lower extremity,data/raw/HAM10000_images_part_1/ISIC_0025804.jpg,test,2,5,bkl,nv,0.8458775,False,bkl → nv,0.00047991506,5.1348867e-05,0.10752605,0.0023708066,0.043691933,0.8458775,2.3905634e-06
HAM_0004713,ISIC_0031125,bkl,consensus,60.0,female,trunk,data/raw/HAM10000_images_part_2/ISIC_0031125.jpg,test,2,5,bkl,nv,0.97736675,False,bkl → nv,0.00027392607,4.0206753e-05,0.017291242,0.002138964,0.0027540366,0.97736675,0.00013474571
HAM_0001423,ISIC_0025454,bkl,consensus,70.0,male,back,data/raw/HAM10000_images_part_1/ISIC_0025454.jpg,test,2,5,bkl,nv,0.57733643,False,bkl → nv,0.021621197,0.0066337544,0.24376604,0.07034258,0.07955295,0.57733643,0.0007470614
HAM_0002005,ISIC_0026556,bkl,consensus,70.0,female,back,data/raw/HAM10000_images_part_1/ISIC_0026556.jpg,test,2,5,bkl,nv,0.30270612,False,bkl → nv,0.12127685,0.060530536,0.23748827,0.1868505,0.08801798,0.30270612,0.0031296606
HAM_0003715,ISIC_0026941,bkl,consensus,70.0,female,trunk,data/raw/HAM10000_images_part_1/ISIC_0026941.jpg,test,2,5,bkl,nv,0.7784982,False,bkl → nv,0.014357011,0.0046412847,0.11174029,0.06578209,0.023239799,0.7784982,0.0017413674
HAM_0000792,ISIC_0025387,bkl,consensus,70.0,female,back,data/raw/HAM10000_images_part_1/ISIC_0025387.jpg,test,2,4,bkl,mel,0.42323425,False,bkl → mel,0.16991542,0.042742595,0.2741205,0.02343817,0.42323425,0.066532314,1.672257e-05
HAM_0000215,ISIC_0025484,bkl,consensus,70.0,female,lower extremity,data/raw/HAM10000_images_part_1/ISIC_0025484.jpg,test,2,2,bkl,bkl,0.25777847,True,bkl → bkl,0.16757387,0.18807967,0.25777847,0.2138902,0.07371629,0.08594046,0.013020963
HAM_0000465,ISIC_0030583,bkl,consensus,35.0,female,trunk,data/raw/HAM10000_images_part_2/ISIC_0030583.jpg,test,2,5,bkl,nv,0.4627348,False,bkl → nv,0.08257609,0.02786448,0.24037032,0.1085351,0.066689536,0.4627348,0.011229768
HAM_0004330,ISIC_0029760,df,histo,70.0,male,lower extremity,data/raw/HAM10000_images_part_2/ISIC_0029760.jpg,test,3,6,df,vasc,0.75103074,False,df → vasc,0.002718165,0.19072726,0.019242205,0.0066408627,0.013635232,0.016005486,0.75103074
HAM_0004330,ISIC_0030555,df,histo,70.0,male,lower extremity,data/raw/HAM10000_images_part_2/ISIC_0030555.jpg,test,3,1,df,bcc,0.49214768,False,df → bcc,0.015687611,0.49214768,0.06725362,0.032810707,0.059292823,0.023624226,0.3091834
HAM_0002546,ISIC_0030579,df,histo,55.0,female,upper extremity,data/raw/HAM10000_images_part_2/ISIC_0030579.jpg,test,3,1,df,bcc,0.3903594,False,df → bcc,0.15830858,0.3903594,0.09079309,0.1390495,0.15066141,0.052615944,0.018212114
HAM_0002909,ISIC_0032642,df,histo,50.0,male,lower extremity,data/raw/HAM10000_images_part_2/ISIC_0032642.jpg,test,3,2,df,bkl,0.43730766,False,df → bkl,0.07139617,0.033706512,0.43730766,0.024815725,0.2890622,0.14362314,8.8669934e-05
HAM_0002909,ISIC_0033790,df,histo,50.0,male,lower extremity,data/raw/HAM10000_images_part_2/ISIC_0033790.jpg,test,3,0,df,akiec,0.38505524,False,df → akiec,0.38505524,0.18595785,0.16853614,0.1287047,0.11330197,0.017921133,0.00052300474
HAM_0002909,ISIC_0033675,df,histo,50.0,male,lower extremity,data/raw/HAM10000_images_part_2/ISIC_0033675.jpg,test,3,0,df,akiec,0.26579475,False,df → akiec,0.26579475,0.14253698,0.21244486,0.09739211,0.2305355,0.050916277,0.0003795289
HAM_0003290,ISIC_0030757,df,histo,80.0,male,upper extremity,data/raw/HAM10000_images_part_2/ISIC_0030757.jpg,test,3,0,df,akiec,0.3861092,False,df → akiec,0.3861092,0.2239332,0.12594219,0.17530832,0.07110779,0.01696437,0.0006349406
HAM_0003290,ISIC_0031358,df,histo,80.0,male,upper extremity,data/raw/HAM10000_images_part_2/ISIC_0031358.jpg,test,3,1,df,bcc,0.34037784,False,df → bcc,0.31583044,0.34037784,0.07294136,0.22982246,0.026444126,0.011381092,0.0032025678
HAM_0003290,ISIC_0031735,df,histo,80.0,male,upper extremity,data/raw/HAM10000_images_part_2/ISIC_0031735.jpg,test,3,0,df,akiec,0.35854244,False,df → akiec,0.35854244,0.2960396,0.085537136,0.18930373,0.057191003,0.012301289,0.0010848899
HAM_0007410,ISIC_0029962,df,histo,65.0,male,foot,data/raw/HAM10000_images_part_2/ISIC_0029962.jpg,test,3,1,df,bcc,0.33389014,False,df → bcc,0.16484894,0.33389014,0.20674913,0.16862734,0.04853594,0.04818171,0.029166894
HAM_0007410,ISIC_0031457,df,histo,65.0,male,foot,data/raw/HAM10000_images_part_2/ISIC_0031457.jpg,test,3,2,df,bkl,0.31332478,False,df → bkl,0.2216593,0.14530957,0.31332478,0.099223174,0.14916015,0.07019324,0.0011297411
HAM_0007418,ISIC_0031372,df,consensus,50.0,male,lower extremity,data/raw/HAM10000_images_part_2/ISIC_0031372.jpg,test,3,1,df,bcc,0.30843237,False,df → bcc,0.2943163,0.30843237,0.13351217,0.15149479,0.09638948,0.015436336,0.00041855226
HAM_0007418,ISIC_0026313,df,consensus,50.0,male,lower extremity,data/raw/HAM10000_images_part_1/ISIC_0026313.jpg,test,3,0,df,akiec,0.2772647,False,df → akiec,0.2772647,0.20922188,0.14991918,0.11186888,0.18770497,0.06230948,0.0017108488
HAM_0000827,ISIC_0031443,df,consensus,60.0,male,upper extremity,data/raw/HAM10000_images_part_2/ISIC_0031443.jpg,test,3,0,df,akiec,0.35364532,False,df → akiec,0.35364532,0.31577778,0.0893098,0.1764572,0.053586926,0.010678191,0.0005446765
HAM_0000827,ISIC_0025223,df,consensus,60.0,male,upper extremity,data/raw/HAM10000_images_part_1/ISIC_0025223.jpg,test,3,0,df,akiec,0.5160276,False,df → akiec,0.5160276,0.21129894,0.08710967,0.13708319,0.04360125,0.004736108,0.00014320094
HAM_0003597,ISIC_0033422,df,consensus,45.0,male,lower extremity,data/raw/HAM10000_images_part_2/ISIC_0033422.jpg,test,3,2,df,bkl,0.58997494,False,df → bkl,0.08386276,0.0643112,0.58997494,0.049903557,0.1477241,0.0639434,0.0002799266
HAM_0003597,ISIC_0027488,df,consensus,45.0,male,lower extremity,data/raw/HAM10000_images_part_1/ISIC_0027488.jpg,test,3,2,df,bkl,0.26465642,False,df → bkl,0.21343783,0.19548628,0.26465642,0.14685947,0.1414315,0.037206672,0.00092185475
HAM_0002960,ISIC_0024994,df,consensus,40.0,female,lower extremity,data/raw/HAM10000_images_part_1/ISIC_0024994.jpg,test,3,3,df,df,0.48445675,True,df → df,0.017659266,0.0033543739,0.11840629,0.48445675,0.0009845836,0.37326956,0.0018691467
HAM_0004090,ISIC_0031271,df,consensus,45.0,female,lower extremity,data/raw/HAM10000_images_part_2/ISIC_0031271.jpg,test,3,3,df,df,0.5862839,True,df → df,0.22670455,0.08760057,0.06331513,0.5862839,0.0042515346,0.022825914,0.00901844
HAM_0002045,ISIC_0029973,df,consensus,60.0,male,lower extremity,data/raw/HAM10000_images_part_2/ISIC_0029973.jpg,test,3,3,df,df,0.44847408,True,df → df,0.18638155,0.09274677,0.123526424,0.44847408,0.015323509,0.10727741,0.02627025
HAM_0006722,ISIC_0030443,mel,histo,85.0,female,lower extremity,data/raw/HAM10000_images_part_2/ISIC_0030443.jpg,test,4,4,mel,mel,0.38321808,True,mel → mel,0.04633911,0.00622992,0.33907905,0.003513633,0.38321808,0.22161604,4.200953e-06
HAM_0006722,ISIC_0031499,mel,histo,85.0,female,lower extremity,data/raw/HAM10000_images_part_2/ISIC_0031499.jpg,test,4,4,mel,mel,0.5177774,True,mel → mel,0.025325464,0.0008435725,0.2784873,0.00043630484,0.5177774,0.17712998,3.6408526e-08
HAM_0003832,ISIC_0025450,mel,histo,60.0,female,lower extremity,data/raw/HAM10000_images_part_1/ISIC_0025450.jpg,test,4,5,mel,nv,0.33325154,False,mel → nv,0.031349227,0.026588328,0.2624566,0.017236209,0.32887506,0.33325154,0.00024308727
HAM_0003832,ISIC_0024586,mel,histo,60.0,female,lower extremity,data/raw/HAM10000_images_part_1/ISIC_0024586.jpg,test,4,5,mel,nv,0.31699774,False,mel → nv,0.06224771,0.06522649,0.25223044,0.028450662,0.27304378,0.31699774,0.0018031205
HAM_0006453,ISIC_0029081,mel,histo,70.0,male,abdomen,data/raw/HAM10000_images_part_1/ISIC_0029081.jpg,test,4,2,mel,bkl,0.37676466,False,mel → bkl,0.066465296,0.021344671,0.37676466,0.009924937,0.34123138,0.18425287,1.615254e-05
HAM_0006453,ISIC_0025744,mel,histo,70.0,male,abdomen,data/raw/HAM10000_images_part_1/ISIC_0025744.jpg,test,4,2,mel,bkl,0.45900577,False,mel → bkl,0.056985047,0.0116713485,0.45900577,0.0075825527,0.34704986,0.11770237,3.0422025e-06
HAM_0007454,ISIC_0032214,mel,histo,70.0,male,scalp,data/raw/HAM10000_images_part_2/ISIC_0032214.jpg,test,4,4,mel,mel,0.2763905,True,mel → mel,0.08388065,0.15149947,0.23240781,0.052760802,0.2763905,0.20289613,0.00016466579
HAM_0001726,ISIC_0029281,mel,histo,35.0,female,back,data/raw/HAM10000_images_part_1/ISIC_0029281.jpg,test,4,4,mel,mel,0.44808677,True,mel → mel,0.011906209,0.00035475238,0.34130892,0.0001983234,0.44808677,0.19814502,1.8239033e-08
HAM_0001726,ISIC_0024367,mel,histo,35.0,female,back,data/raw/HAM10000_images_part_1/ISIC_0024367.jpg,test,4,4,mel,mel,0.3435783,True,mel → mel,0.062452514,0.019685272,0.3247457,0.009788503,0.3435783,0.23969592,5.379563e-05
HAM_0000060,ISIC_0031953,mel,histo,55.0,male,abdomen,data/raw/HAM10000_images_part_2/ISIC_0031953.jpg,test,4,4,mel,mel,0.36789832,True,mel → mel,0.014556773,0.0022471517,0.31057924,0.0013567467,0.36789832,0.30335593,5.9120994e-06
HAM_0000060,ISIC_0031406,mel,histo,55.0,male,abdomen,data/raw/HAM10000_images_part_2/ISIC_0031406.jpg,test,4,4,mel,mel,0.24694616,True,mel → mel,0.0868761,0.17144546,0.2324057,0.050752502,0.24694616,0.20615524,0.0054187784
HAM_0004813,ISIC_0027063,mel,histo,80.0,male,abdomen,data/raw/HAM10000_images_part_1/ISIC_0027063.jpg,test,4,4,mel,mel,0.5955596,True,mel → mel,0.0024071732,9.2787224e-05,0.07079788,1.568931e-05,0.5955596,0.3311267,8.070397e-08
HAM_0004813,ISIC_0032331,mel,histo,80.0,male,abdomen,data/raw/HAM10000_images_part_2/ISIC_0032331.jpg,test,4,4,mel,mel,0.4259221,True,mel → mel,0.034085248,0.00827197,0.20913415,0.0024618597,0.4259221,0.32007724,4.746255e-05
HAM_0007171,ISIC_0029913,mel,histo,30.0,female,lower extremity,data/raw/HAM10000_images_part_2/ISIC_0029913.jpg,test,4,4,mel,mel,0.35472804,True,mel → mel,0.048357937,0.06877417,0.15536007,0.015738463,0.35472804,0.35119376,0.005847598
HAM_0007171,ISIC_0026909,mel,histo,30.0,female,lower extremity,data/raw/HAM10000_images_part_1/ISIC_0026909.jpg,test,4,5,mel,nv,0.8557559,False,mel → nv,0.00046301002,0.00021480302,0.018778844,8.752244e-05,0.124252774,0.8557559,0.0004471448
HAM_0001531,ISIC_0024951,mel,histo,70.0,male,back,data/raw/HAM10000_images_part_1/ISIC_0024951.jpg,test,4,0,mel,akiec,0.26654977,False,mel → akiec,0.26654977,0.24706806,0.14445637,0.12948565,0.16695435,0.044362355,0.0011234413
HAM_0001531,ISIC_0030106,mel,histo,70.0,male,back,data/raw/HAM10000_images_part_2/ISIC_0030106.jpg,test,4,0,mel,akiec,0.30216405,False,mel → akiec,0.30216405,0.27969587,0.0943729,0.13796106,0.15130961,0.03321638,0.0012801375
HAM_0001328,ISIC_0028442,mel,histo,75.0,male,unknown,data/raw/HAM10000_images_part_1/ISIC_0028442.jpg,test,4,0,mel,akiec,0.48187715,False,mel → akiec,0.48187715,0.12075463,0.13018647,0.05325926,0.18876415,0.02510395,5.4309985e-05
HAM_0002182,ISIC_0031972,mel,histo,65.0,female,face,data/raw/HAM10000_images_part_2/ISIC_0031972.jpg,test,4,2,mel,bkl,0.49311724,False,mel → bkl,0.053901743,0.014055428,0.49311724,0.009598104,0.34409884,0.08522587,2.6721011e-06
HAM_0002182,ISIC_0030539,mel,histo,65.0,female,face,data/raw/HAM10000_images_part_2/ISIC_0030539.jpg,test,4,2,mel,bkl,0.53929716,False,mel → bkl,0.07377823,0.065440364,0.53929716,0.05289918,0.16821173,0.09966151,0.00071179547
HAM_0001202,ISIC_0031517,mel,histo,70.0,female,upper extremity,data/raw/HAM10000_images_part_2/ISIC_0031517.jpg,test,4,0,mel,akiec,0.32944465,False,mel → akiec,0.32944465,0.13381997,0.14975508,0.054596942,0.24389768,0.08801453,0.00047108275
HAM_0001202,ISIC_0028022,mel,histo,70.0,female,upper extremity,data/raw/HAM10000_images_part_1/ISIC_0028022.jpg,test,4,4,mel,mel,0.34409264,True,mel → mel,0.20599136,0.07154176,0.16763641,0.035392653,0.34409264,0.17372619,0.0016189915
HAM_0006522,ISIC_0026369,mel,histo,30.0,female,lower extremity,data/raw/HAM10000_images_part_1/ISIC_0026369.jpg,test,4,4,mel,mel,0.8065434,True,mel → mel,0.0008856895,4.6784415e-05,0.053392142,1.6141144e-05,0.8065434,0.13911583,2.7324011e-08
HAM_0006522,ISIC_0030521,mel,histo,30.0,female,lower extremity,data/raw/HAM10000_images_part_2/ISIC_0030521.jpg,test,4,4,mel,mel,0.3834611,True,mel → mel,0.03439822,0.017471563,0.21456806,0.006762106,0.3834611,0.3430409,0.00029797805
HAM_0001796,ISIC_0025363,mel,histo,70.0,male,abdomen,data/raw/HAM10000_images_part_1/ISIC_0025363.jpg,test,4,0,mel,akiec,0.47122273,False,mel → akiec,0.47122273,0.16502385,0.11176292,0.05835359,0.17605606,0.017549822,3.0970867e-05
HAM_0001796,ISIC_0029473,mel,histo,70.0,male,abdomen,data/raw/HAM10000_images_part_2/ISIC_0029473.jpg,test,4,0,mel,akiec,0.25868246,False,mel → akiec,0.25868246,0.18614703,0.13680264,0.09282612,0.22960077,0.08802656,0.007914316
HAM_0000417,ISIC_0025783,mel,histo,65.0,male,back,data/raw/HAM10000_images_part_1/ISIC_0025783.jpg,test,4,4,mel,mel,0.26869333,True,mel → mel,0.21073382,0.16486809,0.14654638,0.082413785,0.26869333,0.121741444,0.0050031818
HAM_0007229,ISIC_0031545,mel,histo,75.0,female,back,data/raw/HAM10000_images_part_2/ISIC_0031545.jpg,test,4,4,mel,mel,0.5010655,True,mel → mel,0.015174176,0.0045724106,0.21995427,0.0010852258,0.5010655,0.25812432,2.4142637e-05
HAM_0003449,ISIC_0029242,mel,histo,85.0,male,back,data/raw/HAM10000_images_part_1/ISIC_0029242.jpg,test,4,0,mel,akiec,0.26122695,False,mel → akiec,0.26122695,0.15641141,0.22985876,0.08671209,0.23076169,0.03483676,0.00019232536
HAM_0003449,ISIC_0027263,mel,histo,85.0,male,back,data/raw/HAM10000_images_part_1/ISIC_0027263.jpg,test,4,4,mel,mel,0.25984666,True,mel → mel,0.22595638,0.14104007,0.23621571,0.078407,0.25984666,0.058147755,0.00038642721
HAM_0004153,ISIC_0029216,mel,histo,80.0,male,foot,data/raw/HAM10000_images_part_1/ISIC_0029216.jpg,test,4,1,mel,bcc,0.30136552,False,mel → bcc,0.06922236,0.30136552,0.14510766,0.089717716,0.08296444,0.100943774,0.21067853
HAM_0004153,ISIC_0026489,mel,histo,80.0,male,foot,data/raw/HAM10000_images_part_1/ISIC_0026489.jpg,test,4,4,mel,mel,0.24424343,True,mel → mel,0.0147957085,0.18238387,0.175264,0.021579612,0.24424343,0.17127407,0.19045927
HAM_0006651,ISIC_0032182,mel,histo,70.0,female,back,data/raw/HAM10000_images_part_2/ISIC_0032182.jpg,test,4,4,mel,mel,0.8072685,True,mel → mel,0.007934643,0.054919437,0.08812297,0.0012156634,0.8072685,0.040521014,1.782967e-05
HAM_0004102,ISIC_0029726,mel,histo,75.0,male,face,data/raw/HAM10000_images_part_2/ISIC_0029726.jpg,test,4,0,mel,akiec,0.48821986,False,mel → akiec,0.48821986,0.09831376,0.22629151,0.050887637,0.118567154,0.017654264,6.5829234e-05
HAM_0006208,ISIC_0028916,mel,histo,60.0,female,face,data/raw/HAM10000_images_part_1/ISIC_0028916.jpg,test,4,4,mel,mel,0.4708897,True,mel → mel,0.040108394,0.0052636247,0.38786384,0.0027317822,0.4708897,0.09314239,1.9859868e-07
HAM_0002115,ISIC_0032408,mel,histo,60.0,female,upper extremity,data/raw/HAM10000_images_part_2/ISIC_0032408.jpg,test,4,4,mel,mel,0.65946555,True,mel → mel,0.016852118,0.07332924,0.12988251,0.0046118773,0.65946555,0.11276767,0.0030910028
HAM_0005403,ISIC_0026086,mel,histo,55.0,male,upper extremity,data/raw/HAM10000_images_part_1/ISIC_0026086.jpg,test,4,4,mel,mel,0.7466176,True,mel → mel,0.005814278,0.0003032521,0.13682893,0.00017010699,0.7466176,0.11026581,4.2705848e-09
HAM_0007163,ISIC_0033268,mel,histo,50.0,female,lower extremity,data/raw/HAM10000_images_part_2/ISIC_0033268.jpg,test,4,4,mel,mel,0.40594274,True,mel → mel,0.008234614,0.0010396419,0.31061703,0.00067731034,0.40594274,0.27348801,5.4202417e-07
HAM_0007163,ISIC_0032750,mel,histo,50.0,female,lower extremity,data/raw/HAM10000_images_part_2/ISIC_0032750.jpg,test,4,4,mel,mel,0.51804,True,mel → mel,0.0513464,0.003328362,0.251574,0.0015668446,0.51804,0.1741437,7.689757e-07
HAM_0004405,ISIC_0032532,mel,histo,80.0,male,back,data/raw/HAM10000_images_part_2/ISIC_0032532.jpg,test,4,4,mel,mel,0.53483015,True,mel → mel,0.018693617,0.003645797,0.11707,0.0009694026,0.53483015,0.32475403,3.7061865e-05
HAM_0004405,ISIC_0033500,mel,histo,80.0,male,back,data/raw/HAM10000_images_part_2/ISIC_0033500.jpg,test,4,4,mel,mel,0.41381407,True,mel → mel,0.15617989,0.06904194,0.18306774,0.024799446,0.41381407,0.15213329,0.0009634935
HAM_0000179,ISIC_0034046,mel,histo,45.0,male,back,data/raw/HAM10000_images_part_2/ISIC_0034046.jpg,test,4,4,mel,mel,0.5655011,True,mel → mel,0.0136424,0.023867592,0.13750519,0.0038260065,0.5655011,0.2508746,0.00478309
HAM_0000179,ISIC_0032550,mel,histo,45.0,male,back,data/raw/HAM10000_images_part_2/ISIC_0032550.jpg,test,4,4,mel,mel,0.49157578,True,mel → mel,0.023785558,0.01991706,0.13425772,0.003977661,0.49157578,0.3250058,0.0014803621
HAM_0000179,ISIC_0033700,mel,histo,45.0,male,back,data/raw/HAM10000_images_part_2/ISIC_0033700.jpg,test,4,4,mel,mel,0.62626475,True,mel → mel,0.004882392,0.008640269,0.14679848,0.001812589,0.62626475,0.21116109,0.00044038164
HAM_0003983,ISIC_0033975,mel,histo,85.0,male,abdomen,data/raw/HAM10000_images_part_2/ISIC_0033975.jpg,test,4,6,mel,vasc,0.36171615,False,mel → vasc,0.02274047,0.2802335,0.09423842,0.03399904,0.10997585,0.09709654,0.36171615
HAM_0003983,ISIC_0033278,mel,histo,85.0,male,abdomen,data/raw/HAM10000_images_part_2/ISIC_0033278.jpg,test,4,6,mel,vasc,0.33593762,False,mel → vasc,0.01563702,0.1879974,0.08937668,0.016993908,0.1974804,0.15657695,0.33593762
HAM_0003983,ISIC_0033679,mel,histo,85.0,male,abdomen,data/raw/HAM10000_images_part_2/ISIC_0033679.jpg,test,4,6,mel,vasc,0.40582314,False,mel → vasc,0.0397804,0.34659502,0.055380538,0.063368715,0.035609305,0.053442925,0.40582314
HAM_0005500,ISIC_0033636,mel,histo,75.0,male,trunk,data/raw/HAM10000_images_part_2/ISIC_0033636.jpg,test,4,4,mel,mel,0.71086586,True,mel → mel,0.001657013,0.0007646234,0.2477533,0.00016922095,0.71086586,0.038789958,3.9128684e-10
HAM_0001266,ISIC_0029909,mel,histo,75.0,female,ear,data/raw/HAM10000_images_part_2/ISIC_0029909.jpg,test,4,2,mel,bkl,0.49424395,False,mel → bkl,0.011006774,0.0014809956,0.49424395,0.001915068,0.26661766,0.22473525,3.5682325e-07
HAM_0001174,ISIC_0033027,mel,histo,70.0,male,scalp,data/raw/HAM10000_images_part_2/ISIC_0033027.jpg,test,4,2,mel,bkl,0.55720305,False,mel → bkl,0.0113566145,0.011479005,0.55720305,0.010384683,0.23661521,0.17291538,4.6119578e-05
HAM_0000611,ISIC_0033804,mel,histo,30.0,female,back,data/raw/HAM10000_images_part_2/ISIC_0033804.jpg,test,4,4,mel,mel,0.44370812,True,mel → mel,0.010243335,0.002990436,0.106682554,0.00079278956,0.44370812,0.43549433,8.844839e-05
HAM_0000611,ISIC_0033801,mel,histo,30.0,female,back,data/raw/HAM10000_images_part_2/ISIC_0033801.jpg,test,4,4,mel,mel,0.59690756,True,mel → mel,0.0016752592,0.00023716014,0.052431982,5.945015e-05,0.59690756,0.34867558,1.2977933e-05
HAM_0000611,ISIC_0033216,mel,histo,30.0,female,back,data/raw/HAM10000_images_part_2/ISIC_0033216.jpg,test,4,4,mel,mel,0.49205536,True,mel → mel,0.007078171,0.0026286584,0.059947323,0.000429228,0.49205536,0.437624,0.00023736774
HAM_0005336,ISIC_0033154,mel,histo,30.0,male,trunk,data/raw/HAM10000_images_part_2/ISIC_0033154.jpg,test,4,4,mel,mel,0.5996674,True,mel → mel,0.00046306913,2.3863766e-05,0.05183604,5.4432576e-06,0.5996674,0.3480041,5.8367952e-08
HAM_0005336,ISIC_0033192,mel,histo,30.0,male,trunk,data/raw/HAM10000_images_part_2/ISIC_0033192.jpg,test,4,4,mel,mel,0.59392124,True,mel → mel,0.00048425922,7.335052e-05,0.028415253,1.4509858e-05,0.59392124,0.3770861,5.28155e-06
HAM_0002235,ISIC_0034222,mel,histo,30.0,male,back,data/raw/HAM10000_images_part_2/ISIC_0034222.jpg,test,4,2,mel,bkl,0.3324331,False,mel → bkl,0.030120512,0.02046131,0.3324331,0.012183932,0.30459464,0.29962543,0.0005810126
HAM_0002235,ISIC_0032569,mel,histo,30.0,male,back,data/raw/HAM10000_images_part_2/ISIC_0032569.jpg,test,4,4,mel,mel,0.357173,True,mel → mel,0.058088075,0.042015105,0.30601892,0.018493667,0.357173,0.21693413,0.001277184
HAM_0002235,ISIC_0034064,mel,histo,30.0,male,back,data/raw/HAM10000_images_part_2/ISIC_0034064.jpg,test,4,2,mel,bkl,0.43327683,False,mel → bkl,0.029879712,0.036629047,0.43327683,0.026204906,0.22627963,0.24686797,0.0008618455
HAM_0005581,ISIC_0033337,mel,histo,50.0,male,back,data/raw/HAM10000_images_part_2/ISIC_0033337.jpg,test,4,4,mel,mel,0.4942534,True,mel → mel,0.033524267,0.009752546,0.20383473,0.0023574247,0.4942534,0.2562106,6.709939e-05
HAM_0005581,ISIC_0033594,mel,histo,50.0,male,back,data/raw/HAM10000_images_part_2/ISIC_0033594.jpg,test,4,4,mel,mel,0.40631595,True,mel → mel,0.04211887,0.019129844,0.251302,0.00534363,0.40631595,0.27560726,0.00018242067
HAM_0005628,ISIC_0032940,mel,histo,70.0,male,scalp,data/raw/HAM10000_images_part_2/ISIC_0032940.jpg,test,4,4,mel,mel,0.700337,True,mel → mel,0.0030030308,0.002900342,0.21267131,0.00028009122,0.700337,0.08080787,3.6453082e-07
HAM_0004321,ISIC_0033479,mel,histo,40.0,female,back,data/raw/HAM10000_images_part_2/ISIC_0033479.jpg,test,4,4,mel,mel,0.6503112,True,mel → mel,0.006303557,0.0013557221,0.18621722,0.00027168798,0.6503112,0.15554042,1.9921761e-07
HAM_0004321,ISIC_0033522,mel,histo,40.0,female,back,data/raw/HAM10000_images_part_2/ISIC_0033522.jpg,test,4,4,mel,mel,0.5714285,True,mel → mel,0.056024577,0.034171928,0.24107638,0.007690408,0.5714285,0.08958963,1.8555227e-05
HAM_0001465,ISIC_0033209,mel,histo,65.0,male,ear,data/raw/HAM10000_images_part_2/ISIC_0033209.jpg,test,4,4,mel,mel,0.4286366,True,mel → mel,0.03292023,0.0017377879,0.20827071,0.0007971203,0.4286366,0.32763502,2.5321497e-06
HAM_0001465,ISIC_0034074,mel,histo,65.0,male,ear,data/raw/HAM10000_images_part_2/ISIC_0034074.jpg,test,4,4,mel,mel,0.45516342,True,mel → mel,0.029675337,0.0031686318,0.34730124,0.002486115,0.45516342,0.16220506,1.8102988e-07
HAM_0001465,ISIC_0032699,mel,histo,65.0,male,ear,data/raw/HAM10000_images_part_2/ISIC_0032699.jpg,test,4,4,mel,mel,0.2896822,True,mel → mel,0.23817194,0.017731149,0.18877651,0.008760986,0.2896822,0.25685436,2.2895125e-05
HAM_0003421,ISIC_0033470,mel,histo,55.0,female,upper extremity,data/raw/HAM10000_images_part_2/ISIC_0033470.jpg,test,4,4,mel,mel,0.5362367,True,mel → mel,0.0026760881,0.00018850615,0.07140044,3.5253623e-05,0.5362367,0.38946244,5.603913e-07
HAM_0003421,ISIC_0034094,mel,histo,55.0,female,upper extremity,data/raw/HAM10000_images_part_2/ISIC_0034094.jpg,test,4,4,mel,mel,0.7418504,True,mel → mel,0.00058683206,0.000331415,0.07114938,5.818253e-05,0.7418504,0.18601848,5.2648547e-06
HAM_0003421,ISIC_0033560,mel,histo,55.0,female,upper extremity,data/raw/HAM10000_images_part_2/ISIC_0033560.jpg,test,4,4,mel,mel,0.5017556,True,mel → mel,0.005795149,0.00067722856,0.11919374,0.00018880516,0.5017556,0.37238696,2.5045772e-06
HAM_0004881,ISIC_0033806,mel,histo,85.0,male,abdomen,data/raw/HAM10000_images_part_2/ISIC_0033806.jpg,test,4,2,mel,bkl,0.54660445,False,mel → bkl,0.022100708,0.0030185701,0.54660445,0.002253474,0.32224935,0.10377331,8.038154e-08
HAM_0004881,ISIC_0032913,mel,histo,85.0,male,abdomen,data/raw/HAM10000_images_part_2/ISIC_0032913.jpg,test,4,2,mel,bkl,0.56261915,False,mel → bkl,0.025660126,0.0054304847,0.56261915,0.0037654669,0.2919483,0.11057618,3.4474735e-07
HAM_0007574,ISIC_0033624,mel,histo,70.0,male,scalp,data/raw/HAM10000_images_part_2/ISIC_0033624.jpg,test,4,4,mel,mel,0.5214957,True,mel → mel,0.05315464,0.012101974,0.3444271,0.0064161154,0.5214957,0.062402125,2.3900743e-06
HAM_0007574,ISIC_0033238,mel,histo,70.0,male,scalp,data/raw/HAM10000_images_part_2/ISIC_0033238.jpg,test,4,2,mel,bkl,0.5592025,False,mel → bkl,0.035992913,0.028482888,0.5592025,0.01829082,0.23295742,0.12506914,4.255208e-06
HAM_0007574,ISIC_0034089,mel,histo,70.0,male,scalp,data/raw/HAM10000_images_part_2/ISIC_0034089.jpg,test,4,4,mel,mel,0.39170352,True,mel → mel,0.19015135,0.035101578,0.3099793,0.016381256,0.39170352,0.056677174,5.84737e-06
HAM_0000042,ISIC_0034048,mel,histo,45.0,female,upper extremity,data/raw/HAM10000_images_part_2/ISIC_0034048.jpg,test,4,2,mel,bkl,0.39220434,False,mel → bkl,0.055806585,0.023860034,0.39220434,0.013136585,0.3052388,0.20968679,6.6864166e-05
HAM_0000042,ISIC_0033905,mel,histo,45.0,female,upper extremity,data/raw/HAM10000_images_part_2/ISIC_0033905.jpg,test,4,4,mel,mel,0.58849025,True,mel → mel,0.04031606,0.004744733,0.20106433,0.0025308488,0.58849025,0.16284445,9.356638e-06
HAM_0000042,ISIC_0033981,mel,histo,45.0,female,upper extremity,data/raw/HAM10000_images_part_2/ISIC_0033981.jpg,test,4,4,mel,mel,0.40441072,True,mel → mel,0.023821937,0.0028621603,0.37977558,0.0017782875,0.40441072,0.18734968,1.6717064e-06
HAM_0002149,ISIC_0033042,mel,histo,60.0,female,face,data/raw/HAM10000_images_part_2/ISIC_0033042.jpg,test,4,0,mel,akiec,0.30774087,False,mel → akiec,0.30774087,0.16907501,0.18230829,0.117931075,0.16012383,0.061594,0.0012270234
HAM_0001863,ISIC_0032797,mel,histo,70.0,male,upper extremity,data/raw/HAM10000_images_part_2/ISIC_0032797.jpg,test,4,4,mel,mel,0.36862177,True,mel → mel,0.052128717,0.026007794,0.33886844,0.012129441,0.36862177,0.20222715,1.6698066e-05
HAM_0001863,ISIC_0032596,mel,histo,70.0,male,upper extremity,data/raw/HAM10000_images_part_2/ISIC_0032596.jpg,test,4,4,mel,mel,0.5732415,True,mel → mel,0.04128549,0.0026284305,0.1618228,0.00078214885,0.5732415,0.22023866,1.0362257e-06
HAM_0001863,ISIC_0032856,mel,histo,70.0,male,upper extremity,data/raw/HAM10000_images_part_2/ISIC_0032856.jpg,test,4,4,mel,mel,0.4811233,True,mel → mel,0.020104984,0.001643315,0.26234108,0.00065580907,0.4811233,0.23413104,4.3816712e-07
HAM_0001863,ISIC_0033193,mel,histo,70.0,male,upper extremity,data/raw/HAM10000_images_part_2/ISIC_0033193.jpg,test,4,2,mel,bkl,0.4869192,False,mel → bkl,0.009339272,0.0016871948,0.4869192,0.00086726306,0.39243,0.10875705,2.9856324e-08
HAM_0001863,ISIC_0033125,mel,histo,70.0,male,upper extremity,data/raw/HAM10000_images_part_2/ISIC_0033125.jpg,test,4,4,mel,mel,0.6589612,True,mel → mel,0.014275935,0.0013811806,0.1503231,0.00064668263,0.6589612,0.17441106,9.815673e-07
HAM_0001863,ISIC_0032810,mel,histo,70.0,male,upper extremity,data/raw/HAM10000_images_part_2/ISIC_0032810.jpg,test,4,4,mel,mel,0.44081968,True,mel → mel,0.05325585,0.01769477,0.31964982,0.0068148826,0.44081968,0.1617552,9.763669e-06
HAM_0003566,ISIC_0032684,mel,histo,50.0,male,abdomen,data/raw/HAM10000_images_part_2/ISIC_0032684.jpg,test,4,4,mel,mel,0.62548107,True,mel → mel,0.00029039214,6.4891624e-06,0.038684383,1.3773862e-06,0.62548107,0.33553624,1.0793992e-08
HAM_0003566,ISIC_0034052,mel,histo,50.0,male,abdomen,data/raw/HAM10000_images_part_2/ISIC_0034052.jpg,test,4,4,mel,mel,0.54334855,True,mel → mel,0.0011402941,4.893624e-05,0.035758365,7.769169e-06,0.54334855,0.41969576,2.4334693e-07
HAM_0003566,ISIC_0033171,mel,histo,50.0,male,abdomen,data/raw/HAM10000_images_part_2/ISIC_0033171.jpg,test,4,4,mel,mel,0.5278187,True,mel → mel,0.014713273,0.003187513,0.08323974,0.0005949084,0.5278187,0.37039062,5.525755e-05
HAM_0003495,ISIC_0032869,mel,histo,85.0,male,back,data/raw/HAM10000_images_part_2/ISIC_0032869.jpg,test,4,0,mel,akiec,0.3552872,False,mel → akiec,0.3552872,0.115674704,0.18930893,0.064345784,0.22441606,0.050692894,0.00027447043
HAM_0003495,ISIC_0033524,mel,histo,85.0,male,back,data/raw/HAM10000_images_part_2/ISIC_0033524.jpg,test,4,0,mel,akiec,0.31237617,False,mel → akiec,0.31237617,0.1412148,0.21871035,0.085524336,0.19299047,0.048649326,0.00053461187
HAM_0006376,ISIC_0032845,mel,histo,70.0,female,lower extremity,data/raw/HAM10000_images_part_2/ISIC_0032845.jpg,test,4,4,mel,mel,0.59179586,True,mel → mel,0.00431705,0.0022004622,0.14565034,0.0002615342,0.59179586,0.25571832,5.638818e-05
HAM_0007589,ISIC_0034049,mel,histo,70.0,male,back,data/raw/HAM10000_images_part_2/ISIC_0034049.jpg,test,4,4,mel,mel,0.5390939,True,mel → mel,0.0010757622,0.0001422359,0.07322763,2.7690216e-05,0.5390939,0.3864317,1.1178446e-06
HAM_0002841,ISIC_0032982,mel,histo,20.0,male,back,data/raw/HAM10000_images_part_2/ISIC_0032982.jpg,test,4,4,mel,mel,0.3442386,True,mel → mel,0.055196002,0.033411976,0.23307617,0.014106316,0.3442386,0.31940624,0.00056472514
HAM_0002841,ISIC_0033196,mel,histo,20.0,male,back,data/raw/HAM10000_images_part_2/ISIC_0033196.jpg,test,4,4,mel,mel,0.410782,True,mel → mel,0.074847504,0.024154559,0.15958542,0.010036003,0.410782,0.32033265,0.0002618789
HAM_0002841,ISIC_0032653,mel,histo,20.0,male,back,data/raw/HAM10000_images_part_2/ISIC_0032653.jpg,test,4,2,mel,bkl,0.56144744,False,mel → bkl,0.034382075,0.043035496,0.56144744,0.027598932,0.1611304,0.17191496,0.00049056904
HAM_0004859,ISIC_0033812,mel,histo,70.0,female,neck,data/raw/HAM10000_images_part_2/ISIC_0033812.jpg,test,4,4,mel,mel,0.39280692,True,mel → mel,0.014533253,0.0024048872,0.31643933,0.0014568042,0.39280692,0.27235237,6.4257288e-06
HAM_0004859,ISIC_0033653,mel,histo,70.0,female,neck,data/raw/HAM10000_images_part_2/ISIC_0033653.jpg,test,4,5,mel,nv,0.40967497,False,mel → nv,0.0048075425,0.0012492193,0.23802601,0.0007640444,0.34546772,0.40967497,1.04153e-05
HAM_0003351,ISIC_0033878,mel,histo,80.0,female,face,data/raw/HAM10000_images_part_2/ISIC_0033878.jpg,test,4,2,mel,bkl,0.45080164,False,mel → bkl,0.0014447535,0.00046188544,0.45080164,0.00036949248,0.3921196,0.15480258,4.1929276e-08
HAM_0006517,ISIC_0032672,mel,histo,55.0,female,lower extremity,data/raw/HAM10000_images_part_2/ISIC_0032672.jpg,test,4,4,mel,mel,0.44598678,True,mel → mel,0.011621824,0.0006979081,0.29778507,0.00038880424,0.44598678,0.24351947,2.4431506e-07
HAM_0006517,ISIC_0034076,mel,histo,55.0,female,lower extremity,data/raw/HAM10000_images_part_2/ISIC_0034076.jpg,test,4,4,mel,mel,0.46887606,True,mel → mel,0.030885542,0.0018895478,0.29628158,0.0011432392,0.46887606,0.20092346,5.88642e-07
HAM_0006462,ISIC_0033520,mel,histo,55.0,male,neck,data/raw/HAM10000_images_part_2/ISIC_0033520.jpg,test,4,4,mel,mel,0.619947,True,mel → mel,0.007016918,0.00033713967,0.09370171,5.643411e-05,0.619947,0.27894047,4.0007967e-07
HAM_0006462,ISIC_0034028,mel,histo,55.0,male,neck,data/raw/HAM10000_images_part_2/ISIC_0034028.jpg,test,4,4,mel,mel,0.6365522,True,mel → mel,0.0025094613,7.705411e-05,0.086052895,1.5152046e-05,0.6365522,0.27479315,5.3585296e-08
HAM_0003439,ISIC_0033050,mel,histo,75.0,female,back,data/raw/HAM10000_images_part_2/ISIC_0033050.jpg,test,4,4,mel,mel,0.43889225,True,mel → mel,0.009759311,0.0007081504,0.29705483,0.00039256198,0.43889225,0.25319275,1.4978008e-07
HAM_0003439,ISIC_0033526,mel,histo,75.0,female,back,data/raw/HAM10000_images_part_2/ISIC_0033526.jpg,test,4,4,mel,mel,0.44793567,True,mel → mel,0.015853157,0.0016902955,0.27408078,0.00087302946,0.44793567,0.25956643,6.6265903e-07
HAM_0001974,ISIC_0033807,mel,histo,65.0,female,lower extremity,data/raw/HAM10000_images_part_2/ISIC_0033807.jpg,test,4,6,mel,vasc,0.35019422,False,mel → vasc,0.011317904,0.14264971,0.06929332,0.00984206,0.23748034,0.1792225,0.35019422
HAM_0001974,ISIC_0033533,mel,histo,65.0,female,lower extremity,data/raw/HAM10000_images_part_2/ISIC_0033533.jpg,test,4,4,mel,mel,0.46827185,True,mel → mel,0.00204242,0.05972382,0.098662555,0.0020984886,0.46827185,0.23771676,0.13148408
HAM_0006376,ISIC_0034317,mel,histo,70.0,female,lower extremity,data/raw/HAM10000_images_part_2/ISIC_0034317.jpg,test,4,2,mel,bkl,0.3946367,False,mel → bkl,0.006934522,0.001365719,0.3946367,0.0007714061,0.31782955,0.27845895,3.1846519e-06
HAM_0006376,ISIC_0033662,mel,histo,70.0,female,lower extremity,data/raw/HAM10000_images_part_2/ISIC_0033662.jpg,test,4,4,mel,mel,0.38851675,True,mel → mel,0.0074047213,0.0017497289,0.3467219,0.00064854947,0.38851675,0.2549515,6.8629483e-06
HAM_0001647,ISIC_0033730,mel,histo,70.0,female,back,data/raw/HAM10000_images_part_2/ISIC_0033730.jpg,test,4,4,mel,mel,0.5399161,True,mel → mel,0.018978069,0.018956894,0.20391071,0.003637059,0.5399161,0.21325317,0.0013480162
HAM_0001647,ISIC_0032975,mel,histo,70.0,female,back,data/raw/HAM10000_images_part_2/ISIC_0032975.jpg,test,4,4,mel,mel,0.73182654,True,mel → mel,0.002907893,0.006565918,0.12270188,0.0009785013,0.73182654,0.1347,0.00031928002
HAM_0002723,ISIC_0034243,mel,histo,45.0,female,lower extremity,data/raw/HAM10000_images_part_2/ISIC_0034243.jpg,test,4,4,mel,mel,0.3109842,True,mel → mel,0.104628325,0.20712821,0.16996251,0.09037784,0.3109842,0.1081328,0.008786059
HAM_0002723,ISIC_0034050,mel,histo,45.0,female,lower extremity,data/raw/HAM10000_images_part_2/ISIC_0034050.jpg,test,4,4,mel,mel,0.4031177,True,mel → mel,0.062173903,0.1592893,0.14492045,0.03245226,0.4031177,0.17025924,0.027787155
HAM_0000988,ISIC_0031186,mel,histo,70.0,male,face,data/raw/HAM10000_images_part_2/ISIC_0031186.jpg,test,4,0,mel,akiec,0.38050565,False,mel → akiec,0.38050565,0.06662552,0.3472675,0.041134153,0.14619946,0.018228346,3.925778e-05
HAM_0003617,ISIC_0029502,mel,histo,50.0,female,upper extremity,data/raw/HAM10000_images_part_2/ISIC_0029502.jpg,test,4,0,mel,akiec,0.28527257,False,mel → akiec,0.28527257,0.153599,0.1735756,0.08896559,0.17597547,0.11884735,0.0037644093
HAM_0001299,ISIC_0031208,mel,histo,55.0,female,back,data/raw/HAM10000_images_part_2/ISIC_0031208.jpg,test,4,5,mel,nv,0.44793653,False,mel → nv,0.014518652,0.001271281,0.14685708,0.0016842686,0.38770977,0.44793653,2.2432554e-05
HAM_0001299,ISIC_0026545,mel,histo,55.0,female,back,data/raw/HAM10000_images_part_1/ISIC_0026545.jpg,test,4,5,mel,nv,0.39424178,False,mel → nv,0.05815449,0.020115765,0.20316164,0.017023787,0.30505535,0.39424178,0.0022472453
HAM_0004427,ISIC_0029092,mel,histo,65.0,female,upper extremity,data/raw/HAM10000_images_part_1/ISIC_0029092.jpg,test,4,5,mel,nv,0.39954075,False,mel → nv,0.020993331,0.030455317,0.2195835,0.014120336,0.28397137,0.39954075,0.031335372
HAM_0007586,ISIC_0029819,mel,histo,70.0,female,upper extremity,data/raw/HAM10000_images_part_2/ISIC_0029819.jpg,test,4,4,mel,mel,0.76461786,True,mel → mel,0.0012480543,0.0028873978,0.12856427,0.00029520097,0.76461786,0.10238057,6.614738e-06
HAM_0006207,ISIC_0030034,mel,histo,50.0,female,back,data/raw/HAM10000_images_part_2/ISIC_0030034.jpg,test,4,5,mel,nv,0.88431585,False,mel → nv,0.00032175586,0.0012240991,0.011360695,0.0128978565,0.0024166903,0.88431585,0.08746303
HAM_0003761,ISIC_0025316,mel,histo,45.0,female,lower extremity,data/raw/HAM10000_images_part_1/ISIC_0025316.jpg,test,4,5,mel,nv,0.6149351,False,mel → nv,0.053398956,0.04301473,0.13528608,0.055546965,0.07397315,0.6149351,0.023844987
HAM_0006088,ISIC_0028760,mel,histo,30.0,female,abdomen,data/raw/HAM10000_images_part_1/ISIC_0028760.jpg,test,4,5,mel,nv,0.9485502,False,mel → nv,0.0034102113,0.0014438422,0.027062815,0.004528036,0.011763109,0.9485502,0.0032417665
HAM_0001726,ISIC_0024700,mel,histo,35.0,female,trunk,data/raw/HAM10000_images_part_1/ISIC_0024700.jpg,test,4,5,mel,nv,0.9606039,False,mel → nv,9.318574e-05,1.6370563e-05,0.029855136,0.0018364926,0.0075556366,0.9606039,3.924421e-05
HAM_0006453,ISIC_0030192,mel,histo,70.0,male,abdomen,data/raw/HAM10000_images_part_2/ISIC_0030192.jpg,test,4,5,mel,nv,0.786337,False,mel → nv,0.00066303444,0.00027485643,0.13548002,0.006932692,0.07023831,0.786337,7.401598e-05
HAM_0003484,ISIC_0028003,mel,histo,30.0,male,lower extremity,data/raw/HAM10000_images_part_1/ISIC_0028003.jpg,test,4,5,mel,nv,0.62997466,False,mel → nv,0.0013169043,0.0010992894,0.05155304,0.00051179976,0.314685,0.62997466,0.00085926685
HAM_0002764,ISIC_0030366,mel,histo,60.0,female,back,data/raw/HAM10000_images_part_2/ISIC_0030366.jpg,test,4,5,mel,nv,0.90813744,False,mel → nv,0.0025003639,0.0022827599,0.037732422,0.014592208,0.017718695,0.90813744,0.01703605
HAM_0000417,ISIC_0031386,mel,histo,65.0,male,back,data/raw/HAM10000_images_part_2/ISIC_0031386.jpg,test,4,2,mel,bkl,0.39984328,False,mel → bkl,0.056934994,0.02090588,0.39984328,0.014222677,0.39950362,0.10857107,1.8523251e-05
HAM_0006497,ISIC_0027302,mel,histo,35.0,female,lower extremity,data/raw/HAM10000_images_part_1/ISIC_0027302.jpg,test,4,4,mel,mel,0.68631685,True,mel → mel,0.00184783,4.7478832e-05,0.059340246,1.3367496e-05,0.68631685,0.25243425,3.5059195e-08
HAM_0004878,ISIC_0029056,mel,histo,85.0,male,back,data/raw/HAM10000_images_part_1/ISIC_0029056.jpg,test,4,4,mel,mel,0.54475486,True,mel → mel,0.00928566,0.021398965,0.13651939,0.001898531,0.54475486,0.28104955,0.005092965
HAM_0004817,ISIC_0025238,mel,histo,55.0,male,lower extremity,data/raw/HAM10000_images_part_1/ISIC_0025238.jpg,test,4,4,mel,mel,0.35001412,True,mel → mel,0.16562626,0.031976067,0.2235635,0.01709176,0.35001412,0.2114985,0.00022983903
HAM_0000075,ISIC_0025651,mel,histo,70.0,male,back,data/raw/HAM10000_images_part_1/ISIC_0025651.jpg,test,4,4,mel,mel,0.36036938,True,mel → mel,0.20211573,0.123895586,0.17101912,0.039959587,0.36036938,0.10189305,0.000747557
HAM_0004654,ISIC_0027130,mel,histo,70.0,male,chest,data/raw/HAM10000_images_part_1/ISIC_0027130.jpg,test,4,4,mel,mel,0.27115875,True,mel → mel,0.24427842,0.20564115,0.12143268,0.056524843,0.27115875,0.10078093,0.00018330569
HAM_0004021,ISIC_0025800,mel,histo,65.0,male,back,data/raw/HAM10000_images_part_1/ISIC_0025800.jpg,test,4,4,mel,mel,0.6321046,True,mel → mel,0.039179333,0.0048143524,0.16345502,0.002491963,0.6321046,0.15794578,8.8601855e-06
HAM_0002525,ISIC_0026811,mel,histo,55.0,male,face,data/raw/HAM10000_images_part_1/ISIC_0026811.jpg,test,4,4,mel,mel,0.38817087,True,mel → mel,0.09196609,0.013779916,0.30854526,0.007538884,0.38817087,0.1899694,2.9510265e-05
HAM_0002906,ISIC_0026604,mel,histo,70.0,male,ear,data/raw/HAM10000_images_part_1/ISIC_0026604.jpg,test,4,2,mel,bkl,0.393967,False,mel → bkl,0.09506487,0.013572256,0.393967,0.007699656,0.2858791,0.20379688,2.0198344e-05
HAM_0007488,ISIC_0029157,mel,histo,60.0,male,back,data/raw/HAM10000_images_part_1/ISIC_0029157.jpg,test,4,5,mel,nv,0.5225752,False,mel → nv,0.00050750945,0.00014510786,0.011128862,1.1886611e-05,0.46559578,0.5225752,3.5631125e-05
HAM_0007488,ISIC_0024952,mel,histo,60.0,male,back,data/raw/HAM10000_images_part_1/ISIC_0024952.jpg,test,4,4,mel,mel,0.47848442,True,mel → mel,0.043368332,0.0060973284,0.08265964,0.0018107097,0.47848442,0.38744804,0.00013154851
HAM_0007498,ISIC_0025546,mel,histo,55.0,male,upper extremity,data/raw/HAM10000_images_part_1/ISIC_0025546.jpg,test,4,4,mel,mel,0.47454914,True,mel → mel,0.026215728,0.0025692284,0.22938757,0.001045733,0.47454914,0.2662291,3.4959785e-06
HAM_0005623,ISIC_0030616,mel,histo,80.0,female,upper extremity,data/raw/HAM10000_images_part_2/ISIC_0030616.jpg,test,4,0,mel,akiec,0.33172497,False,mel → akiec,0.33172497,0.20732847,0.16577221,0.12683685,0.13774283,0.03028852,0.00030617605
HAM_0006130,ISIC_0031670,mel,histo,80.0,female,upper extremity,data/raw/HAM10000_images_part_2/ISIC_0031670.jpg,test,4,2,mel,bkl,0.274931,False,mel → bkl,0.24353714,0.13389449,0.274931,0.061088715,0.25457847,0.03177889,0.00019119133
HAM_0001744,ISIC_0031339,mel,histo,60.0,male,back,data/raw/HAM10000_images_part_2/ISIC_0031339.jpg,test,4,0,mel,akiec,0.45086065,False,mel → akiec,0.45086065,0.101148635,0.13169257,0.039582312,0.24284087,0.033854973,2.0003441e-05
HAM_0006940,ISIC_0027021,mel,histo,55.0,male,upper extremity,data/raw/HAM10000_images_part_1/ISIC_0027021.jpg,test,4,1,mel,bcc,0.27491316,False,mel → bcc,0.20746683,0.27491316,0.072948106,0.06445608,0.2219886,0.14681374,0.011413377
HAM_0002906,ISIC_0027517,mel,histo,70.0,male,ear,data/raw/HAM10000_images_part_1/ISIC_0027517.jpg,test,4,2,mel,bkl,0.46176496,False,mel → bkl,0.045621473,0.01419527,0.46176496,0.008068309,0.32807624,0.14226986,3.879966e-06
HAM_0001744,ISIC_0032476,mel,histo,60.0,male,back,data/raw/HAM10000_images_part_2/ISIC_0032476.jpg,test,4,0,mel,akiec,0.35934013,False,mel → akiec,0.35934013,0.21601601,0.14976546,0.10806469,0.13441299,0.031933945,0.00046678525
HAM_0001744,ISIC_0029353,mel,histo,60.0,male,back,data/raw/HAM10000_images_part_2/ISIC_0029353.jpg,test,4,0,mel,akiec,0.4490649,False,mel → akiec,0.4490649,0.22170196,0.1011641,0.113966376,0.100371495,0.01362192,0.0001091532
HAM_0001814,ISIC_0029170,mel,histo,65.0,female,foot,data/raw/HAM10000_images_part_1/ISIC_0029170.jpg,test,4,4,mel,mel,0.4435814,True,mel → mel,0.005030133,0.00060758565,0.11222165,0.000557106,0.4435814,0.43797442,2.7647173e-05
HAM_0001976,ISIC_0026586,mel,histo,85.0,male,upper extremity,data/raw/HAM10000_images_part_1/ISIC_0026586.jpg,test,4,4,mel,mel,0.55494785,True,mel → mel,0.06916305,0.02593305,0.085755855,0.0030838198,0.55494785,0.2605336,0.00058275677
HAM_0001976,ISIC_0025732,mel,histo,85.0,male,upper extremity,data/raw/HAM10000_images_part_1/ISIC_0025732.jpg,test,4,4,mel,mel,0.5657518,True,mel → mel,0.07516983,0.0066822916,0.14053242,0.0015912247,0.5657518,0.21025988,1.26036575e-05
HAM_0001814,ISIC_0028567,mel,histo,65.0,female,foot,data/raw/HAM10000_images_part_1/ISIC_0028567.jpg,test,4,4,mel,mel,0.4269865,True,mel → mel,0.023563022,0.004335707,0.12962404,0.00203715,0.4269865,0.4131783,0.0002752992
HAM_0003435,ISIC_0031350,mel,histo,60.0,male,back,data/raw/HAM10000_images_part_2/ISIC_0031350.jpg,test,4,4,mel,mel,0.30582342,True,mel → mel,0.23227502,0.088960886,0.16838789,0.032043118,0.30582342,0.17170525,0.00080438453
HAM_0001964,ISIC_0032149,mel,histo,50.0,male,neck,data/raw/HAM10000_images_part_2/ISIC_0032149.jpg,test,4,4,mel,mel,0.3221069,True,mel → mel,0.10273714,0.109337784,0.28986344,0.055884805,0.3221069,0.11998426,8.572208e-05
HAM_0001964,ISIC_0024733,mel,histo,50.0,male,neck,data/raw/HAM10000_images_part_1/ISIC_0024733.jpg,test,4,0,mel,akiec,0.49699366,False,mel → akiec,0.49699366,0.0858739,0.12712431,0.04092614,0.19957012,0.049428392,8.346335e-05
HAM_0005504,ISIC_0032433,mel,histo,55.0,female,foot,data/raw/HAM10000_images_part_2/ISIC_0032433.jpg,test,4,2,mel,bkl,0.60571724,False,mel → bkl,0.0075588897,0.0015523738,0.60571724,0.0014932236,0.21695232,0.16672537,5.150174e-07
HAM_0005504,ISIC_0027480,mel,histo,55.0,female,foot,data/raw/HAM10000_images_part_1/ISIC_0027480.jpg,test,4,4,mel,mel,0.40934873,True,mel → mel,0.033968646,0.0029211494,0.28920308,0.0019502189,0.40934873,0.2625983,9.894096e-06
HAM_0005789,ISIC_0028033,mel,histo,55.0,male,chest,data/raw/HAM10000_images_part_1/ISIC_0028033.jpg,test,4,5,mel,nv,0.60546505,False,mel → nv,0.0026071551,7.523996e-05,0.06879289,4.6232013e-05,0.323013,0.60546505,4.4637673e-07
HAM_0005789,ISIC_0032204,mel,histo,55.0,male,chest,data/raw/HAM10000_images_part_2/ISIC_0032204.jpg,test,4,4,mel,mel,0.43298987,True,mel → mel,0.048628405,0.0061352775,0.216398,0.002931413,0.43298987,0.29288778,2.9306051e-05
HAM_0005789,ISIC_0032095,mel,histo,55.0,male,chest,data/raw/HAM10000_images_part_2/ISIC_0032095.jpg,test,4,4,mel,mel,0.34086716,True,mel → mel,0.2059518,0.048949454,0.19842543,0.027309496,0.34086716,0.17798145,0.00051524356
HAM_0004878,ISIC_0026802,mel,histo,85.0,male,back,data/raw/HAM10000_images_part_1/ISIC_0026802.jpg,test,4,4,mel,mel,0.52836835,True,mel → mel,0.011554909,0.0016877764,0.07103272,0.0002717436,0.52836835,0.38705033,3.4228535e-05
HAM_0004878,ISIC_0032232,mel,histo,85.0,male,back,data/raw/HAM10000_images_part_2/ISIC_0032232.jpg,test,4,2,mel,bkl,0.3925622,False,mel → bkl,0.031404242,0.028818082,0.3925622,0.014529104,0.2636481,0.26813886,0.0008994111
HAM_0000517,ISIC_0031005,mel,histo,65.0,male,back,data/raw/HAM10000_images_part_2/ISIC_0031005.jpg,test,4,0,mel,akiec,0.26345372,False,mel → akiec,0.26345372,0.1331711,0.22640717,0.07903845,0.21930596,0.07832016,0.00030351762
HAM_0000517,ISIC_0030507,mel,histo,65.0,male,back,data/raw/HAM10000_images_part_2/ISIC_0030507.jpg,test,4,2,mel,bkl,0.3043397,False,mel → bkl,0.24850191,0.09885304,0.3043397,0.07236455,0.22227556,0.05346488,0.00020043393
HAM_0007293,ISIC_0026735,mel,histo,85.0,female,face,data/raw/HAM10000_images_part_1/ISIC_0026735.jpg,test,4,4,mel,mel,0.5120772,True,mel → mel,0.010013952,0.0019553665,0.368366,0.0010159643,0.5120772,0.106571406,3.842487e-08
HAM_0005909,ISIC_0026045,mel,histo,65.0,male,upper extremity,data/raw/HAM10000_images_part_1/ISIC_0026045.jpg,test,4,2,mel,bkl,0.41971168,False,mel → bkl,0.2318526,0.08299472,0.41971168,0.051077563,0.1924492,0.021894012,2.0255939e-05
HAM_0007498,ISIC_0028156,mel,histo,55.0,male,upper extremity,data/raw/HAM10000_images_part_1/ISIC_0028156.jpg,test,4,4,mel,mel,0.5010796,True,mel → mel,0.01840765,0.0009263915,0.18086205,0.00030987288,0.5010796,0.2984123,2.2106283e-06
HAM_0003167,ISIC_0024864,mel,histo,40.0,female,lower extremity,data/raw/HAM10000_images_part_1/ISIC_0024864.jpg,test,4,4,mel,mel,0.6636564,True,mel → mel,0.0014658633,3.4779856e-05,0.13156517,2.3032057e-05,0.6636564,0.20325477,4.6705364e-09
HAM_0004547,ISIC_0031303,mel,histo,65.0,male,face,data/raw/HAM10000_images_part_2/ISIC_0031303.jpg,test,4,2,mel,bkl,0.5972495,False,mel → bkl,0.08139616,0.05065867,0.5972495,0.04395436,0.16274253,0.0639006,9.809e-05
HAM_0004746,ISIC_0028764,mel,histo,65.0,female,back,data/raw/HAM10000_images_part_1/ISIC_0028764.jpg,test,4,0,mel,akiec,0.3125823,False,mel → akiec,0.3125823,0.13924499,0.13730986,0.06173121,0.2255984,0.122623086,0.0009101097
HAM_0004746,ISIC_0029021,mel,histo,65.0,female,back,data/raw/HAM10000_images_part_1/ISIC_0029021.jpg,test,4,4,mel,mel,0.4287109,True,mel → mel,0.1283693,0.037183892,0.13229246,0.012385242,0.4287109,0.26051807,0.0005400432
HAM_0002525,ISIC_0025188,mel,histo,55.0,male,face,data/raw/HAM10000_images_part_1/ISIC_0025188.jpg,test,4,4,mel,mel,0.49091086,True,mel → mel,0.051671725,0.0029285725,0.20291322,0.0022035595,0.49091086,0.24936534,6.79835e-06
HAM_0006617,ISIC_0028163,vasc,histo,25.0,female,abdomen,data/raw/HAM10000_images_part_1/ISIC_0028163.jpg,test,6,6,vasc,vasc,0.30746087,True,vasc → vasc,0.022431282,0.147361,0.048254047,0.021860246,0.16111186,0.2915207,0.30746087
HAM_0006617,ISIC_0024669,vasc,histo,25.0,female,abdomen,data/raw/HAM10000_images_part_1/ISIC_0024669.jpg,test,6,1,vasc,bcc,0.31507492,False,vasc → bcc,0.055225708,0.31507492,0.054324616,0.07248519,0.07945288,0.17547771,0.24795899
HAM_0004765,ISIC_0031217,vasc,histo,15.0,male,face,data/raw/HAM10000_images_part_2/ISIC_0031217.jpg,test,6,6,vasc,vasc,0.4555737,True,vasc → vasc,0.03131699,0.28872505,0.07689108,0.053370744,0.039516274,0.054606106,0.4555737
HAM_0004765,ISIC_0025599,vasc,histo,15.0,male,face,data/raw/HAM10000_images_part_1/ISIC_0025599.jpg,test,6,6,vasc,vasc,0.8620425,True,vasc → vasc,0.0009327249,0.09961119,0.011800422,0.0025869277,0.008898368,0.014127871,0.8620425
HAM_0003862,ISIC_0033031,vasc,histo,45.0,male,upper extremity,data/raw/HAM10000_images_part_2/ISIC_0033031.jpg,test,6,4,vasc,mel,0.5108773,False,vasc → mel,0.025152227,0.10672101,0.122726046,0.0066854116,0.5108773,0.19427936,0.033558626
HAM_0003862,ISIC_0032775,vasc,histo,45.0,male,upper extremity,data/raw/HAM10000_images_part_2/ISIC_0032775.jpg,test,6,4,vasc,mel,0.55076385,False,vasc → mel,0.0007798165,0.060487136,0.05829307,0.00025008852,0.55076385,0.1057253,0.22370072
HAM_0003862,ISIC_0033458,vasc,histo,45.0,male,upper extremity,data/raw/HAM10000_images_part_2/ISIC_0033458.jpg,test,6,4,vasc,mel,0.28313315,False,vasc → mel,0.10531766,0.23405455,0.12040248,0.06018921,0.28313315,0.16064294,0.03626001
HAM_0001852,ISIC_0033749,vasc,histo,80.0,male,lower extremity,data/raw/HAM10000_images_part_2/ISIC_0033749.jpg,test,6,6,vasc,vasc,0.54053783,True,vasc → vasc,0.025534581,0.20573846,0.064758256,0.041553687,0.043971304,0.07790592,0.54053783
HAM_0001852,ISIC_0034196,vasc,histo,80.0,male,lower extremity,data/raw/HAM10000_images_part_2/ISIC_0034196.jpg,test,6,6,vasc,vasc,0.733608,True,vasc → vasc,0.003630314,0.06531755,0.047606666,0.0061937915,0.04159061,0.10205311,0.733608
HAM_0001719,ISIC_0031090,vasc,histo,55.0,female,upper extremity,data/raw/HAM10000_images_part_2/ISIC_0031090.jpg,test,6,4,vasc,mel,0.79590833,False,vasc → mel,0.0002817671,0.015261027,0.0863662,0.0003537699,0.79590833,0.101499714,0.0003292602
HAM_0005471,ISIC_0028146,vasc,histo,60.0,female,back,data/raw/HAM10000_images_part_1/ISIC_0028146.jpg,test,6,5,vasc,nv,0.4315091,False,vasc → nv,0.019539323,0.04036646,0.096424416,0.005788581,0.35860145,0.4315091,0.047770582
HAM_0002610,ISIC_0026876,vasc,consensus,0.0,female,abdomen,data/raw/HAM10000_images_part_1/ISIC_0026876.jpg,test,6,6,vasc,vasc,0.9633711,True,vasc → vasc,4.7333455e-05,0.032273006,0.0011566932,0.00022934818,0.000924527,0.0019979707,0.9633711
HAM_0002610,ISIC_0030606,vasc,consensus,0.0,female,abdomen,data/raw/HAM10000_images_part_2/ISIC_0030606.jpg,test,6,6,vasc,vasc,0.8290013,True,vasc → vasc,0.0037132234,0.12530544,0.01318192,0.009223919,0.005470112,0.014104073,0.8290013
HAM_0007020,ISIC_0031719,vasc,consensus,75.0,female,hand,data/raw/HAM10000_images_part_2/ISIC_0031719.jpg,test,6,6,vasc,vasc,0.4769192,True,vasc → vasc,0.00013854046,0.016032277,0.009111264,0.00012297496,0.21689683,0.28077897,0.4769192
HAM_0007020,ISIC_0030070,vasc,consensus,75.0,female,hand,data/raw/HAM10000_images_part_2/ISIC_0030070.jpg,test,6,1,vasc,bcc,0.3264989,False,vasc → bcc,0.050222903,0.3264989,0.110792615,0.055965763,0.0877206,0.16078368,0.20801559
HAM_0004549,ISIC_0031201,vasc,consensus,45.0,male,trunk,data/raw/HAM10000_images_part_2/ISIC_0031201.jpg,test,6,6,vasc,vasc,0.99807405,True,vasc → vasc,1.9563461e-07,0.0016555514,3.9076265e-05,3.1439397e-06,3.163026e-05,0.00019632363,0.99807405
HAM_0000845,ISIC_0025244,vasc,consensus,45.0,female,trunk,data/raw/HAM10000_images_part_1/ISIC_0025244.jpg,test,6,1,vasc,bcc,0.2886685,False,vasc → bcc,0.12757637,0.2886685,0.10683047,0.13717079,0.055714533,0.061644726,0.22239465
HAM_0002650,ISIC_0029742,vasc,consensus,5.0,male,back,data/raw/HAM10000_images_part_2/ISIC_0029742.jpg,test,6,6,vasc,vasc,0.9998877,True,vasc → vasc,5.4117745e-13,6.7394744e-06,4.912983e-07,2.0015892e-11,9.315476e-06,9.575614e-05,0.9998877
HAM_0006291,ISIC_0026490,vasc,consensus,65.0,female,trunk,data/raw/HAM10000_images_part_1/ISIC_0026490.jpg,test,6,6,vasc,vasc,0.99948174,True,vasc → vasc,1.1528491e-09,6.120527e-05,7.634678e-06,4.974479e-08,1.7234835e-05,0.00043221665,0.99948174
HAM_0000109,ISIC_0031065,vasc,consensus,35.0,female,trunk,data/raw/HAM10000_images_part_2/ISIC_0031065.jpg,test,6,6,vasc,vasc,0.9992223,True,vasc → vasc,1.2296292e-08,0.00027266837,2.5250874e-05,1.4577894e-07,3.8468563e-05,0.00044122135,0.9992223
HAM_0006280,ISIC_0027937,vasc,consensus,70.0,male,trunk,data/raw/HAM10000_images_part_1/ISIC_0027937.jpg,test,6,6,vasc,vasc,0.96993434,True,vasc → vasc,0.00029304202,0.016496604,0.00395566,0.00080655026,0.001500951,0.0070128622,0.96993434
HAM_0000781,ISIC_0028155,bcc,histo,50.0,male,back,data/raw/HAM10000_images_part_1/ISIC_0028155.jpg,test,1,1,bcc,bcc,0.28299937,True,bcc → bcc,0.18491484,0.28299937,0.121039376,0.077415206,0.24665214,0.07892576,0.008053387
HAM_0007141,ISIC_0029230,bcc,histo,50.0,male,trunk,data/raw/HAM10000_images_part_1/ISIC_0029230.jpg,test,1,2,bcc,bkl,0.48146543,False,bcc → bkl,0.069659956,0.14388114,0.48146543,0.1048681,0.08706042,0.10580985,0.0072550573
HAM_0007141,ISIC_0031513,bcc,histo,50.0,male,trunk,data/raw/HAM10000_images_part_2/ISIC_0031513.jpg,test,1,2,bcc,bkl,0.43502736,False,bcc → bkl,0.06350257,0.16693951,0.43502736,0.12034873,0.08598918,0.117176145,0.011016589
HAM_0005776,ISIC_0028238,bcc,histo,80.0,male,back,data/raw/HAM10000_images_part_1/ISIC_0028238.jpg,test,1,0,bcc,akiec,0.28913003,False,bcc → akiec,0.28913003,0.1120535,0.27897033,0.08114617,0.20065735,0.03775018,0.00029249283
HAM_0005776,ISIC_0029755,bcc,histo,80.0,male,back,data/raw/HAM10000_images_part_2/ISIC_0029755.jpg,test,1,1,bcc,bcc,0.3530737,True,bcc → bcc,0.17672153,0.3530737,0.14995487,0.18122806,0.06656876,0.061662868,0.010790171
HAM_0003805,ISIC_0030446,bcc,histo,80.0,female,scalp,data/raw/HAM10000_images_part_2/ISIC_0030446.jpg,test,1,1,bcc,bcc,0.4156585,True,bcc → bcc,0.22515315,0.4156585,0.06672984,0.25994033,0.025181845,0.0063954126,0.0009409316
HAM_0003805,ISIC_0031527,bcc,histo,80.0,female,scalp,data/raw/HAM10000_images_part_2/ISIC_0031527.jpg,test,1,1,bcc,bcc,0.25785667,True,bcc → bcc,0.18637651,0.25785667,0.24589244,0.20603354,0.07763895,0.02429722,0.0019046087
HAM_0000687,ISIC_0028994,bcc,histo,85.0,male,lower extremity,data/raw/HAM10000_images_part_1/ISIC_0028994.jpg,test,1,0,bcc,akiec,0.2740537,False,bcc → akiec,0.2740537,0.24059628,0.22970507,0.15295148,0.07748416,0.02451355,0.00069571444
HAM_0007446,ISIC_0028457,bcc,histo,75.0,female,face,data/raw/HAM10000_images_part_1/ISIC_0028457.jpg,test,1,2,bcc,bkl,0.26319262,False,bcc → bkl,0.13018352,0.2535555,0.26319262,0.16723706,0.07373374,0.088897325,0.023200186
HAM_0000994,ISIC_0027545,bcc,histo,80.0,male,scalp,data/raw/HAM10000_images_part_1/ISIC_0027545.jpg,test,1,1,bcc,bcc,0.31014112,True,bcc → bcc,0.093729585,0.31014112,0.20745443,0.13245185,0.16943891,0.078704655,0.0080796
HAM_0000994,ISIC_0027609,bcc,histo,80.0,male,scalp,data/raw/HAM10000_images_part_1/ISIC_0027609.jpg,test,1,6,bcc,vasc,0.2809586,False,bcc → vasc,0.01297177,0.22028182,0.16202728,0.012377103,0.21889648,0.09248695,0.2809586
HAM_0002346,ISIC_0027365,bcc,histo,70.0,male,face,data/raw/HAM10000_images_part_1/ISIC_0027365.jpg,test,1,2,bcc,bkl,0.28765,False,bcc → bkl,0.07969315,0.2340111,0.28765,0.15845858,0.15653947,0.08337872,0.0002690157
HAM_0002346,ISIC_0026343,bcc,histo,70.0,male,face,data/raw/HAM10000_images_part_1/ISIC_0026343.jpg,test,1,1,bcc,bcc,0.3215037,True,bcc → bcc,0.114423946,0.3215037,0.20562159,0.23299494,0.0941835,0.031128824,0.00014354139
HAM_0002346,ISIC_0029341,bcc,histo,70.0,male,face,data/raw/HAM10000_images_part_2/ISIC_0029341.jpg,test,1,1,bcc,bcc,0.2724191,True,bcc → bcc,0.13681716,0.2724191,0.13341089,0.12057992,0.1846765,0.14716862,0.0049278103
HAM_0005947,ISIC_0027998,bcc,histo,65.0,female,upper extremity,data/raw/HAM10000_images_part_1/ISIC_0027998.jpg,test,1,4,bcc,mel,0.5113183,False,bcc → mel,0.055789527,0.03523064,0.13012728,0.008323215,0.5113183,0.257604,0.0016070673
HAM_0005947,ISIC_0028079,bcc,histo,65.0,female,upper extremity,data/raw/HAM10000_images_part_1/ISIC_0028079.jpg,test,1,0,bcc,akiec,0.3125612,False,bcc → akiec,0.3125612,0.25108752,0.13919434,0.08706708,0.19436741,0.015693648,2.8852512e-05
HAM_0001326,ISIC_0031824,bcc,histo,60.0,male,scalp,data/raw/HAM10000_images_part_2/ISIC_0031824.jpg,test,1,0,bcc,akiec,0.5559523,False,bcc → akiec,0.5559523,0.1369287,0.14694133,0.07332054,0.057797544,0.027802333,0.0012571204
HAM_0001326,ISIC_0030145,bcc,histo,60.0,male,scalp,data/raw/HAM10000_images_part_2/ISIC_0030145.jpg,test,1,0,bcc,akiec,0.3828477,False,bcc → akiec,0.3828477,0.117723994,0.21993893,0.06758976,0.17125992,0.040289335,0.00035054982
HAM_0006384,ISIC_0031272,bcc,histo,80.0,male,face,data/raw/HAM10000_images_part_2/ISIC_0031272.jpg,test,1,0,bcc,akiec,0.2867492,False,bcc → akiec,0.2867492,0.16932547,0.12652193,0.09182535,0.14844315,0.17237201,0.004762871
HAM_0005058,ISIC_0026324,bcc,histo,85.0,female,face,data/raw/HAM10000_images_part_1/ISIC_0026324.jpg,test,1,1,bcc,bcc,0.363109,True,bcc → bcc,0.2915256,0.363109,0.073510095,0.22972423,0.027171342,0.011447992,0.0035116181
HAM_0005058,ISIC_0025700,bcc,histo,85.0,female,face,data/raw/HAM10000_images_part_1/ISIC_0025700.jpg,test,1,1,bcc,bcc,0.43135437,True,bcc → bcc,0.19432001,0.43135437,0.09030915,0.1966884,0.03755808,0.03205921,0.017710827
HAM_0006387,ISIC_0026831,bcc,histo,70.0,male,face,data/raw/HAM10000_images_part_1/ISIC_0026831.jpg,test,1,1,bcc,bcc,0.35729927,True,bcc → bcc,0.21983008,0.35729927,0.1256426,0.17311068,0.029257981,0.040682837,0.05417651
HAM_0006387,ISIC_0032482,bcc,histo,70.0,male,face,data/raw/HAM10000_images_part_2/ISIC_0032482.jpg,test,1,1,bcc,bcc,0.43890396,True,bcc → bcc,0.1599346,0.43890396,0.04619187,0.23018122,0.012819791,0.015107756,0.09686091
HAM_0005396,ISIC_0033720,bcc,histo,75.0,male,abdomen,data/raw/HAM10000_images_part_2/ISIC_0033720.jpg,test,1,2,bcc,bkl,0.2805729,False,bcc → bkl,0.0901832,0.14791414,0.2805729,0.060822275,0.18353681,0.23011798,0.0068526575
HAM_0005396,ISIC_0034255,bcc,histo,75.0,male,abdomen,data/raw/HAM10000_images_part_2/ISIC_0034255.jpg,test,1,2,bcc,bkl,0.32204175,False,bcc → bkl,0.07963707,0.08091138,0.32204175,0.042517286,0.24336238,0.22937359,0.0021565834
HAM_0005396,ISIC_0032834,bcc,histo,75.0,male,abdomen,data/raw/HAM10000_images_part_2/ISIC_0032834.jpg,test,1,2,bcc,bkl,0.38931462,False,bcc → bkl,0.09319055,0.07678333,0.38931462,0.05457306,0.22183403,0.16299015,0.0013142482
HAM_0007335,ISIC_0034299,bcc,histo,60.0,male,upper extremity,data/raw/HAM10000_images_part_2/ISIC_0034299.jpg,test,1,2,bcc,bkl,0.25905862,False,bcc → bkl,0.088956594,0.22201285,0.25905862,0.16024274,0.16952185,0.09835496,0.0018524522
HAM_0007335,ISIC_0032808,bcc,histo,60.0,male,upper extremity,data/raw/HAM10000_images_part_2/ISIC_0032808.jpg,test,1,2,bcc,bkl,0.3872413,False,bcc → bkl,0.096896894,0.10462637,0.3872413,0.068283066,0.22033495,0.122539565,7.7784716e-05
HAM_0007248,ISIC_0025102,bcc,histo,70.0,male,lower extremity,data/raw/HAM10000_images_part_1/ISIC_0025102.jpg,test,1,2,bcc,bkl,0.43079486,False,bcc → bkl,0.15833585,0.10096929,0.43079486,0.08675828,0.15140453,0.070594475,0.0011426983
HAM_0007248,ISIC_0032850,bcc,histo,70.0,male,lower extremity,data/raw/HAM10000_images_part_2/ISIC_0032850.jpg,test,1,2,bcc,bkl,0.40279728,False,bcc → bkl,0.10742027,0.2051121,0.40279728,0.09844814,0.07630073,0.10155021,0.0083712395
HAM_0007248,ISIC_0030712,bcc,histo,70.0,male,lower extremity,data/raw/HAM10000_images_part_2/ISIC_0030712.jpg,test,1,2,bcc,bkl,0.40914115,False,bcc → bkl,0.14535484,0.12860057,0.40914115,0.09844955,0.12897809,0.087226026,0.0022498504
HAM_0003600,ISIC_0031836,bcc,histo,40.0,female,abdomen,data/raw/HAM10000_images_part_2/ISIC_0031836.jpg,test,1,1,bcc,bcc,0.20750979,True,bcc → bcc,0.14558053,0.20750979,0.19216284,0.14148816,0.20253125,0.109219216,0.0015081986
HAM_0007550,ISIC_0026528,bcc,histo,70.0,male,trunk,data/raw/HAM10000_images_part_1/ISIC_0026528.jpg,test,1,5,bcc,nv,0.38123232,False,bcc → nv,0.0022324424,0.006379239,0.024131244,0.33919305,0.00062027376,0.38123232,0.24621144
HAM_0004515,ISIC_0029564,bcc,histo,55.0,female,face,data/raw/HAM10000_images_part_2/ISIC_0029564.jpg,test,1,3,bcc,df,0.45185077,False,bcc → df,0.03876406,0.015291837,0.084930964,0.45185077,0.0012949685,0.30430314,0.10356425
HAM_0003112,ISIC_0030233,bcc,histo,80.0,male,chest,data/raw/HAM10000_images_part_2/ISIC_0030233.jpg,test,1,4,bcc,mel,0.40116,False,bcc → mel,0.11089798,0.01384693,0.24720918,0.007326109,0.40116,0.21954003,1.9841385e-05
HAM_0006844,ISIC_0028688,bcc,histo,60.0,male,scalp,data/raw/HAM10000_images_part_1/ISIC_0028688.jpg,test,1,4,bcc,mel,0.35861975,False,bcc → mel,0.13047574,0.017945314,0.29630953,0.0077629476,0.35861975,0.18887436,1.2388283e-05
HAM_0003694,ISIC_0028818,bcc,histo,70.0,male,foot,data/raw/HAM10000_images_part_1/ISIC_0028818.jpg,test,1,0,bcc,akiec,0.28175703,False,bcc → akiec,0.28175703,0.16565597,0.17735629,0.12316817,0.18095466,0.06850238,0.002605523
HAM_0006115,ISIC_0025576,bcc,histo,55.0,male,back,data/raw/HAM10000_images_part_1/ISIC_0025576.jpg,test,1,0,bcc,akiec,0.34322798,False,bcc → akiec,0.34322798,0.22091913,0.11343701,0.12501408,0.14390637,0.051886823,0.0016086034
HAM_0002983,ISIC_0029392,bcc,histo,75.0,male,upper extremity,data/raw/HAM10000_images_part_2/ISIC_0029392.jpg,test,1,1,bcc,bcc,0.31911638,True,bcc → bcc,0.25563228,0.31911638,0.09616098,0.16585827,0.11738299,0.042974044,0.0028750084
HAM_0002818,ISIC_0028570,bcc,histo,85.0,female,back,data/raw/HAM10000_images_part_1/ISIC_0028570.jpg,test,1,0,bcc,akiec,0.36335757,False,bcc → akiec,0.36335757,0.3163041,0.07313872,0.14881966,0.07045001,0.026645212,0.0012846583
HAM_0000987,ISIC_0025301,bcc,histo,70.0,male,back,data/raw/HAM10000_images_part_1/ISIC_0025301.jpg,test,1,5,bcc,nv,0.45542318,False,bcc → nv,0.048242472,0.12860508,0.07230896,0.07871446,0.09642152,0.45542318,0.12028438
HAM_0000953,ISIC_0026213,bcc,histo,70.0,male,chest,data/raw/HAM10000_images_part_1/ISIC_0026213.jpg,test,1,0,bcc,akiec,0.3287038,False,bcc → akiec,0.3287038,0.24391231,0.116374776,0.19992091,0.07482881,0.03305995,0.00319946
HAM_0000953,ISIC_0026442,bcc,histo,70.0,male,chest,data/raw/HAM10000_images_part_1/ISIC_0026442.jpg,test,1,1,bcc,bcc,0.34975165,True,bcc → bcc,0.30512065,0.34975165,0.06943141,0.22389683,0.026158014,0.016682798,0.008958642
HAM_0000504,ISIC_0026716,bcc,histo,45.0,male,back,data/raw/HAM10000_images_part_1/ISIC_0026716.jpg,test,1,0,bcc,akiec,0.35977095,False,bcc → akiec,0.35977095,0.19402811,0.16005677,0.119135685,0.1427378,0.024183692,8.693675e-05
HAM_0000504,ISIC_0025971,bcc,histo,45.0,male,back,data/raw/HAM10000_images_part_1/ISIC_0025971.jpg,test,1,1,bcc,bcc,0.4518184,True,bcc → bcc,0.18403536,0.4518184,0.05429709,0.2707864,0.017437063,0.01635003,0.005275601
HAM_0006575,ISIC_0029391,bcc,histo,65.0,female,chest,data/raw/HAM10000_images_part_2/ISIC_0029391.jpg,test,1,0,bcc,akiec,0.32681838,False,bcc → akiec,0.32681838,0.2646681,0.10361338,0.15161936,0.11435737,0.03724976,0.0016737055
HAM_0004027,ISIC_0030403,bcc,histo,65.0,female,back,data/raw/HAM10000_images_part_2/ISIC_0030403.jpg,test,1,0,bcc,akiec,0.29434022,False,bcc → akiec,0.29434022,0.16016416,0.17428249,0.12816009,0.14807291,0.09213388,0.0028462734
HAM_0004027,ISIC_0024595,bcc,histo,65.0,female,back,data/raw/HAM10000_images_part_1/ISIC_0024595.jpg,test,1,0,bcc,akiec,0.24470554,False,bcc → akiec,0.24470554,0.22448213,0.22905754,0.13451658,0.09620495,0.065761715,0.005271556
HAM_0000512,ISIC_0030528,bcc,histo,45.0,female,face,data/raw/HAM10000_images_part_2/ISIC_0030528.jpg,test,1,2,bcc,bkl,0.35358736,False,bcc → bkl,0.22736363,0.10586766,0.35358736,0.054480266,0.2194543,0.039213665,3.3192515e-05
HAM_0002736,ISIC_0030594,bcc,histo,75.0,male,back,data/raw/HAM10000_images_part_2/ISIC_0030594.jpg,test,1,0,bcc,akiec,0.44026077,False,bcc → akiec,0.44026077,0.25830457,0.09154307,0.13716803,0.054959457,0.016534626,0.0012295151
HAM_0005933,ISIC_0024634,bcc,histo,80.0,female,back,data/raw/HAM10000_images_part_1/ISIC_0024634.jpg,test,1,1,bcc,bcc,0.43244648,True,bcc → bcc,0.19666371,0.43244648,0.083160415,0.20621923,0.027122036,0.03184645,0.022541696
HAM_0006609,ISIC_0031266,bcc,histo,80.0,male,back,data/raw/HAM10000_images_part_2/ISIC_0031266.jpg,test,1,0,bcc,akiec,0.352188,False,bcc → akiec,0.352188,0.21729839,0.13568097,0.12524606,0.12938955,0.03846718,0.0017298413
HAM_0003610,ISIC_0028937,bcc,histo,80.0,male,face,data/raw/HAM10000_images_part_1/ISIC_0028937.jpg,test,1,0,bcc,akiec,0.24492852,False,bcc → akiec,0.24492852,0.2322264,0.1693716,0.09470978,0.20586917,0.05215182,0.00074266957
HAM_0006005,ISIC_0029489,bcc,histo,85.0,female,lower extremity,data/raw/HAM10000_images_part_2/ISIC_0029489.jpg,test,1,0,bcc,akiec,0.35338157,False,bcc → akiec,0.35338157,0.2474737,0.10382679,0.14149132,0.120424494,0.03188547,0.0015166498
HAM_0005536,ISIC_0026798,bcc,histo,45.0,male,lower extremity,data/raw/HAM10000_images_part_1/ISIC_0026798.jpg,test,1,2,bcc,bkl,0.3513942,False,bcc → bkl,0.20259757,0.18430702,0.3513942,0.12866384,0.11496028,0.01805366,2.3543413e-05
HAM_0006708,ISIC_0027189,bcc,histo,80.0,female,lower extremity,data/raw/HAM10000_images_part_1/ISIC_0027189.jpg,test,1,0,bcc,akiec,0.35508528,False,bcc → akiec,0.35508528,0.30756706,0.080716364,0.18838897,0.045833517,0.017766256,0.00464251
HAM_0006851,ISIC_0031976,bcc,histo,80.0,male,face,data/raw/HAM10000_images_part_2/ISIC_0031976.jpg,test,1,4,bcc,mel,0.2879032,False,bcc → mel,0.1781781,0.21376127,0.17888822,0.06042326,0.2879032,0.07806799,0.0027779867
HAM_0005268,ISIC_0027825,bcc,histo,55.0,male,chest,data/raw/HAM10000_images_part_1/ISIC_0027825.jpg,test,1,1,bcc,bcc,0.3654597,True,bcc → bcc,0.20141162,0.3654597,0.12927496,0.18521956,0.05661198,0.053149965,0.008872138
HAM_0001457,ISIC_0029856,bcc,histo,75.0,male,back,data/raw/HAM10000_images_part_2/ISIC_0029856.jpg,test,1,1,bcc,bcc,0.47112682,True,bcc → bcc,0.16784096,0.47112682,0.075285025,0.20232503,0.016582588,0.023906041,0.042933583
HAM_0005501,ISIC_0025711,bcc,histo,80.0,male,back,data/raw/HAM10000_images_part_1/ISIC_0025711.jpg,test,1,1,bcc,bcc,0.240476,True,bcc → bcc,0.13267545,0.240476,0.123002395,0.06209955,0.22434478,0.19537984,0.02202199
HAM_0004495,ISIC_0024743,bcc,histo,65.0,female,lower extremity,data/raw/HAM10000_images_part_1/ISIC_0024743.jpg,test,1,1,bcc,bcc,0.4665026,True,bcc → bcc,0.12513568,0.4665026,0.11318255,0.15615836,0.022436202,0.045263477,0.071321145
HAM_0005669,ISIC_0024949,bcc,histo,75.0,male,upper extremity,data/raw/HAM10000_images_part_1/ISIC_0024949.jpg,test,1,1,bcc,bcc,0.32912508,True,bcc → bcc,0.2214467,0.32912508,0.1664173,0.20208977,0.042819753,0.031776395,0.0063250386
HAM_0000987,ISIC_0027722,bcc,histo,70.0,male,back,data/raw/HAM10000_images_part_1/ISIC_0027722.jpg,test,1,1,bcc,bcc,0.40655556,True,bcc → bcc,0.27126738,0.40655556,0.047092058,0.24283724,0.012039121,0.010199303,0.010009337
HAM_0006872,ISIC_0030514,bcc,histo,85.0,male,back,data/raw/HAM10000_images_part_2/ISIC_0030514.jpg,test,1,0,bcc,akiec,0.49453452,False,bcc → akiec,0.49453452,0.19922514,0.09681812,0.14474538,0.04597552,0.015979523,0.0027218093
HAM_0006872,ISIC_0024345,bcc,histo,85.0,male,back,data/raw/HAM10000_images_part_1/ISIC_0024345.jpg,test,1,0,bcc,akiec,0.43405586,False,bcc → akiec,0.43405586,0.23738004,0.094648644,0.15936829,0.057596553,0.015116385,0.0018342765
HAM_0002812,ISIC_0029053,bcc,histo,75.0,female,back,data/raw/HAM10000_images_part_1/ISIC_0029053.jpg,test,1,0,bcc,akiec,0.41709256,False,bcc → akiec,0.41709256,0.32660928,0.06325742,0.14917004,0.03578194,0.0073613096,0.0007274254
HAM_0003827,ISIC_0028350,bcc,histo,70.0,female,back,data/raw/HAM10000_images_part_1/ISIC_0028350.jpg,test,1,0,bcc,akiec,0.4542944,False,bcc → akiec,0.4542944,0.21574052,0.11115716,0.17070276,0.028198924,0.015227903,0.004678348
HAM_0005375,ISIC_0028814,bcc,histo,70.0,male,neck,data/raw/HAM10000_images_part_1/ISIC_0028814.jpg,test,1,0,bcc,akiec,0.36113754,False,bcc → akiec,0.36113754,0.21262604,0.1579107,0.13124612,0.093743235,0.038252357,0.005083934
HAM_0002812,ISIC_0027788,bcc,histo,75.0,female,back,data/raw/HAM10000_images_part_1/ISIC_0027788.jpg,test,1,1,bcc,bcc,0.3902457,True,bcc → bcc,0.18040557,0.3902457,0.13268673,0.19610687,0.031077424,0.042523958,0.026953692
HAM_0005026,ISIC_0028978,bcc,histo,40.0,female,abdomen,data/raw/HAM10000_images_part_1/ISIC_0028978.jpg,test,1,1,bcc,bcc,0.32735994,True,bcc → bcc,0.25784048,0.32735994,0.09455938,0.17451811,0.05646844,0.051675577,0.037578024
HAM_0005026,ISIC_0028728,bcc,histo,40.0,female,abdomen,data/raw/HAM10000_images_part_1/ISIC_0028728.jpg,test,1,0,bcc,akiec,0.3290347,False,bcc → akiec,0.3290347,0.23171663,0.115695044,0.19731623,0.09120079,0.030167094,0.004869465
HAM_0002530,ISIC_0028239,nv,follow_up,45.0,female,lower extremity,data/raw/HAM10000_images_part_1/ISIC_0028239.jpg,test,5,5,nv,nv,0.8895407,True,nv → nv,0.0063817645,0.0008234272,0.064628415,0.028833069,0.009726501,0.8895407,6.614061e-05
HAM_0006830,ISIC_0032285,nv,follow_up,45.0,female,abdomen,data/raw/HAM10000_images_part_2/ISIC_0032285.jpg,test,5,5,nv,nv,0.9810983,True,nv → nv,0.00012888767,4.170331e-05,0.013302081,0.0006944165,0.004433731,0.9810983,0.00030096335
HAM_0004233,ISIC_0029979,nv,follow_up,45.0,female,back,data/raw/HAM10000_images_part_2/ISIC_0029979.jpg,test,5,5,nv,nv,0.899312,True,nv → nv,0.001587168,0.0001947314,0.07685774,0.007458054,0.014572849,0.899312,1.746416e-05
HAM_0003042,ISIC_0031282,nv,follow_up,50.0,male,trunk,data/raw/HAM10000_images_part_2/ISIC_0031282.jpg,test,5,5,nv,nv,0.98343164,True,nv → nv,3.8451548e-05,8.077033e-06,0.013518665,0.00065084687,0.002322002,0.98343164,3.0340292e-05
HAM_0000727,ISIC_0029961,nv,follow_up,50.0,male,lower extremity,data/raw/HAM10000_images_part_2/ISIC_0029961.jpg,test,5,5,nv,nv,0.87937075,True,nv → nv,0.0140022915,0.0018543071,0.05542632,0.0038096784,0.04515889,0.87937075,0.0003778301
HAM_0007329,ISIC_0026583,nv,follow_up,50.0,male,lower extremity,data/raw/HAM10000_images_part_1/ISIC_0026583.jpg,test,5,5,nv,nv,0.3091721,True,nv → nv,0.13482258,0.041363697,0.27333954,0.10268778,0.13741432,0.3091721,0.001199985
HAM_0000289,ISIC_0032226,nv,follow_up,50.0,male,lower extremity,data/raw/HAM10000_images_part_2/ISIC_0032226.jpg,test,5,0,nv,akiec,0.42623803,False,nv → akiec,0.42623803,0.07707676,0.16197005,0.05387763,0.17984249,0.10082452,0.00017048317
HAM_0004408,ISIC_0026824,nv,follow_up,50.0,male,foot,data/raw/HAM10000_images_part_1/ISIC_0026824.jpg,test,5,5,nv,nv,0.8794876,True,nv → nv,0.012023233,0.0033970654,0.06302785,0.01045053,0.029961405,0.8794876,0.0016523441
HAM_0003396,ISIC_0031068,nv,follow_up,45.0,male,lower extremity,data/raw/HAM10000_images_part_2/ISIC_0031068.jpg,test,5,5,nv,nv,0.9239536,True,nv → nv,0.0003035739,5.8282574e-05,0.06141946,0.01129409,0.0029659213,0.9239536,5.0943313e-06
HAM_0001263,ISIC_0031463,nv,follow_up,45.0,male,back,data/raw/HAM10000_images_part_2/ISIC_0031463.jpg,test,5,5,nv,nv,0.9135579,True,nv → nv,0.0014816173,0.0011738047,0.049776163,0.020942053,0.008702386,0.9135579,0.0043661054
HAM_0003548,ISIC_0028480,nv,follow_up,55.0,male,back,data/raw/HAM10000_images_part_1/ISIC_0028480.jpg,test,5,5,nv,nv,0.85904753,True,nv → nv,0.0008816037,0.00029699624,0.049053483,0.08874968,0.0015801718,0.85904753,0.00039052637
HAM_0005093,ISIC_0030517,nv,follow_up,55.0,male,back,data/raw/HAM10000_images_part_2/ISIC_0030517.jpg,test,5,5,nv,nv,0.9992322,True,nv → nv,4.7304763e-08,6.3295067e-09,0.0006973978,4.9003454e-05,2.0175929e-05,0.9992322,1.1468735e-06
HAM_0002514,ISIC_0026768,nv,follow_up,55.0,male,lower extremity,data/raw/HAM10000_images_part_1/ISIC_0026768.jpg,test,5,5,nv,nv,0.9894358,True,nv → nv,3.700401e-05,3.618527e-05,0.0040802746,0.004089979,0.0002115992,0.9894358,0.0021092263
HAM_0001061,ISIC_0029526,nv,follow_up,45.0,male,back,data/raw/HAM10000_images_part_2/ISIC_0029526.jpg,test,5,5,nv,nv,0.71204996,True,nv → nv,0.029450724,0.011909318,0.11687722,0.101615936,0.018601665,0.71204996,0.009495199
HAM_0007316,ISIC_0031895,nv,follow_up,50.0,female,upper extremity,data/raw/HAM10000_images_part_2/ISIC_0031895.jpg,test,5,5,nv,nv,0.8088574,True,nv → nv,0.022699336,0.008443189,0.06970795,0.014607143,0.068190224,0.8088574,0.007494789
HAM_0002112,ISIC_0030820,nv,follow_up,55.0,male,upper extremity,data/raw/HAM10000_images_part_2/ISIC_0030820.jpg,test,5,5,nv,nv,0.77341425,True,nv → nv,0.013500423,0.0026354138,0.14098933,0.03942797,0.029323,0.77341425,0.0007096628
HAM_0000381,ISIC_0030148,nv,follow_up,55.0,male,back,data/raw/HAM10000_images_part_2/ISIC_0030148.jpg,test,5,5,nv,nv,0.7311463,True,nv → nv,0.014915852,0.005141137,0.15992688,0.045551263,0.04077481,0.7311463,0.0025437141
HAM_0001807,ISIC_0029637,nv,follow_up,45.0,male,trunk,data/raw/HAM10000_images_part_2/ISIC_0029637.jpg,test,5,5,nv,nv,0.9995148,True,nv → nv,1.4024516e-07,4.7773025e-08,0.0004043426,2.6136437e-05,4.110933e-05,0.9995148,1.34335e-05
HAM_0000561,ISIC_0025143,nv,follow_up,45.0,male,genital,data/raw/HAM10000_images_part_1/ISIC_0025143.jpg,test,5,5,nv,nv,0.99348974,True,nv → nv,1.9374113e-05,1.321182e-05,0.004045931,0.00026888866,0.0013197691,0.99348974,0.00084318384
HAM_0006715,ISIC_0025161,nv,follow_up,20.0,male,trunk,data/raw/HAM10000_images_part_1/ISIC_0025161.jpg,test,5,5,nv,nv,0.96969587,True,nv → nv,6.7491806e-06,4.973981e-06,0.013747074,1.665987e-05,0.016477032,0.96969587,5.169013e-05
HAM_0007391,ISIC_0031926,nv,follow_up,55.0,female,trunk,data/raw/HAM10000_images_part_2/ISIC_0031926.jpg,test,5,5,nv,nv,0.9872323,True,nv → nv,0.00016958154,6.786118e-05,0.008691833,0.0024346656,0.000877975,0.9872323,0.00052573683
HAM_0004737,ISIC_0027221,nv,follow_up,75.0,male,trunk,data/raw/HAM10000_images_part_1/ISIC_0027221.jpg,test,5,5,nv,nv,0.9945509,True,nv → nv,5.0658346e-06,3.8568287e-06,0.003098575,0.0020523753,7.087881e-05,0.9945509,0.00021843683
HAM_0006703,ISIC_0031833,nv,follow_up,45.0,female,lower extremity,data/raw/HAM10000_images_part_2/ISIC_0031833.jpg,test,5,6,nv,vasc,0.99765176,False,nv → vasc,2.1985507e-08,0.00045791423,9.5266965e-05,4.1531587e-07,8.0824575e-05,0.001713845,0.99765176
HAM_0002443,ISIC_0029685,nv,follow_up,50.0,female,trunk,data/raw/HAM10000_images_part_2/ISIC_0029685.jpg,test,5,5,nv,nv,0.6694277,True,nv → nv,0.022350995,0.023226911,0.15304527,0.07571173,0.032223653,0.6694277,0.024013719
HAM_0000647,ISIC_0029911,nv,follow_up,45.0,female,upper extremity,data/raw/HAM10000_images_part_2/ISIC_0029911.jpg,test,5,5,nv,nv,0.40749797,True,nv → nv,0.08175879,0.03249367,0.19672357,0.2287944,0.034268755,0.40749797,0.018462857
HAM_0001723,ISIC_0027784,nv,follow_up,45.0,female,lower extremity,data/raw/HAM10000_images_part_1/ISIC_0027784.jpg,test,5,5,nv,nv,0.3575091,True,nv → nv,0.08046692,0.027903873,0.18779668,0.014421532,0.329877,0.3575091,0.0020248743
HAM_0006668,ISIC_0027808,nv,follow_up,50.0,female,abdomen,data/raw/HAM10000_images_part_1/ISIC_0027808.jpg,test,5,5,nv,nv,0.97595996,True,nv → nv,8.4346404e-08,2.0518824e-08,0.018036226,1.3860177e-05,0.0059898985,0.97595996,2.1393034e-09
HAM_0001957,ISIC_0025593,nv,follow_up,50.0,female,abdomen,data/raw/HAM10000_images_part_1/ISIC_0025593.jpg,test,5,5,nv,nv,0.9990528,True,nv → nv,8.913155e-09,8.1246687e-10,0.0008861036,8.272928e-06,5.283076e-05,0.9990528,2.667954e-08
HAM_0005690,ISIC_0025487,nv,follow_up,50.0,female,lower extremity,data/raw/HAM10000_images_part_1/ISIC_0025487.jpg,test,5,5,nv,nv,0.9322411,True,nv → nv,2.2073677e-05,5.1075353e-06,0.056174394,0.0016701414,0.009883777,0.9322411,3.437478e-06
HAM_0007241,ISIC_0027752,nv,follow_up,50.0,female,trunk,data/raw/HAM10000_images_part_1/ISIC_0027752.jpg,test,5,5,nv,nv,0.82292354,True,nv → nv,0.0077597457,0.0030997996,0.10740887,0.013375717,0.04282966,0.82292354,0.0026026047
HAM_0000472,ISIC_0028339,nv,follow_up,50.0,female,back,data/raw/HAM10000_images_part_1/ISIC_0028339.jpg,test,5,5,nv,nv,0.99830735,True,nv → nv,2.3516525e-06,6.877065e-07,0.0012428589,9.173886e-05,0.00026915097,0.99830735,8.5834305e-05
HAM_0003250,ISIC_0031997,nv,follow_up,50.0,female,lower extremity,data/raw/HAM10000_images_part_2/ISIC_0031997.jpg,test,5,5,nv,nv,0.7881601,True,nv → nv,0.031974595,0.010184687,0.08496919,0.021159124,0.058849014,0.7881601,0.0047032274
HAM_0007244,ISIC_0030669,nv,follow_up,40.0,male,abdomen,data/raw/HAM10000_images_part_2/ISIC_0030669.jpg,test,5,5,nv,nv,0.9205836,True,nv → nv,0.0019412506,0.0010470763,0.040853083,0.01515694,0.012624804,0.9205836,0.0077932454
HAM_0001662,ISIC_0030050,nv,follow_up,50.0,female,upper extremity,data/raw/HAM10000_images_part_2/ISIC_0030050.jpg,test,5,5,nv,nv,0.8296396,True,nv → nv,0.009688353,0.0036899867,0.093625106,0.041723125,0.01940063,0.8296396,0.0022331842
HAM_0004163,ISIC_0025142,nv,follow_up,40.0,male,trunk,data/raw/HAM10000_images_part_1/ISIC_0025142.jpg,test,5,5,nv,nv,0.99281234,True,nv → nv,4.0388522e-06,8.884475e-07,0.0062393304,0.00055704126,0.00037148228,0.99281234,1.48995205e-05
HAM_0001494,ISIC_0026621,nv,follow_up,45.0,female,abdomen,data/raw/HAM10000_images_part_1/ISIC_0026621.jpg,test,5,5,nv,nv,0.95470434,True,nv → nv,1.5855978e-05,1.6922875e-05,0.006452981,0.038387723,0.00010240967,0.95470434,0.00031976833
HAM_0004074,ISIC_0030599,nv,follow_up,45.0,female,back,data/raw/HAM10000_images_part_2/ISIC_0030599.jpg,test,5,5,nv,nv,0.91858405,True,nv → nv,0.0005315116,0.00011577865,0.06066857,0.014573069,0.005502127,0.91858405,2.4852683e-05
HAM_0002994,ISIC_0027836,nv,follow_up,50.0,female,back,data/raw/HAM10000_images_part_1/ISIC_0027836.jpg,test,5,5,nv,nv,0.9041574,True,nv → nv,0.001967752,0.0010346742,0.06278988,0.019433448,0.007908539,0.9041574,0.0027082753
HAM_0006279,ISIC_0027195,nv,follow_up,25.0,female,neck,data/raw/HAM10000_images_part_1/ISIC_0027195.jpg,test,5,5,nv,nv,0.3883171,True,nv → nv,0.13267177,0.049049787,0.21810475,0.0739606,0.12509847,0.3883171,0.012797507
HAM_0000572,ISIC_0025224,nv,follow_up,55.0,male,trunk,data/raw/HAM10000_images_part_1/ISIC_0025224.jpg,test,5,5,nv,nv,0.9559019,True,nv → nv,0.00012260265,0.00012302183,0.016458577,0.025557186,0.0008393949,0.9559019,0.0009973643
HAM_0000326,ISIC_0028353,nv,follow_up,65.0,female,trunk,data/raw/HAM10000_images_part_1/ISIC_0028353.jpg,test,5,5,nv,nv,0.63812846,True,nv → nv,0.0011227061,0.0024259633,0.052999068,0.26263446,0.0007313029,0.63812846,0.04195806
HAM_0001915,ISIC_0025813,nv,follow_up,50.0,male,trunk,data/raw/HAM10000_images_part_1/ISIC_0025813.jpg,test,5,5,nv,nv,0.94459116,True,nv → nv,0.00034286155,4.3715016e-05,0.042512693,0.006414854,0.0060738265,0.94459116,2.0963995e-05
HAM_0006306,ISIC_0026242,nv,follow_up,50.0,male,trunk,data/raw/HAM10000_images_part_1/ISIC_0026242.jpg,test,5,5,nv,nv,0.40648776,True,nv → nv,0.03657403,0.017769452,0.28552806,0.030456055,0.22278525,0.40648776,0.0003994786
HAM_0002624,ISIC_0028282,nv,follow_up,50.0,male,foot,data/raw/HAM10000_images_part_1/ISIC_0028282.jpg,test,5,5,nv,nv,0.54365474,True,nv → nv,0.05130647,0.0281492,0.18923177,0.13273257,0.03996941,0.54365474,0.014955931
HAM_0006511,ISIC_0029892,nv,follow_up,50.0,female,trunk,data/raw/HAM10000_images_part_2/ISIC_0029892.jpg,test,5,5,nv,nv,0.7609764,True,nv → nv,0.017386865,0.009622551,0.13139136,0.04838122,0.02762534,0.7609764,0.004616305
HAM_0002918,ISIC_0031704,nv,follow_up,35.0,female,abdomen,data/raw/HAM10000_images_part_2/ISIC_0031704.jpg,test,5,5,nv,nv,0.99892575,True,nv → nv,5.4064785e-08,1.2798311e-07,0.0007150713,0.00028409777,1.5765465e-05,0.99892575,5.9057187e-05
HAM_0000329,ISIC_0031185,nv,follow_up,35.0,female,back,data/raw/HAM10000_images_part_2/ISIC_0031185.jpg,test,5,5,nv,nv,0.99978584,True,nv → nv,4.3353762e-10,2.6587985e-11,0.00020853008,2.0516402e-06,3.6172198e-06,0.99978584,2.0690538e-09
HAM_0004657,ISIC_0024369,nv,follow_up,60.0,male,trunk,data/raw/HAM10000_images_part_1/ISIC_0024369.jpg,test,5,5,nv,nv,0.76948565,True,nv → nv,0.021441173,0.014784182,0.092329,0.032890033,0.055496402,0.76948565,0.013573585
HAM_0002321,ISIC_0029015,nv,follow_up,45.0,male,back,data/raw/HAM10000_images_part_1/ISIC_0029015.jpg,test,5,5,nv,nv,0.99308455,True,nv → nv,9.567545e-07,2.777454e-05,0.0039552045,0.00060071016,0.0005170998,0.99308455,0.0018136746
HAM_0001675,ISIC_0024433,nv,follow_up,40.0,female,lower extremity,data/raw/HAM10000_images_part_1/ISIC_0024433.jpg,test,5,5,nv,nv,0.6211828,True,nv → nv,0.052592527,0.026436357,0.15975483,0.057112593,0.06382495,0.6211828,0.019095942
HAM_0002433,ISIC_0032011,nv,follow_up,45.0,female,upper extremity,data/raw/HAM10000_images_part_2/ISIC_0032011.jpg,test,5,5,nv,nv,0.9899771,True,nv → nv,5.636444e-07,3.3893922e-08,0.007890181,9.819981e-06,0.0021222015,0.9899771,5.5272507e-09
HAM_0004046,ISIC_0032366,nv,follow_up,50.0,male,trunk,data/raw/HAM10000_images_part_2/ISIC_0032366.jpg,test,5,5,nv,nv,0.9896283,True,nv → nv,5.995504e-07,4.8894117e-06,0.0008162129,0.0091976635,2.256563e-05,0.9896283,0.0003297556
HAM_0006909,ISIC_0031777,nv,follow_up,45.0,female,lower extremity,data/raw/HAM10000_images_part_2/ISIC_0031777.jpg,test,5,5,nv,nv,0.9318503,True,nv → nv,0.00020528457,7.067063e-05,0.05616805,0.0055086706,0.00595804,0.9318503,0.0002389929
HAM_0004744,ISIC_0024692,nv,follow_up,45.0,female,abdomen,data/raw/HAM10000_images_part_1/ISIC_0024692.jpg,test,5,5,nv,nv,0.99918467,True,nv → nv,4.9012714e-09,4.4139298e-10,0.0007874801,1.2344584e-05,1.5516822e-05,0.99918467,3.9962362e-09
HAM_0001482,ISIC_0027691,nv,follow_up,45.0,female,trunk,data/raw/HAM10000_images_part_1/ISIC_0027691.jpg,test,5,6,nv,vasc,0.56329113,False,nv → vasc,0.0022270002,0.022963347,0.02724078,0.013737668,0.018198568,0.3523415,0.56329113
HAM_0002344,ISIC_0026778,nv,follow_up,45.0,female,trunk,data/raw/HAM10000_images_part_1/ISIC_0026778.jpg,test,5,5,nv,nv,0.56659013,True,nv → nv,0.08891467,0.026165988,0.17705752,0.049479973,0.08950237,0.56659013,0.0022892647
HAM_0006270,ISIC_0031606,nv,follow_up,55.0,female,lower extremity,data/raw/HAM10000_images_part_2/ISIC_0031606.jpg,test,5,5,nv,nv,0.9268512,True,nv → nv,0.00064772397,0.0010460442,0.034746174,0.025558133,0.002131217,0.9268512,0.009019481
HAM_0005563,ISIC_0029784,nv,follow_up,50.0,male,abdomen,data/raw/HAM10000_images_part_2/ISIC_0029784.jpg,test,5,5,nv,nv,0.8566777,True,nv → nv,0.00030741803,2.9524415e-05,0.106463335,0.0015628495,0.03495853,0.8566777,6.00795e-07
HAM_0000548,ISIC_0027763,nv,follow_up,55.0,male,abdomen,data/raw/HAM10000_images_part_1/ISIC_0027763.jpg,test,5,5,nv,nv,0.9140121,True,nv → nv,0.00033431288,0.00017444698,0.045473594,0.037177082,0.0020382572,0.9140121,0.0007903302
HAM_0006901,ISIC_0026700,nv,follow_up,55.0,male,abdomen,data/raw/HAM10000_images_part_1/ISIC_0026700.jpg,test,5,5,nv,nv,0.8313616,True,nv → nv,0.013033966,0.0046133595,0.06480189,0.0063427677,0.077191226,0.8313616,0.0026552228
HAM_0000713,ISIC_0031174,nv,follow_up,55.0,male,abdomen,data/raw/HAM10000_images_part_2/ISIC_0031174.jpg,test,5,5,nv,nv,0.993103,True,nv → nv,2.8968423e-06,8.4198786e-07,0.006074458,0.00028284718,0.00053069624,0.993103,5.1724305e-06
HAM_0000053,ISIC_0030376,nv,follow_up,55.0,male,back,data/raw/HAM10000_images_part_2/ISIC_0030376.jpg,test,5,5,nv,nv,0.996121,True,nv → nv,2.3333096e-06,2.1862826e-07,0.0033904011,0.00033909053,0.00014630862,0.996121,5.7618786e-07
HAM_0002404,ISIC_0031776,nv,follow_up,55.0,male,back,data/raw/HAM10000_images_part_2/ISIC_0031776.jpg,test,5,5,nv,nv,0.6183704,True,nv → nv,0.031690877,0.007539665,0.18430062,0.0760661,0.08182785,0.6183704,0.00020455878
HAM_0005187,ISIC_0029385,nv,follow_up,40.0,female,trunk,data/raw/HAM10000_images_part_2/ISIC_0029385.jpg,test,5,5,nv,nv,0.24818261,True,nv → nv,0.16028008,0.14724857,0.15868863,0.051503748,0.21866581,0.24818261,0.015430553
HAM_0006044,ISIC_0026986,nv,follow_up,40.0,female,lower extremity,data/raw/HAM10000_images_part_1/ISIC_0026986.jpg,test,5,5,nv,nv,0.99085087,True,nv → nv,8.971597e-05,5.8016096e-05,0.004230078,0.002030926,0.0005877753,0.99085087,0.0021525696
HAM_0005800,ISIC_0028864,nv,follow_up,40.0,female,upper extremity,data/raw/HAM10000_images_part_1/ISIC_0028864.jpg,test,5,5,nv,nv,0.9938524,True,nv → nv,3.820859e-05,1.7171662e-05,0.0037399598,0.0011773976,0.0007594459,0.9938524,0.00041544487
HAM_0000705,ISIC_0025508,nv,follow_up,40.0,female,back,data/raw/HAM10000_images_part_1/ISIC_0025508.jpg,test,5,5,nv,nv,0.8080311,True,nv → nv,0.008538636,0.007960346,0.109007575,0.019626422,0.03511681,0.8080311,0.011719058
HAM_0001121,ISIC_0024788,nv,follow_up,40.0,female,trunk,data/raw/HAM10000_images_part_1/ISIC_0024788.jpg,test,5,5,nv,nv,0.8632774,True,nv → nv,0.0013337944,0.002647111,0.046555463,0.035002578,0.007925857,0.8632774,0.043257814
HAM_0006671,ISIC_0027843,nv,follow_up,60.0,male,lower extremity,data/raw/HAM10000_images_part_1/ISIC_0027843.jpg,test,5,5,nv,nv,0.74127007,True,nv → nv,0.041059952,0.012961928,0.11123618,0.034844283,0.053498458,0.74127007,0.0051291655
HAM_0004790,ISIC_0030902,nv,follow_up,35.0,female,trunk,data/raw/HAM10000_images_part_2/ISIC_0030902.jpg,test,5,5,nv,nv,0.8148424,True,nv → nv,0.0002134896,0.0022966922,0.032008763,0.0058702677,0.011515061,0.8148424,0.1332533
HAM_0006689,ISIC_0024493,nv,follow_up,40.0,male,lower extremity,data/raw/HAM10000_images_part_1/ISIC_0024493.jpg,test,5,5,nv,nv,0.9387743,True,nv → nv,4.813372e-05,7.532645e-05,0.0245879,0.03538524,0.00048350994,0.9387743,0.0006456302
HAM_0004134,ISIC_0026075,nv,follow_up,30.0,male,back,data/raw/HAM10000_images_part_1/ISIC_0026075.jpg,test,5,5,nv,nv,0.9898515,True,nv → nv,1.7878303e-05,9.939714e-06,0.005940182,0.0033864605,0.00021664717,0.9898515,0.0005774746
HAM_0001918,ISIC_0031291,nv,follow_up,45.0,female,back,data/raw/HAM10000_images_part_2/ISIC_0031291.jpg,test,5,5,nv,nv,0.9647901,True,nv → nv,0.000113023336,0.00025222197,0.009752159,0.0031094004,0.003017496,0.9647901,0.018965552
HAM_0000120,ISIC_0030904,nv,follow_up,55.0,male,lower extremity,data/raw/HAM10000_images_part_2/ISIC_0030904.jpg,test,5,5,nv,nv,0.6128883,True,nv → nv,0.06785161,0.022329468,0.1715781,0.03501079,0.086803526,0.6128883,0.0035382363
HAM_0004253,ISIC_0031035,nv,follow_up,60.0,male,lower extremity,data/raw/HAM10000_images_part_2/ISIC_0031035.jpg,test,5,5,nv,nv,0.9871961,True,nv → nv,1.6558297e-06,6.3380896e-05,0.005909364,0.003167992,0.00025502706,0.9871961,0.003406497
HAM_0001392,ISIC_0030411,nv,follow_up,45.0,female,lower extremity,data/raw/HAM10000_images_part_2/ISIC_0030411.jpg,test,5,5,nv,nv,0.99672925,True,nv → nv,2.0798745e-05,1.0562972e-05,0.0017834123,0.0003655932,0.00030743785,0.99672925,0.0007829234
HAM_0002584,ISIC_0030315,nv,follow_up,45.0,female,upper extremity,data/raw/HAM10000_images_part_2/ISIC_0030315.jpg,test,5,5,nv,nv,0.99939084,True,nv → nv,1.8018683e-08,2.4298628e-09,0.00052587804,4.4397098e-06,7.865237e-05,0.99939084,7.42615e-08
HAM_0005295,ISIC_0024690,nv,follow_up,40.0,female,back,data/raw/HAM10000_images_part_1/ISIC_0024690.jpg,test,5,5,nv,nv,0.6788509,True,nv → nv,0.0048022643,0.0028903526,0.080483906,0.22281516,0.005417678,0.6788509,0.0047398363
HAM_0001231,ISIC_0025878,nv,follow_up,45.0,male,trunk,data/raw/HAM10000_images_part_1/ISIC_0025878.jpg,test,5,4,nv,mel,0.41505367,False,nv → mel,0.1859034,0.061708912,0.13923277,0.018176718,0.41505367,0.17979385,0.00013069918
HAM_0001357,ISIC_0027145,nv,follow_up,45.0,male,back,data/raw/HAM10000_images_part_1/ISIC_0027145.jpg,test,5,5,nv,nv,0.5745548,True,nv → nv,0.09774245,0.025293808,0.14830068,0.034329098,0.11683414,0.5745548,0.0029450182
HAM_0006569,ISIC_0030483,nv,follow_up,35.0,male,lower extremity,data/raw/HAM10000_images_part_2/ISIC_0030483.jpg,test,5,5,nv,nv,0.28942677,True,nv → nv,0.17025086,0.056599017,0.25144333,0.065952785,0.16305497,0.28942677,0.0032722135
HAM_0001572,ISIC_0028933,nv,follow_up,35.0,male,lower extremity,data/raw/HAM10000_images_part_1/ISIC_0028933.jpg,test,5,5,nv,nv,0.98622245,True,nv → nv,4.5006378e-05,1.3672618e-05,0.009453939,0.00069953146,0.0034391517,0.98622245,0.0001262642
HAM_0002260,ISIC_0028699,nv,follow_up,35.0,male,lower extremity,data/raw/HAM10000_images_part_1/ISIC_0028699.jpg,test,5,5,nv,nv,0.8286193,True,nv → nv,0.0041709165,0.0017716972,0.06339812,0.096172795,0.005237382,0.8286193,0.0006297881
HAM_0002464,ISIC_0030566,nv,follow_up,35.0,male,lower extremity,data/raw/HAM10000_images_part_2/ISIC_0030566.jpg,test,5,5,nv,nv,0.6841006,True,nv → nv,0.007837139,0.021312708,0.058368247,0.0056441664,0.11465614,0.6841006,0.10808099
HAM_0003145,ISIC_0026136,nv,follow_up,75.0,male,neck,data/raw/HAM10000_images_part_1/ISIC_0026136.jpg,test,5,5,nv,nv,0.87597764,True,nv → nv,9.451742e-05,7.077124e-05,0.08570679,0.00058655307,0.037489463,0.87597764,7.426261e-05
HAM_0003611,ISIC_0031699,nv,follow_up,75.0,male,hand,data/raw/HAM10000_images_part_2/ISIC_0031699.jpg,test,5,5,nv,nv,0.48027158,True,nv → nv,0.047558267,0.013189761,0.121046305,0.32521215,0.005669529,0.48027158,0.0070524085
HAM_0007323,ISIC_0031038,nv,follow_up,75.0,male,back,data/raw/HAM10000_images_part_2/ISIC_0031038.jpg,test,5,5,nv,nv,0.999485,True,nv → nv,3.76781e-08,1.881437e-08,0.00039330832,4.681412e-06,0.000113199894,0.999485,3.6905424e-06
HAM_0002038,ISIC_0032337,nv,follow_up,75.0,male,back,data/raw/HAM10000_images_part_2/ISIC_0032337.jpg,test,5,5,nv,nv,0.9648023,True,nv → nv,1.8559115e-06,0.00010253296,0.006962683,0.00011773099,0.022910649,0.9648023,0.0051022777
HAM_0005035,ISIC_0025536,nv,follow_up,35.0,female,trunk,data/raw/HAM10000_images_part_1/ISIC_0025536.jpg,test,5,5,nv,nv,0.93941754,True,nv → nv,0.0012902014,0.0005811695,0.0234084,0.028506542,0.002051132,0.93941754,0.004745039
HAM_0002626,ISIC_0026822,nv,follow_up,45.0,male,lower extremity,data/raw/HAM10000_images_part_1/ISIC_0026822.jpg,test,5,5,nv,nv,0.9862705,True,nv → nv,5.089785e-05,0.0001133494,0.008528347,0.0020213,0.0017343939,0.9862705,0.0012812569
HAM_0005066,ISIC_0030787,nv,follow_up,45.0,male,lower extremity,data/raw/HAM10000_images_part_2/ISIC_0030787.jpg,test,5,5,nv,nv,0.84001726,True,nv → nv,7.1227114e-05,0.0018768843,0.008046159,0.0028833656,0.0014000647,0.84001726,0.14570512
HAM_0003536,ISIC_0028819,nv,follow_up,45.0,male,back,data/raw/HAM10000_images_part_1/ISIC_0028819.jpg,test,5,5,nv,nv,0.97029006,True,nv → nv,0.0005162106,0.00015144552,0.009871888,0.017997429,0.000286265,0.97029006,0.00088671385
HAM_0006792,ISIC_0026460,nv,follow_up,45.0,male,trunk,data/raw/HAM10000_images_part_1/ISIC_0026460.jpg,test,5,5,nv,nv,0.7965483,True,nv → nv,0.014370942,0.0031296182,0.103600286,0.070376635,0.009926377,0.7965483,0.0020477977
HAM_0001522,ISIC_0025084,nv,follow_up,45.0,male,back,data/raw/HAM10000_images_part_1/ISIC_0025084.jpg,test,5,5,nv,nv,0.9240679,True,nv → nv,0.001969286,0.0005383793,0.025298836,0.04552963,0.0008931121,0.9240679,0.0017027862
HAM_0006272,ISIC_0024429,nv,follow_up,55.0,male,trunk,data/raw/HAM10000_images_part_1/ISIC_0024429.jpg,test,5,5,nv,nv,0.9983021,True,nv → nv,5.1289103e-08,7.220242e-08,0.0012635471,4.0966456e-06,0.00042226727,0.9983021,7.858778e-06
HAM_0003283,ISIC_0031469,nv,follow_up,50.0,female,upper extremity,data/raw/HAM10000_images_part_2/ISIC_0031469.jpg,test,5,5,nv,nv,0.49649912,True,nv → nv,0.09470875,0.05373012,0.17079484,0.0667259,0.09522172,0.49649912,0.022319581
HAM_0004269,ISIC_0025003,nv,follow_up,50.0,female,lower extremity,data/raw/HAM10000_images_part_1/ISIC_0025003.jpg,test,5,5,nv,nv,0.7639216,True,nv → nv,0.02739854,0.006656266,0.10474328,0.072025396,0.020404242,0.7639216,0.004850678
HAM_0003151,ISIC_0024556,nv,follow_up,50.0,female,foot,data/raw/HAM10000_images_part_1/ISIC_0024556.jpg,test,5,5,nv,nv,0.550181,True,nv → nv,0.035292517,0.010310282,0.11789961,0.27241117,0.0073798154,0.550181,0.0065256148
HAM_0004834,ISIC_0025328,nv,follow_up,20.0,female,trunk,data/raw/HAM10000_images_part_1/ISIC_0025328.jpg,test,5,5,nv,nv,0.9872736,True,nv → nv,3.4957892e-09,7.739571e-06,0.00062443735,8.8033585e-06,0.00016285072,0.9872736,0.011922525
HAM_0005241,ISIC_0029699,nv,follow_up,30.0,male,trunk,data/raw/HAM10000_images_part_2/ISIC_0029699.jpg,test,5,5,nv,nv,0.41702715,True,nv → nv,0.1607851,0.06428343,0.17821471,0.08008147,0.09090889,0.41702715,0.0086992625
HAM_0006917,ISIC_0025861,nv,follow_up,30.0,male,upper extremity,data/raw/HAM10000_images_part_1/ISIC_0025861.jpg,test,5,5,nv,nv,0.97345406,True,nv → nv,0.00024165196,5.6937017e-05,0.018846873,0.0054105874,0.0018011864,0.97345406,0.000188687
HAM_0000564,ISIC_0027333,nv,follow_up,40.0,male,foot,data/raw/HAM10000_images_part_1/ISIC_0027333.jpg,test,5,5,nv,nv,0.9924817,True,nv → nv,4.8421676e-08,6.911799e-08,0.0062950896,1.1781802e-05,0.0012112603,0.9924817,1.7515684e-07
HAM_0003296,ISIC_0024944,nv,follow_up,40.0,male,lower extremity,data/raw/HAM10000_images_part_1/ISIC_0024944.jpg,test,5,5,nv,nv,0.99646807,True,nv → nv,1.2872061e-07,7.1570834e-09,0.0026376203,4.552355e-06,0.00088967703,0.99646807,3.208451e-08
HAM_0000328,ISIC_0025482,nv,follow_up,40.0,male,lower extremity,data/raw/HAM10000_images_part_1/ISIC_0025482.jpg,test,5,5,nv,nv,0.99803454,True,nv → nv,1.7414894e-06,1.8963781e-06,0.0008724862,0.00028118162,0.00010334459,0.99803454,0.0007048205
HAM_0001067,ISIC_0028813,nv,follow_up,40.0,male,lower extremity,data/raw/HAM10000_images_part_1/ISIC_0028813.jpg,test,5,5,nv,nv,0.86413085,True,nv → nv,0.00046402545,0.0001111875,0.11746124,0.004924885,0.012881155,0.86413085,2.6723457e-05
HAM_0005361,ISIC_0024374,nv,follow_up,35.0,female,face,data/raw/HAM10000_images_part_1/ISIC_0024374.jpg,test,5,5,nv,nv,0.40618414,True,nv → nv,0.1129787,0.06373117,0.18419346,0.09904061,0.12421736,0.40618414,0.009654521
HAM_0007152,ISIC_0028184,nv,follow_up,20.0,male,trunk,data/raw/HAM10000_images_part_1/ISIC_0028184.jpg,test,5,5,nv,nv,0.9991691,True,nv → nv,3.1468154e-08,7.587287e-08,0.00038904062,0.00040202527,4.035882e-06,0.9991691,3.5675766e-05
HAM_0005036,ISIC_0025815,nv,follow_up,50.0,female,trunk,data/raw/HAM10000_images_part_1/ISIC_0025815.jpg,test,5,5,nv,nv,0.971797,True,nv → nv,0.00045414676,0.00023768542,0.018893521,0.002730834,0.0048663835,0.971797,0.001020352
HAM_0007128,ISIC_0025104,nv,follow_up,50.0,female,upper extremity,data/raw/HAM10000_images_part_1/ISIC_0025104.jpg,test,5,5,nv,nv,0.881201,True,nv → nv,0.006259362,0.0008339722,0.06850826,0.005412973,0.037568282,0.881201,0.00021619827
HAM_0003032,ISIC_0028789,nv,follow_up,45.0,female,trunk,data/raw/HAM10000_images_part_1/ISIC_0028789.jpg,test,5,5,nv,nv,0.8920145,True,nv → nv,0.00056696613,0.0002467179,0.04291575,0.062670685,0.0013202186,0.8920145,0.00026518665
HAM_0006836,ISIC_0025678,nv,follow_up,30.0,male,back,data/raw/HAM10000_images_part_1/ISIC_0025678.jpg,test,5,5,nv,nv,0.9779564,True,nv → nv,3.5880976e-06,9.822212e-07,0.020496836,0.00081716257,0.00072467496,0.9779564,3.5911563e-07
HAM_0004964,ISIC_0028062,nv,follow_up,30.0,male,scalp,data/raw/HAM10000_images_part_1/ISIC_0028062.jpg,test,5,5,nv,nv,0.9952856,True,nv → nv,7.717556e-08,1.8942359e-08,0.0041151233,6.722756e-06,0.00059254246,0.9952856,1.0961239e-08
HAM_0005166,ISIC_0024815,nv,follow_up,25.0,female,abdomen,data/raw/HAM10000_images_part_1/ISIC_0024815.jpg,test,5,5,nv,nv,0.9382313,True,nv → nv,0.0010835401,0.0012344866,0.017501198,0.011953923,0.0035597726,0.9382313,0.02643575
HAM_0005214,ISIC_0031114,nv,follow_up,75.0,female,lower extremity,data/raw/HAM10000_images_part_2/ISIC_0031114.jpg,test,5,5,nv,nv,0.7263463,True,nv → nv,0.005408243,0.0023026105,0.028455334,0.19688155,0.0008070383,0.7263463,0.03979889
HAM_0004692,ISIC_0030734,nv,follow_up,60.0,male,abdomen,data/raw/HAM10000_images_part_2/ISIC_0030734.jpg,test,5,5,nv,nv,0.9649159,True,nv → nv,8.4982494e-05,8.873453e-06,0.029516295,0.001713313,0.0037541587,0.9649159,6.560319e-06
HAM_0007035,ISIC_0030332,nv,follow_up,55.0,male,lower extremity,data/raw/HAM10000_images_part_2/ISIC_0030332.jpg,test,5,5,nv,nv,0.7705472,True,nv → nv,0.0077103195,0.0014381356,0.14776494,0.011374859,0.06115028,0.7705472,1.4263288e-05
HAM_0000723,ISIC_0031364,nv,follow_up,35.0,female,upper extremity,data/raw/HAM10000_images_part_2/ISIC_0031364.jpg,test,5,5,nv,nv,0.8176216,True,nv → nv,0.011941215,0.0066718454,0.097491466,0.02078348,0.03826607,0.8176216,0.0072243805
HAM_0005521,ISIC_0031963,nv,follow_up,65.0,male,lower extremity,data/raw/HAM10000_images_part_2/ISIC_0031963.jpg,test,5,6,nv,vasc,0.27186814,False,nv → vasc,0.07801609,0.17987055,0.08363988,0.14050515,0.06624251,0.1798577,0.27186814
HAM_0003513,ISIC_0030743,nv,follow_up,60.0,male,upper extremity,data/raw/HAM10000_images_part_2/ISIC_0030743.jpg,test,5,5,nv,nv,0.40423614,True,nv → nv,0.035658315,0.009928316,0.34610975,0.029303301,0.1745485,0.40423614,0.00021571442
HAM_0007095,ISIC_0030374,nv,follow_up,60.0,male,abdomen,data/raw/HAM10000_images_part_2/ISIC_0030374.jpg,test,5,5,nv,nv,0.84725136,True,nv → nv,0.0028814524,0.0005484212,0.11087006,0.013484216,0.024953665,0.84725136,1.0820507e-05
HAM_0005111,ISIC_0030911,nv,follow_up,40.0,female,trunk,data/raw/HAM10000_images_part_2/ISIC_0030911.jpg,test,5,5,nv,nv,0.7544213,True,nv → nv,0.029205369,0.010853797,0.111358225,0.05136835,0.034656372,0.7544213,0.008136564
HAM_0002289,ISIC_0032266,nv,follow_up,55.0,female,lower extremity,data/raw/HAM10000_images_part_2/ISIC_0032266.jpg,test,5,5,nv,nv,0.5564956,True,nv → nv,0.014418039,0.010698811,0.27545294,0.022132477,0.11943155,0.5564956,0.0013705661
HAM_0002144,ISIC_0031682,nv,follow_up,35.0,female,abdomen,data/raw/HAM10000_images_part_2/ISIC_0031682.jpg,test,5,5,nv,nv,0.99554235,True,nv → nv,1.5039946e-07,3.7683975e-08,0.0040705213,5.246409e-05,0.0003340821,0.99554235,3.0580355e-07
HAM_0005178,ISIC_0030285,nv,follow_up,45.0,female,foot,data/raw/HAM10000_images_part_2/ISIC_0030285.jpg,test,5,3,nv,df,0.320751,False,nv → df,0.092133746,0.060739566,0.12746131,0.320751,0.012440837,0.24152337,0.14495012
HAM_0005097,ISIC_0031018,nv,follow_up,75.0,male,lower extremity,data/raw/HAM10000_images_part_2/ISIC_0031018.jpg,test,5,5,nv,nv,0.9701948,True,nv → nv,2.2435679e-05,2.2397892e-06,0.026809879,0.0017758801,0.001194138,0.9701948,5.5194425e-07
HAM_0005784,ISIC_0030679,nv,follow_up,65.0,female,trunk,data/raw/HAM10000_images_part_2/ISIC_0030679.jpg,test,5,5,nv,nv,0.985005,True,nv → nv,1.7212153e-05,7.1316167e-06,0.008642002,0.0061041974,0.00015172797,0.985005,7.265734e-05
HAM_0000141,ISIC_0030477,nv,follow_up,35.0,female,lower extremity,data/raw/HAM10000_images_part_2/ISIC_0030477.jpg,test,5,5,nv,nv,0.31718987,True,nv → nv,0.08084204,0.17552808,0.08593513,0.04627518,0.22350313,0.31718987,0.070726596
HAM_0007544,ISIC_0031390,nv,follow_up,60.0,male,lower extremity,data/raw/HAM10000_images_part_2/ISIC_0031390.jpg,test,5,5,nv,nv,0.68574554,True,nv → nv,0.010607146,0.0039867624,0.10240497,0.18175966,0.00726943,0.68574554,0.008226509
HAM_0002262,ISIC_0027307,nv,follow_up,50.0,female,abdomen,data/raw/HAM10000_images_part_1/ISIC_0027307.jpg,test,5,5,nv,nv,0.98080474,True,nv → nv,3.809303e-05,2.6421208e-06,0.016215257,0.0019453139,0.0009915119,0.98080474,2.436746e-06
HAM_0003721,ISIC_0029490,nv,follow_up,50.0,female,lower extremity,data/raw/HAM10000_images_part_2/ISIC_0029490.jpg,test,5,5,nv,nv,0.99904734,True,nv → nv,4.4030554e-07,1.8862963e-08,0.00084473105,6.375726e-05,4.3577347e-05,0.99904734,8.5192035e-08
HAM_0003412,ISIC_0026241,nv,follow_up,50.0,female,back,data/raw/HAM10000_images_part_1/ISIC_0026241.jpg,test,5,5,nv,nv,0.9237246,True,nv → nv,0.0006415996,0.00014667254,0.0535487,0.017778872,0.0040818853,0.9237246,7.7780205e-05
HAM_0000474,ISIC_0030099,nv,follow_up,45.0,female,hand,data/raw/HAM10000_images_part_2/ISIC_0030099.jpg,test,5,5,nv,nv,0.8116097,True,nv → nv,0.010424593,0.0025719444,0.09175299,0.07242129,0.010662432,0.8116097,0.0005570225
HAM_0004629,ISIC_0027019,nv,follow_up,45.0,female,abdomen,data/raw/HAM10000_images_part_1/ISIC_0027019.jpg,test,5,5,nv,nv,0.9853006,True,nv → nv,1.0754589e-09,2.4930297e-10,0.0070968703,3.4874144e-08,0.007602537,0.9853006,3.3756528e-12
HAM_0000023,ISIC_0026144,nv,follow_up,40.0,male,lower extremity,data/raw/HAM10000_images_part_1/ISIC_0026144.jpg,test,5,5,nv,nv,0.97809166,True,nv → nv,8.1462094e-05,6.159652e-05,0.009399678,0.011928954,0.00020459539,0.97809166,0.0002320856
HAM_0007201,ISIC_0026208,nv,follow_up,50.0,male,lower extremity,data/raw/HAM10000_images_part_1/ISIC_0026208.jpg,test,5,5,nv,nv,0.9976163,True,nv → nv,3.5671228e-06,2.2530069e-06,0.0012461892,0.0008781212,2.4784365e-05,0.9976163,0.00022876204
HAM_0004271,ISIC_0025474,nv,follow_up,55.0,female,trunk,data/raw/HAM10000_images_part_1/ISIC_0025474.jpg,test,5,5,nv,nv,0.9766799,True,nv → nv,0.00019150769,4.134446e-05,0.014384297,0.007510034,0.0010644675,0.9766799,0.00012839684
HAM_0007453,ISIC_0024510,nv,follow_up,55.0,female,lower extremity,data/raw/HAM10000_images_part_1/ISIC_0024510.jpg,test,5,5,nv,nv,0.99711466,True,nv → nv,6.64312e-07,3.7385746e-08,0.0025798297,0.00020578947,9.869914e-05,0.99711466,3.0832803e-07
HAM_0003876,ISIC_0030481,nv,follow_up,55.0,female,lower extremity,data/raw/HAM10000_images_part_2/ISIC_0030481.jpg,test,5,5,nv,nv,0.9998796,True,nv → nv,8.5369667e-10,8.747675e-09,2.7109063e-05,6.172284e-06,8.822651e-07,0.9998796,8.617971e-05
HAM_0007608,ISIC_0028609,nv,follow_up,55.0,female,lower extremity,data/raw/HAM10000_images_part_1/ISIC_0028609.jpg,test,5,5,nv,nv,0.9758505,True,nv → nv,0.00041628242,0.00011758907,0.017219454,0.002203092,0.0038377705,0.9758505,0.0003552261
HAM_0001882,ISIC_0025866,nv,follow_up,55.0,female,trunk,data/raw/HAM10000_images_part_1/ISIC_0025866.jpg,test,5,5,nv,nv,0.92409235,True,nv → nv,0.0032041573,0.0011280349,0.028842434,0.03703124,0.0025626512,0.92409235,0.0031391343
HAM_0003865,ISIC_0032188,nv,follow_up,55.0,male,abdomen,data/raw/HAM10000_images_part_2/ISIC_0032188.jpg,test,5,5,nv,nv,0.9946379,True,nv → nv,2.9448912e-09,2.1179139e-07,5.8566e-05,1.5284731e-05,3.2152434e-06,0.9946379,0.005284812
HAM_0004404,ISIC_0025822,nv,follow_up,55.0,male,neck,data/raw/HAM10000_images_part_1/ISIC_0025822.jpg,test,5,5,nv,nv,0.9993711,True,nv → nv,3.1752915e-08,5.279066e-09,0.00057181803,6.10373e-06,5.0762384e-05,0.9993711,2.3961056e-07
HAM_0001438,ISIC_0030490,nv,follow_up,55.0,male,back,data/raw/HAM10000_images_part_2/ISIC_0030490.jpg,test,5,5,nv,nv,0.9304942,True,nv → nv,0.0035969666,0.0005154542,0.045410916,0.009673283,0.010119702,0.9304942,0.00018949938
HAM_0006786,ISIC_0029436,nv,follow_up,50.0,female,lower extremity,data/raw/HAM10000_images_part_2/ISIC_0029436.jpg,test,5,5,nv,nv,0.970641,True,nv → nv,1.2058963e-08,4.672275e-09,0.01437497,8.1062035e-07,0.014983113,0.970641,7.3484524e-11
HAM_0005195,ISIC_0025929,nv,follow_up,50.0,female,lower extremity,data/raw/HAM10000_images_part_1/ISIC_0025929.jpg,test,5,5,nv,nv,0.9982461,True,nv → nv,1.2586908e-06,8.9161296e-07,0.0013519714,0.00020553198,8.7242275e-05,0.9982461,0.000107123946
HAM_0002418,ISIC_0030711,nv,follow_up,50.0,female,lower extremity,data/raw/HAM10000_images_part_2/ISIC_0030711.jpg,test,5,5,nv,nv,0.9986034,True,nv → nv,1.1795661e-07,4.3187822e-07,0.00039442847,0.000706574,3.4419215e-06,0.9986034,0.00029163196
HAM_0001700,ISIC_0030971,nv,follow_up,50.0,female,lower extremity,data/raw/HAM10000_images_part_2/ISIC_0030971.jpg,test,5,5,nv,nv,0.8987849,True,nv → nv,0.0042057917,0.0018279505,0.037747797,0.048739515,0.004641764,0.8987849,0.0040522744
HAM_0001008,ISIC_0031898,nv,follow_up,50.0,female,back,data/raw/HAM10000_images_part_2/ISIC_0031898.jpg,test,5,5,nv,nv,0.99130416,True,nv → nv,8.7948465e-05,3.7527574e-05,0.004614314,0.00160485,0.00085736316,0.99130416,0.0014938433
HAM_0000497,ISIC_0024563,nv,follow_up,50.0,female,lower extremity,data/raw/HAM10000_images_part_1/ISIC_0024563.jpg,test,5,5,nv,nv,0.9988494,True,nv → nv,6.8229826e-07,8.1500764e-07,0.0006547903,0.00013696037,6.758784e-05,0.9988494,0.00028973032
HAM_0004015,ISIC_0027892,nv,follow_up,50.0,female,lower extremity,data/raw/HAM10000_images_part_1/ISIC_0027892.jpg,test,5,5,nv,nv,0.82573676,True,nv → nv,0.002599871,0.0019877653,0.040008638,0.117845215,0.0020629424,0.82573676,0.00975882
HAM_0002062,ISIC_0027400,nv,follow_up,45.0,female,trunk,data/raw/HAM10000_images_part_1/ISIC_0027400.jpg,test,5,5,nv,nv,0.9986286,True,nv → nv,1.02012665e-08,1.2432035e-09,0.0011737428,2.0178545e-06,0.00019567324,0.9986286,2.4871781e-08
HAM_0003022,ISIC_0025551,nv,follow_up,45.0,female,upper extremity,data/raw/HAM10000_images_part_1/ISIC_0025551.jpg,test,5,5,nv,nv,0.9049866,True,nv → nv,0.007062603,0.002769799,0.043820135,0.02581753,0.011048265,0.9049866,0.004495051
HAM_0005076,ISIC_0024404,nv,follow_up,45.0,female,lower extremity,data/raw/HAM10000_images_part_1/ISIC_0024404.jpg,test,5,5,nv,nv,0.8377326,True,nv → nv,0.00727716,0.0025747183,0.045357134,0.09720044,0.0041848137,0.8377326,0.005673098
HAM_0006850,ISIC_0030186,nv,follow_up,45.0,female,trunk,data/raw/HAM10000_images_part_2/ISIC_0030186.jpg,test,5,5,nv,nv,0.9903903,True,nv → nv,3.8197144e-05,2.5937536e-05,0.004787141,0.003156539,0.0003758382,0.9903903,0.0012260276
HAM_0003199,ISIC_0027309,nv,follow_up,55.0,female,lower extremity,data/raw/HAM10000_images_part_1/ISIC_0027309.jpg,test,5,5,nv,nv,0.8332797,True,nv → nv,0.010446193,0.002478283,0.056698587,0.08990699,0.004570568,0.8332797,0.002619635
HAM_0003917,ISIC_0026814,nv,follow_up,65.0,female,back,data/raw/HAM10000_images_part_1/ISIC_0026814.jpg,test,5,5,nv,nv,0.9932893,True,nv → nv,3.088797e-05,4.303297e-06,0.0046612457,0.00011988898,0.001876696,0.9932893,1.7712115e-05
HAM_0001584,ISIC_0029004,nv,follow_up,65.0,female,lower extremity,data/raw/HAM10000_images_part_1/ISIC_0029004.jpg,test,5,5,nv,nv,0.9524463,True,nv → nv,0.0024456643,0.00067521905,0.027640464,0.010716906,0.005222283,0.9524463,0.00085308886
HAM_0005031,ISIC_0025109,nv,follow_up,65.0,male,abdomen,data/raw/HAM10000_images_part_1/ISIC_0025109.jpg,test,5,5,nv,nv,0.9805933,True,nv → nv,6.3215894e-06,4.236451e-06,0.0056378655,0.013616922,9.3686e-05,0.9805933,4.76514e-05
HAM_0002035,ISIC_0024989,nv,follow_up,45.0,female,upper extremity,data/raw/HAM10000_images_part_1/ISIC_0024989.jpg,test,5,5,nv,nv,0.563054,True,nv → nv,0.038270276,0.011891768,0.2153026,0.13455367,0.036272693,0.563054,0.0006549739
HAM_0002784,ISIC_0027712,nv,follow_up,55.0,male,lower extremity,data/raw/HAM10000_images_part_1/ISIC_0027712.jpg,test,5,5,nv,nv,0.9954711,True,nv → nv,1.5033995e-05,1.0425887e-05,0.0025980428,0.0005556158,0.00042513892,0.9954711,0.00092472334
HAM_0005170,ISIC_0026253,nv,follow_up,80.0,male,trunk,data/raw/HAM10000_images_part_1/ISIC_0026253.jpg,test,5,5,nv,nv,0.95521224,True,nv → nv,0.0001487086,7.61234e-05,0.015085952,0.0285434,0.00037934977,0.95521224,0.0005542267
HAM_0000213,ISIC_0029167,nv,follow_up,60.0,female,upper extremity,data/raw/HAM10000_images_part_1/ISIC_0029167.jpg,test,5,5,nv,nv,0.9954378,True,nv → nv,1.982569e-05,7.568944e-06,0.003223616,0.00042252292,0.00058602676,0.9954378,0.00030262774
HAM_0004359,ISIC_0025087,nv,follow_up,50.0,female,neck,data/raw/HAM10000_images_part_1/ISIC_0025087.jpg,test,5,5,nv,nv,0.9388615,True,nv → nv,0.00065482577,0.00019866675,0.04293084,0.013809249,0.0032964083,0.9388615,0.0002486147
HAM_0002239,ISIC_0028021,nv,follow_up,70.0,female,lower extremity,data/raw/HAM10000_images_part_1/ISIC_0028021.jpg,test,5,5,nv,nv,0.87848717,True,nv → nv,0.0020758263,0.0007052679,0.030281082,0.08569038,0.0013556377,0.87848717,0.001404672
HAM_0002405,ISIC_0030380,nv,follow_up,80.0,male,upper extremity,data/raw/HAM10000_images_part_2/ISIC_0030380.jpg,test,5,5,nv,nv,0.779819,True,nv → nv,0.01622897,0.003385456,0.110924505,0.07063233,0.018522793,0.779819,0.0004869285
HAM_0005080,ISIC_0027951,nv,follow_up,65.0,male,abdomen,data/raw/HAM10000_images_part_1/ISIC_0027951.jpg,test,5,5,nv,nv,0.9997433,True,nv → nv,4.6174313e-09,1.6660827e-09,0.00023459006,2.622515e-06,1.7850985e-05,0.9997433,1.655243e-06
HAM_0004247,ISIC_0031532,nv,follow_up,65.0,male,trunk,data/raw/HAM10000_images_part_2/ISIC_0031532.jpg,test,5,5,nv,nv,0.9651077,True,nv → nv,0.00014903041,5.3005115e-05,0.009360747,0.025003295,0.00022510262,0.9651077,0.00010112746
HAM_0006874,ISIC_0025017,nv,follow_up,65.0,male,lower extremity,data/raw/HAM10000_images_part_1/ISIC_0025017.jpg,test,5,5,nv,nv,0.9942152,True,nv → nv,3.1681466e-05,2.6285954e-05,0.0022235578,0.0013448747,0.00015627555,0.9942152,0.0020020981
HAM_0001558,ISIC_0025007,nv,follow_up,50.0,female,lower extremity,data/raw/HAM10000_images_part_1/ISIC_0025007.jpg,test,5,5,nv,nv,0.85122156,True,nv → nv,0.0031636022,0.0038630057,0.02755359,0.03463567,0.0032413485,0.85122156,0.076321326
HAM_0000813,ISIC_0024395,nv,follow_up,60.0,female,lower extremity,data/raw/HAM10000_images_part_1/ISIC_0024395.jpg,test,5,5,nv,nv,0.67026305,True,nv → nv,0.0033236083,0.0014356619,0.0379851,0.27768025,0.00094754365,0.67026305,0.008364843
HAM_0001636,ISIC_0030866,nv,follow_up,50.0,female,upper extremity,data/raw/HAM10000_images_part_2/ISIC_0030866.jpg,test,5,5,nv,nv,0.9536302,True,nv → nv,0.001423177,0.0008395463,0.023192072,0.014338407,0.0025745607,0.9536302,0.004002098
HAM_0000260,ISIC_0026436,nv,follow_up,75.0,male,trunk,data/raw/HAM10000_images_part_1/ISIC_0026436.jpg,test,5,5,nv,nv,0.50860834,True,nv → nv,0.08722237,0.018003207,0.18266696,0.03144887,0.17200865,0.50860834,4.161759e-05
HAM_0007388,ISIC_0031693,nv,follow_up,75.0,male,trunk,data/raw/HAM10000_images_part_2/ISIC_0031693.jpg,test,5,5,nv,nv,0.9826302,True,nv → nv,5.465114e-05,4.72046e-05,0.007605813,0.009011963,0.00030157244,0.9826302,0.00034862783
HAM_0000363,ISIC_0027617,nv,follow_up,60.0,male,abdomen,data/raw/HAM10000_images_part_1/ISIC_0027617.jpg,test,5,5,nv,nv,0.9486376,True,nv → nv,0.0021935394,0.00047075102,0.030356394,0.013281739,0.0044908905,0.9486376,0.00056910404
HAM_0005890,ISIC_0027653,nv,follow_up,60.0,male,abdomen,data/raw/HAM10000_images_part_1/ISIC_0027653.jpg,test,5,5,nv,nv,0.68713784,True,nv → nv,0.016519893,0.0050010104,0.15056959,0.007941063,0.13231076,0.68713784,0.00051993027
HAM_0006767,ISIC_0031033,nv,follow_up,60.0,male,back,data/raw/HAM10000_images_part_2/ISIC_0031033.jpg,test,5,5,nv,nv,0.97004616,True,nv → nv,5.534524e-05,1.1426464e-05,0.023254644,0.0015346835,0.005087049,0.97004616,1.063245e-05
HAM_0004647,ISIC_0025639,nv,follow_up,60.0,female,trunk,data/raw/HAM10000_images_part_1/ISIC_0025639.jpg,test,5,5,nv,nv,0.94545317,True,nv → nv,0.0002010393,7.3567455e-05,0.038489178,0.009546056,0.0061156023,0.94545317,0.00012135886
HAM_0004527,ISIC_0027638,nv,follow_up,55.0,female,trunk,data/raw/HAM10000_images_part_1/ISIC_0027638.jpg,test,5,5,nv,nv,0.83121026,True,nv → nv,0.0015302685,0.0006625927,0.031874646,0.1305918,0.0012329036,0.83121026,0.002897516
HAM_0005306,ISIC_0027056,nv,follow_up,60.0,male,back,data/raw/HAM10000_images_part_1/ISIC_0027056.jpg,test,5,5,nv,nv,0.6310966,True,nv → nv,0.025909886,0.03574732,0.08992808,0.059544276,0.05670682,0.6310966,0.10106696
HAM_0002019,ISIC_0030402,nv,follow_up,60.0,male,back,data/raw/HAM10000_images_part_2/ISIC_0030402.jpg,test,5,5,nv,nv,0.885161,True,nv → nv,0.001439306,0.0017335883,0.073832124,0.022502268,0.008504874,0.885161,0.0068267644
HAM_0003697,ISIC_0025438,nv,follow_up,40.0,male,back,data/raw/HAM10000_images_part_1/ISIC_0025438.jpg,test,5,5,nv,nv,0.96980864,True,nv → nv,8.001184e-05,8.596203e-06,0.016309002,0.013337941,0.0004256874,0.96980864,3.0211664e-05
HAM_0005390,ISIC_0024574,nv,follow_up,40.0,female,lower extremity,data/raw/HAM10000_images_part_1/ISIC_0024574.jpg,test,5,5,nv,nv,0.9307215,True,nv → nv,0.0014701947,0.00059341383,0.016195873,0.0415921,0.0008007531,0.9307215,0.008626215
HAM_0002789,ISIC_0030578,nv,follow_up,50.0,male,back,data/raw/HAM10000_images_part_2/ISIC_0030578.jpg,test,5,5,nv,nv,0.7266936,True,nv → nv,0.010657084,0.0033029255,0.08396874,0.16728589,0.006453866,0.7266936,0.0016379416
HAM_0006307,ISIC_0024570,nv,follow_up,50.0,male,back,data/raw/HAM10000_images_part_1/ISIC_0024570.jpg,test,5,5,nv,nv,0.8261126,True,nv → nv,0.0077503026,0.0025359716,0.074788325,0.07813242,0.0083369315,0.8261126,0.0023434495
HAM_0007624,ISIC_0026322,nv,follow_up,60.0,male,trunk,data/raw/HAM10000_images_part_1/ISIC_0026322.jpg,test,5,5,nv,nv,0.9859291,True,nv → nv,1.1676834e-05,1.1932459e-06,0.0127614,0.00076508836,0.00053123006,0.9859291,3.3425079e-07
HAM_0003390,ISIC_0024859,nv,follow_up,50.0,male,trunk,data/raw/HAM10000_images_part_1/ISIC_0024859.jpg,test,5,5,nv,nv,0.97874075,True,nv → nv,7.188296e-05,0.00010702524,0.0053168414,0.005163088,0.0003266491,0.97874075,0.010273757
HAM_0005445,ISIC_0027695,nv,follow_up,40.0,female,trunk,data/raw/HAM10000_images_part_1/ISIC_0027695.jpg,test,5,5,nv,nv,0.91314936,True,nv → nv,0.0024878208,0.0024556147,0.027846899,0.01711519,0.0065398086,0.91314936,0.030405292
HAM_0000829,ISIC_0029440,nv,follow_up,60.0,male,lower extremity,data/raw/HAM10000_images_part_2/ISIC_0029440.jpg,test,5,5,nv,nv,0.99088216,True,nv → nv,4.977877e-06,2.4697804e-06,0.005047001,0.0040000984,5.9646212e-05,0.99088216,3.7017076e-06
HAM_0007490,ISIC_0025968,nv,follow_up,60.0,male,lower extremity,data/raw/HAM10000_images_part_1/ISIC_0025968.jpg,test,5,5,nv,nv,0.99532074,True,nv → nv,6.5906206e-06,3.3581243e-06,0.0020718789,0.0024272378,2.8187305e-05,0.99532074,0.00014201915
HAM_0000514,ISIC_0028934,nv,follow_up,80.0,male,trunk,data/raw/HAM10000_images_part_1/ISIC_0028934.jpg,test,5,5,nv,nv,0.7992259,True,nv → nv,0.0066912714,0.002117748,0.08480362,0.100384176,0.0061255633,0.7992259,0.000651651
HAM_0000489,ISIC_0024960,nv,follow_up,80.0,male,trunk,data/raw/HAM10000_images_part_1/ISIC_0024960.jpg,test,5,5,nv,nv,0.84319127,True,nv → nv,0.007923964,0.0010938757,0.10515446,0.025738917,0.01682572,0.84319127,7.172044e-05
HAM_0007351,ISIC_0032183,nv,follow_up,35.0,male,back,data/raw/HAM10000_images_part_2/ISIC_0032183.jpg,test,5,5,nv,nv,0.74190956,True,nv → nv,0.010657298,0.002743113,0.1232704,0.108154334,0.012962729,0.74190956,0.0003025989
HAM_0003511,ISIC_0024321,nv,follow_up,35.0,male,lower extremity,data/raw/HAM10000_images_part_1/ISIC_0024321.jpg,test,5,5,nv,nv,0.7944835,True,nv → nv,0.0045852736,0.0015034927,0.07995746,0.113664776,0.0053605004,0.7944835,0.00044499146
HAM_0004602,ISIC_0031240,nv,follow_up,55.0,female,trunk,data/raw/HAM10000_images_part_2/ISIC_0031240.jpg,test,5,5,nv,nv,0.9166716,True,nv → nv,0.008755612,0.0021707714,0.042405,0.0070669507,0.021724297,0.9166716,0.0012058805
HAM_0005128,ISIC_0025549,nv,follow_up,55.0,female,back,data/raw/HAM10000_images_part_1/ISIC_0025549.jpg,test,5,5,nv,nv,0.98336446,True,nv → nv,0.00023835634,5.1545518e-05,0.010114019,0.00032516685,0.0058182846,0.98336446,8.817167e-05
HAM_0005589,ISIC_0026224,nv,follow_up,45.0,male,foot,data/raw/HAM10000_images_part_1/ISIC_0026224.jpg,test,5,5,nv,nv,0.6259654,True,nv → nv,0.010164666,0.0035527383,0.047543585,0.2921173,0.0009946224,0.6259654,0.019661611
HAM_0006839,ISIC_0028683,nv,follow_up,50.0,female,trunk,data/raw/HAM10000_images_part_1/ISIC_0028683.jpg,test,5,5,nv,nv,0.7548536,True,nv → nv,0.0047450163,0.0027138365,0.14921188,0.06887492,0.01742462,0.7548536,0.0021760804
HAM_0004938,ISIC_0027214,nv,follow_up,50.0,female,trunk,data/raw/HAM10000_images_part_1/ISIC_0027214.jpg,test,5,5,nv,nv,0.987128,True,nv → nv,1.5565325e-05,2.724547e-06,0.011192422,0.0011032058,0.0005560146,0.987128,1.977626e-06
HAM_0002820,ISIC_0028422,nv,follow_up,35.0,male,back,data/raw/HAM10000_images_part_1/ISIC_0028422.jpg,test,5,5,nv,nv,0.998845,True,nv → nv,3.078409e-07,1.8792866e-07,0.000869317,0.00013853483,7.0012604e-05,0.998845,7.668159e-05
HAM_0002389,ISIC_0026701,nv,follow_up,50.0,male,trunk,data/raw/HAM10000_images_part_1/ISIC_0026701.jpg,test,5,5,nv,nv,0.95197093,True,nv → nv,0.0013801457,0.00049717334,0.026599504,0.015326259,0.0029048482,0.95197093,0.0013211368
HAM_0005069,ISIC_0028301,nv,follow_up,60.0,female,lower extremity,data/raw/HAM10000_images_part_1/ISIC_0028301.jpg,test,5,5,nv,nv,0.95978916,True,nv → nv,0.0010755347,0.0003983887,0.025979651,0.00937173,0.0028958942,0.95978916,0.0004896565
HAM_0004723,ISIC_0032413,nv,follow_up,60.0,female,genital,data/raw/HAM10000_images_part_2/ISIC_0032413.jpg,test,5,5,nv,nv,0.998075,True,nv → nv,2.2282413e-06,1.4278231e-06,0.0012429698,0.0004209099,6.2831205e-05,0.998075,0.0001946339
HAM_0004236,ISIC_0032180,nv,follow_up,55.0,female,back,data/raw/HAM10000_images_part_2/ISIC_0032180.jpg,test,5,5,nv,nv,0.9540228,True,nv → nv,0.0005774217,0.00012732105,0.019738348,0.024012817,0.0011823744,0.9540228,0.0003389227
HAM_0005491,ISIC_0032083,nv,follow_up,55.0,female,trunk,data/raw/HAM10000_images_part_2/ISIC_0032083.jpg,test,5,5,nv,nv,0.967507,True,nv → nv,0.0004555621,0.0002266494,0.012322192,0.015481802,0.0010557116,0.967507,0.0029511433
HAM_0001441,ISIC_0024660,nv,follow_up,55.0,female,lower extremity,data/raw/HAM10000_images_part_1/ISIC_0024660.jpg,test,5,5,nv,nv,0.747146,True,nv → nv,0.022909258,0.0062889694,0.10847114,0.09800905,0.014133472,0.747146,0.0030420604
HAM_0000784,ISIC_0030989,nv,follow_up,50.0,female,lower extremity,data/raw/HAM10000_images_part_2/ISIC_0030989.jpg,test,5,5,nv,nv,0.9775933,True,nv → nv,0.00010915766,3.0141051e-05,0.00854339,0.013323255,0.00027097238,0.9775933,0.00012986317
HAM_0003432,ISIC_0027962,nv,follow_up,50.0,female,upper extremity,data/raw/HAM10000_images_part_1/ISIC_0027962.jpg,test,5,5,nv,nv,0.5436821,True,nv → nv,0.06629628,0.010303644,0.21081987,0.083719306,0.08513821,0.5436821,4.054251e-05
HAM_0006361,ISIC_0030196,nv,follow_up,50.0,female,lower extremity,data/raw/HAM10000_images_part_2/ISIC_0030196.jpg,test,5,5,nv,nv,0.9492199,True,nv → nv,6.023018e-05,2.664366e-05,0.04067795,0.008866695,0.0011261245,0.9492199,2.2519256e-05
HAM_0005177,ISIC_0029423,nv,follow_up,40.0,female,lower extremity,data/raw/HAM10000_images_part_2/ISIC_0029423.jpg,test,5,5,nv,nv,0.9648631,True,nv → nv,0.0006996494,0.00032299434,0.0127992965,0.016849928,0.0006842141,0.9648631,0.0037807035
HAM_0000997,ISIC_0030385,nv,follow_up,75.0,female,trunk,data/raw/HAM10000_images_part_2/ISIC_0030385.jpg,test,5,5,nv,nv,0.9671486,True,nv → nv,0.00010440568,1.5778678e-05,0.0146408165,0.01776611,0.0003034922,0.9671486,2.075055e-05
HAM_0003612,ISIC_0024456,nv,follow_up,75.0,female,back,data/raw/HAM10000_images_part_1/ISIC_0024456.jpg,test,5,5,nv,nv,0.97197783,True,nv → nv,0.00014746646,4.453681e-05,0.010266733,0.017070206,0.00028559432,0.97197783,0.0002076907
HAM_0000839,ISIC_0032049,nv,follow_up,55.0,female,trunk,data/raw/HAM10000_images_part_2/ISIC_0032049.jpg,test,5,5,nv,nv,0.9411402,True,nv → nv,0.0015252666,0.0002846521,0.040584415,0.011336683,0.0049369973,0.9411402,0.00019179712
HAM_0001281,ISIC_0027048,nv,follow_up,55.0,female,lower extremity,data/raw/HAM10000_images_part_1/ISIC_0027048.jpg,test,5,5,nv,nv,0.89849627,True,nv → nv,0.00305771,0.0009506366,0.034398455,0.059167054,0.0026854381,0.89849627,0.0012445302
HAM_0001653,ISIC_0027895,nv,follow_up,55.0,female,lower extremity,data/raw/HAM10000_images_part_1/ISIC_0027895.jpg,test,5,5,nv,nv,0.9838817,True,nv → nv,4.675073e-06,1.8064133e-05,0.0014616093,0.0066331625,2.620097e-05,0.9838817,0.007974486
HAM_0000550,ISIC_0024306,nv,follow_up,45.0,male,trunk,data/raw/HAM10000_images_part_1/ISIC_0024306.jpg,test,5,5,nv,nv,0.9950128,True,nv → nv,1.2956952e-05,1.6614722e-06,0.0036705027,0.0010920862,0.0001907878,0.9950128,1.9245173e-05
HAM_0003467,ISIC_0031089,nv,follow_up,30.0,male,trunk,data/raw/HAM10000_images_part_2/ISIC_0031089.jpg,test,5,5,nv,nv,0.90835625,True,nv → nv,0.006015686,0.001868632,0.04535173,0.025518043,0.010428627,0.90835625,0.00246111
HAM_0002328,ISIC_0026896,nv,follow_up,40.0,female,back,data/raw/HAM10000_images_part_1/ISIC_0026896.jpg,test,5,5,nv,nv,0.72380704,True,nv → nv,0.025840754,0.0074275765,0.12016231,0.095610455,0.024057621,0.72380704,0.0030942627
HAM_0006278,ISIC_0031141,nv,follow_up,40.0,female,lower extremity,data/raw/HAM10000_images_part_2/ISIC_0031141.jpg,test,5,5,nv,nv,0.98429155,True,nv → nv,0.00014987212,0.0001017443,0.009350938,0.0016113402,0.002336669,0.98429155,0.0021579969
HAM_0003733,ISIC_0025448,nv,follow_up,40.0,female,lower extremity,data/raw/HAM10000_images_part_1/ISIC_0025448.jpg,test,5,5,nv,nv,0.90279174,True,nv → nv,0.0008480987,0.00046271997,0.048228957,0.043376546,0.0016590515,0.90279174,0.002632922
HAM_0000969,ISIC_0028071,nv,follow_up,40.0,female,lower extremity,data/raw/HAM10000_images_part_1/ISIC_0028071.jpg,test,5,5,nv,nv,0.8048373,True,nv → nv,0.007109512,0.0013177958,0.04489547,0.14005187,0.0011151963,0.8048373,0.0006728965
HAM_0002219,ISIC_0031679,nv,follow_up,55.0,female,trunk,data/raw/HAM10000_images_part_2/ISIC_0031679.jpg,test,5,5,nv,nv,0.9923069,True,nv → nv,1.8183678e-06,1.3527583e-06,0.006636016,0.00069231016,0.00031014334,0.9923069,5.1421608e-05
HAM_0007593,ISIC_0031854,nv,follow_up,60.0,female,abdomen,data/raw/HAM10000_images_part_2/ISIC_0031854.jpg,test,5,5,nv,nv,0.66293246,True,nv → nv,0.025598181,0.0067525115,0.11846319,0.17054863,0.014094705,0.66293246,0.0016103359
HAM_0005827,ISIC_0026119,nv,follow_up,60.0,female,abdomen,data/raw/HAM10000_images_part_1/ISIC_0026119.jpg,test,5,5,nv,nv,0.9870702,True,nv → nv,5.270517e-05,4.4784207e-05,0.0085184295,0.0027497264,0.00073798344,0.9870702,0.0008262012
HAM_0000962,ISIC_0028674,nv,follow_up,60.0,female,lower extremity,data/raw/HAM10000_images_part_1/ISIC_0028674.jpg,test,5,5,nv,nv,0.99213976,True,nv → nv,2.2349182e-05,1.8089593e-06,0.0064278697,0.0009685322,0.0004381982,0.99213976,1.4907292e-06
HAM_0002831,ISIC_0026977,nv,follow_up,45.0,male,lower extremity,data/raw/HAM10000_images_part_1/ISIC_0026977.jpg,test,5,5,nv,nv,0.9940533,True,nv → nv,5.845713e-06,6.917926e-06,0.0015747695,0.0027579493,2.5778749e-05,0.9940533,0.00157545
HAM_0004394,ISIC_0025060,nv,follow_up,50.0,male,trunk,data/raw/HAM10000_images_part_1/ISIC_0025060.jpg,test,5,5,nv,nv,0.9940878,True,nv → nv,1.9315465e-05,3.018086e-06,0.004449424,0.0003786929,0.0010208321,0.9940878,4.093641e-05
HAM_0001251,ISIC_0026972,nv,follow_up,45.0,male,lower extremity,data/raw/HAM10000_images_part_1/ISIC_0026972.jpg,test,5,5,nv,nv,0.7673507,True,nv → nv,0.0120160505,0.003177766,0.10928939,0.09400232,0.012497534,0.7673507,0.001666236
HAM_0007386,ISIC_0024568,nv,follow_up,40.0,male,lower extremity,data/raw/HAM10000_images_part_1/ISIC_0024568.jpg,test,5,5,nv,nv,0.9946044,True,nv → nv,3.6160098e-05,2.689018e-05,0.0023860943,0.001224906,0.00033879408,0.9946044,0.001382711
HAM_0000739,ISIC_0025561,nv,follow_up,40.0,male,trunk,data/raw/HAM10000_images_part_1/ISIC_0025561.jpg,test,5,5,nv,nv,0.63858885,True,nv → nv,0.0066384147,0.0030337274,0.07426905,0.26758844,0.0050497386,0.63858885,0.0048317513
HAM_0005070,ISIC_0030863,nv,follow_up,55.0,female,trunk,data/raw/HAM10000_images_part_2/ISIC_0030863.jpg,test,5,5,nv,nv,0.9990902,True,nv → nv,4.233202e-07,2.448088e-07,0.00042596186,0.00037915053,8.567454e-06,0.9990902,9.548506e-05
HAM_0003481,ISIC_0029050,nv,follow_up,35.0,female,back,data/raw/HAM10000_images_part_1/ISIC_0029050.jpg,test,5,5,nv,nv,0.8996407,True,nv → nv,0.0011648339,0.00039756022,0.066881746,0.024547437,0.0072775744,0.8996407,9.004002e-05
HAM_0003988,ISIC_0024427,nv,follow_up,65.0,male,abdomen,data/raw/HAM10000_images_part_1/ISIC_0024427.jpg,test,5,5,nv,nv,0.9692671,True,nv → nv,0.00010634793,5.603089e-05,0.0077565913,0.021359809,0.00016263683,0.9692671,0.0012915576
HAM_0003701,ISIC_0027191,nv,follow_up,45.0,female,lower extremity,data/raw/HAM10000_images_part_1/ISIC_0027191.jpg,test,5,5,nv,nv,0.976541,True,nv → nv,2.7284412e-05,2.9821866e-05,0.0030096765,0.0144248735,2.1456379e-05,0.976541,0.005945904
HAM_0002339,ISIC_0026597,nv,follow_up,75.0,female,trunk,data/raw/HAM10000_images_part_1/ISIC_0026597.jpg,test,5,5,nv,nv,0.74025863,True,nv → nv,0.003958985,0.0012021852,0.09158982,0.15688843,0.0053846175,0.74025863,0.00071729574
HAM_0006441,ISIC_0029016,nv,follow_up,40.0,female,lower extremity,data/raw/HAM10000_images_part_1/ISIC_0029016.jpg,test,5,5,nv,nv,0.9991321,True,nv → nv,5.0673003e-07,1.7426424e-07,0.00061939826,8.7434155e-06,0.00021563497,0.9991321,2.3415292e-05
HAM_0006119,ISIC_0029944,nv,follow_up,40.0,female,upper extremity,data/raw/HAM10000_images_part_2/ISIC_0029944.jpg,test,5,5,nv,nv,0.9375516,True,nv → nv,0.0015764764,0.00084175245,0.03657906,0.015622619,0.0045444127,0.9375516,0.0032841002
HAM_0000522,ISIC_0024826,nv,follow_up,40.0,female,upper extremity,data/raw/HAM10000_images_part_1/ISIC_0024826.jpg,test,5,5,nv,nv,0.91346574,True,nv → nv,0.00039202746,6.7418994e-05,0.07358334,0.0027489457,0.009726458,0.91346574,1.615695e-05
HAM_0000491,ISIC_0028207,nv,follow_up,45.0,male,trunk,data/raw/HAM10000_images_part_1/ISIC_0028207.jpg,test,5,5,nv,nv,0.99012136,True,nv → nv,2.1143434e-05,2.9408746e-05,0.003061148,0.00085664855,0.00066416693,0.99012136,0.0052461773
HAM_0006620,ISIC_0029378,nv,follow_up,45.0,female,upper extremity,data/raw/HAM10000_images_part_2/ISIC_0029378.jpg,test,5,5,nv,nv,0.9295621,True,nv → nv,0.004640542,0.001605963,0.034917068,0.02097341,0.005009415,0.9295621,0.0032915976
HAM_0003226,ISIC_0029225,nv,follow_up,55.0,male,trunk,data/raw/HAM10000_images_part_1/ISIC_0029225.jpg,test,5,5,nv,nv,0.75803274,True,nv → nv,0.023141677,0.0064162575,0.12381474,0.062464837,0.025596544,0.75803274,0.00053311244
HAM_0002524,ISIC_0026184,nv,follow_up,55.0,male,trunk,data/raw/HAM10000_images_part_1/ISIC_0026184.jpg,test,5,5,nv,nv,0.99739456,True,nv → nv,1.462062e-06,1.5038641e-07,0.0021441695,0.00037851353,8.065684e-05,0.99739456,4.2016646e-07
HAM_0002279,ISIC_0031427,nv,follow_up,45.0,female,lower extremity,data/raw/HAM10000_images_part_2/ISIC_0031427.jpg,test,5,5,nv,nv,0.58745825,True,nv → nv,0.012712287,0.0046003913,0.048095025,0.31804806,0.0012386227,0.58745825,0.02784736
HAM_0002636,ISIC_0031782,nv,follow_up,45.0,female,trunk,data/raw/HAM10000_images_part_2/ISIC_0031782.jpg,test,5,5,nv,nv,0.97067755,True,nv → nv,0.0007541566,0.00039471535,0.01576382,0.0075037302,0.0020275195,0.97067755,0.0028785097
HAM_0001476,ISIC_0025343,nv,follow_up,35.0,male,lower extremity,data/raw/HAM10000_images_part_1/ISIC_0025343.jpg,test,5,5,nv,nv,0.9164289,True,nv → nv,0.0017434811,0.00015245471,0.063109316,0.010031826,0.008527487,0.9164289,6.503627e-06
HAM_0006087,ISIC_0032094,nv,follow_up,45.0,male,back,data/raw/HAM10000_images_part_2/ISIC_0032094.jpg,test,5,5,nv,nv,0.89383125,True,nv → nv,0.007672774,0.0023406923,0.04804864,0.03872992,0.0069782236,0.89383125,0.0023984546
HAM_0002133,ISIC_0027885,nv,follow_up,35.0,female,lower extremity,data/raw/HAM10000_images_part_1/ISIC_0027885.jpg,test,5,5,nv,nv,0.9534391,True,nv → nv,0.000107897526,3.4839697e-05,0.038006235,0.0059364443,0.0022343064,0.9534391,0.00024117349
HAM_0003553,ISIC_0026469,nv,follow_up,45.0,female,abdomen,data/raw/HAM10000_images_part_1/ISIC_0026469.jpg,test,5,5,nv,nv,0.99263304,True,nv → nv,1.0093849e-05,3.134647e-06,0.0058577554,0.0006322524,0.00083183503,0.99263304,3.1876607e-05
HAM_0006259,ISIC_0027785,nv,follow_up,45.0,female,foot,data/raw/HAM10000_images_part_1/ISIC_0027785.jpg,test,5,5,nv,nv,0.9231582,True,nv → nv,0.006578182,0.0024251833,0.038227413,0.018163765,0.007879855,0.9231582,0.0035673138
HAM_0007371,ISIC_0026002,nv,follow_up,60.0,female,trunk,data/raw/HAM10000_images_part_1/ISIC_0026002.jpg,test,5,5,nv,nv,0.9779759,True,nv → nv,0.00079358916,0.00028429428,0.012395871,0.0043185805,0.0028838268,0.9779759,0.0013479209
HAM_0001942,ISIC_0027476,nv,follow_up,60.0,male,lower extremity,data/raw/HAM10000_images_part_1/ISIC_0027476.jpg,test,5,5,nv,nv,0.95490265,True,nv → nv,0.000283691,0.00018413339,0.0102148885,0.029602882,0.00033986106,0.95490265,0.0044718287
HAM_0002155,ISIC_0027696,nv,follow_up,40.0,female,back,data/raw/HAM10000_images_part_1/ISIC_0027696.jpg,test,5,5,nv,nv,0.9968265,True,nv → nv,1.193874e-07,2.2796353e-08,0.0029779782,7.997086e-05,0.00011517725,0.9968265,2.2032584e-07
HAM_0000450,ISIC_0025059,nv,follow_up,40.0,female,lower extremity,data/raw/HAM10000_images_part_1/ISIC_0025059.jpg,test,5,5,nv,nv,0.9375848,True,nv → nv,0.0008892532,0.0005132489,0.021350134,0.035423405,0.0011949304,0.9375848,0.0030441955
HAM_0005344,ISIC_0029383,nv,follow_up,45.0,male,upper extremity,data/raw/HAM10000_images_part_2/ISIC_0029383.jpg,test,5,5,nv,nv,0.34934264,True,nv → nv,0.15435404,0.046727836,0.229861,0.12882517,0.08953119,0.34934264,0.0013580038
HAM_0006133,ISIC_0024755,nv,follow_up,45.0,male,lower extremity,data/raw/HAM10000_images_part_1/ISIC_0024755.jpg,test,5,5,nv,nv,0.90771466,True,nv → nv,0.0053189094,0.0012624497,0.046793465,0.03237412,0.005759518,0.90771466,0.00077682897
HAM_0006446,ISIC_0025591,nv,follow_up,60.0,male,trunk,data/raw/HAM10000_images_part_1/ISIC_0025591.jpg,test,5,5,nv,nv,0.9231151,True,nv → nv,0.0005802765,0.00015919558,0.041331355,0.03219595,0.0022087505,0.9231151,0.00040932695
HAM_0004465,ISIC_0024500,nv,follow_up,45.0,male,abdomen,data/raw/HAM10000_images_part_1/ISIC_0024500.jpg,test,5,5,nv,nv,0.98798627,True,nv → nv,0.00014402928,4.8464375e-05,0.007225298,0.003608202,0.00066856196,0.98798627,0.00031918782
HAM_0005965,ISIC_0029858,nv,follow_up,40.0,female,abdomen,data/raw/HAM10000_images_part_2/ISIC_0029858.jpg,test,5,5,nv,nv,0.978113,True,nv → nv,0.0004856228,0.00012331038,0.014761144,0.0016788503,0.0045896075,0.978113,0.00024843382
HAM_0004987,ISIC_0027132,nv,follow_up,70.0,male,back,data/raw/HAM10000_images_part_1/ISIC_0027132.jpg,test,5,5,nv,nv,0.9555349,True,nv → nv,0.0009416338,0.00022425482,0.020148147,0.020975437,0.0015463508,0.9555349,0.00062933116
HAM_0007154,ISIC_0024719,nv,follow_up,70.0,male,upper extremity,data/raw/HAM10000_images_part_1/ISIC_0024719.jpg,test,5,5,nv,nv,0.95553017,True,nv → nv,0.00060543424,9.517649e-05,0.026166998,0.015204613,0.0022717128,0.95553017,0.00012591748
HAM_0002608,ISIC_0026484,nv,follow_up,40.0,female,foot,data/raw/HAM10000_images_part_1/ISIC_0026484.jpg,test,5,5,nv,nv,0.8481139,True,nv → nv,0.011216791,0.004631472,0.04218282,0.068285234,0.0050761267,0.8481139,0.020493727
HAM_0006534,ISIC_0028778,nv,follow_up,55.0,female,lower extremity,data/raw/HAM10000_images_part_1/ISIC_0028778.jpg,test,5,5,nv,nv,0.9859148,True,nv → nv,0.00015323948,8.9452355e-05,0.007958899,0.0029886675,0.0011304478,0.9859148,0.0017644275
HAM_0007215,ISIC_0030294,nv,follow_up,40.0,female,back,data/raw/HAM10000_images_part_2/ISIC_0030294.jpg,test,5,5,nv,nv,0.8700187,True,nv → nv,0.004974443,0.0014824158,0.084653914,0.02785565,0.0105946865,0.8700187,0.00042024616
HAM_0004994,ISIC_0028839,nv,follow_up,40.0,female,abdomen,data/raw/HAM10000_images_part_1/ISIC_0028839.jpg,test,5,5,nv,nv,0.97246844,True,nv → nv,0.00082793133,0.00021742212,0.01612566,0.005938072,0.0032623834,0.97246844,0.001160115
HAM_0006336,ISIC_0032117,nv,follow_up,55.0,female,abdomen,data/raw/HAM10000_images_part_2/ISIC_0032117.jpg,test,5,5,nv,nv,0.83815086,True,nv → nv,0.0047804196,0.0010471646,0.056368977,0.09464619,0.003938834,0.83815086,0.0010675044
HAM_0000166,ISIC_0028954,nv,follow_up,55.0,female,lower extremity,data/raw/HAM10000_images_part_1/ISIC_0028954.jpg,test,5,5,nv,nv,0.98944086,True,nv → nv,2.3695766e-05,3.5272515e-06,0.007920461,0.00021465207,0.0023774914,0.98944086,1.9347835e-05
HAM_0005771,ISIC_0030799,nv,follow_up,50.0,female,trunk,data/raw/HAM10000_images_part_2/ISIC_0030799.jpg,test,5,5,nv,nv,0.99961734,True,nv → nv,1.2879037e-08,2.9438254e-09,0.0003215493,1.4039641e-06,5.8585847e-05,0.99961734,1.0301776e-06
HAM_0002420,ISIC_0028796,nv,follow_up,35.0,female,back,data/raw/HAM10000_images_part_1/ISIC_0028796.jpg,test,5,5,nv,nv,0.9249208,True,nv → nv,0.0049784887,0.001979697,0.033525128,0.02202637,0.0070097186,0.9249208,0.0055598305
HAM_0007582,ISIC_0027092,nv,follow_up,50.0,male,lower extremity,data/raw/HAM10000_images_part_1/ISIC_0027092.jpg,test,5,5,nv,nv,0.9854901,True,nv → nv,0.00026229804,0.00010152941,0.0097449655,0.0018817385,0.0019478531,0.9854901,0.00057148904
HAM_0005945,ISIC_0032053,nv,follow_up,50.0,male,lower extremity,data/raw/HAM10000_images_part_2/ISIC_0032053.jpg,test,5,5,nv,nv,0.9962022,True,nv → nv,2.1350681e-05,6.159361e-06,0.002769167,0.0003880784,0.00044526302,0.9962022,0.0001677642
HAM_0002362,ISIC_0025307,nv,follow_up,40.0,male,back,data/raw/HAM10000_images_part_1/ISIC_0025307.jpg,test,5,5,nv,nv,0.991503,True,nv → nv,2.3226972e-05,1.5308865e-06,0.0060375193,0.0020553,0.00037367112,0.991503,5.8347146e-06
HAM_0005622,ISIC_0030213,nv,follow_up,45.0,male,lower extremity,data/raw/HAM10000_images_part_2/ISIC_0030213.jpg,test,5,5,nv,nv,0.9930432,True,nv → nv,1.2113319e-06,1.4759415e-06,0.0030307022,0.0038260806,3.0212626e-05,0.9930432,6.708982e-05
HAM_0001718,ISIC_0026357,nv,follow_up,50.0,male,abdomen,data/raw/HAM10000_images_part_1/ISIC_0026357.jpg,test,5,5,nv,nv,0.8371819,True,nv → nv,0.005537457,0.0012968672,0.06426603,0.086274885,0.004791166,0.8371819,0.0006516824
HAM_0003849,ISIC_0027185,nv,follow_up,50.0,male,abdomen,data/raw/HAM10000_images_part_1/ISIC_0027185.jpg,test,5,5,nv,nv,0.95887023,True,nv → nv,0.0010455863,0.00027706692,0.01367946,0.023100762,0.00064143265,0.95887023,0.0023854193
HAM_0002458,ISIC_0026155,nv,follow_up,50.0,male,lower extremity,data/raw/HAM10000_images_part_1/ISIC_0026155.jpg,test,5,5,nv,nv,0.9119007,True,nv → nv,0.006341243,0.0013513421,0.033407457,0.043604556,0.002508729,0.9119007,0.0008859098
HAM_0002700,ISIC_0025011,nv,follow_up,55.0,female,trunk,data/raw/HAM10000_images_part_1/ISIC_0025011.jpg,test,5,5,nv,nv,0.9697731,True,nv → nv,8.569021e-05,1.3958293e-05,0.0137610175,0.016136572,0.00021556369,0.9697731,1.414345e-05
HAM_0005904,ISIC_0024956,nv,follow_up,60.0,male,trunk,data/raw/HAM10000_images_part_1/ISIC_0024956.jpg,test,5,5,nv,nv,0.899614,True,nv → nv,0.0035200773,0.0011231933,0.03948653,0.050511822,0.0038206035,0.899614,0.0019238583
HAM_0007092,ISIC_0031370,nv,follow_up,50.0,male,upper extremity,data/raw/HAM10000_images_part_2/ISIC_0031370.jpg,test,5,5,nv,nv,0.9281646,True,nv → nv,0.002328982,0.00046383316,0.044118054,0.017105646,0.0074451063,0.9281646,0.00037372406
HAM_0002767,ISIC_0031914,nv,follow_up,55.0,male,upper extremity,data/raw/HAM10000_images_part_2/ISIC_0031914.jpg,test,5,5,nv,nv,0.8121626,True,nv → nv,0.018691525,0.006217963,0.07668478,0.06460644,0.015169895,0.8121626,0.006466836
HAM_0004415,ISIC_0024532,nv,follow_up,40.0,male,abdomen,data/raw/HAM10000_images_part_1/ISIC_0024532.jpg,test,5,5,nv,nv,0.757077,True,nv → nv,0.023074122,0.0110989725,0.077747755,0.11210719,0.01152347,0.757077,0.007371494
HAM_0002101,ISIC_0029398,nv,follow_up,35.0,female,upper extremity,data/raw/HAM10000_images_part_2/ISIC_0029398.jpg,test,5,5,nv,nv,0.90589464,True,nv → nv,0.0040892856,0.0037239122,0.03154594,0.028739767,0.006030894,0.90589464,0.019975496
HAM_0002213,ISIC_0030222,nv,follow_up,55.0,female,lower extremity,data/raw/HAM10000_images_part_2/ISIC_0030222.jpg,test,5,5,nv,nv,0.9616571,True,nv → nv,0.0005026694,0.00012040757,0.02342345,0.0127490135,0.0014230754,0.9616571,0.00012424559
HAM_0006690,ISIC_0028942,nv,follow_up,55.0,female,unknown,data/raw/HAM10000_images_part_1/ISIC_0028942.jpg,test,5,5,nv,nv,0.98714733,True,nv → nv,5.89633e-05,4.5355082e-05,0.007163386,0.0027296,0.00067058566,0.98714733,0.00218478
HAM_0005516,ISIC_0028748,nv,follow_up,50.0,male,abdomen,data/raw/HAM10000_images_part_1/ISIC_0028748.jpg,test,5,5,nv,nv,0.9980282,True,nv → nv,3.8905023e-07,1.2671302e-06,0.0010423274,0.0007230416,1.8439634e-05,0.9980282,0.00018637265
HAM_0007055,ISIC_0031235,nv,follow_up,55.0,female,upper extremity,data/raw/HAM10000_images_part_2/ISIC_0031235.jpg,test,5,5,nv,nv,0.8653772,True,nv → nv,0.0028021417,0.0003474856,0.0978651,0.011457532,0.02214022,0.8653772,1.0349284e-05
HAM_0005528,ISIC_0028391,nv,follow_up,55.0,female,lower extremity,data/raw/HAM10000_images_part_1/ISIC_0028391.jpg,test,5,5,nv,nv,0.9244133,True,nv → nv,0.0011248371,0.00035810558,0.022088457,0.050628204,0.0011458679,0.9244133,0.000241277
HAM_0006952,ISIC_0027543,nv,follow_up,50.0,female,upper extremity,data/raw/HAM10000_images_part_1/ISIC_0027543.jpg,test,5,5,nv,nv,0.8359339,True,nv → nv,0.0039632157,0.000888311,0.07750634,0.075491115,0.006010094,0.8359339,0.00020693388
HAM_0003624,ISIC_0025608,nv,follow_up,50.0,female,trunk,data/raw/HAM10000_images_part_1/ISIC_0025608.jpg,test,5,5,nv,nv,0.9959038,True,nv → nv,8.056429e-06,5.406737e-06,0.0026717586,0.0005916049,0.00025337897,0.9959038,0.0005660514
HAM_0003347,ISIC_0032416,nv,follow_up,55.0,female,lower extremity,data/raw/HAM10000_images_part_2/ISIC_0032416.jpg,test,5,5,nv,nv,0.9136223,True,nv → nv,0.0003892046,0.000125587,0.010612475,0.07308468,0.000104233506,0.9136223,0.0020614406
HAM_0002157,ISIC_0030763,nv,follow_up,30.0,female,trunk,data/raw/HAM10000_images_part_2/ISIC_0030763.jpg,test,5,5,nv,nv,0.7013625,True,nv → nv,0.0005432511,0.004949335,0.029788628,0.016726209,0.0059344717,0.7013625,0.24069558
HAM_0000875,ISIC_0031022,nv,follow_up,60.0,male,back,data/raw/HAM10000_images_part_2/ISIC_0031022.jpg,test,5,5,nv,nv,0.9131856,True,nv → nv,7.337036e-05,3.177035e-05,0.017406218,0.068892434,0.00013020265,0.9131856,0.00028047332
HAM_0002937,ISIC_0029478,nv,follow_up,40.0,male,trunk,data/raw/HAM10000_images_part_2/ISIC_0029478.jpg,test,5,5,nv,nv,0.98986816,True,nv → nv,4.9912444e-05,1.1381099e-05,0.007463168,0.0006204363,0.0019587353,0.98986816,2.8244025e-05
HAM_0001165,ISIC_0030199,nv,follow_up,40.0,male,upper extremity,data/raw/HAM10000_images_part_2/ISIC_0030199.jpg,test,5,5,nv,nv,0.9976833,True,nv → nv,2.7935466e-06,1.7197121e-06,0.001594598,0.00027586534,0.00017881853,0.9976833,0.00026300346
HAM_0006814,ISIC_0032264,nv,follow_up,40.0,male,trunk,data/raw/HAM10000_images_part_2/ISIC_0032264.jpg,test,5,3,nv,df,0.3378786,False,nv → df,0.14375074,0.058344726,0.15838689,0.3378786,0.03475485,0.2614922,0.0053918594
HAM_0007440,ISIC_0029882,nv,follow_up,50.0,male,upper extremity,data/raw/HAM10000_images_part_2/ISIC_0029882.jpg,test,5,5,nv,nv,0.99950695,True,nv → nv,2.9127474e-07,2.9555071e-08,0.00039219734,7.2079124e-06,9.0649424e-05,0.99950695,2.5897382e-06
HAM_0002863,ISIC_0024769,nv,follow_up,50.0,male,back,data/raw/HAM10000_images_part_1/ISIC_0024769.jpg,test,5,5,nv,nv,0.9931318,True,nv → nv,1.3222606e-06,2.6062588e-07,0.0038429901,1.3685711e-05,0.0030094855,0.9931318,5.0427326e-07
HAM_0000677,ISIC_0025494,nv,follow_up,55.0,male,abdomen,data/raw/HAM10000_images_part_1/ISIC_0025494.jpg,test,5,5,nv,nv,0.9170826,True,nv → nv,0.0018843376,0.00017304976,0.057448853,0.005245328,0.018153097,0.9170826,1.27207595e-05
HAM_0004759,ISIC_0030467,nv,follow_up,45.0,female,lower extremity,data/raw/HAM10000_images_part_2/ISIC_0030467.jpg,test,5,5,nv,nv,0.88918674,True,nv → nv,0.0013494964,0.000364587,0.07562755,0.028167702,0.005251788,0.88918674,5.2196418e-05
HAM_0000367,ISIC_0025462,nv,follow_up,45.0,female,trunk,data/raw/HAM10000_images_part_1/ISIC_0025462.jpg,test,5,5,nv,nv,0.8907189,True,nv → nv,0.00445998,0.0020474403,0.05442725,0.036734965,0.007200127,0.8907189,0.0044112997
HAM_0005039,ISIC_0024320,nv,follow_up,65.0,male,trunk,data/raw/HAM10000_images_part_1/ISIC_0024320.jpg,test,5,5,nv,nv,0.94867355,True,nv → nv,6.759265e-06,2.2263814e-06,0.040736612,0.00017196106,0.010408658,0.94867355,2.6490255e-07
HAM_0002487,ISIC_0032503,nv,follow_up,55.0,female,trunk,data/raw/HAM10000_images_part_2/ISIC_0032503.jpg,test,5,5,nv,nv,0.8989751,True,nv → nv,0.0021090857,0.002885621,0.032921758,0.020715209,0.006761124,0.8989751,0.03563213
HAM_0003201,ISIC_0030386,nv,follow_up,50.0,female,trunk,data/raw/HAM10000_images_part_2/ISIC_0030386.jpg,test,5,5,nv,nv,0.97382945,True,nv → nv,5.6220904e-07,3.3540894e-07,0.019102244,2.2065738e-05,0.007045156,0.97382945,1.304165e-07
HAM_0001229,ISIC_0032401,nv,follow_up,25.0,female,upper extremity,data/raw/HAM10000_images_part_2/ISIC_0032401.jpg,test,5,5,nv,nv,0.92543525,True,nv → nv,0.002082399,0.0003832202,0.032940555,0.036570445,0.0023081312,0.92543525,0.00027997367
HAM_0002263,ISIC_0030252,nv,follow_up,25.0,female,abdomen,data/raw/HAM10000_images_part_2/ISIC_0030252.jpg,test,5,5,nv,nv,0.9850404,True,nv → nv,4.2569485e-05,5.8551024e-05,0.0045209704,0.0015388246,0.0007458197,0.9850404,0.008052864
HAM_0000989,ISIC_0028070,nv,follow_up,55.0,male,lower extremity,data/raw/HAM10000_images_part_1/ISIC_0028070.jpg,test,5,5,nv,nv,0.96960324,True,nv → nv,0.0003670549,0.0001940902,0.008343895,0.017336305,0.00032935693,0.96960324,0.0038260163
HAM_0006227,ISIC_0031264,nv,follow_up,45.0,female,abdomen,data/raw/HAM10000_images_part_2/ISIC_0031264.jpg,test,5,5,nv,nv,0.9846667,True,nv → nv,0.00018613104,4.2729218e-05,0.011654624,0.0015216798,0.0018223093,0.9846667,0.00010585582
HAM_0003731,ISIC_0031680,nv,follow_up,45.0,female,trunk,data/raw/HAM10000_images_part_2/ISIC_0031680.jpg,test,5,5,nv,nv,0.96546733,True,nv → nv,0.00023114061,6.340329e-05,0.025292251,0.0070825717,0.0016746997,0.96546733,0.00018857376
HAM_0001898,ISIC_0026917,nv,follow_up,50.0,female,abdomen,data/raw/HAM10000_images_part_1/ISIC_0026917.jpg,test,5,5,nv,nv,0.9742726,True,nv → nv,0.00042779083,0.00019875518,0.017003894,0.0030691249,0.003474598,0.9742726,0.0015531697
HAM_0000493,ISIC_0030304,nv,follow_up,55.0,female,lower extremity,data/raw/HAM10000_images_part_2/ISIC_0030304.jpg,test,5,5,nv,nv,0.7788771,True,nv → nv,0.025169516,0.010939241,0.10366246,0.030583162,0.039757896,0.7788771,0.0110106915
HAM_0002966,ISIC_0024509,nv,follow_up,55.0,female,trunk,data/raw/HAM10000_images_part_1/ISIC_0024509.jpg,test,5,5,nv,nv,0.94065857,True,nv → nv,0.0016297239,0.00044633192,0.035413086,0.01708943,0.0040385826,0.94065857,0.00072424853
HAM_0002627,ISIC_0027014,nv,follow_up,40.0,female,lower extremity,data/raw/HAM10000_images_part_1/ISIC_0027014.jpg,test,5,5,nv,nv,0.35465297,True,nv → nv,0.07122345,0.08024585,0.091887444,0.16324434,0.020512275,0.35465297,0.21823363
HAM_0005729,ISIC_0030113,nv,follow_up,40.0,male,back,data/raw/HAM10000_images_part_2/ISIC_0030113.jpg,test,5,5,nv,nv,0.94810027,True,nv → nv,0.00016398645,5.153404e-05,0.042077944,0.005946618,0.003605998,0.94810027,5.3681702e-05
HAM_0007223,ISIC_0024783,nv,follow_up,35.0,female,abdomen,data/raw/HAM10000_images_part_1/ISIC_0024783.jpg,test,5,5,nv,nv,0.9953852,True,nv → nv,4.147015e-06,2.7932135e-06,0.0037133014,0.00051233417,0.00022633038,0.9953852,0.00015588799
HAM_0000916,ISIC_0032167,nv,follow_up,45.0,female,abdomen,data/raw/HAM10000_images_part_2/ISIC_0032167.jpg,test,5,5,nv,nv,0.95552117,True,nv → nv,0.0008370841,0.0004748493,0.025285104,0.0051668086,0.01004226,0.95552117,0.0026727566
HAM_0003628,ISIC_0031324,nv,follow_up,45.0,female,trunk,data/raw/HAM10000_images_part_2/ISIC_0031324.jpg,test,5,5,nv,nv,0.99136215,True,nv → nv,1.2271487e-05,2.6369557e-05,0.0020513348,0.001654364,0.0001283548,0.99136215,0.004765143
HAM_0003180,ISIC_0031058,nv,follow_up,40.0,male,upper extremity,data/raw/HAM10000_images_part_2/ISIC_0031058.jpg,test,5,5,nv,nv,0.9580599,True,nv → nv,0.0010633502,0.00024215497,0.02725248,0.0064317784,0.0063411454,0.9580599,0.0006092421
HAM_0000281,ISIC_0030577,nv,follow_up,60.0,female,genital,data/raw/HAM10000_images_part_2/ISIC_0030577.jpg,test,5,5,nv,nv,0.99518675,True,nv → nv,4.29307e-06,1.0450383e-06,0.003915357,0.0005737848,0.00026842149,0.99518675,5.0422732e-05
HAM_0005554,ISIC_0027521,nv,follow_up,55.0,male,abdomen,data/raw/HAM10000_images_part_1/ISIC_0027521.jpg,test,5,5,nv,nv,0.99583095,True,nv → nv,1.6048131e-06,2.2539035e-07,0.0024043028,0.0017156291,4.430733e-05,0.99583095,3.0227325e-06
HAM_0002229,ISIC_0025423,nv,follow_up,55.0,female,lower extremity,data/raw/HAM10000_images_part_1/ISIC_0025423.jpg,test,5,5,nv,nv,0.93750894,True,nv → nv,0.0025338642,0.0015876341,0.03258883,0.013382849,0.0072685517,0.93750894,0.005129302
HAM_0007319,ISIC_0029144,nv,follow_up,55.0,female,lower extremity,data/raw/HAM10000_images_part_1/ISIC_0029144.jpg,test,5,5,nv,nv,0.97112536,True,nv → nv,7.0739996e-05,0.00011553269,0.004870142,0.01458655,0.00020364036,0.97112536,0.009028003
HAM_0005099,ISIC_0029648,nv,follow_up,45.0,male,abdomen,data/raw/HAM10000_images_part_2/ISIC_0029648.jpg,test,5,5,nv,nv,0.98646474,True,nv → nv,1.335758e-05,2.138644e-06,0.009294801,0.0039311834,0.0002849556,0.98646474,8.786689e-06
HAM_0005140,ISIC_0026662,nv,follow_up,45.0,male,lower extremity,data/raw/HAM10000_images_part_1/ISIC_0026662.jpg,test,5,5,nv,nv,0.975007,True,nv → nv,4.2059244e-05,1.4719195e-05,0.016383167,0.007974341,0.00053802156,0.975007,4.062558e-05
HAM_0007363,ISIC_0028013,nv,follow_up,55.0,male,trunk,data/raw/HAM10000_images_part_1/ISIC_0028013.jpg,test,5,5,nv,nv,0.9160409,True,nv → nv,0.0020319456,0.0003712949,0.045210857,0.032932717,0.0031583207,0.9160409,0.0002540535
HAM_0004771,ISIC_0024622,nv,follow_up,55.0,male,trunk,data/raw/HAM10000_images_part_1/ISIC_0024622.jpg,test,5,5,nv,nv,0.97173554,True,nv → nv,0.00081843353,0.00026070967,0.017218895,0.005836997,0.003319667,0.97173554,0.00080969656
HAM_0005208,ISIC_0028781,nv,follow_up,45.0,male,abdomen,data/raw/HAM10000_images_part_1/ISIC_0028781.jpg,test,5,5,nv,nv,0.9967493,True,nv → nv,9.919636e-06,2.1268565e-06,0.0019052477,3.733114e-05,0.0012627157,0.9967493,3.3408825e-05
HAM_0000384,ISIC_0030506,nv,follow_up,35.0,male,trunk,data/raw/HAM10000_images_part_2/ISIC_0030506.jpg,test,5,5,nv,nv,0.82405883,True,nv → nv,0.016176287,0.010766829,0.073795415,0.029100057,0.024152562,0.82405883,0.021950038
HAM_0002528,ISIC_0025821,nv,follow_up,35.0,male,upper extremity,data/raw/HAM10000_images_part_1/ISIC_0025821.jpg,test,5,5,nv,nv,0.8286316,True,nv → nv,0.0044119144,0.0006689814,0.109437585,0.040206905,0.016606908,0.8286316,3.6157275e-05
HAM_0006477,ISIC_0029237,nv,follow_up,35.0,male,foot,data/raw/HAM10000_images_part_1/ISIC_0029237.jpg,test,5,5,nv,nv,0.9726927,True,nv → nv,0.00013588174,0.00015437808,0.01413758,0.006602704,0.0008644747,0.9726927,0.0054122913
HAM_0006410,ISIC_0027449,nv,follow_up,45.0,female,abdomen,data/raw/HAM10000_images_part_1/ISIC_0027449.jpg,test,5,5,nv,nv,0.99982774,True,nv → nv,9.247871e-11,9.329896e-12,0.00016876945,8.0695844e-07,2.6290047e-06,0.99982774,6.519066e-10
HAM_0006308,ISIC_0030716,nv,follow_up,55.0,female,lower extremity,data/raw/HAM10000_images_part_2/ISIC_0030716.jpg,test,5,5,nv,nv,0.9961397,True,nv → nv,1.9302539e-05,8.325753e-06,0.002213765,0.0009462067,0.00011364181,0.9961397,0.00055904646
HAM_0001985,ISIC_0027330,nv,follow_up,45.0,male,back,data/raw/HAM10000_images_part_1/ISIC_0027330.jpg,test,5,5,nv,nv,0.96197724,True,nv → nv,0.00010620085,1.8897003e-05,0.028125213,0.008465916,0.001283057,0.96197724,2.3562328e-05
HAM_0001871,ISIC_0030834,nv,follow_up,50.0,female,abdomen,data/raw/HAM10000_images_part_2/ISIC_0030834.jpg,test,5,5,nv,nv,0.9815068,True,nv → nv,0.00014280253,0.00011659938,0.01119527,0.0026600345,0.0018787435,0.9815068,0.002499673
HAM_0001351,ISIC_0031684,nv,follow_up,50.0,female,back,data/raw/HAM10000_images_part_2/ISIC_0031684.jpg,test,5,5,nv,nv,0.99236745,True,nv → nv,2.3457187e-05,2.020685e-06,0.006476277,0.0005861815,0.0005374798,0.99236745,7.05201e-06
HAM_0002320,ISIC_0025163,nv,follow_up,50.0,male,abdomen,data/raw/HAM10000_images_part_1/ISIC_0025163.jpg,test,5,5,nv,nv,0.99884474,True,nv → nv,1.3767257e-07,6.985402e-08,0.0006399077,0.00050520385,4.9782548e-06,0.99884474,4.8766665e-06
HAM_0005399,ISIC_0030474,nv,follow_up,60.0,male,back,data/raw/HAM10000_images_part_2/ISIC_0030474.jpg,test,5,5,nv,nv,0.9507819,True,nv → nv,0.0002232775,0.00010728952,0.012335013,0.035390835,0.00035033625,0.9507819,0.00081125944
HAM_0002251,ISIC_0024438,nv,follow_up,50.0,male,back,data/raw/HAM10000_images_part_1/ISIC_0024438.jpg,test,5,5,nv,nv,0.9105046,True,nv → nv,0.0023897227,0.0003737485,0.038505,0.045454536,0.0026101544,0.9105046,0.00016232008
HAM_0004107,ISIC_0029769,nv,follow_up,40.0,female,trunk,data/raw/HAM10000_images_part_2/ISIC_0029769.jpg,test,5,5,nv,nv,0.9872709,True,nv → nv,5.0215433e-05,1.4000594e-05,0.009416859,0.0022790832,0.0008361621,0.9872709,0.00013278505
HAM_0005167,ISIC_0031780,nv,follow_up,40.0,female,abdomen,data/raw/HAM10000_images_part_2/ISIC_0031780.jpg,test,5,5,nv,nv,0.9220179,True,nv → nv,0.0026337793,0.000664902,0.03637289,0.03292219,0.0036027401,0.9220179,0.0017856011
HAM_0001893,ISIC_0025110,nv,follow_up,40.0,female,trunk,data/raw/HAM10000_images_part_1/ISIC_0025110.jpg,test,5,5,nv,nv,0.9839626,True,nv → nv,1.534877e-05,1.687827e-05,0.01033264,0.0003419012,0.004648371,0.9839626,0.00068215944
HAM_0007257,ISIC_0025537,nv,follow_up,50.0,female,back,data/raw/HAM10000_images_part_1/ISIC_0025537.jpg,test,5,5,nv,nv,0.72668546,True,nv → nv,0.020737842,0.024674248,0.0929633,0.08785281,0.032010697,0.72668546,0.015075523
HAM_0003604,ISIC_0028125,nv,follow_up,45.0,female,upper extremity,data/raw/HAM10000_images_part_1/ISIC_0028125.jpg,test,5,5,nv,nv,0.99888784,True,nv → nv,4.9246367e-08,7.4095934e-09,0.0010250899,5.489491e-05,3.1966465e-05,0.99888784,1.4811063e-07
HAM_0001252,ISIC_0026284,nv,follow_up,40.0,male,hand,data/raw/HAM10000_images_part_1/ISIC_0026284.jpg,test,5,5,nv,nv,0.88684684,True,nv → nv,0.0049531343,0.0021493481,0.02885687,0.058123928,0.0024912504,0.88684684,0.016578618
HAM_0004597,ISIC_0027050,nv,follow_up,40.0,male,upper extremity,data/raw/HAM10000_images_part_1/ISIC_0027050.jpg,test,5,5,nv,nv,0.9442461,True,nv → nv,0.003219576,0.0013688393,0.026433803,0.016246054,0.0040436583,0.9442461,0.0044419346
HAM_0006773,ISIC_0026680,nv,follow_up,45.0,male,abdomen,data/raw/HAM10000_images_part_1/ISIC_0026680.jpg,test,5,5,nv,nv,0.99745554,True,nv → nv,1.4462466e-07,2.1573511e-08,0.0023499015,7.003534e-05,0.00012373595,0.99745554,5.721871e-07
HAM_0004353,ISIC_0029262,nv,follow_up,55.0,female,face,data/raw/HAM10000_images_part_1/ISIC_0029262.jpg,test,5,5,nv,nv,0.80679715,True,nv → nv,0.0073102936,0.0024763457,0.08112851,0.09408756,0.0076699713,0.80679715,0.000530139
HAM_0005897,ISIC_0027511,nv,follow_up,50.0,male,lower extremity,data/raw/HAM10000_images_part_1/ISIC_0027511.jpg,test,5,5,nv,nv,0.99369276,True,nv → nv,1.6033715e-05,2.4809335e-05,0.002748766,0.0017480003,0.0001534136,0.99369276,0.0016162468
HAM_0004729,ISIC_0026198,nv,follow_up,40.0,female,upper extremity,data/raw/HAM10000_images_part_1/ISIC_0026198.jpg,test,5,5,nv,nv,0.5526496,True,nv → nv,0.01634985,0.009369005,0.060139626,0.33363765,0.0039364602,0.5526496,0.023917802
HAM_0002071,ISIC_0031616,nv,follow_up,45.0,female,abdomen,data/raw/HAM10000_images_part_2/ISIC_0031616.jpg,test,5,5,nv,nv,0.9909491,True,nv → nv,7.4174177e-06,5.4098814e-07,0.0065631913,0.0023323665,0.0001452726,0.9909491,2.1084952e-06
HAM_0001945,ISIC_0026919,nv,follow_up,45.0,female,back,data/raw/HAM10000_images_part_1/ISIC_0026919.jpg,test,5,5,nv,nv,0.97182816,True,nv → nv,0.00037250834,0.00016023147,0.012062228,0.013574589,0.00077225245,0.97182816,0.0012300326
HAM_0006038,ISIC_0029969,nv,follow_up,50.0,male,abdomen,data/raw/HAM10000_images_part_2/ISIC_0029969.jpg,test,5,5,nv,nv,0.82083833,True,nv → nv,0.0140056,0.0037373186,0.06609774,0.08301303,0.007078184,0.82083833,0.0052297832
HAM_0007105,ISIC_0026616,nv,follow_up,35.0,male,abdomen,data/raw/HAM10000_images_part_1/ISIC_0026616.jpg,test,5,4,nv,mel,0.25615826,False,nv → mel,0.23857102,0.15433852,0.14928119,0.040660128,0.25615826,0.15864551,0.0023454116
HAM_0002579,ISIC_0031683,nv,follow_up,35.0,male,lower extremity,data/raw/HAM10000_images_part_2/ISIC_0031683.jpg,test,5,5,nv,nv,0.7031185,True,nv → nv,0.059982818,0.02530681,0.10838288,0.066515855,0.03414369,0.7031185,0.0025494301
HAM_0003923,ISIC_0025282,nv,follow_up,35.0,male,trunk,data/raw/HAM10000_images_part_1/ISIC_0025282.jpg,test,5,5,nv,nv,0.5630291,True,nv → nv,0.06907537,0.026803946,0.1918774,0.10343066,0.04398042,0.5630291,0.0018031583
HAM_0003905,ISIC_0029275,nv,follow_up,35.0,male,upper extremity,data/raw/HAM10000_images_part_1/ISIC_0029275.jpg,test,5,5,nv,nv,0.8974639,True,nv → nv,0.0061402363,0.0029062484,0.050561123,0.03146269,0.008230041,0.8974639,0.0032357387
HAM_0005687,ISIC_0027880,nv,follow_up,65.0,male,upper extremity,data/raw/HAM10000_images_part_1/ISIC_0027880.jpg,test,5,5,nv,nv,0.97570443,True,nv → nv,0.0006592951,0.00015946834,0.0153707275,0.005114339,0.0025880628,0.97570443,0.0004037288
HAM_0001812,ISIC_0024326,nv,follow_up,75.0,male,back,data/raw/HAM10000_images_part_1/ISIC_0024326.jpg,test,5,5,nv,nv,0.87410736,True,nv → nv,0.0018977233,0.00055139954,0.08480639,0.030502673,0.008012808,0.87410736,0.00012158169
HAM_0004598,ISIC_0030345,nv,follow_up,50.0,female,abdomen,data/raw/HAM10000_images_part_2/ISIC_0030345.jpg,test,5,5,nv,nv,0.4809958,True,nv → nv,0.020319602,0.0075833155,0.061879434,0.36809644,0.0010687934,0.4809958,0.06005654
HAM_0004137,ISIC_0024966,nv,follow_up,45.0,female,abdomen,data/raw/HAM10000_images_part_1/ISIC_0024966.jpg,test,5,5,nv,nv,0.9108526,True,nv → nv,0.004724918,0.0012443764,0.0532076,0.020471796,0.008383352,0.9108526,0.0011153236
HAM_0005773,ISIC_0031096,nv,follow_up,45.0,female,lower extremity,data/raw/HAM10000_images_part_2/ISIC_0031096.jpg,test,5,5,nv,nv,0.7419367,True,nv → nv,0.02348768,0.006224883,0.13510619,0.07087572,0.021604553,0.7419367,0.0007642791
HAM_0007455,ISIC_0027441,nv,follow_up,45.0,female,trunk,data/raw/HAM10000_images_part_1/ISIC_0027441.jpg,test,5,5,nv,nv,0.7543615,True,nv → nv,0.011810072,0.0035119394,0.15440366,0.05043851,0.025067637,0.7543615,0.00040667687
HAM_0000944,ISIC_0027864,nv,follow_up,75.0,male,upper extremity,data/raw/HAM10000_images_part_1/ISIC_0027864.jpg,test,5,5,nv,nv,0.81427944,True,nv → nv,0.00864503,0.0031264003,0.09424018,0.068009354,0.010818042,0.81427944,0.0008816214
HAM_0005477,ISIC_0029552,nv,follow_up,75.0,male,lower extremity,data/raw/HAM10000_images_part_2/ISIC_0029552.jpg,test,5,5,nv,nv,0.7442773,True,nv → nv,0.010596633,0.0027940504,0.12187684,0.10186964,0.018285252,0.7442773,0.00030024868
HAM_0004490,ISIC_0031788,nv,follow_up,70.0,male,lower extremity,data/raw/HAM10000_images_part_2/ISIC_0031788.jpg,test,5,5,nv,nv,0.8944027,True,nv → nv,0.0010150893,0.00025590105,0.03873796,0.06430147,0.0011830691,0.8944027,0.00010382487
HAM_0000178,ISIC_0031397,nv,follow_up,60.0,male,abdomen,data/raw/HAM10000_images_part_2/ISIC_0031397.jpg,test,5,5,nv,nv,0.9869442,True,nv → nv,1.3418733e-05,6.257143e-06,0.009231929,0.0031975845,0.00050847227,0.9869442,9.812913e-05
HAM_0002310,ISIC_0025848,nv,follow_up,60.0,male,abdomen,data/raw/HAM10000_images_part_1/ISIC_0025848.jpg,test,5,5,nv,nv,0.99930656,True,nv → nv,2.7748146e-09,2.308397e-09,0.00064163597,4.0990413e-05,1.0815547e-05,0.99930656,3.4609304e-08
HAM_0004493,ISIC_0030325,nv,follow_up,60.0,male,upper extremity,data/raw/HAM10000_images_part_2/ISIC_0030325.jpg,test,5,5,nv,nv,0.9896543,True,nv → nv,0.000118853786,3.217834e-05,0.0073407376,0.0018693102,0.00085677375,0.9896543,0.00012771889
HAM_0003929,ISIC_0027792,nv,follow_up,75.0,male,back,data/raw/HAM10000_images_part_1/ISIC_0027792.jpg,test,5,5,nv,nv,0.991679,True,nv → nv,7.5765674e-05,1.3739733e-05,0.006208734,0.0010511777,0.00091893517,0.991679,5.2622032e-05
HAM_0006172,ISIC_0024485,nv,follow_up,60.0,male,upper extremity,data/raw/HAM10000_images_part_1/ISIC_0024485.jpg,test,5,5,nv,nv,0.570463,True,nv → nv,0.04991781,0.013081339,0.20160969,0.12266546,0.041658085,0.570463,0.00060460425
HAM_0000738,ISIC_0027443,nv,follow_up,60.0,male,lower extremity,data/raw/HAM10000_images_part_1/ISIC_0027443.jpg,test,5,5,nv,nv,0.8954015,True,nv → nv,0.0043145404,0.0013083251,0.025008276,0.05940805,0.001066927,0.8954015,0.01349235
HAM_0001320,ISIC_0028638,nv,follow_up,35.0,male,trunk,data/raw/HAM10000_images_part_1/ISIC_0028638.jpg,test,5,5,nv,nv,0.87824225,True,nv → nv,0.010173875,0.0037267385,0.061193734,0.024158025,0.017823623,0.87824225,0.004681696
HAM_0001426,ISIC_0029154,nv,follow_up,40.0,female,abdomen,data/raw/HAM10000_images_part_1/ISIC_0029154.jpg,test,5,5,nv,nv,0.99332374,True,nv → nv,3.8566042e-05,1.0144169e-05,0.0049597933,0.00060427684,0.0009299661,0.99332374,0.00013356717
HAM_0003537,ISIC_0029734,nv,follow_up,40.0,female,lower extremity,data/raw/HAM10000_images_part_2/ISIC_0029734.jpg,test,5,5,nv,nv,0.98063767,True,nv → nv,0.00015933509,2.0857882e-05,0.013522143,0.00488298,0.00075911684,0.98063767,1.783923e-05
HAM_0000594,ISIC_0029178,nv,follow_up,50.0,female,abdomen,data/raw/HAM10000_images_part_1/ISIC_0029178.jpg,test,5,3,nv,df,0.5567909,False,nv → df,0.09531464,0.021432249,0.16954564,0.5567909,0.010284505,0.14543447,0.0011976088
HAM_0002893,ISIC_0025037,nv,follow_up,75.0,male,trunk,data/raw/HAM10000_images_part_1/ISIC_0025037.jpg,test,5,5,nv,nv,0.98366183,True,nv → nv,1.1275882e-05,7.6018987e-06,0.0053391326,0.010761072,7.132839e-05,0.98366183,0.00014780684
HAM_0001577,ISIC_0029818,nv,follow_up,65.0,male,abdomen,data/raw/HAM10000_images_part_2/ISIC_0029818.jpg,test,5,5,nv,nv,0.93954253,True,nv → nv,0.00029757252,0.00026952106,0.0088466285,0.040649295,0.00020908649,0.93954253,0.010185423
HAM_0002383,ISIC_0032488,nv,follow_up,55.0,male,trunk,data/raw/HAM10000_images_part_2/ISIC_0032488.jpg,test,5,5,nv,nv,0.96755725,True,nv → nv,0.0008882094,0.00033590768,0.015191538,0.012459739,0.0013210253,0.96755725,0.0022463417
HAM_0004512,ISIC_0027977,nv,follow_up,55.0,male,abdomen,data/raw/HAM10000_images_part_1/ISIC_0027977.jpg,test,5,5,nv,nv,0.9919703,True,nv → nv,1.2724892e-05,1.1293176e-06,0.0056436947,4.0587835e-05,0.0023266738,0.9919703,4.796477e-06
HAM_0001204,ISIC_0030185,nv,follow_up,55.0,male,back,data/raw/HAM10000_images_part_2/ISIC_0030185.jpg,test,5,5,nv,nv,0.8189322,True,nv → nv,0.010874685,0.002083283,0.11908679,0.029230565,0.019691434,0.8189322,0.00010105867
HAM_0003678,ISIC_0026197,nv,follow_up,55.0,female,abdomen,data/raw/HAM10000_images_part_1/ISIC_0026197.jpg,test,5,5,nv,nv,0.7925755,True,nv → nv,0.019892558,0.006837228,0.10176411,0.033098955,0.043171983,0.7925755,0.0026596594
HAM_0002449,ISIC_0024391,nv,follow_up,50.0,male,chest,data/raw/HAM10000_images_part_1/ISIC_0024391.jpg,test,5,5,nv,nv,0.8858327,True,nv → nv,0.0006842459,0.0002468593,0.046687417,0.06489049,0.0015611796,0.8858327,9.713022e-05
HAM_0000419,ISIC_0027741,nv,follow_up,50.0,male,trunk,data/raw/HAM10000_images_part_1/ISIC_0027741.jpg,test,5,5,nv,nv,0.9997613,True,nv → nv,1.1998761e-11,4.2558192e-12,0.0002358161,1.5092804e-06,1.3857532e-06,0.9997613,1.1234146e-11
HAM_0000616,ISIC_0024750,nv,follow_up,50.0,male,trunk,data/raw/HAM10000_images_part_1/ISIC_0024750.jpg,test,5,5,nv,nv,0.98248166,True,nv → nv,4.618403e-06,3.662325e-06,0.009617977,0.0078162365,7.267213e-05,0.98248166,3.1976285e-06
HAM_0003588,ISIC_0025232,nv,follow_up,40.0,male,upper extremity,data/raw/HAM10000_images_part_1/ISIC_0025232.jpg,test,5,5,nv,nv,0.95468044,True,nv → nv,0.0001811195,5.709623e-05,0.033235185,0.009181181,0.0024669995,0.95468044,0.00019798893
HAM_0003065,ISIC_0031879,nv,follow_up,85.0,male,back,data/raw/HAM10000_images_part_2/ISIC_0031879.jpg,test,5,5,nv,nv,0.9924777,True,nv → nv,2.4332555e-06,1.8957867e-07,0.0067137424,9.161863e-05,0.0007139844,0.9924777,3.7820556e-07
HAM_0006167,ISIC_0027845,nv,follow_up,50.0,female,foot,data/raw/HAM10000_images_part_1/ISIC_0027845.jpg,test,5,5,nv,nv,0.89127356,True,nv → nv,0.010102785,0.003122095,0.047452852,0.033091374,0.010252989,0.89127356,0.0047043157
HAM_0003557,ISIC_0026973,nv,follow_up,75.0,male,trunk,data/raw/HAM10000_images_part_1/ISIC_0026973.jpg,test,5,5,nv,nv,0.99197394,True,nv → nv,3.613487e-05,1.9247042e-05,0.004840626,0.0023260233,0.00032318066,0.99197394,0.00048077264
HAM_0000056,ISIC_0025725,nv,follow_up,55.0,female,trunk,data/raw/HAM10000_images_part_1/ISIC_0025725.jpg,test,5,5,nv,nv,0.85496926,True,nv → nv,0.0051599485,0.0008970016,0.097692035,0.029007833,0.012194336,0.85496926,7.958222e-05
HAM_0005340,ISIC_0031830,nv,follow_up,55.0,female,abdomen,data/raw/HAM10000_images_part_2/ISIC_0031830.jpg,test,5,5,nv,nv,0.7217771,True,nv → nv,0.009363361,0.0026672522,0.12791035,0.12687285,0.01089177,0.7217771,0.00051738566
HAM_0004085,ISIC_0028471,nv,follow_up,55.0,female,abdomen,data/raw/HAM10000_images_part_1/ISIC_0028471.jpg,test,5,5,nv,nv,0.8904923,True,nv → nv,0.0010010202,0.00034164407,0.061839435,0.042972974,0.0030962967,0.8904923,0.00025627605
HAM_0006504,ISIC_0031098,nv,follow_up,55.0,female,lower extremity,data/raw/HAM10000_images_part_2/ISIC_0031098.jpg,test,5,5,nv,nv,0.8745524,True,nv → nv,0.0059241126,0.0015662105,0.063108385,0.04714131,0.0069660693,0.8745524,0.0007414847
HAM_0000155,ISIC_0032390,nv,follow_up,40.0,male,abdomen,data/raw/HAM10000_images_part_2/ISIC_0032390.jpg,test,5,5,nv,nv,0.9756714,True,nv → nv,8.62486e-06,3.1630475e-06,0.021142598,0.0007100181,0.0024563558,0.9756714,7.756687e-06
HAM_0002963,ISIC_0032435,nv,follow_up,45.0,male,trunk,data/raw/HAM10000_images_part_2/ISIC_0032435.jpg,test,5,5,nv,nv,0.99332434,True,nv → nv,9.703808e-08,1.9859748e-08,0.0059026456,2.8869363e-05,0.00074381824,0.99332434,1.9677397e-07
HAM_0001489,ISIC_0031765,nv,follow_up,50.0,female,foot,data/raw/HAM10000_images_part_2/ISIC_0031765.jpg,test,5,5,nv,nv,0.45854443,True,nv → nv,0.025957687,0.0074580377,0.073585145,0.40730843,0.0012750829,0.45854443,0.025871187
HAM_0001395,ISIC_0031818,nv,follow_up,50.0,female,foot,data/raw/HAM10000_images_part_2/ISIC_0031818.jpg,test,5,5,nv,nv,0.758467,True,nv → nv,0.025216285,0.0067874063,0.09334625,0.09739564,0.012776807,0.758467,0.0060106427
HAM_0006680,ISIC_0028458,nv,follow_up,40.0,female,back,data/raw/HAM10000_images_part_1/ISIC_0028458.jpg,test,5,5,nv,nv,0.7261219,True,nv → nv,0.023922823,0.006658171,0.08782389,0.14200734,0.010881954,0.7261219,0.0025838835
HAM_0002594,ISIC_0031047,nv,follow_up,45.0,female,upper extremity,data/raw/HAM10000_images_part_2/ISIC_0031047.jpg,test,5,5,nv,nv,0.99702555,True,nv → nv,1.1336491e-06,7.339125e-08,0.0026775934,5.60606e-05,0.00023935104,0.99702555,2.600229e-07
HAM_0004414,ISIC_0030576,nv,follow_up,45.0,female,lower extremity,data/raw/HAM10000_images_part_2/ISIC_0030576.jpg,test,5,5,nv,nv,0.999374,True,nv → nv,1.1151095e-08,1.13444285e-08,0.00058467145,1.9290082e-05,1.8389039e-05,0.999374,3.7398097e-06
HAM_0003272,ISIC_0027979,nv,follow_up,30.0,male,upper extremity,data/raw/HAM10000_images_part_1/ISIC_0027979.jpg,test,5,5,nv,nv,0.35024765,True,nv → nv,0.06707265,0.0334821,0.11021462,0.3497156,0.005639986,0.35024765,0.08362727
HAM_0002036,ISIC_0025739,nv,follow_up,35.0,female,lower extremity,data/raw/HAM10000_images_part_1/ISIC_0025739.jpg,test,5,5,nv,nv,0.9752069,True,nv → nv,5.430178e-05,1.10618075e-05,0.018004075,0.0056673274,0.0009385447,0.9752069,0.00011781225
HAM_0000285,ISIC_0026925,nv,follow_up,50.0,male,upper extremity,data/raw/HAM10000_images_part_1/ISIC_0026925.jpg,test,5,5,nv,nv,0.9952799,True,nv → nv,9.411278e-06,6.138759e-06,0.003321761,0.00017501954,0.0009475635,0.9952799,0.00026020547
HAM_0003204,ISIC_0028564,nv,follow_up,45.0,female,back,data/raw/HAM10000_images_part_1/ISIC_0028564.jpg,test,5,5,nv,nv,0.6031333,True,nv → nv,0.04027119,0.011308021,0.22608653,0.054529957,0.06356136,0.6031333,0.0011096054
HAM_0002267,ISIC_0026937,nv,follow_up,45.0,female,lower extremity,data/raw/HAM10000_images_part_1/ISIC_0026937.jpg,test,5,5,nv,nv,0.8689671,True,nv → nv,0.010145874,0.0023162414,0.061487477,0.045969628,0.0098920865,0.8689671,0.0012216038
HAM_0003075,ISIC_0028553,nv,follow_up,45.0,female,trunk,data/raw/HAM10000_images_part_1/ISIC_0028553.jpg,test,5,5,nv,nv,0.99860185,True,nv → nv,3.1180289e-06,8.5944e-07,0.0010210966,7.026577e-05,0.00022649342,0.99860185,7.628848e-05
HAM_0005577,ISIC_0028320,nv,follow_up,40.0,male,trunk,data/raw/HAM10000_images_part_1/ISIC_0028320.jpg,test,5,5,nv,nv,0.98565334,True,nv → nv,0.00033071608,0.00014125025,0.008105289,0.0028304418,0.0015547305,0.98565334,0.0013842572
HAM_0005290,ISIC_0026703,nv,follow_up,65.0,male,trunk,data/raw/HAM10000_images_part_1/ISIC_0026703.jpg,test,5,5,nv,nv,0.9933989,True,nv → nv,2.4341545e-05,1.7411006e-05,0.004399569,0.0005932085,0.000904089,0.9933989,0.0006624203
HAM_0003252,ISIC_0029977,nv,follow_up,45.0,female,lower extremity,data/raw/HAM10000_images_part_2/ISIC_0029977.jpg,test,5,5,nv,nv,0.9987286,True,nv → nv,4.0814817e-07,4.578494e-07,0.00048624797,0.00046494047,1.4745666e-05,0.9987286,0.0003046442
HAM_0000424,ISIC_0031328,nv,follow_up,45.0,female,lower extremity,data/raw/HAM10000_images_part_2/ISIC_0031328.jpg,test,5,5,nv,nv,0.84563184,True,nv → nv,0.0013336334,0.00050206174,0.066424124,0.08273862,0.0028194138,0.84563184,0.0005503189
HAM_0001375,ISIC_0026238,nv,follow_up,45.0,female,trunk,data/raw/HAM10000_images_part_1/ISIC_0026238.jpg,test,5,5,nv,nv,0.4809975,True,nv → nv,0.037281107,0.019878808,0.190736,0.24383403,0.020816926,0.4809975,0.006455647
HAM_0002674,ISIC_0029646,nv,follow_up,20.0,female,back,data/raw/HAM10000_images_part_2/ISIC_0029646.jpg,test,5,5,nv,nv,0.98849446,True,nv → nv,5.292878e-06,5.427684e-06,0.009533077,0.00092629116,0.0009157724,0.98849446,0.0001196821
HAM_0007084,ISIC_0025315,nv,follow_up,40.0,female,back,data/raw/HAM10000_images_part_1/ISIC_0025315.jpg,test,5,5,nv,nv,0.49003372,True,nv → nv,0.073352955,0.014287747,0.21745872,0.13222608,0.07246711,0.49003372,0.0001737225
HAM_0001063,ISIC_0027180,nv,follow_up,60.0,female,abdomen,data/raw/HAM10000_images_part_1/ISIC_0027180.jpg,test,5,5,nv,nv,0.9961265,True,nv → nv,5.597029e-06,2.564187e-07,0.0032717655,0.00038234546,0.00021349743,0.9961265,1.3930531e-07
HAM_0005630,ISIC_0025864,nv,follow_up,45.0,female,lower extremity,data/raw/HAM10000_images_part_1/ISIC_0025864.jpg,test,5,5,nv,nv,0.98744875,True,nv → nv,0.00012913244,3.4246852e-05,0.00831206,0.00069248135,0.0031090244,0.98744875,0.00027432083
HAM_0002687,ISIC_0032037,nv,follow_up,60.0,female,back,data/raw/HAM10000_images_part_2/ISIC_0032037.jpg,test,5,5,nv,nv,0.8523584,True,nv → nv,0.002800625,0.0008460959,0.06044864,0.077793255,0.0044209794,0.8523584,0.0013320297
HAM_0001255,ISIC_0030948,nv,follow_up,50.0,female,trunk,data/raw/HAM10000_images_part_2/ISIC_0030948.jpg,test,5,5,nv,nv,0.86559105,True,nv → nv,0.010871734,0.007590258,0.05975163,0.018215038,0.024662303,0.86559105,0.013317996
HAM_0002543,ISIC_0025645,nv,follow_up,45.0,male,abdomen,data/raw/HAM10000_images_part_1/ISIC_0025645.jpg,test,5,5,nv,nv,0.99473417,True,nv → nv,1.0834777e-06,2.061176e-06,0.004336973,0.0003764477,0.00036916247,0.99473417,0.00018016052
HAM_0005043,ISIC_0025004,nv,follow_up,35.0,male,back,data/raw/HAM10000_images_part_1/ISIC_0025004.jpg,test,5,5,nv,nv,0.42681617,True,nv → nv,0.13677666,0.08583288,0.13382322,0.08955121,0.10547809,0.42681617,0.021721771
HAM_0001560,ISIC_0026181,nv,follow_up,35.0,female,back,data/raw/HAM10000_images_part_1/ISIC_0026181.jpg,test,5,5,nv,nv,0.9952427,True,nv → nv,7.4201735e-06,1.2795667e-06,0.0039582127,0.00050913164,0.00025424932,0.9952427,2.7005179e-05
HAM_0007192,ISIC_0030558,nv,follow_up,35.0,female,upper extremity,data/raw/HAM10000_images_part_2/ISIC_0030558.jpg,test,5,5,nv,nv,0.9925567,True,nv → nv,2.9512588e-05,4.84531e-06,0.0055221235,0.0014602616,0.0003701279,0.9925567,5.648399e-05
HAM_0004661,ISIC_0026808,nv,follow_up,55.0,female,trunk,data/raw/HAM10000_images_part_1/ISIC_0026808.jpg,test,5,5,nv,nv,0.99639446,True,nv → nv,2.7602653e-06,1.5219925e-06,0.002682813,0.0005442061,0.0001561714,0.99639446,0.00021808482
HAM_0006089,ISIC_0031316,nv,follow_up,45.0,male,upper extremity,data/raw/HAM10000_images_part_2/ISIC_0031316.jpg,test,5,5,nv,nv,0.9562968,True,nv → nv,0.000984025,0.0002697118,0.017732095,0.022060588,0.0014113875,0.9562968,0.0012452963
HAM_0007561,ISIC_0031458,nv,follow_up,45.0,male,upper extremity,data/raw/HAM10000_images_part_2/ISIC_0031458.jpg,test,5,5,nv,nv,0.97992194,True,nv → nv,0.00019086567,7.5964286e-05,0.007603057,0.009854897,0.00050232676,0.97992194,0.001850951
HAM_0004433,ISIC_0029623,nv,follow_up,45.0,male,lower extremity,data/raw/HAM10000_images_part_2/ISIC_0029623.jpg,test,5,5,nv,nv,0.998949,True,nv → nv,8.509871e-08,2.15595e-08,0.0007037555,0.0003362842,7.5039293e-06,0.998949,3.3186575e-06
HAM_0005200,ISIC_0032393,nv,follow_up,70.0,male,trunk,data/raw/HAM10000_images_part_2/ISIC_0032393.jpg,test,5,5,nv,nv,0.9910698,True,nv → nv,2.0522843e-05,2.0418038e-06,0.0073526637,0.00090111425,0.00065194623,0.9910698,1.8969948e-06
HAM_0005222,ISIC_0026636,nv,follow_up,70.0,male,back,data/raw/HAM10000_images_part_1/ISIC_0026636.jpg,test,5,5,nv,nv,0.8692333,True,nv → nv,0.0036343392,0.0008469458,0.09435006,0.014750987,0.017003706,0.8692333,0.00018076543
HAM_0005943,ISIC_0032033,nv,follow_up,50.0,female,trunk,data/raw/HAM10000_images_part_2/ISIC_0032033.jpg,test,5,5,nv,nv,0.6766104,True,nv → nv,0.023745755,0.005586384,0.19029522,0.050815612,0.052767023,0.6766104,0.0001795259
HAM_0005774,ISIC_0031137,nv,follow_up,50.0,female,lower extremity,data/raw/HAM10000_images_part_2/ISIC_0031137.jpg,test,5,5,nv,nv,0.9204827,True,nv → nv,0.0011049252,0.00027947038,0.05355987,0.019408444,0.0049896655,0.9204827,0.00017494014
HAM_0002663,ISIC_0030720,nv,follow_up,35.0,female,trunk,data/raw/HAM10000_images_part_2/ISIC_0030720.jpg,test,5,5,nv,nv,0.735297,True,nv → nv,0.012142691,0.0038372744,0.09933329,0.1397038,0.007722683,0.735297,0.001963257
HAM_0000098,ISIC_0029716,nv,follow_up,35.0,female,back,data/raw/HAM10000_images_part_2/ISIC_0029716.jpg,test,5,5,nv,nv,0.9958548,True,nv → nv,4.277988e-06,7.5961964e-07,0.0032595089,0.00066974765,0.00017326324,0.9958548,3.7667898e-05
HAM_0000774,ISIC_0029707,nv,follow_up,55.0,female,lower extremity,data/raw/HAM10000_images_part_2/ISIC_0029707.jpg,test,5,5,nv,nv,0.9317477,True,nv → nv,0.0010039227,0.0007250574,0.025047883,0.035133988,0.0010138326,0.9317477,0.0053275926
HAM_0006402,ISIC_0025602,nv,follow_up,40.0,female,lower extremity,data/raw/HAM10000_images_part_1/ISIC_0025602.jpg,test,5,5,nv,nv,0.60875255,True,nv → nv,0.082026094,0.025094727,0.14298046,0.10010302,0.03496572,0.60875255,0.0060773278
HAM_0006164,ISIC_0024385,nv,follow_up,40.0,female,lower extremity,data/raw/HAM10000_images_part_1/ISIC_0024385.jpg,test,5,3,nv,df,0.37085187,False,nv → df,0.108189054,0.026408907,0.18705378,0.37085187,0.014197145,0.28808776,0.0052114828
HAM_0000656,ISIC_0027096,nv,follow_up,50.0,male,abdomen,data/raw/HAM10000_images_part_1/ISIC_0027096.jpg,test,5,5,nv,nv,0.95411384,True,nv → nv,0.0020470088,0.0014101499,0.02087658,0.009437853,0.0049122255,0.95411384,0.0072022895
HAM_0006365,ISIC_0028296,nv,follow_up,80.0,male,lower extremity,data/raw/HAM10000_images_part_1/ISIC_0028296.jpg,test,5,5,nv,nv,0.9567351,True,nv → nv,6.996433e-05,7.793857e-06,0.03583308,0.0012237615,0.006129282,0.9567351,1.0316052e-06
HAM_0004580,ISIC_0030872,nv,follow_up,80.0,male,back,data/raw/HAM10000_images_part_2/ISIC_0030872.jpg,test,5,5,nv,nv,0.9935308,True,nv → nv,5.2189804e-08,2.2771482e-08,0.005860725,1.3253103e-05,0.0005952101,0.9935308,3.7856824e-09
HAM_0007347,ISIC_0031054,nv,follow_up,25.0,female,trunk,data/raw/HAM10000_images_part_2/ISIC_0031054.jpg,test,5,5,nv,nv,0.3849879,True,nv → nv,0.09918602,0.029354103,0.13069218,0.3196105,0.03304616,0.3849879,0.003123119
HAM_0000246,ISIC_0027079,nv,follow_up,25.0,female,upper extremity,data/raw/HAM10000_images_part_1/ISIC_0027079.jpg,test,5,5,nv,nv,0.7731161,True,nv → nv,0.01013658,0.002379398,0.1109,0.090190835,0.0130227525,0.7731161,0.0002543515
HAM_0000011,ISIC_0024678,nv,follow_up,45.0,female,trunk,data/raw/HAM10000_images_part_1/ISIC_0024678.jpg,test,5,5,nv,nv,0.89068484,True,nv → nv,0.004046772,0.0010690506,0.052235246,0.044019904,0.006741392,0.89068484,0.001202741
HAM_0004541,ISIC_0028838,nv,follow_up,65.0,male,trunk,data/raw/HAM10000_images_part_1/ISIC_0028838.jpg,test,5,5,nv,nv,0.8140641,True,nv → nv,0.008928696,0.0029252802,0.08399083,0.07487599,0.012923441,0.8140641,0.0022916947
HAM_0001084,ISIC_0030946,nv,follow_up,65.0,male,trunk,data/raw/HAM10000_images_part_2/ISIC_0030946.jpg,test,5,5,nv,nv,0.9815011,True,nv → nv,5.320144e-05,2.0418007e-05,0.009245875,0.008563923,0.00038724276,0.9815011,0.00022825152
HAM_0002805,ISIC_0031722,nv,follow_up,50.0,male,trunk,data/raw/HAM10000_images_part_2/ISIC_0031722.jpg,test,5,5,nv,nv,0.9987424,True,nv → nv,2.8382843e-08,4.956917e-09,0.0011712504,6.1920655e-05,2.431322e-05,0.9987424,7.689738e-08
HAM_0002637,ISIC_0029376,nv,follow_up,30.0,male,upper extremity,data/raw/HAM10000_images_part_2/ISIC_0029376.jpg,test,5,5,nv,nv,0.9961442,True,nv → nv,1.1790663e-05,2.53914e-06,0.0023661195,0.0012119374,0.00013453608,0.9961442,0.00012886919
HAM_0002570,ISIC_0029952,nv,follow_up,30.0,male,trunk,data/raw/HAM10000_images_part_2/ISIC_0029952.jpg,test,5,5,nv,nv,0.94773614,True,nv → nv,0.00032522567,0.0001082009,0.01668885,0.03331692,0.00068018236,0.94773614,0.0011444968
HAM_0006247,ISIC_0031393,nv,follow_up,50.0,female,upper extremity,data/raw/HAM10000_images_part_2/ISIC_0031393.jpg,test,5,5,nv,nv,0.9613146,True,nv → nv,0.001249289,0.0003349262,0.019787833,0.014803373,0.0020261512,0.9613146,0.0004838818
HAM_0007407,ISIC_0026161,nv,follow_up,50.0,female,trunk,data/raw/HAM10000_images_part_1/ISIC_0026161.jpg,test,5,5,nv,nv,0.9970925,True,nv → nv,6.2640506e-06,9.956527e-07,0.0023073768,0.00045986738,0.00012050536,0.9970925,1.2448704e-05
HAM_0003889,ISIC_0026005,nv,follow_up,45.0,male,back,data/raw/HAM10000_images_part_1/ISIC_0026005.jpg,test,5,5,nv,nv,0.9948776,True,nv → nv,2.0004345e-05,2.0559415e-05,0.0024953727,0.0015022036,0.00024119666,0.9948776,0.00084304455
HAM_0002065,ISIC_0028776,nv,follow_up,55.0,male,lower extremity,data/raw/HAM10000_images_part_1/ISIC_0028776.jpg,test,5,5,nv,nv,0.76419955,True,nv → nv,0.028744906,0.008798383,0.11362217,0.041261442,0.04145085,0.76419955,0.0019226333
HAM_0003528,ISIC_0028575,nv,follow_up,55.0,male,trunk,data/raw/HAM10000_images_part_1/ISIC_0028575.jpg,test,5,5,nv,nv,0.99711895,True,nv → nv,5.3758704e-06,5.3428295e-07,0.0024278378,8.123095e-05,0.00036146777,0.99711895,4.5884044e-06
HAM_0006059,ISIC_0028089,nv,follow_up,55.0,male,back,data/raw/HAM10000_images_part_1/ISIC_0028089.jpg,test,5,5,nv,nv,0.9975026,True,nv → nv,1.0269224e-06,1.10622196e-07,0.0017800833,0.0006741463,4.0762425e-05,0.9975026,1.3542558e-06
HAM_0001602,ISIC_0032458,nv,follow_up,55.0,male,trunk,data/raw/HAM10000_images_part_2/ISIC_0032458.jpg,test,5,5,nv,nv,0.9120027,True,nv → nv,0.0043731895,0.0009910354,0.03938638,0.037701625,0.0047133523,0.9120027,0.000831726
HAM_0005618,ISIC_0027280,nv,follow_up,40.0,male,foot,data/raw/HAM10000_images_part_1/ISIC_0027280.jpg,test,5,5,nv,nv,0.83708936,True,nv → nv,0.0076448033,0.0033762346,0.048348587,0.08871752,0.003933208,0.83708936,0.010890333
HAM_0004110,ISIC_0030195,nv,follow_up,35.0,female,lower extremity,data/raw/HAM10000_images_part_2/ISIC_0030195.jpg,test,5,5,nv,nv,0.99431926,True,nv → nv,5.70644e-06,1.1968127e-06,0.0037008093,0.0018745508,7.2974406e-05,0.99431926,2.5459434e-05
HAM_0004132,ISIC_0025801,nv,follow_up,50.0,female,abdomen,data/raw/HAM10000_images_part_1/ISIC_0025801.jpg,test,5,5,nv,nv,0.9166713,True,nv → nv,0.0027591318,0.0009885681,0.037085146,0.03553845,0.004344828,0.9166713,0.0026126772
HAM_0004837,ISIC_0030735,nv,follow_up,50.0,female,lower extremity,data/raw/HAM10000_images_part_2/ISIC_0030735.jpg,test,5,5,nv,nv,0.99935955,True,nv → nv,3.4832286e-07,3.5520648e-07,0.00034386187,2.8755487e-05,5.4603202e-05,0.99935955,0.0002125442
HAM_0002439,ISIC_0031083,nv,follow_up,65.0,female,abdomen,data/raw/HAM10000_images_part_2/ISIC_0031083.jpg,test,5,5,nv,nv,0.79841113,True,nv → nv,0.009235372,0.0029425016,0.064406134,0.11932737,0.0041246475,0.79841113,0.001552784
HAM_0004904,ISIC_0032381,nv,follow_up,55.0,male,lower extremity,data/raw/HAM10000_images_part_2/ISIC_0032381.jpg,test,5,5,nv,nv,0.98125356,True,nv → nv,1.6311857e-05,2.6748355e-06,0.010883406,0.007619018,0.00019910418,0.98125356,2.6005639e-05
HAM_0000543,ISIC_0030776,nv,follow_up,50.0,male,back,data/raw/HAM10000_images_part_2/ISIC_0030776.jpg,test,5,5,nv,nv,0.99825615,True,nv → nv,2.621046e-07,5.5972336e-08,0.0015715612,8.905759e-05,8.107889e-05,0.99825615,1.7568241e-06
HAM_0001146,ISIC_0032480,nv,follow_up,75.0,male,trunk,data/raw/HAM10000_images_part_2/ISIC_0032480.jpg,test,5,5,nv,nv,0.98749566,True,nv → nv,3.3094722e-07,1.5672269e-08,0.009956706,1.168979e-05,0.0025356207,0.98749566,6.6553196e-10
HAM_0000862,ISIC_0030724,nv,follow_up,50.0,male,back,data/raw/HAM10000_images_part_2/ISIC_0030724.jpg,test,5,5,nv,nv,0.64920104,True,nv → nv,0.027644629,0.027064905,0.09926061,0.13230209,0.025786124,0.64920104,0.038740523
HAM_0001080,ISIC_0028762,nv,follow_up,35.0,female,back,data/raw/HAM10000_images_part_1/ISIC_0028762.jpg,test,5,5,nv,nv,0.9342013,True,nv → nv,0.0020434207,0.0006469323,0.045064393,0.011966143,0.005484276,0.9342013,0.0005936318
HAM_0003407,ISIC_0026971,nv,follow_up,35.0,female,trunk,data/raw/HAM10000_images_part_1/ISIC_0026971.jpg,test,5,5,nv,nv,0.9521351,True,nv → nv,0.00096908584,0.00017601819,0.029832762,0.012721348,0.003969966,0.9521351,0.00019581681
HAM_0007034,ISIC_0029529,nv,follow_up,40.0,male,trunk,data/raw/HAM10000_images_part_2/ISIC_0029529.jpg,test,5,5,nv,nv,0.9368935,True,nv → nv,0.0008505804,0.00012113253,0.04401441,0.002276549,0.015772203,0.9368935,7.160613e-05
HAM_0005667,ISIC_0032394,nv,follow_up,40.0,male,back,data/raw/HAM10000_images_part_2/ISIC_0032394.jpg,test,5,5,nv,nv,0.9915987,True,nv → nv,9.46074e-06,4.841361e-07,0.007210811,0.00025964095,0.0009201244,0.9915987,6.622368e-07
HAM_0000051,ISIC_0026342,nv,follow_up,45.0,male,abdomen,data/raw/HAM10000_images_part_1/ISIC_0026342.jpg,test,5,5,nv,nv,0.9866457,True,nv → nv,1.264514e-05,5.6551266e-06,0.01046516,0.001865934,0.00081614906,0.9866457,0.00018879559
HAM_0001677,ISIC_0028191,nv,follow_up,35.0,female,upper extremity,data/raw/HAM10000_images_part_1/ISIC_0028191.jpg,test,5,5,nv,nv,0.98546267,True,nv → nv,9.486912e-05,2.0807749e-05,0.009974336,0.0037409614,0.0005464154,0.98546267,0.00015995788
HAM_0001581,ISIC_0027288,nv,follow_up,35.0,female,upper extremity,data/raw/HAM10000_images_part_1/ISIC_0027288.jpg,test,5,5,nv,nv,0.93340063,True,nv → nv,0.0014515719,0.00046791384,0.04135964,0.019287987,0.0033590405,0.93340063,0.00067321974
HAM_0007103,ISIC_0026271,nv,follow_up,65.0,female,abdomen,data/raw/HAM10000_images_part_1/ISIC_0026271.jpg,test,5,5,nv,nv,0.80837345,True,nv → nv,0.010805374,0.0035677226,0.079276316,0.08868207,0.0065690586,0.80837345,0.0027260014
HAM_0007042,ISIC_0024754,nv,follow_up,30.0,male,back,data/raw/HAM10000_images_part_1/ISIC_0024754.jpg,test,5,5,nv,nv,0.6624015,True,nv → nv,0.016472373,0.0038740349,0.1931212,0.08015196,0.04337083,0.6624015,0.0006080781
HAM_0006072,ISIC_0027168,nv,follow_up,30.0,male,back,data/raw/HAM10000_images_part_1/ISIC_0027168.jpg,test,5,5,nv,nv,0.95263904,True,nv → nv,0.0001944503,4.2672676e-05,0.03438683,0.010538047,0.0019790002,0.95263904,0.00021995055
HAM_0006784,ISIC_0025486,nv,follow_up,50.0,female,trunk,data/raw/HAM10000_images_part_1/ISIC_0025486.jpg,test,5,5,nv,nv,0.9214641,True,nv → nv,0.0033736962,0.0012043805,0.052047417,0.009745817,0.010880154,0.9214641,0.0012844048
HAM_0005089,ISIC_0025673,nv,follow_up,45.0,male,upper extremity,data/raw/HAM10000_images_part_1/ISIC_0025673.jpg,test,5,5,nv,nv,0.605361,True,nv → nv,0.07661319,0.021607466,0.15103768,0.09173573,0.051444467,0.605361,0.0022004477
HAM_0005138,ISIC_0027207,nv,follow_up,45.0,female,trunk,data/raw/HAM10000_images_part_1/ISIC_0027207.jpg,test,5,5,nv,nv,0.9877336,True,nv → nv,7.1368566e-05,4.2465686e-05,0.008983482,0.0013925557,0.0011259007,0.9877336,0.00065071374
HAM_0006495,ISIC_0025215,nv,follow_up,45.0,female,trunk,data/raw/HAM10000_images_part_1/ISIC_0025215.jpg,test,5,5,nv,nv,0.6482771,True,nv → nv,0.039442673,0.009673741,0.1629725,0.10815686,0.030461818,0.6482771,0.001015224
HAM_0001787,ISIC_0029700,nv,follow_up,45.0,female,lower extremity,data/raw/HAM10000_images_part_2/ISIC_0029700.jpg,test,5,5,nv,nv,0.98086905,True,nv → nv,0.00019180302,0.00010621562,0.008602975,0.0080600595,0.0004812014,0.98086905,0.001688737
HAM_0004374,ISIC_0030651,nv,follow_up,35.0,male,back,data/raw/HAM10000_images_part_2/ISIC_0030651.jpg,test,5,5,nv,nv,0.831622,True,nv → nv,0.002137628,0.0005535996,0.07519015,0.08660951,0.00367291,0.831622,0.00021412055
HAM_0001760,ISIC_0024389,nv,follow_up,45.0,male,lower extremity,data/raw/HAM10000_images_part_1/ISIC_0024389.jpg,test,5,5,nv,nv,0.80935705,True,nv → nv,0.010001948,0.0026655842,0.042337324,0.12940383,0.0013914168,0.80935705,0.004842825
HAM_0002695,ISIC_0028664,nv,follow_up,45.0,male,back,data/raw/HAM10000_images_part_1/ISIC_0028664.jpg,test,5,5,nv,nv,0.9978946,True,nv → nv,6.707876e-07,2.1572275e-07,0.00084110955,0.0012251105,8.609589e-06,0.9978946,2.979286e-05
HAM_0002212,ISIC_0029988,nv,follow_up,40.0,male,back,data/raw/HAM10000_images_part_2/ISIC_0029988.jpg,test,5,5,nv,nv,0.997834,True,nv → nv,1.2629973e-09,3.6085057e-10,0.0019686308,8.206603e-07,0.00019646894,0.997834,4.68215e-10
HAM_0001003,ISIC_0028629,nv,follow_up,70.0,male,back,data/raw/HAM10000_images_part_1/ISIC_0028629.jpg,test,5,5,nv,nv,0.942189,True,nv → nv,0.0030032657,0.0015712107,0.030055638,0.012852179,0.006543946,0.942189,0.0037848144
HAM_0002485,ISIC_0028351,nv,follow_up,35.0,male,upper extremity,data/raw/HAM10000_images_part_1/ISIC_0028351.jpg,test,5,5,nv,nv,0.7702124,True,nv → nv,0.019386424,0.0016721837,0.09815444,0.007819991,0.10275051,0.7702124,4.0396167e-06
HAM_0006745,ISIC_0026363,nv,follow_up,35.0,male,back,data/raw/HAM10000_images_part_1/ISIC_0026363.jpg,test,5,5,nv,nv,0.9748009,True,nv → nv,9.248541e-05,1.9832856e-05,0.015147082,0.009484498,0.00041561224,0.9748009,3.9682986e-05
HAM_0004355,ISIC_0030934,nv,follow_up,40.0,female,trunk,data/raw/HAM10000_images_part_2/ISIC_0030934.jpg,test,5,5,nv,nv,0.9595719,True,nv → nv,0.0011667745,0.00026344383,0.018609172,0.017761877,0.001800112,0.9595719,0.0008267622
HAM_0007041,ISIC_0027341,nv,follow_up,25.0,male,lower extremity,data/raw/HAM10000_images_part_1/ISIC_0027341.jpg,test,5,5,nv,nv,0.9948102,True,nv → nv,3.0332963e-05,2.7830978e-05,0.0025557121,0.00080565904,0.0002837428,0.9948102,0.0014865727
HAM_0004562,ISIC_0031387,nv,follow_up,45.0,male,abdomen,data/raw/HAM10000_images_part_2/ISIC_0031387.jpg,test,5,5,nv,nv,0.99950266,True,nv → nv,2.2144667e-08,3.0224385e-08,0.00038293752,8.001607e-06,7.897997e-05,0.99950266,2.7389842e-05
HAM_0001075,ISIC_0028743,nv,follow_up,30.0,female,back,data/raw/HAM10000_images_part_1/ISIC_0028743.jpg,test,5,5,nv,nv,0.95670015,True,nv → nv,0.001859644,0.0010500398,0.02467196,0.0072026914,0.0055778977,0.95670015,0.002937594
HAM_0007501,ISIC_0030780,nv,follow_up,45.0,male,trunk,data/raw/HAM10000_images_part_2/ISIC_0030780.jpg,test,5,5,nv,nv,0.9828977,True,nv → nv,4.382241e-05,7.678045e-06,0.014828337,0.0010044773,0.0012088383,0.9828977,9.089245e-06
HAM_0002500,ISIC_0028169,nv,follow_up,45.0,male,back,data/raw/HAM10000_images_part_1/ISIC_0028169.jpg,test,5,5,nv,nv,0.9970841,True,nv → nv,7.323928e-06,1.9033682e-06,0.002280728,0.00026117833,0.00029992574,0.9970841,6.491565e-05
HAM_0006672,ISIC_0029096,nv,follow_up,30.0,female,trunk,data/raw/HAM10000_images_part_1/ISIC_0029096.jpg,test,5,5,nv,nv,0.9977319,True,nv → nv,2.6478729e-06,2.9280086e-06,0.0010031324,0.00013516161,0.00022484855,0.9977319,0.00089935475
HAM_0006995,ISIC_0025115,nv,follow_up,30.0,male,upper extremity,data/raw/HAM10000_images_part_1/ISIC_0025115.jpg,test,5,5,nv,nv,0.77470875,True,nv → nv,0.005343046,0.0013996698,0.14722247,0.04365621,0.02752873,0.77470875,0.00014113425
HAM_0002682,ISIC_0024478,nv,follow_up,45.0,female,trunk,data/raw/HAM10000_images_part_1/ISIC_0024478.jpg,test,5,5,nv,nv,0.8686297,True,nv → nv,0.017999878,0.0072453553,0.05202932,0.028521484,0.016875667,0.8686297,0.00869864
HAM_0003413,ISIC_0030969,nv,follow_up,40.0,male,upper extremity,data/raw/HAM10000_images_part_2/ISIC_0030969.jpg,test,5,5,nv,nv,0.96095693,True,nv → nv,9.4477284e-05,7.3969286e-06,0.032932907,0.0022442592,0.0037609742,0.96095693,3.1396555e-06
HAM_0006688,ISIC_0030699,nv,follow_up,50.0,male,abdomen,data/raw/HAM10000_images_part_2/ISIC_0030699.jpg,test,5,5,nv,nv,0.91100204,True,nv → nv,0.00027883172,0.00011469485,0.039383728,0.04660576,0.0024926448,0.91100204,0.00012231673
HAM_0003242,ISIC_0031242,nv,follow_up,40.0,female,lower extremity,data/raw/HAM10000_images_part_2/ISIC_0031242.jpg,test,5,5,nv,nv,0.985377,True,nv → nv,0.00021724288,0.00011377346,0.0075191786,0.00095650984,0.0037591178,0.985377,0.0020572178
HAM_0001867,ISIC_0030136,nv,follow_up,55.0,female,back,data/raw/HAM10000_images_part_2/ISIC_0030136.jpg,test,5,5,nv,nv,0.8627503,True,nv → nv,0.0019321352,0.0011251026,0.071846835,0.0034315558,0.055077523,0.8627503,0.0038365156
HAM_0005152,ISIC_0030112,nv,follow_up,40.0,male,abdomen,data/raw/HAM10000_images_part_2/ISIC_0030112.jpg,test,5,5,nv,nv,0.99876213,True,nv → nv,3.9950953e-07,4.60689e-07,0.00059303927,0.00015099379,4.5073233e-05,0.99876213,0.00044786814
HAM_0002422,ISIC_0031566,nv,follow_up,60.0,male,lower extremity,data/raw/HAM10000_images_part_2/ISIC_0031566.jpg,test,5,5,nv,nv,0.7411601,True,nv → nv,0.0070540826,0.0075122765,0.07499117,0.11987489,0.006218169,0.7411601,0.043189306
HAM_0000355,ISIC_0027842,nv,follow_up,30.0,male,abdomen,data/raw/HAM10000_images_part_1/ISIC_0027842.jpg,test,5,5,nv,nv,0.98740476,True,nv → nv,1.9460866e-05,6.950337e-06,0.010451774,0.0007812634,0.0011577955,0.98740476,0.00017803055
HAM_0006485,ISIC_0024423,nv,follow_up,40.0,male,trunk,data/raw/HAM10000_images_part_1/ISIC_0024423.jpg,test,5,5,nv,nv,0.925467,True,nv → nv,0.0038559248,0.0008869329,0.044080522,0.004737055,0.020724861,0.925467,0.00024763047
HAM_0000660,ISIC_0028953,nv,follow_up,40.0,male,abdomen,data/raw/HAM10000_images_part_1/ISIC_0028953.jpg,test,5,5,nv,nv,0.9353405,True,nv → nv,0.0005719053,0.00015104996,0.049818847,0.003973781,0.009805284,0.9353405,0.00033857455
HAM_0007061,ISIC_0031433,nv,follow_up,50.0,male,abdomen,data/raw/HAM10000_images_part_2/ISIC_0031433.jpg,test,5,5,nv,nv,0.9400125,True,nv → nv,0.0004952854,0.00040653892,0.03233413,0.020812152,0.0019626776,0.9400125,0.0039767288
HAM_0004770,ISIC_0032495,nv,follow_up,50.0,male,lower extremity,data/raw/HAM10000_images_part_2/ISIC_0032495.jpg,test,5,5,nv,nv,0.99869615,True,nv → nv,1.7348876e-07,2.8878375e-07,0.0007564757,0.00051026675,1.3227538e-05,0.99869615,2.3413424e-05
HAM_0003956,ISIC_0030190,nv,follow_up,55.0,female,upper extremity,data/raw/HAM10000_images_part_2/ISIC_0030190.jpg,test,5,5,nv,nv,0.64188033,True,nv → nv,0.04474894,0.011325269,0.15014634,0.12724401,0.02350988,0.64188033,0.0011451803
HAM_0006677,ISIC_0025426,nv,follow_up,60.0,male,trunk,data/raw/HAM10000_images_part_1/ISIC_0025426.jpg,test,5,5,nv,nv,0.79647124,True,nv → nv,0.013164066,0.0035580671,0.11506801,0.013250059,0.05822797,0.79647124,0.00026067282
HAM_0006427,ISIC_0028704,nv,follow_up,60.0,male,upper extremity,data/raw/HAM10000_images_part_1/ISIC_0028704.jpg,test,5,5,nv,nv,0.83204174,True,nv → nv,0.01660545,0.003605482,0.08598325,0.037759785,0.023823917,0.83204174,0.00018037383
HAM_0001222,ISIC_0029916,nv,follow_up,60.0,male,back,data/raw/HAM10000_images_part_2/ISIC_0029916.jpg,test,5,5,nv,nv,0.84797037,True,nv → nv,0.007128977,0.001821298,0.08042207,0.05181774,0.010516069,0.84797037,0.00032347627
HAM_0003581,ISIC_0030051,nv,follow_up,40.0,male,trunk,data/raw/HAM10000_images_part_2/ISIC_0030051.jpg,test,5,5,nv,nv,0.998796,True,nv → nv,9.972505e-08,5.961719e-08,0.0009966093,2.5414809e-05,0.00017415704,0.998796,7.67844e-06
HAM_0003285,ISIC_0029907,nv,follow_up,30.0,female,back,data/raw/HAM10000_images_part_2/ISIC_0029907.jpg,test,5,5,nv,nv,0.9732239,True,nv → nv,0.0008644231,0.00042385812,0.01432022,0.0049076746,0.003404326,0.9732239,0.0028556094
HAM_0005358,ISIC_0026982,nv,follow_up,50.0,male,lower extremity,data/raw/HAM10000_images_part_1/ISIC_0026982.jpg,test,5,5,nv,nv,0.99158573,True,nv → nv,3.7466813e-05,1.06330635e-05,0.005702659,0.002151419,0.0003314063,0.99158573,0.0001807763
HAM_0001714,ISIC_0032354,nv,follow_up,30.0,female,trunk,data/raw/HAM10000_images_part_2/ISIC_0032354.jpg,test,5,5,nv,nv,0.58225983,True,nv → nv,0.06001519,0.039451078,0.101347044,0.14124294,0.022150973,0.58225983,0.053532943
HAM_0004557,ISIC_0032465,nv,follow_up,30.0,female,trunk,data/raw/HAM10000_images_part_2/ISIC_0032465.jpg,test,5,5,nv,nv,0.85407215,True,nv → nv,0.007123878,0.0018536196,0.0386952,0.09013357,0.0034438097,0.85407215,0.0046777604
HAM_0002415,ISIC_0026121,nv,follow_up,30.0,female,trunk,data/raw/HAM10000_images_part_1/ISIC_0026121.jpg,test,5,5,nv,nv,0.681139,True,nv → nv,0.045033514,0.017281167,0.09106881,0.13132694,0.017007157,0.681139,0.01714344
HAM_0002678,ISIC_0030739,nv,follow_up,30.0,female,trunk,data/raw/HAM10000_images_part_2/ISIC_0030739.jpg,test,5,5,nv,nv,0.71052307,True,nv → nv,0.011994725,0.0039142696,0.0708535,0.19299367,0.005126845,0.71052307,0.004593959
HAM_0006571,ISIC_0025418,nv,follow_up,30.0,female,upper extremity,data/raw/HAM10000_images_part_1/ISIC_0025418.jpg,test,5,5,nv,nv,0.960518,True,nv → nv,0.00034226658,5.671554e-05,0.021442536,0.016353536,0.0012087742,0.960518,7.824132e-05
HAM_0003116,ISIC_0030453,nv,follow_up,30.0,female,lower extremity,data/raw/HAM10000_images_part_2/ISIC_0030453.jpg,test,5,5,nv,nv,0.93040955,True,nv → nv,0.002726519,0.0017909261,0.024321254,0.027004333,0.00285397,0.93040955,0.010893513
HAM_0006023,ISIC_0025002,nv,follow_up,35.0,male,trunk,data/raw/HAM10000_images_part_1/ISIC_0025002.jpg,test,5,5,nv,nv,0.9487662,True,nv → nv,0.00024591992,0.00013257885,0.019139871,0.028740956,0.0007163035,0.9487662,0.002258193
HAM_0003953,ISIC_0027158,nv,follow_up,45.0,male,back,data/raw/HAM10000_images_part_1/ISIC_0027158.jpg,test,5,5,nv,nv,0.93911254,True,nv → nv,0.0030050494,0.0014718418,0.03489122,0.009098641,0.010032946,0.93911254,0.0023876983
HAM_0003442,ISIC_0027929,nv,follow_up,45.0,male,back,data/raw/HAM10000_images_part_1/ISIC_0027929.jpg,test,5,5,nv,nv,0.98653215,True,nv → nv,2.7434562e-05,4.6629348e-06,0.011515111,0.0008747924,0.0010228447,0.98653215,2.2995697e-05
HAM_0003554,ISIC_0027494,nv,follow_up,45.0,male,trunk,data/raw/HAM10000_images_part_1/ISIC_0027494.jpg,test,5,5,nv,nv,0.95159686,True,nv → nv,0.0020624972,0.0010330583,0.023723505,0.015205894,0.0037119712,0.95159686,0.002666139
HAM_0004484,ISIC_0025124,nv,follow_up,45.0,male,trunk,data/raw/HAM10000_images_part_1/ISIC_0025124.jpg,test,5,5,nv,nv,0.639648,True,nv → nv,0.020228125,0.007920541,0.08129413,0.2316747,0.006740725,0.639648,0.012493739
HAM_0003705,ISIC_0025263,nv,follow_up,50.0,male,trunk,data/raw/HAM10000_images_part_1/ISIC_0025263.jpg,test,5,0,nv,akiec,0.32148242,False,nv → akiec,0.32148242,0.12016125,0.14781412,0.05801358,0.19750528,0.15415512,0.00086817966
HAM_0004477,ISIC_0026646,nv,follow_up,50.0,male,trunk,data/raw/HAM10000_images_part_1/ISIC_0026646.jpg,test,5,5,nv,nv,0.9132905,True,nv → nv,0.0002044477,1.201945e-05,0.0728541,0.001724821,0.011913819,0.9132905,3.0041244e-07
HAM_0003510,ISIC_0031507,nv,follow_up,65.0,male,trunk,data/raw/HAM10000_images_part_2/ISIC_0031507.jpg,test,5,5,nv,nv,0.8413305,True,nv → nv,0.0045618406,0.00074081187,0.10913581,0.0205342,0.023644138,0.8413305,5.2669002e-05
HAM_0004804,ISIC_0030497,nv,follow_up,25.0,female,back,data/raw/HAM10000_images_part_2/ISIC_0030497.jpg,test,5,5,nv,nv,0.9976634,True,nv → nv,1.928086e-07,2.0127112e-08,0.0020919698,0.00019364475,5.0162213e-05,0.9976634,6.445472e-07
HAM_0003498,ISIC_0024609,nv,follow_up,40.0,male,trunk,data/raw/HAM10000_images_part_1/ISIC_0024609.jpg,test,5,5,nv,nv,0.814223,True,nv → nv,0.0069832695,0.0023915223,0.0875161,0.07488318,0.012856974,0.814223,0.0011460088
HAM_0004486,ISIC_0031448,nv,follow_up,45.0,male,upper extremity,data/raw/HAM10000_images_part_2/ISIC_0031448.jpg,test,5,5,nv,nv,0.8608422,True,nv → nv,0.0008855412,8.5628555e-05,0.095562056,0.0023544137,0.04026873,0.8608422,1.4570311e-06
HAM_0007314,ISIC_0031152,nv,follow_up,40.0,female,trunk,data/raw/HAM10000_images_part_2/ISIC_0031152.jpg,test,5,5,nv,nv,0.7853474,True,nv → nv,0.01975719,0.0068020583,0.06193535,0.109693296,0.0064660115,0.7853474,0.0099986885
HAM_0005414,ISIC_0027054,nv,follow_up,40.0,female,trunk,data/raw/HAM10000_images_part_1/ISIC_0027054.jpg,test,5,5,nv,nv,0.84707075,True,nv → nv,0.014783132,0.005518235,0.06139851,0.052037816,0.012996682,0.84707075,0.006194876
HAM_0000864,ISIC_0028716,nv,follow_up,40.0,female,abdomen,data/raw/HAM10000_images_part_1/ISIC_0028716.jpg,test,5,5,nv,nv,0.9960794,True,nv → nv,9.174378e-07,1.02403376e-07,0.0034865795,0.0001105559,0.0003222674,0.9960794,2.134176e-07
HAM_0007064,ISIC_0032282,nv,follow_up,40.0,female,back,data/raw/HAM10000_images_part_2/ISIC_0032282.jpg,test,5,5,nv,nv,0.804004,True,nv → nv,0.012374553,0.0054494105,0.07394949,0.08625807,0.010731105,0.804004,0.0072334106
HAM_0003494,ISIC_0031347,nv,follow_up,40.0,female,back,data/raw/HAM10000_images_part_2/ISIC_0031347.jpg,test,5,5,nv,nv,0.9978789,True,nv → nv,1.9414752e-07,2.0963944e-07,0.0016653931,6.1670835e-05,0.00036278542,0.9978789,3.076385e-05
HAM_0002690,ISIC_0028828,nv,follow_up,70.0,male,trunk,data/raw/HAM10000_images_part_1/ISIC_0028828.jpg,test,5,5,nv,nv,0.99387264,True,nv → nv,2.6701315e-05,1.5267075e-05,0.0041921744,0.0004400666,0.0009751155,0.99387264,0.00047803365
HAM_0001844,ISIC_0026736,nv,follow_up,70.0,male,abdomen,data/raw/HAM10000_images_part_1/ISIC_0026736.jpg,test,5,5,nv,nv,0.9971023,True,nv → nv,8.853837e-06,1.8267546e-06,0.0021254185,0.000109206136,0.000613778,0.9971023,3.8593498e-05
HAM_0002273,ISIC_0026772,nv,follow_up,70.0,male,lower extremity,data/raw/HAM10000_images_part_1/ISIC_0026772.jpg,test,5,5,nv,nv,0.94255316,True,nv → nv,0.000515913,0.00033011413,0.016106071,0.038432766,0.0005788989,0.94255316,0.0014830711
HAM_0002081,ISIC_0029120,nv,follow_up,70.0,male,trunk,data/raw/HAM10000_images_part_1/ISIC_0029120.jpg,test,5,5,nv,nv,0.996696,True,nv → nv,1.603297e-07,4.1709485e-09,0.0030736253,1.7451692e-05,0.00021278423,0.996696,3.05636e-09
HAM_0004251,ISIC_0026673,nv,follow_up,70.0,male,trunk,data/raw/HAM10000_images_part_1/ISIC_0026673.jpg,test,5,5,nv,nv,0.997629,True,nv → nv,1.4574601e-06,2.2998917e-07,0.0020120414,0.00011427633,0.00022769734,0.997629,1.534493e-05
HAM_0005216,ISIC_0032161,nv,follow_up,70.0,male,back,data/raw/HAM10000_images_part_2/ISIC_0032161.jpg,test,5,5,nv,nv,0.9624748,True,nv → nv,0.001218235,0.00071008515,0.021937702,0.007944064,0.003239299,0.9624748,0.0024758137
HAM_0005741,ISIC_0027222,nv,follow_up,40.0,male,trunk,data/raw/HAM10000_images_part_1/ISIC_0027222.jpg,test,5,5,nv,nv,0.3970477,True,nv → nv,0.12940523,0.04515132,0.15369448,0.22547063,0.0446812,0.3970477,0.0045494814
HAM_0006515,ISIC_0025828,nv,follow_up,40.0,female,abdomen,data/raw/HAM10000_images_part_1/ISIC_0025828.jpg,test,5,5,nv,nv,0.98415875,True,nv → nv,3.6635058e-05,3.0935043e-05,0.009106273,0.0059278966,0.00025140218,0.98415875,0.00048800226
HAM_0003844,ISIC_0027169,nv,follow_up,50.0,male,back,data/raw/HAM10000_images_part_1/ISIC_0027169.jpg,test,5,5,nv,nv,0.9169419,True,nv → nv,0.0012910872,0.00029505254,0.048632547,0.029560385,0.0031276138,0.9169419,0.00015138027
HAM_0005734,ISIC_0025048,nv,follow_up,50.0,male,trunk,data/raw/HAM10000_images_part_1/ISIC_0025048.jpg,test,5,5,nv,nv,0.9918933,True,nv → nv,2.7056505e-05,2.8959084e-06,0.005760534,0.0020911857,0.0002022779,0.9918933,2.2785645e-05
HAM_0007156,ISIC_0025893,nv,follow_up,45.0,male,lower extremity,data/raw/HAM10000_images_part_1/ISIC_0025893.jpg,test,5,5,nv,nv,0.9742915,True,nv → nv,9.924933e-05,6.2423125e-05,0.010795604,0.013662438,0.00029836013,0.9742915,0.00079042034
HAM_0007322,ISIC_0030205,nv,follow_up,35.0,female,trunk,data/raw/HAM10000_images_part_2/ISIC_0030205.jpg,test,5,5,nv,nv,0.9956618,True,nv → nv,3.0679843e-07,1.04770464e-07,0.0038356977,0.00012471114,0.00037617004,0.9956618,1.2301032e-06
HAM_0002516,ISIC_0028315,nv,follow_up,35.0,female,lower extremity,data/raw/HAM10000_images_part_1/ISIC_0028315.jpg,test,5,5,nv,nv,0.9884165,True,nv → nv,0.000135096,6.268226e-05,0.0060069296,0.004642621,0.00028827158,0.9884165,0.00044791074
HAM_0007071,ISIC_0030449,nv,follow_up,35.0,female,trunk,data/raw/HAM10000_images_part_2/ISIC_0030449.jpg,test,5,5,nv,nv,0.97671974,True,nv → nv,0.00036290573,4.1824427e-05,0.016184669,0.0035869847,0.0030537632,0.97671974,5.01996e-05
HAM_0000503,ISIC_0029236,nv,follow_up,65.0,female,abdomen,data/raw/HAM10000_images_part_1/ISIC_0029236.jpg,test,5,5,nv,nv,0.97291476,True,nv → nv,0.00026870106,7.6506214e-05,0.020188,0.004390637,0.0019762616,0.97291476,0.0001852444
HAM_0003061,ISIC_0032262,nv,follow_up,65.0,female,upper extremity,data/raw/HAM10000_images_part_2/ISIC_0032262.jpg,test,5,5,nv,nv,0.98339903,True,nv → nv,6.968436e-05,7.657386e-06,0.013559294,0.0021799803,0.0007772544,0.98339903,7.1876875e-06
HAM_0003247,ISIC_0026707,nv,follow_up,40.0,female,abdomen,data/raw/HAM10000_images_part_1/ISIC_0026707.jpg,test,5,5,nv,nv,0.8291176,True,nv → nv,0.0075788996,0.0038805502,0.09604272,0.045398153,0.013861694,0.8291176,0.0041203406
HAM_0003618,ISIC_0028234,nv,follow_up,50.0,male,trunk,data/raw/HAM10000_images_part_1/ISIC_0028234.jpg,test,5,5,nv,nv,0.99757475,True,nv → nv,2.5690163e-06,4.0239574e-06,0.0007616919,0.0001644589,9.630808e-05,0.99757475,0.0013962699
HAM_0003592,ISIC_0031416,nv,follow_up,50.0,male,trunk,data/raw/HAM10000_images_part_2/ISIC_0031416.jpg,test,5,5,nv,nv,0.99940634,True,nv → nv,1.596464e-07,1.8443113e-07,0.0003554129,3.0267725e-05,3.412725e-05,0.99940634,0.00017348726
HAM_0007012,ISIC_0030865,nv,follow_up,50.0,male,abdomen,data/raw/HAM10000_images_part_2/ISIC_0030865.jpg,test,5,5,nv,nv,0.9993394,True,nv → nv,1.1344691e-07,5.345347e-08,0.00055832515,2.9899715e-05,4.9154754e-05,0.9993394,2.2965893e-05
HAM_0001205,ISIC_0025034,nv,follow_up,50.0,male,abdomen,data/raw/HAM10000_images_part_1/ISIC_0025034.jpg,test,5,5,nv,nv,0.9960561,True,nv → nv,7.3660254e-07,1.9424509e-07,0.0032557074,7.352515e-05,0.0006043918,0.9960561,9.3464805e-06
HAM_0000606,ISIC_0030109,nv,follow_up,50.0,male,trunk,data/raw/HAM10000_images_part_2/ISIC_0030109.jpg,test,5,5,nv,nv,0.99836046,True,nv → nv,6.0207367e-07,1.1436557e-06,0.0011633065,0.00010054941,0.00015423408,0.99836046,0.00021964441
HAM_0002006,ISIC_0025360,nv,follow_up,50.0,male,back,data/raw/HAM10000_images_part_1/ISIC_0025360.jpg,test,5,5,nv,nv,0.9788401,True,nv → nv,0.00033496748,0.000111956564,0.01454092,0.0037686469,0.0020795134,0.9788401,0.00032391536
HAM_0002927,ISIC_0028012,nv,follow_up,50.0,male,trunk,data/raw/HAM10000_images_part_1/ISIC_0028012.jpg,test,5,5,nv,nv,0.9979761,True,nv → nv,1.5191477e-08,1.7953273e-08,0.0018719378,2.8177434e-05,0.00012309616,0.9979761,5.415051e-07
HAM_0005165,ISIC_0030108,nv,follow_up,50.0,male,lower extremity,data/raw/HAM10000_images_part_2/ISIC_0030108.jpg,test,5,5,nv,nv,0.99952185,True,nv → nv,7.6198425e-09,1.8157918e-08,0.00037199125,8.6349246e-05,1.0056577e-05,0.99952185,9.767715e-06
HAM_0003547,ISIC_0027921,nv,follow_up,50.0,male,lower extremity,data/raw/HAM10000_images_part_1/ISIC_0027921.jpg,test,5,5,nv,nv,0.9884106,True,nv → nv,1.0211206e-05,3.1841944e-05,0.007480236,0.0010245417,0.0006208904,0.9884106,0.0024216776
HAM_0005512,ISIC_0025194,nv,follow_up,35.0,female,abdomen,data/raw/HAM10000_images_part_1/ISIC_0025194.jpg,test,5,5,nv,nv,0.995539,True,nv → nv,8.634313e-08,1.7717262e-08,0.004141648,0.00019871557,0.00012037776,0.995539,9.566268e-08
HAM_0004887,ISIC_0024717,nv,follow_up,35.0,female,back,data/raw/HAM10000_images_part_1/ISIC_0024717.jpg,test,5,5,nv,nv,0.6203753,True,nv → nv,0.007996449,0.0029830337,0.04762719,0.3135498,0.0015973335,0.6203753,0.005870884
HAM_0000200,ISIC_0028213,nv,follow_up,35.0,female,lower extremity,data/raw/HAM10000_images_part_1/ISIC_0028213.jpg,test,5,5,nv,nv,0.8080115,True,nv → nv,0.008242521,0.001792637,0.07947328,0.09451964,0.007537803,0.8080115,0.00042268267
HAM_0002780,ISIC_0028732,nv,follow_up,70.0,male,lower extremity,data/raw/HAM10000_images_part_1/ISIC_0028732.jpg,test,5,5,nv,nv,0.99262166,True,nv → nv,6.7093165e-06,7.5876505e-06,0.005628609,0.0010477412,0.00040933088,0.99262166,0.00027829813
HAM_0006503,ISIC_0032217,nv,follow_up,45.0,female,lower extremity,data/raw/HAM10000_images_part_2/ISIC_0032217.jpg,test,5,5,nv,nv,0.8655823,True,nv → nv,0.0074887467,0.002111869,0.07614827,0.0375017,0.00905605,0.8655823,0.0021110636
HAM_0004089,ISIC_0026589,nv,follow_up,45.0,female,upper extremity,data/raw/HAM10000_images_part_1/ISIC_0026589.jpg,test,5,5,nv,nv,0.82576525,True,nv → nv,0.0043920306,0.0014248017,0.100435235,0.058323245,0.008983494,0.82576525,0.00067599857
HAM_0006439,ISIC_0028423,nv,histo,30.0,female,neck,data/raw/HAM10000_images_part_1/ISIC_0028423.jpg,test,5,2,nv,bkl,0.43323967,False,nv → bkl,0.0395716,0.029132584,0.43323967,0.013532937,0.27050537,0.21378608,0.00023173341
HAM_0006439,ISIC_0025621,nv,histo,30.0,female,neck,data/raw/HAM10000_images_part_1/ISIC_0025621.jpg,test,5,4,nv,mel,0.35747424,False,nv → mel,0.012503068,0.0025098629,0.29358497,0.0015145825,0.35747424,0.3324002,1.3062183e-05
HAM_0000892,ISIC_0024594,nv,histo,40.0,male,trunk,data/raw/HAM10000_images_part_1/ISIC_0024594.jpg,test,5,2,nv,bkl,0.41026184,False,nv → bkl,0.03739793,0.024508445,0.41026184,0.014845272,0.26134682,0.25129098,0.00034866366
HAM_0000892,ISIC_0029845,nv,histo,40.0,male,trunk,data/raw/HAM10000_images_part_2/ISIC_0029845.jpg,test,5,5,nv,nv,0.29595003,True,nv → nv,0.074724026,0.116345726,0.23437205,0.042470682,0.22967254,0.29595003,0.0064648967
HAM_0004997,ISIC_0027305,nv,histo,35.0,male,back,data/raw/HAM10000_images_part_1/ISIC_0027305.jpg,test,5,2,nv,bkl,0.6317727,False,nv → bkl,0.02117425,0.007439183,0.6317727,0.0053420886,0.19417453,0.14009053,6.7987407e-06
HAM_0004997,ISIC_0027718,nv,histo,35.0,male,back,data/raw/HAM10000_images_part_1/ISIC_0027718.jpg,test,5,2,nv,bkl,0.36920786,False,nv → bkl,0.09274984,0.06917571,0.36920786,0.03484654,0.2593249,0.17414176,0.0005533511
HAM_0000028,ISIC_0026012,nv,histo,35.0,female,back,data/raw/HAM10000_images_part_1/ISIC_0026012.jpg,test,5,5,nv,nv,0.24867788,True,nv → nv,0.15411468,0.1688192,0.14410107,0.13142152,0.1174393,0.24867788,0.03542632
HAM_0000028,ISIC_0029752,nv,histo,35.0,female,back,data/raw/HAM10000_images_part_2/ISIC_0029752.jpg,test,5,5,nv,nv,0.5041873,True,nv → nv,0.09225046,0.046353985,0.15108073,0.038492806,0.15390196,0.5041873,0.013732847
HAM_0004380,ISIC_0026251,nv,histo,30.0,female,face,data/raw/HAM10000_images_part_1/ISIC_0026251.jpg,test,5,0,nv,akiec,0.27457717,False,nv → akiec,0.27457717,0.2553989,0.18960062,0.13701437,0.055626363,0.06745615,0.020326454
HAM_0004380,ISIC_0029072,nv,histo,30.0,female,face,data/raw/HAM10000_images_part_1/ISIC_0029072.jpg,test,5,0,nv,akiec,0.22153139,False,nv → akiec,0.22153139,0.17712206,0.20272683,0.08819427,0.12845191,0.17006867,0.011904871
HAM_0006150,ISIC_0031404,nv,histo,70.0,male,back,data/raw/HAM10000_images_part_2/ISIC_0031404.jpg,test,5,5,nv,nv,0.32662004,True,nv → nv,0.16264826,0.079922974,0.17649801,0.07111356,0.1797742,0.32662004,0.0034229713
HAM_0006150,ISIC_0026569,nv,histo,70.0,male,back,data/raw/HAM10000_images_part_1/ISIC_0026569.jpg,test,5,1,nv,bcc,0.2852541,False,nv → bcc,0.28172326,0.2852541,0.10973878,0.23908335,0.037294287,0.03622936,0.010676902
HAM_0002120,ISIC_0029735,nv,histo,50.0,male,chest,data/raw/HAM10000_images_part_2/ISIC_0029735.jpg,test,5,4,nv,mel,0.3567258,False,nv → mel,0.0051991576,0.0009327018,0.2921155,0.00040422,0.3567258,0.34461972,2.9219236e-06
HAM_0002120,ISIC_0028010,nv,histo,50.0,male,chest,data/raw/HAM10000_images_part_1/ISIC_0028010.jpg,test,5,4,nv,mel,0.3336758,False,nv → mel,0.02262103,0.015323106,0.30068192,0.006559422,0.3336758,0.32086164,0.00027715412
HAM_0007123,ISIC_0025672,nv,histo,70.0,male,hand,data/raw/HAM10000_images_part_1/ISIC_0025672.jpg,test,5,0,nv,akiec,0.5215602,False,nv → akiec,0.5215602,0.21965817,0.08953162,0.13736868,0.014358144,0.010588208,0.0069350284
HAM_0007123,ISIC_0030664,nv,histo,70.0,male,hand,data/raw/HAM10000_images_part_2/ISIC_0030664.jpg,test,5,1,nv,bcc,0.41198048,False,nv → bcc,0.059242353,0.41198048,0.07340611,0.091445476,0.023707883,0.05271498,0.2875027
HAM_0005237,ISIC_0031733,nv,histo,70.0,male,hand,data/raw/HAM10000_images_part_2/ISIC_0031733.jpg,test,5,1,nv,bcc,0.35661572,False,nv → bcc,0.047015533,0.35661572,0.08679612,0.069023356,0.036018696,0.07170026,0.33283028
HAM_0005237,ISIC_0027240,nv,histo,70.0,male,hand,data/raw/HAM10000_images_part_1/ISIC_0027240.jpg,test,5,1,nv,bcc,0.29504433,False,nv → bcc,0.29094538,0.29504433,0.1185381,0.18133841,0.039134055,0.03299642,0.04200324
HAM_0001813,ISIC_0030858,nv,histo,60.0,male,trunk,data/raw/HAM10000_images_part_2/ISIC_0030858.jpg,test,5,4,nv,mel,0.35324606,False,nv → mel,0.02438459,0.01382263,0.27718908,0.004884102,0.35324606,0.32635444,0.00011910553
HAM_0001813,ISIC_0030609,nv,histo,60.0,male,trunk,data/raw/HAM10000_images_part_2/ISIC_0030609.jpg,test,5,4,nv,mel,0.59910685,False,nv → mel,0.00016536065,2.1092378e-06,0.055919968,5.5226525e-07,0.59910685,0.34480518,3.603396e-10
HAM_0002198,ISIC_0024314,nv,histo,75.0,male,lower extremity,data/raw/HAM10000_images_part_1/ISIC_0024314.jpg,test,5,2,nv,bkl,0.40211222,False,nv → bkl,0.023111057,0.0123924315,0.40211222,0.0099414345,0.27523977,0.27701893,0.00018409378
HAM_0002198,ISIC_0026722,nv,histo,75.0,male,lower extremity,data/raw/HAM10000_images_part_1/ISIC_0026722.jpg,test,5,2,nv,bkl,0.34586552,False,nv → bkl,0.057281516,0.09037949,0.34586552,0.04483395,0.2065951,0.24916176,0.0058826716
HAM_0003848,ISIC_0027077,nv,histo,55.0,female,abdomen,data/raw/HAM10000_images_part_1/ISIC_0027077.jpg,test,5,2,nv,bkl,0.5570086,False,nv → bkl,0.043474447,0.045828424,0.5570086,0.034062933,0.164947,0.1546071,7.15871e-05
HAM_0003848,ISIC_0032096,nv,histo,55.0,female,abdomen,data/raw/HAM10000_images_part_2/ISIC_0032096.jpg,test,5,2,nv,bkl,0.4200892,False,nv → bkl,0.051689398,0.16469209,0.4200892,0.10564367,0.19818224,0.05969019,1.3187992e-05
HAM_0001342,ISIC_0029366,nv,histo,55.0,female,abdomen,data/raw/HAM10000_images_part_2/ISIC_0029366.jpg,test,5,2,nv,bkl,0.34050572,False,nv → bkl,0.1282674,0.058574025,0.34050572,0.029372128,0.30124182,0.14183995,0.0001989554
HAM_0001342,ISIC_0032378,nv,histo,55.0,female,abdomen,data/raw/HAM10000_images_part_2/ISIC_0032378.jpg,test,5,1,nv,bcc,0.2701597,False,nv → bcc,0.19816864,0.2701597,0.2198454,0.15265915,0.12733853,0.03161058,0.00021787998
HAM_0003327,ISIC_0029430,nv,histo,45.0,male,upper extremity,data/raw/HAM10000_images_part_2/ISIC_0029430.jpg,test,5,2,nv,bkl,0.26694447,False,nv → bkl,0.11583938,0.25387838,0.26694447,0.09943302,0.113145955,0.13088258,0.019876212
HAM_0003327,ISIC_0027312,nv,histo,45.0,male,upper extremity,data/raw/HAM10000_images_part_1/ISIC_0027312.jpg,test,5,2,nv,bkl,0.29374823,False,nv → bkl,0.072548814,0.06518166,0.29374823,0.03016666,0.26673514,0.2699962,0.001623308
HAM_0005447,ISIC_0027427,nv,histo,70.0,male,back,data/raw/HAM10000_images_part_1/ISIC_0027427.jpg,test,5,1,nv,bcc,0.3903588,False,nv → bcc,0.15729351,0.3903588,0.16247952,0.1701325,0.056433856,0.045351677,0.017950084
HAM_0005447,ISIC_0026389,nv,histo,70.0,male,back,data/raw/HAM10000_images_part_1/ISIC_0026389.jpg,test,5,1,nv,bcc,0.3441471,False,nv → bcc,0.30953088,0.3441471,0.10230753,0.17745094,0.039272968,0.018438265,0.008852313
HAM_0006359,ISIC_0028385,nv,histo,45.0,female,foot,data/raw/HAM10000_images_part_1/ISIC_0028385.jpg,test,5,2,nv,bkl,0.29494005,False,nv → bkl,0.09544467,0.12043838,0.29494005,0.08704033,0.17544469,0.21511972,0.011572088
HAM_0006359,ISIC_0027403,nv,histo,45.0,female,foot,data/raw/HAM10000_images_part_1/ISIC_0027403.jpg,test,5,4,nv,mel,0.34206304,False,nv → mel,0.01587023,0.00365614,0.34032616,0.0028265596,0.34206304,0.29523483,2.3041299e-05
HAM_0006742,ISIC_0027031,nv,histo,30.0,male,back,data/raw/HAM10000_images_part_1/ISIC_0027031.jpg,test,5,2,nv,bkl,0.2453156,False,nv → bkl,0.15017314,0.18814495,0.2453156,0.13668498,0.16995089,0.10904626,0.0006842382
HAM_0006742,ISIC_0024813,nv,histo,30.0,male,back,data/raw/HAM10000_images_part_1/ISIC_0024813.jpg,test,5,4,nv,mel,0.3380472,False,nv → mel,0.093351044,0.0403673,0.2416459,0.015757384,0.3380472,0.27059293,0.00023835214
HAM_0006914,ISIC_0027462,nv,histo,75.0,male,abdomen,data/raw/HAM10000_images_part_1/ISIC_0027462.jpg,test,5,4,nv,mel,0.3745645,False,nv → mel,0.07050631,0.030460032,0.24846493,0.0108828135,0.3745645,0.26495835,0.00016308593
HAM_0006914,ISIC_0025254,nv,histo,75.0,male,abdomen,data/raw/HAM10000_images_part_1/ISIC_0025254.jpg,test,5,4,nv,mel,0.67528915,False,nv → mel,0.00048219212,4.5415567e-05,0.075112775,8.73776e-06,0.67528915,0.24906147,2.7063686e-07
HAM_0007476,ISIC_0025108,nv,histo,40.0,female,back,data/raw/HAM10000_images_part_1/ISIC_0025108.jpg,test,5,4,nv,mel,0.43006232,False,nv → mel,0.015171377,0.0045540985,0.22564055,0.0014901465,0.43006232,0.32303464,4.696557e-05
HAM_0007476,ISIC_0029296,nv,histo,40.0,female,back,data/raw/HAM10000_images_part_1/ISIC_0029296.jpg,test,5,4,nv,mel,0.2930264,False,nv → mel,0.13087805,0.113742165,0.27552977,0.054203168,0.2930264,0.12934126,0.0032792056
HAM_0003684,ISIC_0031646,nv,histo,75.0,male,face,data/raw/HAM10000_images_part_2/ISIC_0031646.jpg,test,5,5,nv,nv,0.2864273,True,nv → nv,0.07194631,0.08444908,0.2821899,0.03686149,0.23394947,0.2864273,0.0041764644
HAM_0003684,ISIC_0031385,nv,histo,75.0,male,face,data/raw/HAM10000_images_part_2/ISIC_0031385.jpg,test,5,2,nv,bkl,0.42619517,False,nv → bkl,0.01062853,0.003201154,0.42619517,0.0026344433,0.28324232,0.274083,1.53265e-05
HAM_0006711,ISIC_0029986,nv,histo,70.0,male,trunk,data/raw/HAM10000_images_part_2/ISIC_0029986.jpg,test,5,4,nv,mel,0.47140646,False,nv → mel,0.14795072,0.042285733,0.14695862,0.009454726,0.47140646,0.18148193,0.00046186068
HAM_0006711,ISIC_0027010,nv,histo,70.0,male,trunk,data/raw/HAM10000_images_part_1/ISIC_0027010.jpg,test,5,0,nv,akiec,0.37973836,False,nv → akiec,0.37973836,0.2044427,0.12174198,0.09134473,0.16634887,0.0360992,0.0002842033
HAM_0004461,ISIC_0031817,nv,histo,20.0,female,lower extremity,data/raw/HAM10000_images_part_2/ISIC_0031817.jpg,test,5,4,nv,mel,0.5681097,False,nv → mel,0.012355765,0.004057418,0.10566474,0.001027226,0.5681097,0.3086143,0.00017078701
HAM_0004461,ISIC_0032421,nv,histo,20.0,female,lower extremity,data/raw/HAM10000_images_part_2/ISIC_0032421.jpg,test,5,5,nv,nv,0.31765535,True,nv → nv,0.15063998,0.045078695,0.16671863,0.02045221,0.2968321,0.31765535,0.0026228982
HAM_0003627,ISIC_0024855,nv,histo,30.0,female,back,data/raw/HAM10000_images_part_1/ISIC_0024855.jpg,test,5,4,nv,mel,0.55442435,False,nv → mel,5.6677425e-05,1.3312547e-06,0.14622404,3.3863716e-07,0.55442435,0.29929322,4.6637576e-11
HAM_0003627,ISIC_0026497,nv,histo,30.0,female,back,data/raw/HAM10000_images_part_1/ISIC_0026497.jpg,test,5,4,nv,mel,0.40203848,False,nv → mel,0.0031693317,0.0004552776,0.2115999,0.00017444677,0.40203848,0.3825611,1.441284e-06
HAM_0001088,ISIC_0031959,nv,histo,45.0,female,upper extremity,data/raw/HAM10000_images_part_2/ISIC_0031959.jpg,test,5,2,nv,bkl,0.40384123,False,nv → bkl,0.07280479,0.074475236,0.40384123,0.038025215,0.22642131,0.18383995,0.0005921002
HAM_0001088,ISIC_0032078,nv,histo,45.0,female,upper extremity,data/raw/HAM10000_images_part_2/ISIC_0032078.jpg,test,5,2,nv,bkl,0.5747395,False,nv → bkl,0.002450786,0.00032709073,0.5747395,0.00027588572,0.20055869,0.22164798,9.976326e-08
HAM_0005484,ISIC_0032443,nv,histo,35.0,male,abdomen,data/raw/HAM10000_images_part_2/ISIC_0032443.jpg,test,5,4,nv,mel,0.44705743,False,nv → mel,0.026394632,0.012221417,0.21865106,0.0067700287,0.44705743,0.28866002,0.0002454746
HAM_0004869,ISIC_0025370,nv,histo,15.0,female,lower extremity,data/raw/HAM10000_images_part_1/ISIC_0025370.jpg,test,5,5,nv,nv,0.34300655,True,nv → nv,0.14546353,0.09354638,0.2014153,0.10852453,0.100216575,0.34300655,0.00782715
HAM_0005227,ISIC_0027768,nv,histo,75.0,male,face,data/raw/HAM10000_images_part_1/ISIC_0027768.jpg,test,5,4,nv,mel,0.38944665,False,nv → mel,0.3079291,0.06877699,0.20340873,0.012468675,0.38944665,0.017969994,8.247178e-09
HAM_0005227,ISIC_0027410,nv,histo,75.0,male,face,data/raw/HAM10000_images_part_1/ISIC_0027410.jpg,test,5,4,nv,mel,0.53963625,False,nv → mel,0.014710363,0.009116341,0.3974355,0.0031689955,0.53963625,0.035932556,3.895314e-09
HAM_0000589,ISIC_0030194,nv,histo,15.0,female,neck,data/raw/HAM10000_images_part_2/ISIC_0030194.jpg,test,5,4,nv,mel,0.62461346,False,nv → mel,0.0015892084,9.178849e-05,0.09264858,2.0850699e-05,0.62461346,0.28103593,2.0681077e-07
HAM_0000589,ISIC_0027103,nv,histo,15.0,female,neck,data/raw/HAM10000_images_part_1/ISIC_0027103.jpg,test,5,4,nv,mel,0.7722831,False,nv → mel,3.7834347e-05,3.3837582e-06,0.060088374,1.5145562e-06,0.7722831,0.16758592,8.287136e-10
HAM_0004156,ISIC_0025863,nv,histo,65.0,female,lower extremity,data/raw/HAM10000_images_part_1/ISIC_0025863.jpg,test,5,4,nv,mel,0.4828631,False,nv → mel,0.0034259406,0.00020089615,0.13105391,3.451074e-05,0.4828631,0.38242123,3.9360435e-07
HAM_0004156,ISIC_0024387,nv,histo,65.0,female,lower extremity,data/raw/HAM10000_images_part_1/ISIC_0024387.jpg,test,5,1,nv,bcc,0.23083128,False,nv → bcc,0.10555839,0.23083128,0.18975347,0.13871916,0.20092136,0.13314165,0.001074729
HAM_0003222,ISIC_0031720,nv,histo,45.0,female,lower extremity,data/raw/HAM10000_images_part_2/ISIC_0031720.jpg,test,5,5,nv,nv,0.30839399,True,nv → nv,0.048734058,0.042944197,0.3006971,0.019995997,0.27798828,0.30839399,0.0012463587
HAM_0003222,ISIC_0026382,nv,histo,45.0,female,lower extremity,data/raw/HAM10000_images_part_1/ISIC_0026382.jpg,test,5,1,nv,bcc,0.33833027,False,nv → bcc,0.11826141,0.33833027,0.15981106,0.10850924,0.09066079,0.14957412,0.034853116
HAM_0000230,ISIC_0029720,nv,histo,50.0,female,lower extremity,data/raw/HAM10000_images_part_2/ISIC_0029720.jpg,test,5,2,nv,bkl,0.35118514,False,nv → bkl,0.006094392,0.0018976933,0.35118514,0.0013225046,0.30057287,0.3389106,1.675782e-05
HAM_0000230,ISIC_0032150,nv,histo,50.0,female,lower extremity,data/raw/HAM10000_images_part_2/ISIC_0032150.jpg,test,5,2,nv,bkl,0.36894915,False,nv → bkl,0.038876258,0.04276411,0.36894915,0.030347373,0.2518875,0.26404423,0.003131347
HAM_0002575,ISIC_0028015,nv,histo,55.0,female,back,data/raw/HAM10000_images_part_1/ISIC_0028015.jpg,test,5,2,nv,bkl,0.32944116,False,nv → bkl,0.036151905,0.023253117,0.32944116,0.011175641,0.2999641,0.29945043,0.00056366326
HAM_0002575,ISIC_0026781,nv,histo,55.0,female,back,data/raw/HAM10000_images_part_1/ISIC_0026781.jpg,test,5,2,nv,bkl,0.38329563,False,nv → bkl,0.0028660735,0.0006172264,0.38329563,0.00044971373,0.30009854,0.31267145,1.3414062e-06
HAM_0001160,ISIC_0024340,nv,histo,10.0,female,foot,data/raw/HAM10000_images_part_1/ISIC_0024340.jpg,test,5,2,nv,bkl,0.88634765,False,nv → bkl,0.0013539066,0.0006939955,0.88634765,0.00072347757,0.0531971,0.05768363,1.7302008e-07
HAM_0001160,ISIC_0027361,nv,histo,10.0,female,foot,data/raw/HAM10000_images_part_1/ISIC_0027361.jpg,test,5,2,nv,bkl,0.78434837,False,nv → bkl,0.007886575,0.01395279,0.78434837,0.012117562,0.107060865,0.07458278,5.1099687e-05
HAM_0007312,ISIC_0027709,nv,histo,5.0,male,upper extremity,data/raw/HAM10000_images_part_1/ISIC_0027709.jpg,test,5,2,nv,bkl,0.5493326,False,nv → bkl,0.019158257,0.0060453336,0.5493326,0.0064990725,0.20174,0.2172066,1.8167642e-05
HAM_0003892,ISIC_0028045,nv,histo,25.0,female,lower extremity,data/raw/HAM10000_images_part_1/ISIC_0028045.jpg,test,5,5,nv,nv,0.29442966,True,nv → nv,0.0887252,0.10792395,0.20003912,0.038521577,0.2628618,0.29442966,0.007498705
HAM_0001497,ISIC_0026608,nv,histo,50.0,male,upper extremity,data/raw/HAM10000_images_part_1/ISIC_0026608.jpg,test,5,4,nv,mel,0.49822,False,nv → mel,0.0038303377,0.0012196999,0.1936896,0.00024809904,0.49822,0.30277848,1.3790977e-05
HAM_0001497,ISIC_0030334,nv,histo,50.0,male,upper extremity,data/raw/HAM10000_images_part_2/ISIC_0030334.jpg,test,5,5,nv,nv,0.380069,True,nv → nv,0.03884338,0.036173463,0.18040751,0.009618238,0.35247558,0.380069,0.002412878
HAM_0004138,ISIC_0025905,nv,histo,45.0,male,abdomen,data/raw/HAM10000_images_part_1/ISIC_0025905.jpg,test,5,5,nv,nv,0.24205615,True,nv → nv,0.098892234,0.2082623,0.18203415,0.06314969,0.1871728,0.24205615,0.018432673
HAM_0004138,ISIC_0030184,nv,histo,45.0,male,abdomen,data/raw/HAM10000_images_part_2/ISIC_0030184.jpg,test,5,4,nv,mel,0.3872111,False,nv → mel,0.020183956,0.009024274,0.24906783,0.0031144517,0.3872111,0.3312858,0.00011261915
HAM_0002541,ISIC_0028098,nv,histo,15.0,female,upper extremity,data/raw/HAM10000_images_part_1/ISIC_0028098.jpg,test,5,2,nv,bkl,0.40263915,False,nv → bkl,0.034942586,0.066862695,0.40263915,0.065789126,0.25158814,0.1780093,0.00016900263
HAM_0007468,ISIC_0024831,nv,histo,50.0,female,upper extremity,data/raw/HAM10000_images_part_1/ISIC_0024831.jpg,test,5,1,nv,bcc,0.3679651,False,nv → bcc,0.17329727,0.3679651,0.1255851,0.21340665,0.05074862,0.04847405,0.020523112
HAM_0007468,ISIC_0026869,nv,histo,50.0,female,upper extremity,data/raw/HAM10000_images_part_1/ISIC_0026869.jpg,test,5,2,nv,bkl,0.2183897,False,nv → bkl,0.102387615,0.21298847,0.2183897,0.10806163,0.16783322,0.14995179,0.040387504
HAM_0006221,ISIC_0028195,nv,histo,35.0,female,upper extremity,data/raw/HAM10000_images_part_1/ISIC_0028195.jpg,test,5,2,nv,bkl,0.32198647,False,nv → bkl,0.049145993,0.050308414,0.32198647,0.021793729,0.26340798,0.29179707,0.0015602979
HAM_0006221,ISIC_0025300,nv,histo,35.0,female,upper extremity,data/raw/HAM10000_images_part_1/ISIC_0025300.jpg,test,5,4,nv,mel,0.35578275,False,nv → mel,0.011436908,0.0023156588,0.29003695,0.0012557079,0.35578275,0.3391546,1.742344e-05
HAM_0003308,ISIC_0025610,nv,histo,35.0,male,face,data/raw/HAM10000_images_part_1/ISIC_0025610.jpg,test,5,1,nv,bcc,0.2902367,False,nv → bcc,0.19990548,0.2902367,0.20990834,0.13435309,0.05632235,0.0726236,0.03665044
HAM_0003308,ISIC_0024615,nv,histo,35.0,male,face,data/raw/HAM10000_images_part_1/ISIC_0024615.jpg,test,5,2,nv,bkl,0.26748118,False,nv → bkl,0.1073305,0.09967124,0.26748118,0.046856705,0.24155292,0.2327502,0.00435719
HAM_0005034,ISIC_0028751,nv,histo,35.0,female,back,data/raw/HAM10000_images_part_1/ISIC_0028751.jpg,test,5,4,nv,mel,0.51668197,False,nv → mel,0.011687173,0.0017952411,0.048316926,0.0006202741,0.51668197,0.42084047,5.7889305e-05
HAM_0005034,ISIC_0027024,nv,histo,35.0,female,back,data/raw/HAM10000_images_part_1/ISIC_0027024.jpg,test,5,4,nv,mel,0.42756024,False,nv → mel,0.047411915,0.01139165,0.15642191,0.005386474,0.42756024,0.35174805,7.984052e-05
HAM_0005143,ISIC_0030303,nv,histo,40.0,male,chest,data/raw/HAM10000_images_part_2/ISIC_0030303.jpg,test,5,2,nv,bkl,0.40453443,False,nv → bkl,0.14332952,0.1763782,0.40453443,0.12274448,0.10044328,0.0512376,0.0013324674
HAM_0006709,ISIC_0031158,nv,histo,40.0,male,back,data/raw/HAM10000_images_part_2/ISIC_0031158.jpg,test,5,1,nv,bcc,0.23148012,False,nv → bcc,0.08021828,0.23148012,0.086745165,0.07937365,0.14533952,0.22825778,0.14858554
HAM_0003369,ISIC_0032181,nv,histo,45.0,female,trunk,data/raw/HAM10000_images_part_2/ISIC_0032181.jpg,test,5,4,nv,mel,0.52589,False,nv → mel,0.007433816,0.00086795393,0.07106336,0.00017937616,0.52589,0.3945583,7.2250273e-06
HAM_0002494,ISIC_0033686,nv,histo,65.0,female,abdomen,data/raw/HAM10000_images_part_2/ISIC_0033686.jpg,test,5,4,nv,mel,0.5378458,False,nv → mel,0.0014659319,0.000107223634,0.06553424,3.379177e-05,0.5378458,0.39501247,5.8151323e-07
HAM_0004708,ISIC_0033852,nv,histo,45.0,male,trunk,data/raw/HAM10000_images_part_2/ISIC_0033852.jpg,test,5,2,nv,bkl,0.37723184,False,nv → bkl,0.021216681,0.01730402,0.37723184,0.009522455,0.2768866,0.2975165,0.0003219181
HAM_0004708,ISIC_0033775,nv,histo,45.0,male,trunk,data/raw/HAM10000_images_part_2/ISIC_0033775.jpg,test,5,4,nv,mel,0.45358336,False,nv → mel,0.011873979,0.003148941,0.16234268,0.0008013505,0.45358336,0.3682145,3.5144152e-05
HAM_0004708,ISIC_0033561,nv,histo,45.0,male,trunk,data/raw/HAM10000_images_part_2/ISIC_0033561.jpg,test,5,4,nv,mel,0.36153555,False,nv → mel,0.024077006,0.013009484,0.25904268,0.004946855,0.36153555,0.33712637,0.00026202397
HAM_0002009,ISIC_0034290,nv,histo,60.0,female,back,data/raw/HAM10000_images_part_2/ISIC_0034290.jpg,test,5,6,nv,vasc,0.6231219,False,nv → vasc,0.0007337711,0.07447029,0.05057478,0.00064039853,0.15965497,0.090803854,0.6231219
HAM_0002009,ISIC_0033165,nv,histo,60.0,female,back,data/raw/HAM10000_images_part_2/ISIC_0033165.jpg,test,5,6,nv,vasc,0.6753071,False,nv → vasc,1.9517012e-05,0.021186318,0.023414325,2.0040816e-05,0.21361932,0.0664334,0.6753071
HAM_0002009,ISIC_0033430,nv,histo,60.0,female,back,data/raw/HAM10000_images_part_2/ISIC_0033430.jpg,test,5,4,nv,mel,0.2684755,False,nv → mel,0.034225017,0.23554485,0.24850634,0.022974946,0.2684755,0.11892857,0.0713448
HAM_0005523,ISIC_0027087,nv,histo,25.0,male,lower extremity,data/raw/HAM10000_images_part_1/ISIC_0027087.jpg,test,5,4,nv,mel,0.56287116,False,nv → mel,0.0536744,0.023737207,0.19473137,0.013696079,0.56287116,0.15103413,0.00025567974
HAM_0005300,ISIC_0033767,nv,histo,35.0,female,lower extremity,data/raw/HAM10000_images_part_2/ISIC_0033767.jpg,test,5,2,nv,bkl,0.37076414,False,nv → bkl,0.01698238,0.014474051,0.37076414,0.0075290846,0.27646822,0.31345704,0.00032510067
HAM_0005300,ISIC_0033755,nv,histo,35.0,female,lower extremity,data/raw/HAM10000_images_part_2/ISIC_0033755.jpg,test,5,4,nv,mel,0.41120973,False,nv → mel,0.014454397,0.008232422,0.23409478,0.0022728245,0.41120973,0.32955968,0.00017604203
HAM_0005300,ISIC_0033625,nv,histo,35.0,female,lower extremity,data/raw/HAM10000_images_part_2/ISIC_0033625.jpg,test,5,4,nv,mel,0.60710126,False,nv → mel,0.0032397925,0.0010730899,0.11302796,0.00013650401,0.60710126,0.27539396,2.7523007e-05
HAM_0000268,ISIC_0034110,nv,histo,10.0,female,trunk,data/raw/HAM10000_images_part_2/ISIC_0034110.jpg,test,5,5,nv,nv,0.49310067,True,nv → nv,0.014243916,0.02578818,0.08400766,0.0047536963,0.36693674,0.49310067,0.01116923
HAM_0000268,ISIC_0025160,nv,histo,10.0,female,trunk,data/raw/HAM10000_images_part_1/ISIC_0025160.jpg,test,5,4,nv,mel,0.45024866,False,nv → mel,0.008425266,0.03891524,0.09763076,0.0042659696,0.45024866,0.38002217,0.020491945
HAM_0000268,ISIC_0033389,nv,histo,10.0,female,trunk,data/raw/HAM10000_images_part_2/ISIC_0033389.jpg,test,5,5,nv,nv,0.4743914,True,nv → nv,0.01624716,0.022735687,0.09557184,0.004600093,0.3804138,0.4743914,0.0060399272
HAM_0004706,ISIC_0034234,nv,histo,30.0,female,abdomen,data/raw/HAM10000_images_part_2/ISIC_0034234.jpg,test,5,4,nv,mel,0.51646066,False,nv → mel,0.00045014478,3.408931e-05,0.026434273,7.027679e-06,0.51646066,0.45661327,4.3780514e-07
HAM_0004706,ISIC_0033308,nv,histo,30.0,female,abdomen,data/raw/HAM10000_images_part_2/ISIC_0033308.jpg,test,5,4,nv,mel,0.61570305,False,nv → mel,0.002318604,9.7135824e-05,0.109505676,4.0070132e-05,0.61570305,0.27233535,1.520898e-07
HAM_0004706,ISIC_0034274,nv,histo,30.0,female,abdomen,data/raw/HAM10000_images_part_2/ISIC_0034274.jpg,test,5,5,nv,nv,0.48733068,True,nv → nv,0.00084721076,0.00013471025,0.06863469,3.713598e-05,0.44301414,0.48733068,1.4221413e-06
HAM_0007444,ISIC_0033989,nv,histo,50.0,female,lower extremity,data/raw/HAM10000_images_part_2/ISIC_0033989.jpg,test,5,4,nv,mel,0.61074936,False,nv → mel,0.000534259,2.0400747e-05,0.063545145,9.068511e-06,0.61074936,0.3251416,9.531638e-08
HAM_0007444,ISIC_0032977,nv,histo,50.0,female,lower extremity,data/raw/HAM10000_images_part_2/ISIC_0032977.jpg,test,5,5,nv,nv,0.4055769,True,nv → nv,0.0031068972,0.00070430455,0.22205201,0.00036362905,0.36819237,0.4055769,3.8781714e-06
HAM_0007444,ISIC_0033664,nv,histo,50.0,female,lower extremity,data/raw/HAM10000_images_part_2/ISIC_0033664.jpg,test,5,4,nv,mel,0.4725421,False,nv → mel,0.0019419906,0.00013981477,0.065884136,4.0506333e-05,0.4725421,0.45945045,1.0466271e-06
HAM_0000609,ISIC_0025990,nv,histo,75.0,female,upper extremity,data/raw/HAM10000_images_part_1/ISIC_0025990.jpg,test,5,2,nv,bkl,0.3152797,False,nv → bkl,0.18854916,0.073740035,0.3152797,0.047439605,0.28398296,0.0909141,9.43767e-05
HAM_0000609,ISIC_0025778,nv,histo,75.0,female,upper extremity,data/raw/HAM10000_images_part_1/ISIC_0025778.jpg,test,5,0,nv,akiec,0.2359142,False,nv → akiec,0.2359142,0.15420842,0.21246624,0.086722024,0.21064162,0.098230235,0.0018172233
HAM_0000395,ISIC_0029656,nv,histo,40.0,male,upper extremity,data/raw/HAM10000_images_part_2/ISIC_0029656.jpg,test,5,1,nv,bcc,0.25379267,False,nv → bcc,0.13034074,0.25379267,0.17896806,0.12149054,0.14609323,0.14951757,0.019797161
HAM_0000395,ISIC_0025421,nv,histo,40.0,male,upper extremity,data/raw/HAM10000_images_part_1/ISIC_0025421.jpg,test,5,2,nv,bkl,0.55134887,False,nv → bkl,0.015805397,0.0031538014,0.55134887,0.0022853024,0.24619535,0.18120942,1.8400424e-06
HAM_0000012,ISIC_0030085,nv,histo,85.0,male,back,data/raw/HAM10000_images_part_2/ISIC_0030085.jpg,test,5,4,nv,mel,0.418219,False,nv → mel,0.013994234,0.005110047,0.22977175,0.0018480441,0.418219,0.3309932,6.378111e-05
HAM_0000012,ISIC_0029348,nv,histo,85.0,male,back,data/raw/HAM10000_images_part_2/ISIC_0029348.jpg,test,5,4,nv,mel,0.36259288,False,nv → mel,0.0062385644,0.0012698417,0.2998895,0.0005738144,0.36259288,0.32943097,4.4740964e-06
HAM_0007350,ISIC_0031202,nv,histo,45.0,male,back,data/raw/HAM10000_images_part_2/ISIC_0031202.jpg,test,5,5,nv,nv,0.56796587,True,nv → nv,0.009271287,0.0018230368,0.064021036,0.00075720577,0.35584915,0.56796587,0.00031239027
HAM_0007350,ISIC_0030892,nv,histo,45.0,male,back,data/raw/HAM10000_images_part_2/ISIC_0030892.jpg,test,5,5,nv,nv,0.29763412,True,nv → nv,0.1558698,0.11537585,0.16923116,0.047170766,0.19567525,0.29763412,0.019043088
HAM_0006520,ISIC_0032767,nv,histo,65.0,male,back,data/raw/HAM10000_images_part_2/ISIC_0032767.jpg,test,5,5,nv,nv,0.35574964,True,nv → nv,0.03760365,0.022542322,0.22280785,0.0080443015,0.3527444,0.35574964,0.00050784147
HAM_0006520,ISIC_0033503,nv,histo,65.0,male,back,data/raw/HAM10000_images_part_2/ISIC_0033503.jpg,test,5,4,nv,mel,0.46999073,False,nv → mel,0.008623784,0.0024827772,0.08371416,0.00043541132,0.46999073,0.43467754,7.561412e-05
HAM_0006520,ISIC_0033795,nv,histo,65.0,male,back,data/raw/HAM10000_images_part_2/ISIC_0033795.jpg,test,5,4,nv,mel,0.525152,False,nv → mel,0.00035794516,4.2733536e-05,0.027882716,7.846775e-06,0.525152,0.44655505,1.6759504e-06
HAM_0005942,ISIC_0032679,nv,histo,60.0,unknown,foot,data/raw/HAM10000_images_part_2/ISIC_0032679.jpg,test,5,2,nv,bkl,0.25587383,False,nv → bkl,0.10040617,0.21483287,0.25587383,0.12353564,0.13335288,0.15239133,0.019607233
HAM_0005942,ISIC_0032529,nv,histo,60.0,unknown,foot,data/raw/HAM10000_images_part_2/ISIC_0032529.jpg,test,5,1,nv,bcc,0.41073546,False,nv → bcc,0.15310632,0.41073546,0.07441293,0.18043135,0.04851481,0.051060703,0.0817385
HAM_0005942,ISIC_0033119,nv,histo,60.0,unknown,foot,data/raw/HAM10000_images_part_2/ISIC_0033119.jpg,test,5,1,nv,bcc,0.28366673,False,nv → bcc,0.098525316,0.28366673,0.10977889,0.09982215,0.12321472,0.13761169,0.14738059
HAM_0005248,ISIC_0032902,nv,histo,45.0,female,upper extremity,data/raw/HAM10000_images_part_2/ISIC_0032902.jpg,test,5,4,nv,mel,0.4947255,False,nv → mel,0.00065701775,3.9223174e-05,0.0949444,1.1406368e-05,0.4947255,0.40962243,8.469365e-08
HAM_0005248,ISIC_0032948,nv,histo,45.0,female,upper extremity,data/raw/HAM10000_images_part_2/ISIC_0032948.jpg,test,5,4,nv,mel,0.5677659,False,nv → mel,0.00010418381,5.024361e-06,0.049591485,1.925229e-06,0.5677659,0.38253158,2.4772987e-08
HAM_0005248,ISIC_0034264,nv,histo,45.0,female,upper extremity,data/raw/HAM10000_images_part_2/ISIC_0034264.jpg,test,5,2,nv,bkl,0.40444392,False,nv → bkl,0.008943792,0.005482016,0.40444392,0.0040431507,0.28949293,0.2875507,4.3516557e-05
HAM_0005539,ISIC_0033296,nv,histo,30.0,female,lower extremity,data/raw/HAM10000_images_part_2/ISIC_0033296.jpg,test,5,5,nv,nv,0.47209612,True,nv → nv,0.0020683303,0.0031659203,0.051797174,0.00034976663,0.46830556,0.47209612,0.0022171035
HAM_0005539,ISIC_0033838,nv,histo,30.0,female,lower extremity,data/raw/HAM10000_images_part_2/ISIC_0033838.jpg,test,5,5,nv,nv,0.50184256,True,nv → nv,0.006482858,0.0043872013,0.07608009,0.00074360654,0.4099491,0.50184256,0.00051462796
HAM_0005539,ISIC_0033409,nv,histo,30.0,female,lower extremity,data/raw/HAM10000_images_part_2/ISIC_0033409.jpg,test,5,4,nv,mel,0.3678762,False,nv → mel,0.0115598515,0.009928424,0.2722181,0.0067224004,0.3678762,0.33156136,0.00013364728
HAM_0002721,ISIC_0032585,nv,histo,25.0,male,abdomen,data/raw/HAM10000_images_part_2/ISIC_0032585.jpg,test,5,6,nv,vasc,0.49590757,False,nv → vasc,0.00013827554,0.029976312,0.0127657065,0.00013253694,0.29124755,0.16983198,0.49590757
HAM_0002721,ISIC_0032899,nv,histo,25.0,male,abdomen,data/raw/HAM10000_images_part_2/ISIC_0032899.jpg,test,5,5,nv,nv,0.48951334,True,nv → nv,0.010853178,0.03645356,0.049966462,0.0029261091,0.36198443,0.48951334,0.04830289
HAM_0002721,ISIC_0034157,nv,histo,25.0,male,abdomen,data/raw/HAM10000_images_part_2/ISIC_0034157.jpg,test,5,5,nv,nv,0.3765681,True,nv → nv,0.03619509,0.071964726,0.171997,0.020808741,0.3091744,0.3765681,0.013291919
HAM_0002878,ISIC_0033984,nv,histo,45.0,female,back,data/raw/HAM10000_images_part_2/ISIC_0033984.jpg,test,5,4,nv,mel,0.51619625,False,nv → mel,0.02513785,0.009405106,0.1198749,0.0015670453,0.51619625,0.32760632,0.00021248001
HAM_0002878,ISIC_0032640,nv,histo,45.0,female,back,data/raw/HAM10000_images_part_2/ISIC_0032640.jpg,test,5,4,nv,mel,0.6597908,False,nv → mel,0.00096245256,0.0002962125,0.099569134,3.5068035e-05,0.6597908,0.23934464,1.6418502e-06
HAM_0004548,ISIC_0032520,nv,histo,45.0,female,upper extremity,data/raw/HAM10000_images_part_2/ISIC_0032520.jpg,test,5,2,nv,bkl,0.3104643,False,nv → bkl,0.09873325,0.06331217,0.3104643,0.041336,0.25150597,0.23356085,0.0010874582
HAM_0004548,ISIC_0032832,nv,histo,45.0,female,upper extremity,data/raw/HAM10000_images_part_2/ISIC_0032832.jpg,test,5,2,nv,bkl,0.6035475,False,nv → bkl,0.006249472,0.0016546255,0.6035475,0.0013134858,0.18424219,0.20299162,1.0859885e-06
HAM_0004548,ISIC_0033917,nv,histo,45.0,female,upper extremity,data/raw/HAM10000_images_part_2/ISIC_0033917.jpg,test,5,2,nv,bkl,0.29873437,False,nv → bkl,0.06236475,0.09751733,0.29873437,0.06445706,0.2800323,0.1956591,0.0012350322
HAM_0006980,ISIC_0033992,nv,histo,25.0,female,upper extremity,data/raw/HAM10000_images_part_2/ISIC_0033992.jpg,test,5,2,nv,bkl,0.354075,False,nv → bkl,0.022001576,0.0051918696,0.354075,0.0036443225,0.34121275,0.27384534,2.9032759e-05
HAM_0006980,ISIC_0033715,nv,histo,25.0,female,upper extremity,data/raw/HAM10000_images_part_2/ISIC_0033715.jpg,test,5,2,nv,bkl,0.43510234,False,nv → bkl,0.013832172,0.004597718,0.43510234,0.0037105775,0.26937327,0.27335215,3.1750995e-05
HAM_0006980,ISIC_0033920,nv,histo,25.0,female,upper extremity,data/raw/HAM10000_images_part_2/ISIC_0033920.jpg,test,5,2,nv,bkl,0.43331763,False,nv → bkl,0.032835014,0.017970443,0.43331763,0.014024957,0.2537268,0.24783768,0.0002875434
HAM_0007552,ISIC_0033825,nv,histo,70.0,male,chest,data/raw/HAM10000_images_part_2/ISIC_0033825.jpg,test,5,4,nv,mel,0.46265736,False,nv → mel,0.016390609,0.002202784,0.17422384,0.0005980508,0.46265736,0.343917,1.04034525e-05
HAM_0007552,ISIC_0033857,nv,histo,70.0,male,chest,data/raw/HAM10000_images_part_2/ISIC_0033857.jpg,test,5,2,nv,bkl,0.44397992,False,nv → bkl,0.01912426,0.022359144,0.44397992,0.011623296,0.34706593,0.15584423,3.1747925e-06
HAM_0007552,ISIC_0032731,nv,histo,70.0,male,chest,data/raw/HAM10000_images_part_2/ISIC_0032731.jpg,test,5,4,nv,mel,0.31311274,False,nv → mel,0.09275978,0.037611447,0.25821462,0.016865522,0.31311274,0.28119725,0.00023876275
HAM_0005135,ISIC_0032989,nv,histo,15.0,male,back,data/raw/HAM10000_images_part_2/ISIC_0032989.jpg,test,5,4,nv,mel,0.4072986,False,nv → mel,0.06531869,0.04631547,0.18602738,0.015783792,0.4072986,0.27737325,0.0018828257
HAM_0005135,ISIC_0033618,nv,histo,15.0,male,back,data/raw/HAM10000_images_part_2/ISIC_0033618.jpg,test,5,4,nv,mel,0.4594766,False,nv → mel,0.10004525,0.049839433,0.19413371,0.013725403,0.4594766,0.1822466,0.0005330913
HAM_0005135,ISIC_0033016,nv,histo,15.0,male,back,data/raw/HAM10000_images_part_2/ISIC_0033016.jpg,test,5,4,nv,mel,0.3858418,False,nv → mel,0.16239084,0.11070422,0.19080898,0.036036946,0.3858418,0.11301823,0.001198997
HAM_0005433,ISIC_0033906,nv,histo,55.0,female,trunk,data/raw/HAM10000_images_part_2/ISIC_0033906.jpg,test,5,4,nv,mel,0.609723,False,nv → mel,1.2231745e-06,3.743535e-08,0.020350164,2.854408e-08,0.609723,0.36992553,1.2251538e-11
HAM_0005433,ISIC_0033298,nv,histo,55.0,female,trunk,data/raw/HAM10000_images_part_2/ISIC_0033298.jpg,test,5,5,nv,nv,0.3756448,True,nv → nv,0.004857618,0.0015886427,0.2457804,0.0008439197,0.37127206,0.3756448,1.2540224e-05
HAM_0005433,ISIC_0034210,nv,histo,55.0,female,trunk,data/raw/HAM10000_images_part_2/ISIC_0034210.jpg,test,5,5,nv,nv,0.54839766,True,nv → nv,3.383029e-05,1.257191e-06,0.03858045,7.590785e-07,0.412986,0.54839766,3.3916019e-09
HAM_0007306,ISIC_0026810,nv,histo,30.0,male,back,data/raw/HAM10000_images_part_1/ISIC_0026810.jpg,test,5,5,nv,nv,0.45792353,True,nv → nv,0.05731011,0.01765482,0.0969769,0.0048609753,0.36370504,0.45792353,0.0015686393
HAM_0003259,ISIC_0033641,nv,histo,40.0,male,lower extremity,data/raw/HAM10000_images_part_2/ISIC_0033641.jpg,test,5,5,nv,nv,0.44905558,True,nv → nv,0.036031704,0.015462578,0.121739335,0.0064839125,0.36990535,0.44905558,0.0013216243
HAM_0003259,ISIC_0033527,nv,histo,40.0,male,lower extremity,data/raw/HAM10000_images_part_2/ISIC_0033527.jpg,test,5,5,nv,nv,0.3538639,True,nv → nv,0.05590423,0.046296507,0.19743896,0.022556014,0.31954062,0.3538639,0.004399764
HAM_0003259,ISIC_0032895,nv,histo,40.0,male,lower extremity,data/raw/HAM10000_images_part_2/ISIC_0032895.jpg,test,5,5,nv,nv,0.4861189,True,nv → nv,0.030033743,0.012720935,0.114461415,0.0062239687,0.34893465,0.4861189,0.0015062981
HAM_0003512,ISIC_0034300,nv,histo,35.0,male,back,data/raw/HAM10000_images_part_2/ISIC_0034300.jpg,test,5,4,nv,mel,0.33755815,False,nv → mel,0.14899315,0.08321259,0.18733591,0.037890714,0.33755815,0.2040498,0.00095965806
HAM_0003512,ISIC_0033155,nv,histo,35.0,male,back,data/raw/HAM10000_images_part_2/ISIC_0033155.jpg,test,5,4,nv,mel,0.2965925,False,nv → mel,0.13976693,0.14117804,0.14085217,0.046388853,0.2965925,0.22875065,0.00647074
HAM_0003512,ISIC_0032609,nv,histo,35.0,male,back,data/raw/HAM10000_images_part_2/ISIC_0032609.jpg,test,5,4,nv,mel,0.3556922,False,nv → mel,0.054427486,0.070578285,0.17577523,0.030698331,0.3556922,0.30823255,0.0045959544
HAM_0001808,ISIC_0033318,nv,histo,35.0,female,back,data/raw/HAM10000_images_part_2/ISIC_0033318.jpg,test,5,5,nv,nv,0.5140136,True,nv → nv,0.029524263,0.023069039,0.07100501,0.0044508353,0.35591444,0.5140136,0.002022808
HAM_0001808,ISIC_0032615,nv,histo,35.0,female,back,data/raw/HAM10000_images_part_2/ISIC_0032615.jpg,test,5,4,nv,mel,0.65934694,False,nv → mel,0.0024749879,0.0006533127,0.05792231,0.00024325581,0.65934694,0.27932492,3.4335237e-05
HAM_0001808,ISIC_0033862,nv,histo,35.0,female,back,data/raw/HAM10000_images_part_2/ISIC_0033862.jpg,test,5,5,nv,nv,0.40483576,True,nv → nv,0.045683652,0.051233426,0.08494844,0.008916173,0.39607418,0.40483576,0.008308334
HAM_0007510,ISIC_0025587,nv,histo,20.0,female,lower extremity,data/raw/HAM10000_images_part_1/ISIC_0025587.jpg,test,5,4,nv,mel,0.33560652,False,nv → mel,0.1306071,0.048240297,0.15853508,0.023087036,0.33560652,0.3021095,0.001814403
HAM_0001912,ISIC_0033145,nv,histo,40.0,female,lower extremity,data/raw/HAM10000_images_part_2/ISIC_0033145.jpg,test,5,1,nv,bcc,0.2777783,False,nv → bcc,0.14522596,0.2777783,0.121514454,0.13272023,0.12763554,0.15725434,0.037871156
HAM_0001912,ISIC_0033799,nv,histo,40.0,female,lower extremity,data/raw/HAM10000_images_part_2/ISIC_0033799.jpg,test,5,4,nv,mel,0.34801272,False,nv → mel,0.02562906,0.009359099,0.28159198,0.0045373053,0.34801272,0.3306601,0.00020968175
HAM_0001511,ISIC_0034060,nv,histo,30.0,female,back,data/raw/HAM10000_images_part_2/ISIC_0034060.jpg,test,5,4,nv,mel,0.48744792,False,nv → mel,0.009778634,0.0040870165,0.07947792,0.00058996584,0.48744792,0.41838238,0.00023616002
HAM_0001511,ISIC_0033002,nv,histo,30.0,female,back,data/raw/HAM10000_images_part_2/ISIC_0033002.jpg,test,5,4,nv,mel,0.36849856,False,nv → mel,0.015465552,0.009509985,0.27096415,0.004327278,0.36849856,0.33099934,0.00023517165
HAM_0001511,ISIC_0033683,nv,histo,30.0,female,back,data/raw/HAM10000_images_part_2/ISIC_0033683.jpg,test,5,4,nv,mel,0.5218626,False,nv → mel,4.911884e-05,1.3260121e-05,0.02829012,4.597239e-06,0.5218626,0.44977835,1.948791e-06
HAM_0001824,ISIC_0033121,nv,histo,55.0,male,lower extremity,data/raw/HAM10000_images_part_2/ISIC_0033121.jpg,test,5,5,nv,nv,0.4737964,True,nv → nv,0.009681054,0.011559366,0.08268263,0.0015103965,0.4181173,0.4737964,0.0026527657
HAM_0001824,ISIC_0034158,nv,histo,55.0,male,lower extremity,data/raw/HAM10000_images_part_2/ISIC_0034158.jpg,test,5,5,nv,nv,0.62574005,True,nv → nv,0.00028992537,0.0011127768,0.021463366,8.023894e-05,0.34793645,0.62574005,0.0033771566
HAM_0001824,ISIC_0033213,nv,histo,55.0,male,lower extremity,data/raw/HAM10000_images_part_2/ISIC_0033213.jpg,test,5,4,nv,mel,0.35878015,False,nv → mel,0.033227284,0.021555537,0.28950295,0.009750106,0.35878015,0.28690577,0.0002781467
HAM_0007367,ISIC_0032705,nv,histo,5.0,male,trunk,data/raw/HAM10000_images_part_2/ISIC_0032705.jpg,test,5,4,nv,mel,0.62549037,False,nv → mel,0.0014579601,0.02774251,0.108100556,0.00067342806,0.62549037,0.19081663,0.045718513
HAM_0007367,ISIC_0034198,nv,histo,5.0,male,trunk,data/raw/HAM10000_images_part_2/ISIC_0034198.jpg,test,5,4,nv,mel,0.36318702,False,nv → mel,0.009689555,0.098881006,0.1378051,0.0064854496,0.36318702,0.24879149,0.13516046
HAM_0007367,ISIC_0033658,nv,histo,5.0,male,trunk,data/raw/HAM10000_images_part_2/ISIC_0033658.jpg,test,5,4,nv,mel,0.56173575,False,nv → mel,0.002354823,0.04740823,0.14407471,0.0013434554,0.56173575,0.17843898,0.06464409
HAM_0007367,ISIC_0033046,nv,histo,5.0,male,trunk,data/raw/HAM10000_images_part_2/ISIC_0033046.jpg,test,5,4,nv,mel,0.30586264,False,nv → mel,0.02178412,0.13318318,0.16351813,0.017784817,0.30586264,0.24749368,0.11037341
HAM_0007367,ISIC_0032689,nv,histo,5.0,male,trunk,data/raw/HAM10000_images_part_2/ISIC_0032689.jpg,test,5,2,nv,bkl,0.23469369,False,nv → bkl,0.053224444,0.16536714,0.23469369,0.04005553,0.23378229,0.21917832,0.05369858
HAM_0002367,ISIC_0033150,nv,histo,60.0,male,abdomen,data/raw/HAM10000_images_part_2/ISIC_0033150.jpg,test,5,5,nv,nv,0.42291275,True,nv → nv,0.005108721,0.0010132438,0.15162116,0.00042546916,0.4189111,0.42291275,7.5303988e-06
HAM_0002367,ISIC_0033698,nv,histo,60.0,male,abdomen,data/raw/HAM10000_images_part_2/ISIC_0033698.jpg,test,5,4,nv,mel,0.4996224,False,nv → mel,0.0027565951,0.00027771876,0.06317391,8.332174e-05,0.4996224,0.4340827,3.3035885e-06
HAM_0002367,ISIC_0034240,nv,histo,60.0,male,abdomen,data/raw/HAM10000_images_part_2/ISIC_0034240.jpg,test,5,4,nv,mel,0.5017833,False,nv → mel,0.019610863,0.0085100215,0.09219866,0.0021830827,0.5017833,0.3751171,0.00059688627
HAM_0002582,ISIC_0033665,nv,histo,50.0,male,abdomen,data/raw/HAM10000_images_part_2/ISIC_0033665.jpg,test,5,4,nv,mel,0.5831318,False,nv → mel,0.0026061153,0.00014761079,0.07573789,3.3801643e-05,0.5831318,0.33834246,3.7572875e-07
HAM_0002582,ISIC_0032813,nv,histo,50.0,male,abdomen,data/raw/HAM10000_images_part_2/ISIC_0032813.jpg,test,5,4,nv,mel,0.6389569,False,nv → mel,4.1054893e-05,1.315799e-06,0.031070974,1.5007848e-06,0.6389569,0.32992825,4.122182e-09
HAM_0007348,ISIC_0033128,nv,histo,50.0,female,lower extremity,data/raw/HAM10000_images_part_2/ISIC_0033128.jpg,test,5,4,nv,mel,0.475284,False,nv → mel,0.004054716,0.00032389257,0.05473888,7.8056095e-05,0.475284,0.46551147,9.004354e-06
HAM_0007348,ISIC_0033115,nv,histo,50.0,female,lower extremity,data/raw/HAM10000_images_part_2/ISIC_0033115.jpg,test,5,5,nv,nv,0.39761788,True,nv → nv,0.012296307,0.005471917,0.21294141,0.0021289731,0.36939564,0.39761788,0.00014786466
HAM_0007348,ISIC_0032625,nv,histo,50.0,female,lower extremity,data/raw/HAM10000_images_part_2/ISIC_0032625.jpg,test,5,5,nv,nv,0.5119761,True,nv → nv,5.7989928e-05,2.5182374e-06,0.03441811,1.2500477e-06,0.45354396,0.5119761,2.3219938e-08
HAM_0002208,ISIC_0033940,nv,histo,20.0,female,lower extremity,data/raw/HAM10000_images_part_2/ISIC_0033940.jpg,test,5,4,nv,mel,0.50038296,False,nv → mel,0.024500195,0.0019690383,0.14360037,0.0008304746,0.50038296,0.3287049,1.1962724e-05
HAM_0002208,ISIC_0033818,nv,histo,20.0,female,lower extremity,data/raw/HAM10000_images_part_2/ISIC_0033818.jpg,test,5,4,nv,mel,0.37566087,False,nv → mel,0.073983304,0.036883418,0.20329271,0.014649496,0.37566087,0.29487595,0.00065413775
HAM_0002208,ISIC_0034029,nv,histo,20.0,female,lower extremity,data/raw/HAM10000_images_part_2/ISIC_0034029.jpg,test,5,4,nv,mel,0.4509403,False,nv → mel,0.04825372,0.007869809,0.17800127,0.0034339703,0.4509403,0.31143284,6.8128335e-05
HAM_0006118,ISIC_0026429,nv,histo,65.0,male,back,data/raw/HAM10000_images_part_1/ISIC_0026429.jpg,test,5,0,nv,akiec,0.4334104,False,nv → akiec,0.4334104,0.10786347,0.18705614,0.22216718,0.018040039,0.029845042,0.0016177078
HAM_0002170,ISIC_0034237,nv,histo,40.0,male,lower extremity,data/raw/HAM10000_images_part_2/ISIC_0034237.jpg,test,5,4,nv,mel,0.59437704,False,nv → mel,0.0069339736,0.001202977,0.101712935,0.00040329574,0.59437704,0.29533702,3.2785196e-05
HAM_0002170,ISIC_0034032,nv,histo,40.0,male,lower extremity,data/raw/HAM10000_images_part_2/ISIC_0034032.jpg,test,5,4,nv,mel,0.51046824,False,nv → mel,0.0034185576,0.00023834877,0.16890343,6.551204e-05,0.51046824,0.31690547,4.04311e-07
HAM_0002170,ISIC_0033075,nv,histo,40.0,male,lower extremity,data/raw/HAM10000_images_part_2/ISIC_0033075.jpg,test,5,4,nv,mel,0.3411748,False,nv → mel,0.007865275,0.0032256972,0.31071514,0.0016729895,0.3411748,0.33531195,3.407345e-05
HAM_0003424,ISIC_0033451,nv,histo,45.0,male,back,data/raw/HAM10000_images_part_2/ISIC_0033451.jpg,test,5,4,nv,mel,0.5906631,False,nv → mel,0.005211688,0.00035650015,0.22420554,0.00023146882,0.5906631,0.17933162,1.270105e-07
HAM_0003424,ISIC_0033552,nv,histo,45.0,male,back,data/raw/HAM10000_images_part_2/ISIC_0033552.jpg,test,5,4,nv,mel,0.46235478,False,nv → mel,0.023113042,0.002128925,0.20648468,0.00068808545,0.46235478,0.30522782,2.8080658e-06
HAM_0003424,ISIC_0034310,nv,histo,45.0,male,back,data/raw/HAM10000_images_part_2/ISIC_0034310.jpg,test,5,4,nv,mel,0.51407194,False,nv → mel,0.00399822,0.0002247066,0.26806274,0.00011366137,0.51407194,0.21352874,5.2033222e-08
HAM_0006121,ISIC_0034244,nv,histo,20.0,female,chest,data/raw/HAM10000_images_part_2/ISIC_0034244.jpg,test,5,4,nv,mel,0.42308894,False,nv → mel,0.018338839,0.010051931,0.18719673,0.0027692958,0.42308894,0.35824466,0.00030967736
HAM_0006121,ISIC_0032855,nv,histo,20.0,female,chest,data/raw/HAM10000_images_part_2/ISIC_0032855.jpg,test,5,2,nv,bkl,0.30831638,False,nv → bkl,0.06043467,0.08688783,0.30831638,0.03257857,0.2402807,0.26823977,0.0032620616
HAM_0006121,ISIC_0032792,nv,histo,20.0,female,chest,data/raw/HAM10000_images_part_2/ISIC_0032792.jpg,test,5,4,nv,mel,0.54284585,False,nv → mel,0.00090406724,0.00030971377,0.1341989,8.313413e-05,0.54284585,0.3216549,3.3548358e-06
HAM_0000578,ISIC_0033288,nv,histo,30.0,female,back,data/raw/HAM10000_images_part_2/ISIC_0033288.jpg,test,5,4,nv,mel,0.44332895,False,nv → mel,0.037843615,0.021333901,0.13276018,0.008025598,0.44332895,0.3546196,0.0020881596
HAM_0000578,ISIC_0033087,nv,histo,30.0,female,back,data/raw/HAM10000_images_part_2/ISIC_0033087.jpg,test,5,5,nv,nv,0.47271243,True,nv → nv,0.01100808,0.0038730009,0.08128029,0.0015397544,0.42930356,0.47271243,0.0002830365
HAM_0001872,ISIC_0031290,nv,histo,60.0,female,lower extremity,data/raw/HAM10000_images_part_2/ISIC_0031290.jpg,test,5,2,nv,bkl,0.45755252,False,nv → bkl,0.0067082075,0.0009917383,0.45755252,0.00081583613,0.2614614,0.27246895,1.3133417e-06
HAM_0007519,ISIC_0032865,nv,histo,35.0,female,upper extremity,data/raw/HAM10000_images_part_2/ISIC_0032865.jpg,test,5,2,nv,bkl,0.34449247,False,nv → bkl,0.03261866,0.022361368,0.34449247,0.011354009,0.29579046,0.29302555,0.00035752179
HAM_0007519,ISIC_0033726,nv,histo,35.0,female,upper extremity,data/raw/HAM10000_images_part_2/ISIC_0033726.jpg,test,5,4,nv,mel,0.4064289,False,nv → mel,0.0054971683,0.0010931944,0.20793526,0.00040538854,0.4064289,0.3786324,7.708976e-06
HAM_0004149,ISIC_0033880,nv,histo,45.0,female,foot,data/raw/HAM10000_images_part_2/ISIC_0033880.jpg,test,5,5,nv,nv,0.274562,True,nv → nv,0.089041725,0.17343448,0.15050714,0.063307256,0.21547565,0.274562,0.033671822
HAM_0004149,ISIC_0033994,nv,histo,45.0,female,foot,data/raw/HAM10000_images_part_2/ISIC_0033994.jpg,test,5,5,nv,nv,0.25214323,True,nv → nv,0.09885677,0.18855625,0.117201984,0.06687395,0.22830144,0.25214323,0.04806633
HAM_0004149,ISIC_0032755,nv,histo,45.0,female,foot,data/raw/HAM10000_images_part_2/ISIC_0032755.jpg,test,5,1,nv,bcc,0.22929409,False,nv → bcc,0.09712545,0.22929409,0.2195483,0.079578646,0.13473798,0.21768688,0.022028692
HAM_0005052,ISIC_0033724,nv,histo,35.0,male,lower extremity,data/raw/HAM10000_images_part_2/ISIC_0033724.jpg,test,5,2,nv,bkl,0.3911326,False,nv → bkl,0.06038912,0.11503082,0.3911326,0.04944778,0.1468504,0.22821455,0.008934782
HAM_0005052,ISIC_0033786,nv,histo,35.0,male,lower extremity,data/raw/HAM10000_images_part_2/ISIC_0033786.jpg,test,5,5,nv,nv,0.3279615,True,nv → nv,0.035504423,0.046575233,0.30744773,0.018978974,0.26052532,0.3279615,0.003006774
HAM_0003969,ISIC_0033564,nv,histo,15.0,female,chest,data/raw/HAM10000_images_part_2/ISIC_0033564.jpg,test,5,4,nv,mel,0.6555079,False,nv → mel,0.0004906922,4.0859268e-05,0.07999675,1.1823556e-05,0.6555079,0.26395172,1.4185505e-07
HAM_0003969,ISIC_0032627,nv,histo,15.0,female,chest,data/raw/HAM10000_images_part_2/ISIC_0032627.jpg,test,5,4,nv,mel,0.4693906,False,nv → mel,3.47125e-05,0.00015522148,0.08026793,0.00010185946,0.4693906,0.45004442,5.279561e-06
HAM_0005209,ISIC_0033532,nv,histo,45.0,female,back,data/raw/HAM10000_images_part_2/ISIC_0033532.jpg,test,5,5,nv,nv,0.44200742,True,nv → nv,0.02243831,0.010777347,0.12812975,0.0050843772,0.39058846,0.44200742,0.0009743443
HAM_0005209,ISIC_0032713,nv,histo,45.0,female,back,data/raw/HAM10000_images_part_2/ISIC_0032713.jpg,test,5,5,nv,nv,0.3467136,True,nv → nv,0.045766458,0.04803388,0.26453656,0.023730688,0.26854977,0.3467136,0.0026690285
HAM_0002325,ISIC_0033021,nv,histo,45.0,male,abdomen,data/raw/HAM10000_images_part_2/ISIC_0033021.jpg,test,5,5,nv,nv,0.7675983,True,nv → nv,0.00053003733,0.0008351145,0.020064255,0.00023826423,0.20875458,0.7675983,0.0019795513
HAM_0002325,ISIC_0033835,nv,histo,45.0,male,abdomen,data/raw/HAM10000_images_part_2/ISIC_0033835.jpg,test,5,5,nv,nv,0.56121844,True,nv → nv,0.005868022,0.003792573,0.04793731,0.0006220833,0.37985682,0.56121844,0.00070474506
HAM_0004586,ISIC_0033329,nv,consensus,55.0,male,unknown,data/raw/HAM10000_images_part_2/ISIC_0033329.jpg,test,5,4,nv,mel,0.4118858,False,nv → mel,0.013004781,0.0032061487,0.2364342,0.0011618087,0.4118858,0.33428553,2.1722703e-05
HAM_0004587,ISIC_0034181,nv,consensus,55.0,male,unknown,data/raw/HAM10000_images_part_2/ISIC_0034181.jpg,test,5,4,nv,mel,0.42312956,False,nv → mel,0.007779037,0.0022670813,0.15656063,0.00068461726,0.42312956,0.40953258,4.6376408e-05
HAM_0003699,ISIC_0027397,nv,histo,60.0,male,back,data/raw/HAM10000_images_part_1/ISIC_0027397.jpg,test,5,1,nv,bcc,0.3048568,False,nv → bcc,0.2694056,0.3048568,0.12966308,0.19883245,0.061074696,0.030232042,0.0059352694
HAM_0003310,ISIC_0034217,nv,histo,60.0,male,abdomen,data/raw/HAM10000_images_part_2/ISIC_0034217.jpg,test,5,5,nv,nv,0.6028595,True,nv → nv,0.0042446787,0.0126269655,0.043156635,0.0021199768,0.31334695,0.6028595,0.021645345
HAM_0003310,ISIC_0032952,nv,histo,60.0,male,abdomen,data/raw/HAM10000_images_part_2/ISIC_0032952.jpg,test,5,5,nv,nv,0.44085068,True,nv → nv,0.0139566315,0.02539623,0.10211857,0.009498682,0.3923036,0.44085068,0.015875634
HAM_0001948,ISIC_0033993,nv,histo,35.0,male,foot,data/raw/HAM10000_images_part_2/ISIC_0033993.jpg,test,5,4,nv,mel,0.44298807,False,nv → mel,0.005497537,0.0005629896,0.13685791,0.00019649068,0.44298807,0.41389304,4.000855e-06
HAM_0001948,ISIC_0032926,nv,histo,35.0,male,foot,data/raw/HAM10000_images_part_2/ISIC_0032926.jpg,test,5,4,nv,mel,0.6786528,False,nv → mel,0.0001431609,4.4681733e-06,0.04004783,1.2231777e-06,0.6786528,0.2811505,9.454996e-09
HAM_0001948,ISIC_0033049,nv,histo,35.0,male,foot,data/raw/HAM10000_images_part_2/ISIC_0033049.jpg,test,5,4,nv,mel,0.5437477,False,nv → mel,0.0005449466,1.2812726e-05,0.05386817,3.4563247e-06,0.5437477,0.40182295,2.5789145e-08
HAM_0006478,ISIC_0025210,nv,histo,45.0,male,back,data/raw/HAM10000_images_part_1/ISIC_0025210.jpg,test,5,4,nv,mel,0.45035782,False,nv → mel,0.040848076,0.024228748,0.22020614,0.009183046,0.45035782,0.2541826,0.0009935269
HAM_0006478,ISIC_0026372,nv,histo,45.0,male,back,data/raw/HAM10000_images_part_1/ISIC_0026372.jpg,test,5,4,nv,mel,0.42044318,False,nv → mel,0.06855876,0.03157022,0.24544205,0.012901289,0.42044318,0.22044392,0.0006406051
HAM_0007164,ISIC_0025972,nv,histo,75.0,male,trunk,data/raw/HAM10000_images_part_1/ISIC_0025972.jpg,test,5,4,nv,mel,0.45663878,False,nv → mel,0.041924015,0.006327552,0.4163931,0.0072478172,0.45663878,0.07146302,5.6227145e-06
HAM_0001269,ISIC_0027582,nv,histo,40.0,female,trunk,data/raw/HAM10000_images_part_1/ISIC_0027582.jpg,test,5,5,nv,nv,0.4918803,True,nv → nv,0.013567838,0.0015713194,0.22018808,0.005322832,0.26743454,0.4918803,3.511915e-05
HAM_0000231,ISIC_0024608,nv,histo,55.0,male,lower extremity,data/raw/HAM10000_images_part_1/ISIC_0024608.jpg,test,5,4,nv,mel,0.5448944,False,nv → mel,5.8476195e-05,5.7602742e-06,0.07875026,7.751068e-06,0.5448944,0.37628338,1.545839e-08
HAM_0000626,ISIC_0025267,nv,histo,35.0,female,foot,data/raw/HAM10000_images_part_1/ISIC_0025267.jpg,test,5,5,nv,nv,0.79015845,True,nv → nv,0.00181706,0.00010531823,0.08026789,0.0004110823,0.12723283,0.79015845,7.320573e-06
HAM_0000626,ISIC_0029581,nv,histo,35.0,female,foot,data/raw/HAM10000_images_part_2/ISIC_0029581.jpg,test,5,4,nv,mel,0.55272204,False,nv → mel,0.004823767,0.00024134526,0.11554285,0.00010643372,0.55272204,0.32656258,9.351048e-07
HAM_0001450,ISIC_0030771,nv,histo,45.0,male,lower extremity,data/raw/HAM10000_images_part_2/ISIC_0030771.jpg,test,5,2,nv,bkl,0.39651877,False,nv → bkl,0.033730283,0.019165121,0.39651877,0.012829047,0.34459797,0.19313274,2.6147072e-05
HAM_0001612,ISIC_0025618,nv,histo,30.0,female,foot,data/raw/HAM10000_images_part_1/ISIC_0025618.jpg,test,5,5,nv,nv,0.39079642,True,nv → nv,0.011840739,0.0011668944,0.23212342,0.00056644366,0.3634988,0.39079642,7.2387884e-06
HAM_0007195,ISIC_0031923,nv,histo,40.0,female,lower extremity,data/raw/HAM10000_images_part_2/ISIC_0031923.jpg,test,5,5,nv,nv,0.5031904,True,nv → nv,0.098820895,0.06358387,0.13011563,0.078918405,0.08455406,0.5031904,0.040816683
HAM_0000231,ISIC_0030841,nv,histo,55.0,male,lower extremity,data/raw/HAM10000_images_part_2/ISIC_0030841.jpg,test,5,4,nv,mel,0.72290635,False,nv → mel,0.00011222868,1.4115783e-05,0.06918968,6.23688e-06,0.72290635,0.2077714,2.3351992e-08
HAM_0005428,ISIC_0031654,nv,histo,15.0,female,trunk,data/raw/HAM10000_images_part_2/ISIC_0031654.jpg,test,5,5,nv,nv,0.23437108,True,nv → nv,0.16669285,0.09189658,0.17222193,0.099525824,0.22838219,0.23437108,0.0069095124
HAM_0004919,ISIC_0025226,nv,histo,40.0,male,upper extremity,data/raw/HAM10000_images_part_1/ISIC_0025226.jpg,test,5,4,nv,mel,0.31415975,False,nv → mel,0.10242145,0.03175044,0.27025005,0.015061228,0.31415975,0.2658046,0.00055253843
HAM_0005902,ISIC_0027285,nv,histo,40.0,female,foot,data/raw/HAM10000_images_part_1/ISIC_0027285.jpg,test,5,0,nv,akiec,0.25067523,False,nv → akiec,0.25067523,0.12999962,0.22559528,0.09967023,0.21142054,0.0813859,0.0012531215
HAM_0001637,ISIC_0031521,nv,histo,35.0,male,chest,data/raw/HAM10000_images_part_2/ISIC_0031521.jpg,test,5,4,nv,mel,0.55253005,False,nv → mel,0.0048401775,0.00033645745,0.09665042,0.0001903301,0.55253005,0.3454478,4.732676e-06
HAM_0005840,ISIC_0030773,nv,histo,45.0,female,chest,data/raw/HAM10000_images_part_2/ISIC_0030773.jpg,test,5,4,nv,mel,0.4139425,False,nv → mel,0.045259863,0.00929325,0.25720435,0.0042558494,0.4139425,0.26998124,6.307728e-05
HAM_0005840,ISIC_0028692,nv,histo,45.0,female,chest,data/raw/HAM10000_images_part_1/ISIC_0028692.jpg,test,5,4,nv,mel,0.40129462,False,nv → mel,0.04058221,0.0049470235,0.21643332,0.0024935037,0.40129462,0.33420354,4.5690635e-05
HAM_0005840,ISIC_0032260,nv,histo,45.0,female,chest,data/raw/HAM10000_images_part_2/ISIC_0032260.jpg,test,5,4,nv,mel,0.4571566,False,nv → mel,0.019361557,0.001436048,0.14784124,0.00041376762,0.4571566,0.37378666,4.163897e-06
HAM_0006363,ISIC_0024936,nv,histo,25.0,male,abdomen,data/raw/HAM10000_images_part_1/ISIC_0024936.jpg,test,5,4,nv,mel,0.7142027,False,nv → mel,0.00030499755,0.001737054,0.115955755,0.00016373428,0.7142027,0.16758503,5.0738046e-05
HAM_0006364,ISIC_0029027,nv,histo,30.0,female,back,data/raw/HAM10000_images_part_1/ISIC_0029027.jpg,test,5,4,nv,mel,0.5265692,False,nv → mel,0.030984571,0.010345368,0.16193223,0.0026405125,0.5265692,0.2673084,0.00021972407
HAM_0000032,ISIC_0032291,nv,histo,60.0,male,abdomen,data/raw/HAM10000_images_part_2/ISIC_0032291.jpg,test,5,0,nv,akiec,0.24672464,False,nv → akiec,0.24672464,0.07742945,0.19180034,0.05950451,0.23855971,0.18493506,0.0010463225
HAM_0001236,ISIC_0030615,nv,histo,60.0,male,back,data/raw/HAM10000_images_part_2/ISIC_0030615.jpg,test,5,2,nv,bkl,0.27294827,False,nv → bkl,0.10691354,0.090575404,0.27294827,0.046564974,0.24857196,0.23224652,0.0021793211
HAM_0002031,ISIC_0027925,nv,histo,30.0,male,back,data/raw/HAM10000_images_part_1/ISIC_0027925.jpg,test,5,4,nv,mel,0.45647827,False,nv → mel,0.03522869,0.0064914348,0.22006358,0.003724942,0.45647827,0.2778921,0.00012101336
HAM_0002031,ISIC_0031917,nv,histo,30.0,male,back,data/raw/HAM10000_images_part_2/ISIC_0031917.jpg,test,5,4,nv,mel,0.45982516,False,nv → mel,0.059804086,0.010590886,0.21739964,0.006611682,0.45982516,0.24561046,0.00015811902
HAM_0003276,ISIC_0024975,nv,histo,35.0,female,trunk,data/raw/HAM10000_images_part_1/ISIC_0024975.jpg,test,5,4,nv,mel,0.5327993,False,nv → mel,0.00020865287,2.6713193e-05,0.108877026,3.185266e-05,0.5327993,0.3580564,3.918723e-08
HAM_0003276,ISIC_0025782,nv,histo,35.0,female,trunk,data/raw/HAM10000_images_part_1/ISIC_0025782.jpg,test,5,4,nv,mel,0.56637955,False,nv → mel,0.00044870243,5.97835e-05,0.11283499,5.8655816e-05,0.56637955,0.32021815,1.2432596e-07
HAM_0001872,ISIC_0029188,nv,histo,60.0,female,lower extremity,data/raw/HAM10000_images_part_1/ISIC_0029188.jpg,test,5,4,nv,mel,0.4504221,False,nv → mel,0.03238958,0.0053164936,0.21719931,0.0026486525,0.4504221,0.29199916,2.4746472e-05
HAM_0001872,ISIC_0027800,nv,histo,60.0,female,lower extremity,data/raw/HAM10000_images_part_1/ISIC_0027800.jpg,test,5,4,nv,mel,0.4366613,False,nv → mel,0.031999804,0.0054975436,0.22651528,0.002862811,0.4366613,0.29643822,2.4990954e-05
HAM_0004239,ISIC_0029450,nv,histo,75.0,female,lower extremity,data/raw/HAM10000_images_part_2/ISIC_0029450.jpg,test,5,5,nv,nv,0.73901814,True,nv → nv,0.010743127,0.001751937,0.09719763,0.0020729506,0.14886165,0.73901814,0.00035458052
HAM_0004239,ISIC_0027887,nv,histo,75.0,female,lower extremity,data/raw/HAM10000_images_part_1/ISIC_0027887.jpg,test,5,5,nv,nv,0.7528255,True,nv → nv,0.0115073435,0.0018213652,0.093912184,0.0022150765,0.13734308,0.7528255,0.0003755049
HAM_0004239,ISIC_0024928,nv,histo,75.0,female,lower extremity,data/raw/HAM10000_images_part_1/ISIC_0024928.jpg,test,5,5,nv,nv,0.75756615,True,nv → nv,0.012170795,0.0020731513,0.09332163,0.0025997662,0.13175213,0.75756615,0.0005163849
HAM_0001715,ISIC_0027208,nv,histo,30.0,female,lower extremity,data/raw/HAM10000_images_part_1/ISIC_0027208.jpg,test,5,5,nv,nv,0.30053368,True,nv → nv,0.1619413,0.03599503,0.19281034,0.024939483,0.28282332,0.30053368,0.00095686316
HAM_0001715,ISIC_0032368,nv,histo,30.0,female,lower extremity,data/raw/HAM10000_images_part_2/ISIC_0032368.jpg,test,5,5,nv,nv,0.681117,True,nv → nv,0.027031226,0.004250233,0.13437967,0.008203413,0.14467993,0.681117,0.00033862033
HAM_0001715,ISIC_0029504,nv,histo,30.0,female,lower extremity,data/raw/HAM10000_images_part_2/ISIC_0029504.jpg,test,5,5,nv,nv,0.43936396,True,nv → nv,0.09078165,0.01911804,0.18264546,0.019053169,0.24824499,0.43936396,0.00079279504
HAM_0001297,ISIC_0030135,nv,histo,60.0,male,back,data/raw/HAM10000_images_part_2/ISIC_0030135.jpg,test,5,4,nv,mel,0.35767835,False,nv → mel,0.046552654,0.028685031,0.3160388,0.012310517,0.35767835,0.23792064,0.00081405346
HAM_0001297,ISIC_0030941,nv,histo,60.0,male,back,data/raw/HAM10000_images_part_2/ISIC_0030941.jpg,test,5,4,nv,mel,0.3560478,False,nv → mel,0.044752922,0.026311956,0.3221381,0.011680733,0.3560478,0.23840185,0.0006666363
HAM_0002547,ISIC_0024394,nv,histo,20.0,female,back,data/raw/HAM10000_images_part_1/ISIC_0024394.jpg,test,5,4,nv,mel,0.48218334,False,nv → mel,0.02105411,0.0035086926,0.2588029,0.005031171,0.48218334,0.22939526,2.4510733e-05
HAM_0002547,ISIC_0029516,nv,histo,20.0,female,back,data/raw/HAM10000_images_part_2/ISIC_0029516.jpg,test,5,4,nv,mel,0.5079691,False,nv → mel,0.0070526367,0.0008652385,0.21371543,0.0012640902,0.5079691,0.26912907,4.4056555e-06
HAM_0007089,ISIC_0030066,nv,histo,35.0,male,chest,data/raw/HAM10000_images_part_2/ISIC_0030066.jpg,test,5,4,nv,mel,0.29531765,False,nv → mel,0.24248709,0.100128815,0.19035298,0.055687424,0.29531765,0.11511299,0.0009130066
HAM_0007340,ISIC_0028944,nv,histo,40.0,female,trunk,data/raw/HAM10000_images_part_1/ISIC_0028944.jpg,test,5,4,nv,mel,0.4735171,False,nv → mel,0.021246089,0.016672283,0.21113281,0.0035602134,0.4735171,0.27172166,0.0021498536
HAM_0003742,ISIC_0031631,nv,histo,20.0,female,back,data/raw/HAM10000_images_part_2/ISIC_0031631.jpg,test,5,0,nv,akiec,0.34283057,False,nv → akiec,0.34283057,0.07075471,0.256263,0.04896503,0.23131841,0.049720652,0.00014759807
HAM_0003742,ISIC_0027150,nv,histo,20.0,female,back,data/raw/HAM10000_images_part_1/ISIC_0027150.jpg,test,5,0,nv,akiec,0.32542664,False,nv → akiec,0.32542664,0.06337741,0.26136404,0.044900812,0.24921799,0.055590186,0.00012299376
HAM_0002979,ISIC_0030588,nv,histo,35.0,female,back,data/raw/HAM10000_images_part_2/ISIC_0030588.jpg,test,5,0,nv,akiec,0.21661967,False,nv → akiec,0.21661967,0.13005157,0.19588189,0.10352546,0.16455686,0.17905205,0.010312458
HAM_0002979,ISIC_0025511,nv,histo,35.0,female,back,data/raw/HAM10000_images_part_1/ISIC_0025511.jpg,test,5,0,nv,akiec,0.21501435,False,nv → akiec,0.21501435,0.14159979,0.19817157,0.09846544,0.18813585,0.1485384,0.010074605
HAM_0005284,ISIC_0029640,nv,histo,20.0,male,back,data/raw/HAM10000_images_part_2/ISIC_0029640.jpg,test,5,4,nv,mel,0.32619044,False,nv → mel,0.22399153,0.05374118,0.25341934,0.033824615,0.32619044,0.108689114,0.00014368114
HAM_0005284,ISIC_0029724,nv,histo,20.0,male,back,data/raw/HAM10000_images_part_2/ISIC_0029724.jpg,test,5,4,nv,mel,0.31909937,False,nv → mel,0.22886208,0.057706207,0.2520466,0.036637153,0.31909937,0.10548393,0.00016468325
HAM_0005284,ISIC_0027707,nv,histo,20.0,male,back,data/raw/HAM10000_images_part_1/ISIC_0027707.jpg,test,5,4,nv,mel,0.31445158,False,nv → mel,0.2387101,0.060737263,0.24447817,0.038330946,0.31445158,0.103117935,0.00017392969
HAM_0004007,ISIC_0031541,nv,histo,35.0,female,lower extremity,data/raw/HAM10000_images_part_2/ISIC_0031541.jpg,test,5,5,nv,nv,0.68125534,True,nv → nv,0.058131427,0.023836212,0.1059193,0.076060936,0.028662156,0.68125534,0.026134675
HAM_0004007,ISIC_0027596,nv,histo,35.0,female,lower extremity,data/raw/HAM10000_images_part_1/ISIC_0027596.jpg,test,5,5,nv,nv,0.632187,True,nv → nv,0.07574457,0.03041622,0.122779764,0.074900605,0.042126007,0.632187,0.021845838
HAM_0004007,ISIC_0028960,nv,histo,35.0,female,lower extremity,data/raw/HAM10000_images_part_1/ISIC_0028960.jpg,test,5,5,nv,nv,0.59597844,True,nv → nv,0.089381486,0.03627408,0.13209622,0.07312399,0.0524501,0.59597844,0.020695688
HAM_0000188,ISIC_0027020,nv,histo,40.0,male,abdomen,data/raw/HAM10000_images_part_1/ISIC_0027020.jpg,test,5,4,nv,mel,0.5539274,False,nv → mel,0.013555655,0.006117537,0.19854751,0.002600062,0.5539274,0.22511397,0.00013787048
HAM_0000188,ISIC_0028390,nv,histo,40.0,male,abdomen,data/raw/HAM10000_images_part_1/ISIC_0028390.jpg,test,5,4,nv,mel,0.48894817,False,nv → mel,0.0027264017,0.000588549,0.16166101,0.0005815111,0.48894817,0.34548655,7.84298e-06
HAM_0000188,ISIC_0029199,nv,histo,40.0,male,abdomen,data/raw/HAM10000_images_part_1/ISIC_0029199.jpg,test,5,2,nv,bkl,0.642692,False,nv → bkl,0.0010505691,0.00038769378,0.642692,0.00020795556,0.18535382,0.17030796,3.304493e-08
HAM_0003686,ISIC_0025386,nv,histo,25.0,male,upper extremity,data/raw/HAM10000_images_part_1/ISIC_0025386.jpg,test,5,4,nv,mel,0.45987695,False,nv → mel,0.050553117,0.011659006,0.12116923,0.0034684408,0.45987695,0.35287917,0.0003940677
HAM_0002835,ISIC_0028510,nv,histo,30.0,female,foot,data/raw/HAM10000_images_part_1/ISIC_0028510.jpg,test,5,5,nv,nv,0.37103632,True,nv → nv,0.043115407,0.009450563,0.25738502,0.0048203706,0.3138132,0.37103632,0.00037910827
HAM_0003686,ISIC_0024870,nv,histo,25.0,male,upper extremity,data/raw/HAM10000_images_part_1/ISIC_0024870.jpg,test,5,4,nv,mel,0.4108655,False,nv → mel,0.0039434545,0.00034611262,0.28634527,0.000107564396,0.4108655,0.2983919,1.7125654e-07
HAM_0006296,ISIC_0028999,nv,histo,70.0,male,trunk,data/raw/HAM10000_images_part_1/ISIC_0028999.jpg,test,5,5,nv,nv,0.73570526,True,nv → nv,0.004001722,0.0002545099,0.0764575,0.00059235975,0.18298145,0.73570526,7.1609934e-06
HAM_0007160,ISIC_0028723,nv,histo,30.0,female,trunk,data/raw/HAM10000_images_part_1/ISIC_0028723.jpg,test,5,5,nv,nv,0.5825462,True,nv → nv,0.009621362,0.0011610674,0.11427522,0.0007599163,0.29156068,0.5825462,7.5558295e-05
HAM_0005457,ISIC_0025039,nv,histo,75.0,male,back,data/raw/HAM10000_images_part_1/ISIC_0025039.jpg,test,5,4,nv,mel,0.49340737,False,nv → mel,0.005860511,0.00033423025,0.15524866,0.00011985299,0.49340737,0.3450287,7.259973e-07
HAM_0005614,ISIC_0030397,nv,histo,35.0,female,trunk,data/raw/HAM10000_images_part_2/ISIC_0030397.jpg,test,5,5,nv,nv,0.76306045,True,nv → nv,0.026441982,0.019645412,0.07143381,0.0592357,0.019960167,0.76306045,0.040222462
HAM_0003164,ISIC_0027897,nv,histo,30.0,female,trunk,data/raw/HAM10000_images_part_1/ISIC_0027897.jpg,test,5,5,nv,nv,0.94559383,True,nv → nv,0.0011308477,0.0008165871,0.030959066,0.004968065,0.011478386,0.94559383,0.005053209
HAM_0000418,ISIC_0029339,nv,histo,55.0,male,back,data/raw/HAM10000_images_part_2/ISIC_0029339.jpg,test,5,4,nv,mel,0.30445108,False,nv → mel,0.21342045,0.10527434,0.13277839,0.040213987,0.30445108,0.20181306,0.0020487614
HAM_0000904,ISIC_0025149,nv,histo,30.0,male,back,data/raw/HAM10000_images_part_1/ISIC_0025149.jpg,test,5,2,nv,bkl,0.40020207,False,nv → bkl,0.01716959,0.0021780396,0.40020207,0.0017319117,0.29484177,0.2838696,7.0233586e-06
HAM_0000904,ISIC_0025938,nv,histo,30.0,male,back,data/raw/HAM10000_images_part_1/ISIC_0025938.jpg,test,5,5,nv,nv,0.33075714,True,nv → nv,0.057638146,0.020788262,0.25121495,0.010191399,0.32840535,0.33075714,0.0010047634
HAM_0005855,ISIC_0031727,nv,histo,60.0,male,lower extremity,data/raw/HAM10000_images_part_2/ISIC_0031727.jpg,test,5,2,nv,bkl,0.510337,False,nv → bkl,0.032026853,0.011432951,0.510337,0.0070750434,0.23414959,0.20496996,8.59078e-06
HAM_0002298,ISIC_0031483,nv,histo,25.0,male,lower extremity,data/raw/HAM10000_images_part_2/ISIC_0031483.jpg,test,5,1,nv,bcc,0.24753638,False,nv → bcc,0.1538808,0.24753638,0.18279628,0.14426197,0.08944856,0.13843204,0.0436439
HAM_0002128,ISIC_0031603,nv,histo,35.0,female,scalp,data/raw/HAM10000_images_part_2/ISIC_0031603.jpg,test,5,4,nv,mel,0.4529307,False,nv → mel,0.11259096,0.023425486,0.08247133,0.004155485,0.4529307,0.3243346,9.151099e-05
HAM_0002128,ISIC_0029867,nv,histo,35.0,female,scalp,data/raw/HAM10000_images_part_2/ISIC_0029867.jpg,test,5,1,nv,bcc,0.29094377,False,nv → bcc,0.09361801,0.29094377,0.096798144,0.083906874,0.24344797,0.19061992,0.0006653157
HAM_0002668,ISIC_0027224,nv,histo,30.0,male,back,data/raw/HAM10000_images_part_1/ISIC_0027224.jpg,test,5,4,nv,mel,0.46660256,False,nv → mel,0.110753804,0.011911216,0.1658221,0.0055645863,0.46660256,0.23931862,2.6980477e-05
HAM_0002668,ISIC_0026784,nv,histo,30.0,male,back,data/raw/HAM10000_images_part_1/ISIC_0026784.jpg,test,5,4,nv,mel,0.40820545,False,nv → mel,0.14194882,0.022205956,0.21974535,0.011360396,0.40820545,0.19649404,4.0036193e-05
HAM_0006302,ISIC_0030819,nv,histo,50.0,female,ear,data/raw/HAM10000_images_part_2/ISIC_0030819.jpg,test,5,4,nv,mel,0.46307996,False,nv → mel,0.0064301295,0.0071283868,0.34414393,0.0036483905,0.46307996,0.17556675,2.4470446e-06
HAM_0006025,ISIC_0031285,nv,histo,70.0,female,foot,data/raw/HAM10000_images_part_2/ISIC_0031285.jpg,test,5,4,nv,mel,0.44493812,False,nv → mel,0.02500017,0.0032058328,0.16389653,0.0009290425,0.44493812,0.36201552,1.4708127e-05
HAM_0007080,ISIC_0029994,nv,histo,50.0,male,back,data/raw/HAM10000_images_part_2/ISIC_0029994.jpg,test,5,4,nv,mel,0.4150622,False,nv → mel,0.17651105,0.07104629,0.21427704,0.03170054,0.4150622,0.09121726,0.00018563993
HAM_0006318,ISIC_0024937,nv,histo,45.0,female,back,data/raw/HAM10000_images_part_1/ISIC_0024937.jpg,test,5,5,nv,nv,0.4794474,True,nv → nv,0.053715408,0.029167157,0.07612116,0.0051141395,0.35310298,0.4794474,0.003331716
HAM_0000168,ISIC_0031353,nv,histo,55.0,male,neck,data/raw/HAM10000_images_part_2/ISIC_0031353.jpg,test,5,4,nv,mel,0.35203257,False,nv → mel,0.08401046,0.045685798,0.2608582,0.024147414,0.35203257,0.23222756,0.0010380005
HAM_0007004,ISIC_0030525,nv,histo,70.0,female,hand,data/raw/HAM10000_images_part_2/ISIC_0030525.jpg,test,5,1,nv,bcc,0.44580057,False,nv → bcc,0.09767709,0.44580057,0.07409662,0.28996518,0.035235435,0.048115432,0.00910956
HAM_0003434,ISIC_0031126,nv,histo,30.0,female,neck,data/raw/HAM10000_images_part_2/ISIC_0031126.jpg,test,5,0,nv,akiec,0.23900141,False,nv → akiec,0.23900141,0.22315092,0.18259557,0.13162695,0.13418894,0.08434395,0.0050922367
HAM_0001406,ISIC_0026592,nv,histo,25.0,female,chest,data/raw/HAM10000_images_part_1/ISIC_0026592.jpg,test,5,5,nv,nv,0.4861535,True,nv → nv,0.09171261,0.06655406,0.13771316,0.07027112,0.11328404,0.4861535,0.03431148
HAM_0001406,ISIC_0030914,nv,histo,25.0,female,chest,data/raw/HAM10000_images_part_2/ISIC_0030914.jpg,test,5,4,nv,mel,0.26899537,False,nv → mel,0.19133312,0.113237485,0.13108781,0.053342927,0.26899537,0.23400392,0.007999458
HAM_0001911,ISIC_0029197,nv,histo,55.0,male,back,data/raw/HAM10000_images_part_1/ISIC_0029197.jpg,test,5,4,nv,mel,0.37796977,False,nv → mel,0.018732809,0.06499968,0.22053093,0.029672053,0.37796977,0.2876507,0.00044405792
HAM_0002103,ISIC_0026034,nv,histo,60.0,male,lower extremity,data/raw/HAM10000_images_part_1/ISIC_0026034.jpg,test,5,4,nv,mel,0.44727644,False,nv → mel,0.0013954852,0.0031765474,0.3788029,0.0018967931,0.44727644,0.16745178,1.4728217e-07
HAM_0000045,ISIC_0032126,nv,histo,50.0,male,back,data/raw/HAM10000_images_part_2/ISIC_0032126.jpg,test,5,4,nv,mel,0.24108255,False,nv → mel,0.20945776,0.13253467,0.15301578,0.06258651,0.24108255,0.19845738,0.0028653638
HAM_0001508,ISIC_0029298,nv,histo,65.0,female,lower extremity,data/raw/HAM10000_images_part_1/ISIC_0029298.jpg,test,5,4,nv,mel,0.36996764,False,nv → mel,0.072211035,0.034468878,0.14957334,0.009445997,0.36996764,0.36249352,0.0018395878
HAM_0005009,ISIC_0027569,nv,histo,20.0,male,back,data/raw/HAM10000_images_part_1/ISIC_0027569.jpg,test,5,2,nv,bkl,0.37846455,False,nv → bkl,0.100747995,0.029341001,0.37846455,0.022464335,0.317478,0.15143111,7.296959e-05
HAM_0005176,ISIC_0031117,nv,histo,70.0,male,back,data/raw/HAM10000_images_part_2/ISIC_0031117.jpg,test,5,5,nv,nv,0.26168957,True,nv → nv,0.031924117,0.14173123,0.08702877,0.016634125,0.24959943,0.26168957,0.21139276
HAM_0003820,ISIC_0029109,nv,histo,20.0,female,back,data/raw/HAM10000_images_part_1/ISIC_0029109.jpg,test,5,4,nv,mel,0.2644663,False,nv → mel,0.21525702,0.09942125,0.20120564,0.05910955,0.2644663,0.15885204,0.0016881822
HAM_0001630,ISIC_0028297,nv,histo,70.0,female,back,data/raw/HAM10000_images_part_1/ISIC_0028297.jpg,test,5,4,nv,mel,0.5022638,False,nv → mel,0.008146398,0.0011032535,0.03984788,0.00015291665,0.5022638,0.44842437,6.146802e-05
HAM_0005510,ISIC_0029203,nv,histo,30.0,female,lower extremity,data/raw/HAM10000_images_part_1/ISIC_0029203.jpg,test,5,0,nv,akiec,0.30847657,False,nv → akiec,0.30847657,0.25241938,0.11962192,0.22609131,0.027239777,0.033352066,0.03279903
HAM_0000949,ISIC_0032444,nv,histo,65.0,male,back,data/raw/HAM10000_images_part_2/ISIC_0032444.jpg,test,5,4,nv,mel,0.25253624,False,nv → mel,0.22887753,0.10262373,0.21519452,0.065577574,0.25253624,0.13462989,0.0005604655
HAM_0002291,ISIC_0024836,nv,histo,45.0,male,back,data/raw/HAM10000_images_part_1/ISIC_0024836.jpg,test,5,1,nv,bcc,0.35166332,False,nv → bcc,0.22947328,0.35166332,0.11071296,0.21857876,0.038840387,0.035329778,0.015401445
HAM_0006401,ISIC_0031451,nv,histo,45.0,female,foot,data/raw/HAM10000_images_part_2/ISIC_0031451.jpg,test,5,1,nv,bcc,0.2860219,False,nv → bcc,0.2014377,0.2860219,0.15801856,0.115641505,0.06287343,0.10883807,0.06716885
HAM_0005450,ISIC_0029286,nv,histo,40.0,female,lower extremity,data/raw/HAM10000_images_part_1/ISIC_0029286.jpg,test,5,2,nv,bkl,0.36751816,False,nv → bkl,0.013563303,0.0018089436,0.36751816,0.0011431763,0.31846637,0.2974933,6.6436787e-06
HAM_0000338,ISIC_0028631,nv,histo,30.0,male,back,data/raw/HAM10000_images_part_1/ISIC_0028631.jpg,test,5,5,nv,nv,0.2697787,True,nv → nv,0.114676125,0.2232566,0.078752175,0.054112446,0.22111428,0.2697787,0.0383097
HAM_0001319,ISIC_0026053,nv,histo,70.0,male,back,data/raw/HAM10000_images_part_1/ISIC_0026053.jpg,test,5,4,nv,mel,0.5386653,False,nv → mel,0.042067036,0.0026514628,0.24835527,0.0014352349,0.5386653,0.16682488,8.170031e-07
HAM_0001319,ISIC_0028599,nv,histo,70.0,male,back,data/raw/HAM10000_images_part_1/ISIC_0028599.jpg,test,5,2,nv,bkl,0.5552162,False,nv → bkl,0.0378034,0.012362471,0.5552162,0.009306247,0.24425226,0.14103936,2.0078778e-05
HAM_0003117,ISIC_0027917,nv,histo,35.0,male,upper extremity,data/raw/HAM10000_images_part_1/ISIC_0027917.jpg,test,5,6,nv,vasc,0.48762482,False,nv → vasc,0.0042985673,0.09366837,0.07837892,0.0034426993,0.23755763,0.09502898,0.48762482
HAM_0003241,ISIC_0030079,nv,histo,40.0,male,back,data/raw/HAM10000_images_part_2/ISIC_0030079.jpg,test,5,4,nv,mel,0.38138184,False,nv → mel,0.10305992,0.0347808,0.112778,0.008779032,0.38138184,0.35777733,0.0014430102
HAM_0003241,ISIC_0024908,nv,histo,40.0,male,back,data/raw/HAM10000_images_part_1/ISIC_0024908.jpg,test,5,4,nv,mel,0.38115072,False,nv → mel,0.10347177,0.034651056,0.11278065,0.008758527,0.38115072,0.357756,0.0014313714
HAM_0002794,ISIC_0031596,nv,histo,55.0,female,back,data/raw/HAM10000_images_part_2/ISIC_0031596.jpg,test,5,4,nv,mel,0.41671017,False,nv → mel,0.15072347,0.02307957,0.19450392,0.008165214,0.41671017,0.20675877,5.8870948e-05
HAM_0007510,ISIC_0027382,nv,histo,20.0,female,lower extremity,data/raw/HAM10000_images_part_1/ISIC_0027382.jpg,test,5,5,nv,nv,0.22247168,True,nv → nv,0.12858845,0.17543378,0.17851447,0.066577494,0.22123897,0.22247168,0.0071752765
HAM_0003058,ISIC_0028032,nv,histo,70.0,male,back,data/raw/HAM10000_images_part_1/ISIC_0028032.jpg,test,5,4,nv,mel,0.34526774,False,nv → mel,0.15049663,0.09040884,0.14940572,0.026587235,0.34526774,0.23456407,0.003269746
HAM_0007263,ISIC_0028130,nv,histo,50.0,female,lower extremity,data/raw/HAM10000_images_part_1/ISIC_0028130.jpg,test,5,2,nv,bkl,0.27399173,False,nv → bkl,0.15161283,0.08292186,0.27399173,0.054153185,0.24236235,0.19370282,0.0012551716
HAM_0006118,ISIC_0028400,nv,histo,65.0,male,back,data/raw/HAM10000_images_part_1/ISIC_0028400.jpg,test,5,1,nv,bcc,0.3488024,False,nv → bcc,0.18636444,0.3488024,0.13899568,0.13958347,0.03739433,0.05385273,0.095007025
HAM_0002518,ISIC_0032028,nv,histo,60.0,male,abdomen,data/raw/HAM10000_images_part_2/ISIC_0032028.jpg,test,5,4,nv,mel,0.58347476,False,nv → mel,0.035820525,0.0051800134,0.30430302,0.0017667162,0.58347476,0.069455035,3.2241232e-08
HAM_0005822,ISIC_0029054,nv,histo,45.0,male,upper extremity,data/raw/HAM10000_images_part_1/ISIC_0029054.jpg,test,5,4,nv,mel,0.4460574,False,nv → mel,0.06103339,0.009059337,0.16274145,0.0036153258,0.4460574,0.31740245,9.070215e-05
HAM_0004806,ISIC_0032327,nv,histo,80.0,male,back,data/raw/HAM10000_images_part_2/ISIC_0032327.jpg,test,5,4,nv,mel,0.5315291,False,nv → mel,0.053869177,0.011354867,0.3731012,0.004895585,0.5315291,0.025250021,3.0824637e-08
HAM_0004534,ISIC_0024363,nv,histo,40.0,male,back,data/raw/HAM10000_images_part_1/ISIC_0024363.jpg,test,5,5,nv,nv,0.3934357,True,nv → nv,0.009252734,0.014568453,0.22968712,0.010320772,0.3425164,0.3934357,0.00021884254
HAM_0006069,ISIC_0031681,nv,histo,45.0,female,abdomen,data/raw/HAM10000_images_part_2/ISIC_0031681.jpg,test,5,0,nv,akiec,0.32581505,False,nv → akiec,0.32581505,0.18302713,0.21352653,0.12814067,0.11452194,0.032201655,0.0027669868
HAM_0005894,ISIC_0025579,nv,histo,45.0,female,back,data/raw/HAM10000_images_part_1/ISIC_0025579.jpg,test,5,5,nv,nv,0.44802573,True,nv → nv,0.022369295,0.006029348,0.083190046,0.0012486137,0.4388962,0.44802573,0.00024073855
HAM_0006420,ISIC_0029905,nv,histo,50.0,female,upper extremity,data/raw/HAM10000_images_part_2/ISIC_0029905.jpg,test,5,4,nv,mel,0.3862025,False,nv → mel,0.106856234,0.027951209,0.19179615,0.012901919,0.3862025,0.27344364,0.00084830995
HAM_0004806,ISIC_0031031,nv,histo,80.0,male,back,data/raw/HAM10000_images_part_2/ISIC_0031031.jpg,test,5,4,nv,mel,0.47925475,False,nv → mel,0.19602959,0.048486546,0.18351687,0.01784214,0.47925475,0.07485313,1.6866652e-05
HAM_0000707,ISIC_0031113,nv,histo,70.0,female,abdomen,data/raw/HAM10000_images_part_2/ISIC_0031113.jpg,test,5,4,nv,mel,0.50277287,False,nv → mel,0.00032284335,8.730218e-06,0.04615348,3.6301315e-06,0.50277287,0.45073846,3.243052e-08
HAM_0005510,ISIC_0028166,nv,histo,30.0,female,lower extremity,data/raw/HAM10000_images_part_1/ISIC_0028166.jpg,test,5,1,nv,bcc,0.3015259,False,nv → bcc,0.29511818,0.3015259,0.1073353,0.22872986,0.023594854,0.025173966,0.018521981
HAM_0005510,ISIC_0026406,nv,histo,30.0,female,lower extremity,data/raw/HAM10000_images_part_1/ISIC_0026406.jpg,test,5,2,nv,bkl,0.721643,False,nv → bkl,0.038327575,0.025676021,0.721643,0.024957217,0.12765916,0.06167358,6.3508574e-05
HAM_0006323,ISIC_0026805,nv,histo,75.0,female,lower extremity,data/raw/HAM10000_images_part_1/ISIC_0026805.jpg,test,5,4,nv,mel,0.53805614,False,nv → mel,0.027953636,0.0012915748,0.1626792,0.0005948095,0.53805614,0.2694241,6.271805e-07
HAM_0006323,ISIC_0024680,nv,histo,75.0,female,lower extremity,data/raw/HAM10000_images_part_1/ISIC_0024680.jpg,test,5,4,nv,mel,0.51963186,False,nv → mel,0.012712212,0.00067623076,0.11612324,0.00023103591,0.51963186,0.35062397,1.5056074e-06
HAM_0006323,ISIC_0029465,nv,histo,75.0,female,lower extremity,data/raw/HAM10000_images_part_2/ISIC_0029465.jpg,test,5,4,nv,mel,0.47774342,False,nv → mel,0.029270502,0.00610458,0.15069607,0.002081077,0.47774342,0.33408052,2.375458e-05
HAM_0006835,ISIC_0031594,nv,histo,75.0,male,chest,data/raw/HAM10000_images_part_2/ISIC_0031594.jpg,test,5,1,nv,bcc,0.31164962,False,nv → bcc,0.26542264,0.31164962,0.11568706,0.21730527,0.026408162,0.030725824,0.032801364
HAM_0004518,ISIC_0025967,nv,histo,35.0,female,upper extremity,data/raw/HAM10000_images_part_1/ISIC_0025967.jpg,test,5,2,nv,bkl,0.31515074,False,nv → bkl,0.09460194,0.11149982,0.31515074,0.087551646,0.2193803,0.1686725,0.0031429802
HAM_0004518,ISIC_0031960,nv,histo,35.0,female,upper extremity,data/raw/HAM10000_images_part_2/ISIC_0031960.jpg,test,5,4,nv,mel,0.2803391,False,nv → mel,0.17429247,0.08047368,0.22226252,0.054893628,0.2803391,0.18633538,0.0014032001
HAM_0004518,ISIC_0024578,nv,histo,35.0,female,upper extremity,data/raw/HAM10000_images_part_1/ISIC_0024578.jpg,test,5,4,nv,mel,0.25786716,False,nv → mel,0.1690411,0.09782475,0.22862124,0.063987195,0.25786716,0.18097408,0.0016845192
HAM_0003836,ISIC_0031802,nv,histo,55.0,male,unknown,data/raw/HAM10000_images_part_2/ISIC_0031802.jpg,test,5,4,nv,mel,0.3264458,False,nv → mel,0.13065162,0.08862872,0.18554097,0.031471323,0.3264458,0.23445122,0.0028103045
HAM_0007342,ISIC_0030625,nv,histo,35.0,male,back,data/raw/HAM10000_images_part_2/ISIC_0030625.jpg,test,5,4,nv,mel,0.37985,False,nv → mel,0.08465549,0.04377704,0.14193486,0.01572673,0.37985,0.33280438,0.0012515322
HAM_0002905,ISIC_0029026,nv,histo,40.0,male,neck,data/raw/HAM10000_images_part_1/ISIC_0029026.jpg,test,5,1,nv,bcc,0.30260387,False,nv → bcc,0.25496018,0.30260387,0.15440567,0.16127138,0.073702835,0.04601821,0.0070379097
HAM_0005175,ISIC_0029479,nv,histo,60.0,female,back,data/raw/HAM10000_images_part_2/ISIC_0029479.jpg,test,5,4,nv,mel,0.42298228,False,nv → mel,0.12772606,0.025356218,0.22998291,0.009912371,0.42298228,0.18389955,0.00014069307
HAM_0005175,ISIC_0032278,nv,histo,60.0,female,back,data/raw/HAM10000_images_part_2/ISIC_0032278.jpg,test,5,1,nv,bcc,0.19924657,False,nv → bcc,0.1596,0.19924657,0.16053338,0.10584998,0.18383151,0.18119554,0.009742949
HAM_0007284,ISIC_0027255,nv,histo,60.0,female,back,data/raw/HAM10000_images_part_1/ISIC_0027255.jpg,test,5,2,nv,bkl,0.26712096,False,nv → bkl,0.12842348,0.13221009,0.26712096,0.08837159,0.20846483,0.17276627,0.0026428145
HAM_0000889,ISIC_0026581,nv,histo,30.0,female,lower extremity,data/raw/HAM10000_images_part_1/ISIC_0026581.jpg,test,5,4,nv,mel,0.45849136,False,nv → mel,0.022630867,0.0037332731,0.118650556,0.0012673901,0.45849136,0.39517075,5.585048e-05
HAM_0000889,ISIC_0025936,nv,histo,30.0,female,lower extremity,data/raw/HAM10000_images_part_1/ISIC_0025936.jpg,test,5,5,nv,nv,0.48574492,True,nv → nv,0.0024462703,0.00016461499,0.03452831,7.325323e-05,0.4770345,0.48574492,8.125946e-06
HAM_0000889,ISIC_0026401,nv,histo,30.0,female,lower extremity,data/raw/HAM10000_images_part_1/ISIC_0026401.jpg,test,5,4,nv,mel,0.50598556,False,nv → mel,0.0002827791,4.934201e-06,0.1004977,1.3389207e-06,0.50598556,0.3932277,1.1962725e-09
HAM_0000889,ISIC_0030370,nv,histo,30.0,female,lower extremity,data/raw/HAM10000_images_part_2/ISIC_0030370.jpg,test,5,4,nv,mel,0.46838838,False,nv → mel,0.0020819423,0.00010016088,0.16875216,3.2362852e-05,0.46838838,0.36064488,1.16075064e-07
HAM_0006835,ISIC_0026577,nv,histo,75.0,male,chest,data/raw/HAM10000_images_part_1/ISIC_0026577.jpg,test,5,0,nv,akiec,0.3707387,False,nv → akiec,0.3707387,0.29892868,0.082059264,0.21248934,0.020238098,0.010642143,0.00490376
HAM_0006205,ISIC_0031121,nv,histo,55.0,male,chest,data/raw/HAM10000_images_part_2/ISIC_0031121.jpg,test,5,2,nv,bkl,0.58125323,False,nv → bkl,0.02924371,0.008630224,0.58125323,0.007515966,0.2248152,0.14853328,8.463336e-06
HAM_0006205,ISIC_0032034,nv,histo,55.0,male,chest,data/raw/HAM10000_images_part_2/ISIC_0032034.jpg,test,5,2,nv,bkl,0.43692,False,nv → bkl,0.11416047,0.047891315,0.43692,0.027648503,0.27195618,0.10138568,3.778963e-05
HAM_0000778,ISIC_0028602,nv,histo,30.0,female,back,data/raw/HAM10000_images_part_1/ISIC_0028602.jpg,test,5,2,nv,bkl,0.4840166,False,nv → bkl,0.036847703,0.01120851,0.4840166,0.010612195,0.22109687,0.23614603,7.200431e-05
HAM_0000976,ISIC_0030833,nv,histo,40.0,male,chest,data/raw/HAM10000_images_part_2/ISIC_0030833.jpg,test,5,4,nv,mel,0.36666948,False,nv → mel,0.05625901,0.011412829,0.33448234,0.0077221994,0.36666948,0.22341919,3.5002693e-05
HAM_0002345,ISIC_0031982,nv,histo,35.0,male,upper extremity,data/raw/HAM10000_images_part_2/ISIC_0031982.jpg,test,5,4,nv,mel,0.2787093,False,nv → mel,0.14378469,0.14611308,0.14092334,0.046673898,0.2787093,0.23263714,0.011158593
HAM_0002271,ISIC_0027840,nv,histo,65.0,female,back,data/raw/HAM10000_images_part_1/ISIC_0027840.jpg,test,5,5,nv,nv,0.89876306,True,nv → nv,0.0029318728,0.00049515854,0.04039,0.002168562,0.05478921,0.89876306,0.00046212782
HAM_0005197,ISIC_0030922,nv,histo,75.0,male,trunk,data/raw/HAM10000_images_part_2/ISIC_0030922.jpg,test,5,4,nv,mel,0.4733121,False,nv → mel,0.007111764,0.0008127727,0.18442702,0.00067327404,0.4733121,0.33365884,4.135522e-06
HAM_0005102,ISIC_0028128,nv,histo,55.0,male,chest,data/raw/HAM10000_images_part_1/ISIC_0028128.jpg,test,5,2,nv,bkl,0.44279066,False,nv → bkl,0.10083267,0.10550781,0.44279066,0.060498737,0.17665854,0.11273354,0.0009779474
HAM_0006420,ISIC_0031074,nv,histo,50.0,female,upper extremity,data/raw/HAM10000_images_part_2/ISIC_0031074.jpg,test,5,4,nv,mel,0.35910556,False,nv → mel,0.090457045,0.029613407,0.22083609,0.013781245,0.35910556,0.2855714,0.0006352429
HAM_0000707,ISIC_0024561,nv,histo,70.0,female,abdomen,data/raw/HAM10000_images_part_1/ISIC_0024561.jpg,test,5,4,nv,mel,0.38280836,False,nv → mel,0.028852383,0.008593744,0.22363873,0.0037438395,0.38280836,0.3522442,0.00011884622
HAM_0002271,ISIC_0026048,nv,histo,65.0,female,back,data/raw/HAM10000_images_part_1/ISIC_0026048.jpg,test,5,5,nv,nv,0.6135506,True,nv → nv,0.056655865,0.012604871,0.12233101,0.012181063,0.1805467,0.6135506,0.0021299655
HAM_0002271,ISIC_0031930,nv,histo,65.0,female,back,data/raw/HAM10000_images_part_2/ISIC_0031930.jpg,test,5,5,nv,nv,0.39462838,True,nv → nv,0.0758334,0.04973392,0.092058115,0.011969736,0.37174422,0.39462838,0.0040323054
HAM_0003754,ISIC_0029671,nv,histo,60.0,male,foot,data/raw/HAM10000_images_part_2/ISIC_0029671.jpg,test,5,5,nv,nv,0.49713346,True,nv → nv,0.01727916,0.0037279231,0.057367824,0.0010858744,0.4231677,0.49713346,0.00023805557
HAM_0000836,ISIC_0030061,nv,histo,45.0,female,back,data/raw/HAM10000_images_part_2/ISIC_0030061.jpg,test,5,5,nv,nv,0.31464672,True,nv → nv,0.123068504,0.10274561,0.13150506,0.032066427,0.2870865,0.31464672,0.008881193
HAM_0000836,ISIC_0030960,nv,histo,45.0,female,back,data/raw/HAM10000_images_part_2/ISIC_0030960.jpg,test,5,5,nv,nv,0.33088213,True,nv → nv,0.09723583,0.01787781,0.22481737,0.010094338,0.3186134,0.33088213,0.0004790568
HAM_0000836,ISIC_0030311,nv,histo,45.0,female,back,data/raw/HAM10000_images_part_2/ISIC_0030311.jpg,test,5,5,nv,nv,0.46209982,True,nv → nv,0.04468204,0.0068306755,0.14669733,0.0035796459,0.3357871,0.46209982,0.00032333902
HAM_0000836,ISIC_0025505,nv,histo,45.0,female,back,data/raw/HAM10000_images_part_1/ISIC_0025505.jpg,test,5,5,nv,nv,0.2687188,True,nv → nv,0.11158488,0.16997702,0.12659243,0.047177322,0.2610873,0.2687188,0.014862198
HAM_0000194,ISIC_0030456,nv,histo,50.0,female,lower extremity,data/raw/HAM10000_images_part_2/ISIC_0030456.jpg,test,5,4,nv,mel,0.4402999,False,nv → mel,0.01815264,0.0062717986,0.0985633,0.001557204,0.4402999,0.43479213,0.00036298836
HAM_0000194,ISIC_0030942,nv,histo,50.0,female,lower extremity,data/raw/HAM10000_images_part_2/ISIC_0030942.jpg,test,5,5,nv,nv,0.36658627,True,nv → nv,0.059377547,0.07212166,0.16585149,0.022077851,0.3084395,0.36658627,0.005545704
HAM_0000976,ISIC_0031880,nv,histo,40.0,male,chest,data/raw/HAM10000_images_part_2/ISIC_0031880.jpg,test,5,4,nv,mel,0.32194462,False,nv → mel,0.12195464,0.059466053,0.23651044,0.027901962,0.32194462,0.23148623,0.0007360002
HAM_0000500,ISIC_0029145,nv,histo,45.0,male,lower extremity,data/raw/HAM10000_images_part_1/ISIC_0029145.jpg,test,5,1,nv,bcc,0.2621977,False,nv → bcc,0.15145993,0.2621977,0.11411178,0.11201505,0.17252134,0.14157037,0.04612383
HAM_0000500,ISIC_0029441,nv,histo,45.0,male,lower extremity,data/raw/HAM10000_images_part_2/ISIC_0029441.jpg,test,5,1,nv,bcc,0.24124078,False,nv → bcc,0.23150319,0.24124078,0.15172091,0.11127642,0.12966031,0.108674094,0.025924198
HAM_0000778,ISIC_0031039,nv,histo,30.0,female,back,data/raw/HAM10000_images_part_2/ISIC_0031039.jpg,test,5,4,nv,mel,0.28852436,False,nv → mel,0.11058513,0.073778875,0.27388924,0.038500145,0.28852436,0.2134676,0.0012546378
HAM_0000778,ISIC_0026665,nv,histo,30.0,female,back,data/raw/HAM10000_images_part_1/ISIC_0026665.jpg,test,5,2,nv,bkl,0.35413268,False,nv → bkl,0.06799168,0.031823196,0.35413268,0.02437031,0.24088849,0.2800832,0.00071042293
HAM_0003434,ISIC_0028608,nv,histo,30.0,female,neck,data/raw/HAM10000_images_part_1/ISIC_0028608.jpg,test,5,1,nv,bcc,0.2380448,False,nv → bcc,0.20707019,0.2380448,0.21808332,0.14205223,0.122396186,0.06854962,0.00380372
HAM_0003754,ISIC_0028649,nv,histo,60.0,male,foot,data/raw/HAM10000_images_part_1/ISIC_0028649.jpg,test,5,5,nv,nv,0.33647218,True,nv → nv,0.11540578,0.065897904,0.123789266,0.022579204,0.3324846,0.33647218,0.003371073
HAM_0000562,ISIC_0026166,nv,histo,55.0,male,upper extremity,data/raw/HAM10000_images_part_1/ISIC_0026166.jpg,test,5,2,nv,bkl,0.8959129,False,nv → bkl,0.007693787,0.005264889,0.8959129,0.0046364325,0.05784261,0.028648986,3.6657755e-07
HAM_0006910,ISIC_0028504,nv,histo,40.0,female,lower extremity,data/raw/HAM10000_images_part_1/ISIC_0028504.jpg,test,5,5,nv,nv,0.3541471,True,nv → nv,0.0652548,0.07326548,0.1442059,0.019581506,0.33734858,0.3541471,0.0061966483
HAM_0006910,ISIC_0029862,nv,histo,40.0,female,lower extremity,data/raw/HAM10000_images_part_2/ISIC_0029862.jpg,test,5,5,nv,nv,0.46556148,True,nv → nv,0.019532284,0.012428862,0.08861296,0.0024132277,0.41026783,0.46556148,0.001183304
HAM_0007083,ISIC_0027959,nv,histo,85.0,male,lower extremity,data/raw/HAM10000_images_part_1/ISIC_0027959.jpg,test,5,4,nv,mel,0.39011434,False,nv → mel,0.02247051,0.018255776,0.21423858,0.0069394805,0.39011434,0.34624603,0.0017352889
HAM_0005450,ISIC_0030176,nv,histo,40.0,female,lower extremity,data/raw/HAM10000_images_part_2/ISIC_0030176.jpg,test,5,2,nv,bkl,0.5344985,False,nv → bkl,0.014775228,0.0037830821,0.5344985,0.0035206,0.21343362,0.22997998,8.941962e-06
HAM_0000787,ISIC_0026157,nv,histo,35.0,male,back,data/raw/HAM10000_images_part_1/ISIC_0026157.jpg,test,5,4,nv,mel,0.499469,False,nv → mel,0.024199212,0.00203941,0.17553551,0.001326944,0.499469,0.29740623,2.36859e-05
HAM_0002486,ISIC_0028947,nv,histo,35.0,male,abdomen,data/raw/HAM10000_images_part_1/ISIC_0028947.jpg,test,5,2,nv,bkl,0.5061663,False,nv → bkl,0.02105684,0.015364621,0.5061663,0.015403089,0.2010035,0.24059345,0.0004121624
HAM_0004095,ISIC_0029252,nv,histo,65.0,male,back,data/raw/HAM10000_images_part_1/ISIC_0029252.jpg,test,5,2,nv,bkl,0.7222684,False,nv → bkl,0.004812914,0.0033995877,0.7222684,0.0035613545,0.09648732,0.1694655,4.9917517e-06
HAM_0004095,ISIC_0026017,nv,histo,65.0,male,back,data/raw/HAM10000_images_part_1/ISIC_0026017.jpg,test,5,2,nv,bkl,0.4691815,False,nv → bkl,0.032933168,0.06149221,0.4691815,0.041131496,0.20243947,0.19264585,0.00017621247
HAM_0001058,ISIC_0024716,nv,histo,75.0,female,upper extremity,data/raw/HAM10000_images_part_1/ISIC_0024716.jpg,test,5,4,nv,mel,0.2657929,False,nv → mel,0.16292341,0.22032413,0.14724731,0.09018005,0.2657929,0.11251606,0.0010161648
HAM_0005008,ISIC_0026580,nv,histo,60.0,male,lower extremity,data/raw/HAM10000_images_part_1/ISIC_0026580.jpg,test,5,4,nv,mel,0.26899028,False,nv → mel,0.14601886,0.0914186,0.18816619,0.04843761,0.26899028,0.25175217,0.0052163387
HAM_0005008,ISIC_0030919,nv,histo,60.0,male,lower extremity,data/raw/HAM10000_images_part_2/ISIC_0030919.jpg,test,5,2,nv,bkl,0.40361896,False,nv → bkl,0.0208737,0.018885285,0.40361896,0.014874651,0.31459367,0.2269577,0.00019599864
HAM_0004534,ISIC_0030210,nv,histo,40.0,male,back,data/raw/HAM10000_images_part_2/ISIC_0030210.jpg,test,5,2,nv,bkl,0.42203093,False,nv → bkl,0.025543557,0.009109152,0.42203093,0.008430916,0.23039222,0.30432197,0.00017137219
HAM_0003672,ISIC_0030263,nv,histo,55.0,male,back,data/raw/HAM10000_images_part_2/ISIC_0030263.jpg,test,5,2,nv,bkl,0.47898003,False,nv → bkl,0.037268918,0.03885772,0.47898003,0.020681297,0.18818839,0.23521385,0.00080972654
HAM_0000604,ISIC_0029208,nv,histo,35.0,male,ear,data/raw/HAM10000_images_part_1/ISIC_0029208.jpg,test,5,2,nv,bkl,0.29215702,False,nv → bkl,0.2580863,0.09334801,0.29215702,0.052880358,0.23802787,0.06507735,0.00042309382
HAM_0005479,ISIC_0028009,nv,histo,10.0,female,hand,data/raw/HAM10000_images_part_1/ISIC_0028009.jpg,test,5,4,nv,mel,0.3693698,False,nv → mel,0.006889825,0.0026744113,0.3116144,0.0015485686,0.3693698,0.30788502,1.7853823e-05
HAM_0006600,ISIC_0028891,nv,consensus,25.0,female,lower extremity,data/raw/HAM10000_images_part_1/ISIC_0028891.jpg,test,5,2,nv,bkl,0.4386744,False,nv → bkl,0.12955967,0.1462893,0.4386744,0.13371791,0.086324506,0.06300831,0.002425873
HAM_0006600,ISIC_0032018,nv,consensus,25.0,female,lower extremity,data/raw/HAM10000_images_part_2/ISIC_0032018.jpg,test,5,0,nv,akiec,0.26627484,False,nv → akiec,0.26627484,0.19472942,0.26066008,0.18685712,0.059083033,0.029951641,0.0024438421
HAM_0000505,ISIC_0024902,nv,consensus,25.0,male,face,data/raw/HAM10000_images_part_1/ISIC_0024902.jpg,test,5,2,nv,bkl,0.2909052,False,nv → bkl,0.16845827,0.078001514,0.2909052,0.059058905,0.24946262,0.15312503,0.0009884256
HAM_0000505,ISIC_0027415,nv,consensus,25.0,male,face,data/raw/HAM10000_images_part_1/ISIC_0027415.jpg,test,5,0,nv,akiec,0.37849304,False,nv → akiec,0.37849304,0.14552008,0.25171226,0.10990918,0.10412399,0.010191024,5.042496e-05
HAM_0007543,ISIC_0024519,nv,consensus,55.0,female,lower extremity,data/raw/HAM10000_images_part_1/ISIC_0024519.jpg,test,5,4,nv,mel,0.38154352,False,nv → mel,0.07134549,0.020529523,0.24950281,0.007930904,0.38154352,0.26905793,8.984791e-05
HAM_0007543,ISIC_0026676,nv,consensus,55.0,female,lower extremity,data/raw/HAM10000_images_part_1/ISIC_0026676.jpg,test,5,4,nv,mel,0.4997468,False,nv → mel,0.0039284877,0.00015185433,0.14914437,3.9599105e-05,0.4997468,0.34698874,1.5199667e-07
HAM_0001356,ISIC_0029498,nv,consensus,60.0,female,chest,data/raw/HAM10000_images_part_2/ISIC_0029498.jpg,test,5,5,nv,nv,0.36075038,True,nv → nv,0.026499217,0.015882475,0.2711644,0.006395114,0.31907302,0.36075038,0.0002354099
HAM_0001356,ISIC_0026333,nv,consensus,60.0,female,chest,data/raw/HAM10000_images_part_1/ISIC_0026333.jpg,test,5,4,nv,mel,0.41926798,False,nv → mel,0.010614887,0.0019058489,0.22992977,0.00079368916,0.41926798,0.3374834,4.430859e-06
HAM_0005531,ISIC_0028477,nv,consensus,45.0,male,lower extremity,data/raw/HAM10000_images_part_1/ISIC_0028477.jpg,test,5,5,nv,nv,0.30724257,True,nv → nv,0.040393747,0.045716647,0.29247862,0.03029406,0.28081837,0.30724257,0.003056049
HAM_0005531,ISIC_0024577,nv,consensus,45.0,male,lower extremity,data/raw/HAM10000_images_part_1/ISIC_0024577.jpg,test,5,5,nv,nv,0.44729558,True,nv → nv,0.008655745,0.0035517397,0.14344299,0.0019985882,0.39495617,0.44729558,9.9150195e-05
HAM_0004475,ISIC_0029920,nv,consensus,85.0,female,back,data/raw/HAM10000_images_part_2/ISIC_0029920.jpg,test,5,2,nv,bkl,0.2951166,False,nv → bkl,0.0713904,0.11156091,0.2951166,0.040764578,0.18867168,0.28554392,0.0069520003
HAM_0004475,ISIC_0031188,nv,consensus,85.0,female,back,data/raw/HAM10000_images_part_2/ISIC_0031188.jpg,test,5,4,nv,mel,0.39375776,False,nv → mel,0.05277471,0.04394599,0.13023967,0.011415393,0.39375776,0.36458635,0.003280174
HAM_0005193,ISIC_0026742,nv,consensus,50.0,female,ear,data/raw/HAM10000_images_part_1/ISIC_0026742.jpg,test,5,2,nv,bkl,0.28292316,False,nv → bkl,0.13278255,0.11893578,0.28292316,0.089905,0.24584895,0.12873787,0.0008666274
HAM_0005193,ISIC_0028665,nv,consensus,50.0,female,ear,data/raw/HAM10000_images_part_1/ISIC_0028665.jpg,test,5,2,nv,bkl,0.44804004,False,nv → bkl,0.035690848,0.030351948,0.44804004,0.028252484,0.17802012,0.27939272,0.00025190273
HAM_0002726,ISIC_0025860,nv,consensus,5.0,male,foot,data/raw/HAM10000_images_part_1/ISIC_0025860.jpg,test,5,2,nv,bkl,0.57716006,False,nv → bkl,0.0836269,0.047889516,0.57716006,0.037865195,0.18812771,0.06522204,0.00010850789
HAM_0002726,ISIC_0025473,nv,consensus,5.0,male,foot,data/raw/HAM10000_images_part_1/ISIC_0025473.jpg,test,5,2,nv,bkl,0.5162203,False,nv → bkl,0.089856975,0.1132568,0.5162203,0.08852857,0.11070159,0.079085015,0.0023507618
HAM_0007058,ISIC_0029786,nv,consensus,50.0,male,back,data/raw/HAM10000_images_part_2/ISIC_0029786.jpg,test,5,2,nv,bkl,0.59156865,False,nv → bkl,0.022822468,0.007823196,0.59156865,0.0055266293,0.30160457,0.07065421,2.950187e-07
HAM_0007058,ISIC_0027642,nv,consensus,50.0,male,back,data/raw/HAM10000_images_part_1/ISIC_0027642.jpg,test,5,2,nv,bkl,0.5777464,False,nv → bkl,0.032303534,0.014679615,0.5777464,0.0108236885,0.22441737,0.140002,2.7425196e-05
HAM_0004777,ISIC_0026749,nv,consensus,25.0,female,foot,data/raw/HAM10000_images_part_1/ISIC_0026749.jpg,test,5,2,nv,bkl,0.3996074,False,nv → bkl,0.082623556,0.10612449,0.3996074,0.086972676,0.17447089,0.14675659,0.0034444036
HAM_0004777,ISIC_0029895,nv,consensus,25.0,female,foot,data/raw/HAM10000_images_part_2/ISIC_0029895.jpg,test,5,2,nv,bkl,0.4204525,False,nv → bkl,0.054693572,0.025747824,0.4204525,0.021475852,0.3005108,0.17702195,9.745765e-05
HAM_0007566,ISIC_0030479,nv,consensus,50.0,male,back,data/raw/HAM10000_images_part_2/ISIC_0030479.jpg,test,5,2,nv,bkl,0.37652934,False,nv → bkl,0.10063336,0.055789817,0.37652934,0.03580035,0.27522677,0.15582055,0.00019979515
HAM_0007566,ISIC_0028834,nv,consensus,50.0,male,back,data/raw/HAM10000_images_part_1/ISIC_0028834.jpg,test,5,2,nv,bkl,0.3835296,False,nv → bkl,0.12798199,0.031720247,0.3835296,0.021040484,0.34335673,0.09235902,1.1876931e-05
HAM_0000229,ISIC_0030086,nv,consensus,35.0,female,face,data/raw/HAM10000_images_part_2/ISIC_0030086.jpg,test,5,5,nv,nv,0.4489981,True,nv → nv,0.037210684,0.014705627,0.06209403,0.0032606248,0.43232957,0.4489981,0.0014014166
HAM_0005122,ISIC_0034265,nv,consensus,70.0,male,trunk,data/raw/HAM10000_images_part_2/ISIC_0034265.jpg,test,5,2,nv,bkl,0.35377213,False,nv → bkl,0.15317711,0.061663426,0.35377213,0.04719047,0.30714002,0.07700313,5.370491e-05
HAM_0003360,ISIC_0033140,nv,consensus,45.0,female,unknown,data/raw/HAM10000_images_part_2/ISIC_0033140.jpg,test,5,4,nv,mel,0.6709481,False,nv → mel,0.010746261,0.0010888599,0.08059758,0.00031381362,0.6709481,0.23630302,2.4489675e-06
HAM_0003362,ISIC_0033313,nv,consensus,45.0,female,unknown,data/raw/HAM10000_images_part_2/ISIC_0033313.jpg,test,5,4,nv,mel,0.49795407,False,nv → mel,0.051489778,0.017717425,0.12551026,0.004658555,0.49795407,0.30242917,0.00024072101
HAM_0003356,ISIC_0033105,nv,consensus,45.0,female,unknown,data/raw/HAM10000_images_part_2/ISIC_0033105.jpg,test,5,5,nv,nv,0.3747924,True,nv → nv,0.0668097,0.103595816,0.12899144,0.028086973,0.2849047,0.3747924,0.012818989
HAM_0003356,ISIC_0032572,nv,consensus,45.0,female,unknown,data/raw/HAM10000_images_part_2/ISIC_0032572.jpg,test,5,5,nv,nv,0.3790284,True,nv → nv,0.037945084,0.02532763,0.18486775,0.008603842,0.36349002,0.3790284,0.0007373148
HAM_0004387,ISIC_0033132,nv,consensus,55.0,female,trunk,data/raw/HAM10000_images_part_2/ISIC_0033132.jpg,test,5,4,nv,mel,0.42174122,False,nv → mel,0.17105465,0.026051102,0.22199926,0.014723276,0.42174122,0.14441139,1.9243238e-05
HAM_0004387,ISIC_0033821,nv,consensus,55.0,female,trunk,data/raw/HAM10000_images_part_2/ISIC_0033821.jpg,test,5,4,nv,mel,0.55615383,False,nv → mel,0.06973412,0.008435859,0.21114624,0.007935027,0.55615383,0.14658327,1.1720153e-05
HAM_0002569,ISIC_0034018,nv,consensus,30.0,male,back,data/raw/HAM10000_images_part_2/ISIC_0034018.jpg,test,5,5,nv,nv,0.3530945,True,nv → nv,0.054240886,0.029485974,0.21390934,0.013070342,0.33476335,0.3530945,0.0014355879
HAM_0002074,ISIC_0032575,nv,consensus,40.0,female,face,data/raw/HAM10000_images_part_2/ISIC_0032575.jpg,test,5,4,nv,mel,0.4214819,False,nv → mel,0.012342282,0.0023944147,0.1492173,0.0014400911,0.4214819,0.4131156,8.478811e-06
HAM_0002074,ISIC_0032793,nv,consensus,40.0,female,face,data/raw/HAM10000_images_part_2/ISIC_0032793.jpg,test,5,5,nv,nv,0.45667508,True,nv → nv,0.003290948,0.0005743394,0.121979594,0.00065751077,0.41682023,0.45667508,2.239736e-06
HAM_0004349,ISIC_0033896,nv,consensus,40.0,female,unknown,data/raw/HAM10000_images_part_2/ISIC_0033896.jpg,test,5,5,nv,nv,0.34185657,True,nv → nv,0.080746435,0.07264787,0.17789862,0.029538548,0.29354185,0.34185657,0.0037701102
HAM_0004351,ISIC_0034193,nv,consensus,40.0,female,unknown,data/raw/HAM10000_images_part_2/ISIC_0034193.jpg,test,5,5,nv,nv,0.5016176,True,nv → nv,0.02265509,0.042486273,0.08226734,0.009170014,0.31710377,0.5016176,0.024699869
HAM_0003813,ISIC_0033173,nv,consensus,40.0,male,unknown,data/raw/HAM10000_images_part_2/ISIC_0033173.jpg,test,5,5,nv,nv,0.39157328,True,nv → nv,0.06502327,0.07943042,0.12575439,0.026393691,0.29639736,0.39157328,0.015427542
HAM_0006233,ISIC_0033290,nv,consensus,60.0,male,unknown,data/raw/HAM10000_images_part_2/ISIC_0033290.jpg,test,5,5,nv,nv,0.2984208,True,nv → nv,0.083406486,0.08015715,0.19036646,0.04690467,0.29505146,0.2984208,0.0056930543
HAM_0006237,ISIC_0034072,nv,consensus,60.0,male,unknown,data/raw/HAM10000_images_part_2/ISIC_0034072.jpg,test,5,1,nv,bcc,0.4417018,False,nv → bcc,0.16178933,0.4417018,0.1105742,0.1948588,0.023572551,0.035255928,0.032247324
HAM_0006236,ISIC_0033741,nv,consensus,60.0,male,unknown,data/raw/HAM10000_images_part_2/ISIC_0033741.jpg,test,5,2,nv,bkl,0.3683312,False,nv → bkl,0.10154857,0.22766386,0.3683312,0.18710405,0.056358337,0.05428098,0.0047130184
HAM_0006232,ISIC_0033043,nv,consensus,60.0,male,unknown,data/raw/HAM10000_images_part_2/ISIC_0033043.jpg,test,5,5,nv,nv,0.37924796,True,nv → nv,0.049248893,0.032812547,0.16276534,0.015559178,0.35668993,0.37924796,0.0036760618
HAM_0006230,ISIC_0032632,nv,consensus,60.0,male,unknown,data/raw/HAM10000_images_part_2/ISIC_0032632.jpg,test,5,1,nv,bcc,0.35715216,False,nv → bcc,0.26521274,0.35715216,0.066345096,0.2456519,0.029711412,0.019259239,0.016667439
HAM_0004214,ISIC_0034248,nv,consensus,40.0,female,unknown,data/raw/HAM10000_images_part_2/ISIC_0034248.jpg,test,5,4,nv,mel,0.34532478,False,nv → mel,0.06884031,0.020864116,0.30605483,0.012575012,0.34532478,0.24619901,0.00014201817
HAM_0004208,ISIC_0033892,nv,consensus,40.0,female,unknown,data/raw/HAM10000_images_part_2/ISIC_0033892.jpg,test,5,4,nv,mel,0.4388001,False,nv → mel,0.098731235,0.04066376,0.12654677,0.012407209,0.4388001,0.28149423,0.0013567308
HAM_0004181,ISIC_0032571,nv,consensus,40.0,female,unknown,data/raw/HAM10000_images_part_2/ISIC_0032571.jpg,test,5,4,nv,mel,0.34763205,False,nv → mel,0.06779647,0.038597576,0.20087624,0.017291483,0.34763205,0.32700795,0.0007982074
HAM_0004194,ISIC_0033101,nv,consensus,40.0,female,unknown,data/raw/HAM10000_images_part_2/ISIC_0033101.jpg,test,5,4,nv,mel,0.29445547,False,nv → mel,0.1974508,0.124169074,0.1511993,0.058347397,0.29445547,0.17235854,0.0020194526
HAM_0004183,ISIC_0032606,nv,consensus,40.0,female,unknown,data/raw/HAM10000_images_part_2/ISIC_0032606.jpg,test,5,2,nv,bkl,0.425806,False,nv → bkl,0.0016856121,7.12032e-05,0.425806,4.9757076e-05,0.29274026,0.2796472,7.3868365e-09
HAM_0004210,ISIC_0034081,nv,consensus,40.0,female,unknown,data/raw/HAM10000_images_part_2/ISIC_0034081.jpg,test,5,2,nv,bkl,0.47256175,False,nv → bkl,0.0073051765,0.0006199837,0.47256175,0.0005486605,0.25204742,0.26691678,2.9488228e-07
HAM_0004198,ISIC_0033481,nv,consensus,40.0,female,unknown,data/raw/HAM10000_images_part_2/ISIC_0033481.jpg,test,5,2,nv,bkl,0.33838415,False,nv → bkl,0.10968443,0.03577083,0.33838415,0.021715444,0.32124275,0.17307815,0.00012428165
HAM_0004216,ISIC_0034312,nv,consensus,40.0,female,unknown,data/raw/HAM10000_images_part_2/ISIC_0034312.jpg,test,5,5,nv,nv,0.40212294,True,nv → nv,0.054273047,0.063496105,0.15682212,0.018797489,0.29976285,0.40212294,0.0047253775
HAM_0002037,ISIC_0033733,nv,consensus,,unknown,unknown,data/raw/HAM10000_images_part_2/ISIC_0033733.jpg,test,5,5,nv,nv,0.67632514,True,nv → nv,0.0016401898,0.00020211218,0.057832673,0.00029194626,0.2636896,0.67632514,1.8345829e-05
HAM_0004430,ISIC_0032789,nv,consensus,,unknown,unknown,data/raw/HAM10000_images_part_2/ISIC_0032789.jpg,test,5,2,nv,bkl,0.4184087,False,nv → bkl,0.09909997,0.08881287,0.4184087,0.058657877,0.19092788,0.14286569,0.0012270581
HAM_0003034,ISIC_0033187,nv,consensus,,unknown,unknown,data/raw/HAM10000_images_part_2/ISIC_0033187.jpg,test,5,5,nv,nv,0.39766824,True,nv → nv,0.025020346,0.01272934,0.1712416,0.003937946,0.38909525,0.39766824,0.0003072908
HAM_0002402,ISIC_0033515,nv,consensus,,unknown,unknown,data/raw/HAM10000_images_part_2/ISIC_0033515.jpg,test,5,4,nv,mel,0.31724405,False,nv → mel,0.13100043,0.06946869,0.1804932,0.027053567,0.31724405,0.27154392,0.0031961424
HAM_0003300,ISIC_0034195,nv,consensus,,unknown,unknown,data/raw/HAM10000_images_part_2/ISIC_0034195.jpg,test,5,4,nv,mel,0.44527254,False,nv → mel,0.015270449,0.0149878515,0.097814396,0.002247301,0.44527254,0.42125615,0.003151288
HAM_0003808,ISIC_0034040,bkl,consensus,40.0,male,unknown,data/raw/HAM10000_images_part_2/ISIC_0034040.jpg,test,2,2,bkl,bkl,0.4191324,True,bkl → bkl,0.05456911,0.015049188,0.4191324,0.011326812,0.34534433,0.15454514,3.306484e-05
HAM_0001410,ISIC_0029143,nv,consensus,15.0,female,chest,data/raw/HAM10000_images_part_1/ISIC_0029143.jpg,test,5,2,nv,bkl,0.36442563,False,nv → bkl,0.16134551,0.195318,0.36442563,0.12478918,0.09213102,0.059350096,0.0026405714
HAM_0002554,ISIC_0028585,nv,consensus,30.0,male,back,data/raw/HAM10000_images_part_1/ISIC_0028585.jpg,test,5,5,nv,nv,0.42488512,True,nv → nv,0.035790663,0.016449427,0.10550818,0.0045001847,0.41196063,0.42488512,0.0009058701
HAM_0007609,ISIC_0026326,nv,consensus,30.0,male,face,data/raw/HAM10000_images_part_1/ISIC_0026326.jpg,test,5,1,nv,bcc,0.38875788,False,nv → bcc,0.1744296,0.38875788,0.14907879,0.18521309,0.040452614,0.04352305,0.018544897
HAM_0002554,ISIC_0032102,nv,consensus,30.0,male,back,data/raw/HAM10000_images_part_2/ISIC_0032102.jpg,test,5,4,nv,mel,0.5569444,False,nv → mel,0.023367345,0.005954866,0.11073837,0.0023917982,0.5569444,0.30030772,0.00029554855
HAM_0001410,ISIC_0024830,nv,consensus,15.0,female,chest,data/raw/HAM10000_images_part_1/ISIC_0024830.jpg,test,5,2,nv,bkl,0.6719142,False,nv → bkl,0.053884037,0.056844164,0.6719142,0.043015018,0.09709001,0.07642003,0.00083243643
HAM_0000673,ISIC_0029659,akiec,histo,70.0,female,face,data/raw/HAM10000_images_part_2/ISIC_0029659.jpg,test,0,0,akiec,akiec,0.5292289,True,akiec → akiec,0.5292289,0.17498265,0.10551015,0.09295446,0.08296699,0.013776484,0.0005803021
HAM_0006898,ISIC_0029041,akiec,histo,80.0,male,scalp,data/raw/HAM10000_images_part_1/ISIC_0029041.jpg,test,0,1,akiec,bcc,0.34116098,False,akiec → bcc,0.26794174,0.34116098,0.14940383,0.15733248,0.063345306,0.017559418,0.003256292
HAM_0006898,ISIC_0031040,akiec,histo,80.0,male,scalp,data/raw/HAM10000_images_part_2/ISIC_0031040.jpg,test,0,0,akiec,akiec,0.59040284,True,akiec → akiec,0.59040284,0.14523312,0.14023976,0.07564325,0.04548023,0.002946226,5.4617238e-05
HAM_0001694,ISIC_0032173,akiec,histo,80.0,female,upper extremity,data/raw/HAM10000_images_part_2/ISIC_0032173.jpg,test,0,0,akiec,akiec,0.4111317,True,akiec → akiec,0.4111317,0.34031686,0.060748883,0.15041365,0.02191332,0.010487292,0.004988307
HAM_0001526,ISIC_0027795,akiec,histo,70.0,male,ear,data/raw/HAM10000_images_part_1/ISIC_0027795.jpg,test,0,2,akiec,bkl,0.42912975,False,akiec → bkl,0.26746687,0.06257883,0.42912975,0.024500817,0.19829382,0.01802714,2.6229734e-06
HAM_0005027,ISIC_0032329,akiec,histo,85.0,female,back,data/raw/HAM10000_images_part_2/ISIC_0032329.jpg,test,0,0,akiec,akiec,0.40064278,True,akiec → akiec,0.40064278,0.16909446,0.12643251,0.096458934,0.16513036,0.04142951,0.00081141683
HAM_0003422,ISIC_0031198,akiec,histo,55.0,female,neck,data/raw/HAM10000_images_part_2/ISIC_0031198.jpg,test,0,0,akiec,akiec,0.61110705,True,akiec → akiec,0.61110705,0.16762032,0.06897593,0.06622176,0.07963585,0.006405122,3.3967746e-05
HAM_0006898,ISIC_0030242,akiec,histo,80.0,male,scalp,data/raw/HAM10000_images_part_2/ISIC_0030242.jpg,test,0,0,akiec,akiec,0.7024044,True,akiec → akiec,0.7024044,0.094060235,0.072505675,0.0361514,0.08977193,0.005094733,1.1590914e-05
HAM_0006893,ISIC_0027084,akiec,histo,65.0,female,lower extremity,data/raw/HAM10000_images_part_1/ISIC_0027084.jpg,test,0,0,akiec,akiec,0.2585026,True,akiec → akiec,0.2585026,0.24642773,0.13170975,0.15486056,0.14685917,0.059800334,0.0018398796
HAM_0004522,ISIC_0028381,akiec,histo,55.0,female,neck,data/raw/HAM10000_images_part_1/ISIC_0028381.jpg,test,0,4,akiec,mel,0.30465886,False,akiec → mel,0.16425619,0.12912019,0.21262045,0.040438972,0.30465886,0.14802325,0.0008820877
HAM_0005354,ISIC_0026625,akiec,histo,60.0,male,face,data/raw/HAM10000_images_part_1/ISIC_0026625.jpg,test,0,0,akiec,akiec,0.43969083,True,akiec → akiec,0.43969083,0.18966006,0.15355998,0.15428948,0.0317126,0.026076842,0.005010205
HAM_0004441,ISIC_0031852,akiec,histo,85.0,female,upper extremity,data/raw/HAM10000_images_part_2/ISIC_0031852.jpg,test,0,4,akiec,mel,0.3920222,False,akiec → mel,0.11427931,0.01740322,0.105615474,0.0056141275,0.3920222,0.36488846,0.00017723035
HAM_0003146,ISIC_0026992,akiec,histo,85.0,male,upper extremity,data/raw/HAM10000_images_part_1/ISIC_0026992.jpg,test,0,0,akiec,akiec,0.36979038,True,akiec → akiec,0.36979038,0.106985524,0.12025723,0.053515032,0.25441185,0.09470089,0.00033904143
HAM_0003146,ISIC_0029563,akiec,histo,85.0,male,upper extremity,data/raw/HAM10000_images_part_2/ISIC_0029563.jpg,test,0,0,akiec,akiec,0.3553543,True,akiec → akiec,0.3553543,0.17361812,0.122021355,0.069796875,0.20686345,0.07166207,0.0006838899
HAM_0002441,ISIC_0030491,akiec,histo,80.0,male,scalp,data/raw/HAM10000_images_part_2/ISIC_0030491.jpg,test,0,2,akiec,bkl,0.34747577,False,akiec → bkl,0.25022435,0.12360578,0.34747577,0.08664224,0.16690207,0.025125468,2.4289639e-05
HAM_0001967,ISIC_0029860,akiec,histo,85.0,male,chest,data/raw/HAM10000_images_part_2/ISIC_0029860.jpg,test,0,4,akiec,mel,0.33197063,False,akiec → mel,0.23714696,0.064767905,0.2224128,0.033428732,0.33197063,0.11009118,0.00018180837
HAM_0006434,ISIC_0028314,akiec,histo,60.0,male,lower extremity,data/raw/HAM10000_images_part_1/ISIC_0028314.jpg,test,0,0,akiec,akiec,0.42601597,True,akiec → akiec,0.42601597,0.23070897,0.10462949,0.1638947,0.06134533,0.012024276,0.00138133
HAM_0005027,ISIC_0026138,akiec,histo,85.0,female,back,data/raw/HAM10000_images_part_1/ISIC_0026138.jpg,test,0,0,akiec,akiec,0.3776523,True,akiec → akiec,0.3776523,0.3003709,0.07752672,0.17944743,0.04744932,0.015566084,0.0019872722
HAM_0005924,ISIC_0030953,akiec,histo,80.0,female,upper extremity,data/raw/HAM10000_images_part_2/ISIC_0030953.jpg,test,0,0,akiec,akiec,0.46736723,True,akiec → akiec,0.46736723,0.23838244,0.09028839,0.14411,0.05429563,0.005383785,0.00017248126
HAM_0005924,ISIC_0025196,akiec,histo,80.0,female,upper extremity,data/raw/HAM10000_images_part_1/ISIC_0025196.jpg,test,0,1,akiec,bcc,0.36758602,False,akiec → bcc,0.30425677,0.36758602,0.08252149,0.20202962,0.020596843,0.012451656,0.010557677
HAM_0006213,ISIC_0025182,akiec,histo,60.0,female,hand,data/raw/HAM10000_images_part_1/ISIC_0025182.jpg,test,0,0,akiec,akiec,0.2919499,True,akiec → akiec,0.2919499,0.26566732,0.14016262,0.17791581,0.08465124,0.037431244,0.002221848
HAM_0003262,ISIC_0026212,akiec,histo,45.0,male,face,data/raw/HAM10000_images_part_1/ISIC_0026212.jpg,test,0,0,akiec,akiec,0.3670484,True,akiec → akiec,0.3670484,0.20791379,0.20810294,0.12669928,0.061456535,0.02606546,0.002713599
HAM_0006483,ISIC_0032371,akiec,histo,75.0,male,upper extremity,data/raw/HAM10000_images_part_2/ISIC_0032371.jpg,test,0,0,akiec,akiec,0.46475086,True,akiec → akiec,0.46475086,0.20785342,0.06838475,0.07260047,0.16349928,0.022878608,3.258754e-05
HAM_0002441,ISIC_0031381,akiec,histo,80.0,male,scalp,data/raw/HAM10000_images_part_2/ISIC_0031381.jpg,test,0,0,akiec,akiec,0.4659909,True,akiec → akiec,0.4659909,0.099952,0.12750292,0.05186013,0.20097266,0.053582206,0.00013919361
HAM_0002646,ISIC_0028558,akiec,histo,75.0,male,face,data/raw/HAM10000_images_part_1/ISIC_0028558.jpg,test,0,0,akiec,akiec,0.44293362,True,akiec → akiec,0.44293362,0.17847662,0.16633162,0.11713446,0.07375758,0.020232277,0.0011339061
HAM_0006879,ISIC_0029573,akiec,histo,70.0,male,lower extremity,data/raw/HAM10000_images_part_2/ISIC_0029573.jpg,test,0,0,akiec,akiec,0.40983707,True,akiec → akiec,0.40983707,0.19162002,0.18968445,0.11031708,0.08979025,0.0086959405,5.535135e-05
HAM_0003633,ISIC_0030280,akiec,histo,70.0,male,upper extremity,data/raw/HAM10000_images_part_2/ISIC_0030280.jpg,test,0,0,akiec,akiec,0.32113877,True,akiec → akiec,0.32113877,0.19822693,0.12055513,0.07884806,0.21956834,0.05915566,0.0025071506
HAM_0004439,ISIC_0031672,akiec,histo,55.0,female,face,data/raw/HAM10000_images_part_2/ISIC_0031672.jpg,test,0,0,akiec,akiec,0.28957954,True,akiec → akiec,0.28957954,0.25430375,0.10365034,0.19641526,0.08539148,0.06360296,0.007056631
HAM_0004439,ISIC_0030986,akiec,histo,55.0,female,face,data/raw/HAM10000_images_part_2/ISIC_0030986.jpg,test,0,0,akiec,akiec,0.36167067,True,akiec → akiec,0.36167067,0.162492,0.16347305,0.15369397,0.08397965,0.069538794,0.0051518576
HAM_0004439,ISIC_0031431,akiec,histo,55.0,female,face,data/raw/HAM10000_images_part_2/ISIC_0031431.jpg,test,0,1,akiec,bcc,0.25592676,False,akiec → bcc,0.23736036,0.25592676,0.102501474,0.16628632,0.10771573,0.119343065,0.010866262
HAM_0002646,ISIC_0029781,akiec,histo,75.0,male,face,data/raw/HAM10000_images_part_2/ISIC_0029781.jpg,test,0,0,akiec,akiec,0.403706,True,akiec → akiec,0.403706,0.16841239,0.19689675,0.11115062,0.090227924,0.028364804,0.0012415622
HAM_0000909,ISIC_0026981,akiec,histo,55.0,male,lower extremity,data/raw/HAM10000_images_part_1/ISIC_0026981.jpg,test,0,0,akiec,akiec,0.34716377,True,akiec → akiec,0.34716377,0.19746086,0.15134653,0.15284424,0.10628369,0.043433312,0.001467606
HAM_0000909,ISIC_0031286,akiec,histo,55.0,male,lower extremity,data/raw/HAM10000_images_part_2/ISIC_0031286.jpg,test,0,0,akiec,akiec,0.3386604,True,akiec → akiec,0.3386604,0.11741375,0.16905266,0.07342428,0.24014981,0.060984172,0.00031501584
HAM_0006180,ISIC_0026905,akiec,histo,70.0,male,upper extremity,data/raw/HAM10000_images_part_1/ISIC_0026905.jpg,test,0,1,akiec,bcc,0.31381366,False,akiec → bcc,0.3091277,0.31381366,0.1026919,0.14919958,0.09445016,0.027074035,0.0036429795
HAM_0006524,ISIC_0031228,akiec,histo,65.0,male,ear,data/raw/HAM10000_images_part_2/ISIC_0031228.jpg,test,0,4,akiec,mel,0.27690095,False,akiec → mel,0.2529981,0.08347044,0.173254,0.04612313,0.27690095,0.16678561,0.00046774492
HAM_0006524,ISIC_0024763,akiec,histo,65.0,male,ear,data/raw/HAM10000_images_part_1/ISIC_0024763.jpg,test,0,0,akiec,akiec,0.5014423,True,akiec → akiec,0.5014423,0.12488271,0.14183465,0.09259147,0.11629845,0.022752848,0.0001976157
HAM_0006434,ISIC_0028076,akiec,histo,60.0,male,lower extremity,data/raw/HAM10000_images_part_1/ISIC_0028076.jpg,test,0,0,akiec,akiec,0.3180845,True,akiec → akiec,0.3180845,0.22790489,0.1351827,0.14440575,0.12625405,0.044908397,0.0032596926
HAM_0006434,ISIC_0030142,akiec,histo,60.0,male,lower extremity,data/raw/HAM10000_images_part_2/ISIC_0030142.jpg,test,0,0,akiec,akiec,0.2878856,True,akiec → akiec,0.2878856,0.2266755,0.17350079,0.122899294,0.15357359,0.03365934,0.0018059456
HAM_0001967,ISIC_0025471,akiec,histo,85.0,male,chest,data/raw/HAM10000_images_part_1/ISIC_0025471.jpg,test,0,1,akiec,bcc,0.2122082,False,akiec → bcc,0.1816289,0.2122082,0.20042144,0.11016507,0.16617757,0.10599341,0.023405502
HAM_0007038,ISIC_0032404,akiec,histo,70.0,male,face,data/raw/HAM10000_images_part_2/ISIC_0032404.jpg,test,0,0,akiec,akiec,0.51234645,True,akiec → akiec,0.51234645,0.20536931,0.12227064,0.11504443,0.037084304,0.0069676717,0.00091720076
HAM_0007047,ISIC_0025957,akiec,histo,60.0,female,lower extremity,data/raw/HAM10000_images_part_1/ISIC_0025957.jpg,test,0,0,akiec,akiec,0.31404588,True,akiec → akiec,0.31404588,0.1900515,0.13988623,0.1165589,0.15629189,0.07962851,0.003537107
HAM_0007047,ISIC_0025605,akiec,histo,60.0,female,lower extremity,data/raw/HAM10000_images_part_1/ISIC_0025605.jpg,test,0,1,akiec,bcc,0.2489,False,akiec → bcc,0.24104924,0.2489,0.1470018,0.10925863,0.16541696,0.084896035,0.0034773985
HAM_0007088,ISIC_0024800,akiec,histo,50.0,male,back,data/raw/HAM10000_images_part_1/ISIC_0024800.jpg,test,0,4,akiec,mel,0.325137,False,akiec → mel,0.11803412,0.022678498,0.22176425,0.026307693,0.325137,0.28587624,0.00020216662
HAM_0007308,ISIC_0026848,akiec,histo,55.0,male,face,data/raw/HAM10000_images_part_1/ISIC_0026848.jpg,test,0,2,akiec,bkl,0.23175956,False,akiec → bkl,0.17769438,0.22253038,0.23175956,0.15253834,0.13381936,0.07455114,0.007106859
HAM_0001520,ISIC_0027294,akiec,histo,75.0,female,lower extremity,data/raw/HAM10000_images_part_1/ISIC_0027294.jpg,test,0,2,akiec,bkl,0.31094906,False,akiec → bkl,0.19586319,0.21663038,0.31094906,0.12473141,0.082645066,0.061185136,0.00799571
HAM_0006587,ISIC_0025780,akiec,histo,70.0,male,face,data/raw/HAM10000_images_part_1/ISIC_0025780.jpg,test,0,4,akiec,mel,0.3426013,False,akiec → mel,0.2916738,0.08508391,0.18463363,0.02796427,0.3426013,0.06799291,5.0190734e-05
HAM_0002699,ISIC_0029827,akiec,histo,60.0,male,back,data/raw/HAM10000_images_part_2/ISIC_0029827.jpg,test,0,0,akiec,akiec,0.29419997,True,akiec → akiec,0.29419997,0.29368454,0.09177418,0.19350527,0.08811311,0.038168,0.0005549248
HAM_0006902,ISIC_0031506,akiec,histo,70.0,male,hand,data/raw/HAM10000_images_part_2/ISIC_0031506.jpg,test,0,2,akiec,bkl,0.34125993,False,akiec → bkl,0.292882,0.07904868,0.34125993,0.036417194,0.2314924,0.018896013,3.6523522e-06
HAM_0001505,ISIC_0024511,akiec,histo,55.0,female,face,data/raw/HAM10000_images_part_1/ISIC_0024511.jpg,test,0,2,akiec,bkl,0.4617855,False,akiec → bkl,0.11601906,0.10023974,0.4617855,0.058049306,0.17256294,0.09008099,0.0012625438
HAM_0006180,ISIC_0027615,akiec,histo,70.0,male,upper extremity,data/raw/HAM10000_images_part_1/ISIC_0027615.jpg,test,0,1,akiec,bcc,0.3467864,False,akiec → bcc,0.29873386,0.3467864,0.090876,0.19392358,0.052549608,0.014820241,0.0023102385
HAM_0006180,ISIC_0028990,akiec,histo,70.0,male,upper extremity,data/raw/HAM10000_images_part_1/ISIC_0028990.jpg,test,0,1,akiec,bcc,0.314786,False,akiec → bcc,0.31278902,0.314786,0.104312584,0.17654198,0.060134392,0.024130415,0.0073055867
HAM_0001576,ISIC_0033705,akiec,histo,60.0,male,face,data/raw/HAM10000_images_part_2/ISIC_0033705.jpg,test,0,0,akiec,akiec,0.3297336,True,akiec → akiec,0.3297336,0.1494905,0.15296212,0.09107974,0.20892969,0.06656935,0.0012349583
