lesion_id,image_id,dx,dx_type,age,sex,localization,image_path,split,true_idx,pred_idx,true_class,pred_class,confidence,is_correct,error_pair,prob_akiec,prob_bcc,prob_bkl,prob_df,prob_mel,prob_nv,prob_vasc
HAM_0002761,ISIC_0029176,bkl,histo,60.0,male,face,data/raw/HAM10000_images_part_1/ISIC_0029176.jpg,test,2,1,bkl,bcc,0.29560193,False,bkl → bcc,0.10393641,0.29560193,0.2715024,0.0862134,0.049015127,0.12095584,0.07277481
HAM_0002761,ISIC_0029068,bkl,histo,60.0,male,face,data/raw/HAM10000_images_part_1/ISIC_0029068.jpg,test,2,2,bkl,bkl,0.30721703,True,bkl → bkl,0.039549075,0.12403183,0.30721703,0.13114479,0.08562271,0.22232793,0.090106554
HAM_0005132,ISIC_0025837,bkl,histo,70.0,female,back,data/raw/HAM10000_images_part_1/ISIC_0025837.jpg,test,2,2,bkl,bkl,0.4739016,True,bkl → bkl,0.10627679,0.052835662,0.4739016,0.09066653,0.07099788,0.17810728,0.027214255
HAM_0005132,ISIC_0025209,bkl,histo,70.0,female,back,data/raw/HAM10000_images_part_1/ISIC_0025209.jpg,test,2,0,bkl,akiec,0.37503532,False,bkl → akiec,0.37503532,0.14059414,0.17928107,0.06932943,0.13853969,0.07940369,0.017816516
HAM_0007571,ISIC_0029836,bkl,histo,70.0,male,chest,data/raw/HAM10000_images_part_2/ISIC_0029836.jpg,test,2,2,bkl,bkl,0.4258772,True,bkl → bkl,0.015719559,0.025102584,0.4258772,0.015018902,0.32897168,0.17043068,0.018879388
HAM_0007571,ISIC_0032129,bkl,histo,70.0,male,chest,data/raw/HAM10000_images_part_2/ISIC_0032129.jpg,test,2,2,bkl,bkl,0.58643216,True,bkl → bkl,0.034876794,0.021189222,0.58643216,0.008172415,0.22756277,0.11092426,0.010842386
HAM_0001480,ISIC_0031753,bkl,histo,70.0,male,abdomen,data/raw/HAM10000_images_part_2/ISIC_0031753.jpg,test,2,2,bkl,bkl,0.3967234,True,bkl → bkl,0.054362766,0.098625936,0.3967234,0.050339617,0.14292972,0.21303655,0.043982033
HAM_0001480,ISIC_0026835,bkl,histo,70.0,male,abdomen,data/raw/HAM10000_images_part_1/ISIC_0026835.jpg,test,2,5,bkl,nv,0.39444488,False,bkl → nv,0.042599864,0.1177554,0.26618293,0.0658858,0.0855908,0.39444488,0.02754044
HAM_0007409,ISIC_0025076,bkl,histo,50.0,male,upper extremity,data/raw/HAM10000_images_part_1/ISIC_0025076.jpg,test,2,5,bkl,nv,0.3699957,False,bkl → nv,0.10597573,0.13474096,0.12585108,0.053251795,0.17681849,0.3699957,0.033366144
HAM_0007409,ISIC_0029687,bkl,histo,50.0,male,upper extremity,data/raw/HAM10000_images_part_2/ISIC_0029687.jpg,test,2,5,bkl,nv,0.4183044,False,bkl → nv,0.051272713,0.04249889,0.2505592,0.053632345,0.15443245,0.4183044,0.029300058
HAM_0007409,ISIC_0025642,bkl,histo,50.0,male,upper extremity,data/raw/HAM10000_images_part_1/ISIC_0025642.jpg,test,2,2,bkl,bkl,0.42053515,True,bkl → bkl,0.034240875,0.04423657,0.42053515,0.027547928,0.16690695,0.2805633,0.025969252
HAM_0003670,ISIC_0030105,bkl,histo,80.0,female,unknown,data/raw/HAM10000_images_part_2/ISIC_0030105.jpg,test,2,1,bkl,bcc,0.26943403,False,bkl → bcc,0.13289438,0.26943403,0.10331325,0.07042224,0.21298808,0.071408674,0.13953927
HAM_0004641,ISIC_0025099,bkl,histo,60.0,male,abdomen,data/raw/HAM10000_images_part_1/ISIC_0025099.jpg,test,2,6,bkl,vasc,0.4790306,False,bkl → vasc,0.0032785584,0.009976235,0.14326206,0.04085504,0.061215486,0.26238194,0.4790306
HAM_0004641,ISIC_0031485,bkl,histo,60.0,male,abdomen,data/raw/HAM10000_images_part_2/ISIC_0031485.jpg,test,2,5,bkl,nv,0.53900963,False,bkl → nv,0.009625105,0.02630518,0.12316268,0.053758916,0.10600367,0.53900963,0.14213479
HAM_0004341,ISIC_0031967,bkl,histo,70.0,female,scalp,data/raw/HAM10000_images_part_2/ISIC_0031967.jpg,test,2,2,bkl,bkl,0.42921984,True,bkl → bkl,0.010122968,0.037742935,0.42921984,0.050033357,0.18824814,0.1746053,0.11002748
HAM_0004341,ISIC_0031584,bkl,histo,70.0,female,scalp,data/raw/HAM10000_images_part_2/ISIC_0031584.jpg,test,2,6,bkl,vasc,0.2940315,False,bkl → vasc,0.020503718,0.15552227,0.15097408,0.060096964,0.09385613,0.22501537,0.2940315
HAM_0001469,ISIC_0029289,bkl,histo,60.0,female,trunk,data/raw/HAM10000_images_part_1/ISIC_0029289.jpg,test,2,5,bkl,nv,0.5012323,False,bkl → nv,0.032382302,0.050452873,0.13685429,0.05947685,0.099172786,0.5012323,0.12042852
HAM_0001469,ISIC_0029912,bkl,histo,60.0,female,trunk,data/raw/HAM10000_images_part_2/ISIC_0029912.jpg,test,2,5,bkl,nv,0.3758098,False,bkl → nv,0.015472146,0.035579395,0.16118206,0.034184374,0.2004348,0.3758098,0.17733751
HAM_0007179,ISIC_0025906,bkl,histo,0.0,female,back,data/raw/HAM10000_images_part_1/ISIC_0025906.jpg,test,2,5,bkl,nv,0.5893721,False,bkl → nv,0.006270334,0.010560522,0.08878916,0.044168394,0.10577112,0.5893721,0.15506838
HAM_0007179,ISIC_0027151,bkl,histo,0.0,female,back,data/raw/HAM10000_images_part_1/ISIC_0027151.jpg,test,2,5,bkl,nv,0.4804584,False,bkl → nv,0.01474327,0.041383725,0.08043197,0.06275943,0.08224741,0.4804584,0.23797576
HAM_0005077,ISIC_0028646,bkl,histo,75.0,male,upper extremity,data/raw/HAM10000_images_part_1/ISIC_0028646.jpg,test,2,2,bkl,bkl,0.5690176,True,bkl → bkl,0.03877,0.053396083,0.5690176,0.01866057,0.19222759,0.11264354,0.015284613
HAM_0006654,ISIC_0033691,bkl,histo,75.0,male,back,data/raw/HAM10000_images_part_2/ISIC_0033691.jpg,test,2,5,bkl,nv,0.33514097,False,bkl → nv,0.0378962,0.09882057,0.20709181,0.028390713,0.22157562,0.33514097,0.07108412
HAM_0006654,ISIC_0033910,bkl,histo,75.0,male,back,data/raw/HAM10000_images_part_2/ISIC_0033910.jpg,test,2,4,bkl,mel,0.257673,False,bkl → mel,0.115251735,0.22141251,0.16110559,0.02223587,0.257673,0.19432014,0.028001232
HAM_0006654,ISIC_0032556,bkl,histo,75.0,male,back,data/raw/HAM10000_images_part_2/ISIC_0032556.jpg,test,2,2,bkl,bkl,0.35407972,True,bkl → bkl,0.05731483,0.25767544,0.35407972,0.024255352,0.17949258,0.09220408,0.03497804
HAM_0003743,ISIC_0033646,bkl,histo,50.0,male,upper extremity,data/raw/HAM10000_images_part_2/ISIC_0033646.jpg,test,2,4,bkl,mel,0.2766711,False,bkl → mel,0.12312837,0.21726194,0.2642785,0.029222753,0.2766711,0.05220561,0.03723178
HAM_0003743,ISIC_0033592,bkl,histo,50.0,male,upper extremity,data/raw/HAM10000_images_part_2/ISIC_0033592.jpg,test,2,4,bkl,mel,0.35030022,False,bkl → mel,0.06468291,0.18541987,0.2690308,0.030524408,0.35030022,0.06583149,0.03421024
HAM_0003743,ISIC_0033899,bkl,histo,50.0,male,upper extremity,data/raw/HAM10000_images_part_2/ISIC_0033899.jpg,test,2,2,bkl,bkl,0.22635919,True,bkl → bkl,0.05057756,0.08455119,0.22635919,0.119064614,0.16597928,0.21745484,0.13601331
HAM_0006938,ISIC_0033716,bkl,histo,45.0,male,face,data/raw/HAM10000_images_part_2/ISIC_0033716.jpg,test,2,5,bkl,nv,0.7085585,False,bkl → nv,0.025431834,0.017843911,0.03819011,0.047678743,0.13054992,0.7085585,0.03174688
HAM_0006938,ISIC_0034011,bkl,histo,45.0,male,face,data/raw/HAM10000_images_part_2/ISIC_0034011.jpg,test,2,4,bkl,mel,0.5696176,False,bkl → mel,0.02112598,0.09065317,0.17511481,0.0075990744,0.5696176,0.13004829,0.005841011
HAM_0006938,ISIC_0033613,bkl,histo,45.0,male,face,data/raw/HAM10000_images_part_2/ISIC_0033613.jpg,test,2,4,bkl,mel,0.49248037,False,bkl → mel,0.012682322,0.025673984,0.42891288,0.0019337449,0.49248037,0.03464216,0.0036745407
HAM_0000802,ISIC_0033437,bkl,histo,60.0,female,lower extremity,data/raw/HAM10000_images_part_2/ISIC_0033437.jpg,test,2,4,bkl,mel,0.48064142,False,bkl → mel,0.00485771,0.0038416563,0.18341862,0.0103393225,0.48064142,0.30550414,0.011397075
HAM_0000802,ISIC_0033195,bkl,histo,60.0,female,lower extremity,data/raw/HAM10000_images_part_2/ISIC_0033195.jpg,test,2,4,bkl,mel,0.4636593,False,bkl → mel,0.025949193,0.012650125,0.15080856,0.030677399,0.4636593,0.29965925,0.016596187
HAM_0000802,ISIC_0032553,bkl,histo,60.0,female,lower extremity,data/raw/HAM10000_images_part_2/ISIC_0032553.jpg,test,2,4,bkl,mel,0.5720317,False,bkl → mel,0.010470203,0.0057546953,0.097731166,0.009930551,0.5720317,0.29463315,0.009448501
HAM_0003050,ISIC_0033744,bkl,histo,70.0,male,face,data/raw/HAM10000_images_part_2/ISIC_0033744.jpg,test,2,5,bkl,nv,0.39484683,False,bkl → nv,0.050878424,0.041157205,0.22612233,0.113785945,0.11348381,0.39484683,0.059725415
HAM_0003050,ISIC_0033659,bkl,histo,70.0,male,face,data/raw/HAM10000_images_part_2/ISIC_0033659.jpg,test,2,2,bkl,bkl,0.30755338,True,bkl → bkl,0.17131545,0.07936329,0.30755338,0.05782242,0.18334323,0.17432284,0.02627948
HAM_0007341,ISIC_0032898,bkl,histo,50.0,female,lower extremity,data/raw/HAM10000_images_part_2/ISIC_0032898.jpg,test,2,5,bkl,nv,0.5538238,False,bkl → nv,0.0074940966,0.06680465,0.15969901,0.03271335,0.10567397,0.5538238,0.07379113
HAM_0007341,ISIC_0033488,bkl,histo,50.0,female,lower extremity,data/raw/HAM10000_images_part_2/ISIC_0033488.jpg,test,2,6,bkl,vasc,0.36184788,False,bkl → vasc,0.0052229124,0.03524435,0.2783607,0.027000634,0.07493818,0.21738538,0.36184788
HAM_0007341,ISIC_0033758,bkl,histo,50.0,female,lower extremity,data/raw/HAM10000_images_part_2/ISIC_0033758.jpg,test,2,5,bkl,nv,0.32352218,False,bkl → nv,0.013408387,0.04098044,0.26756203,0.03604922,0.22349036,0.32352218,0.094987385
HAM_0001384,ISIC_0033397,bkl,histo,70.0,male,back,data/raw/HAM10000_images_part_2/ISIC_0033397.jpg,test,2,2,bkl,bkl,0.43399608,True,bkl → bkl,0.07499241,0.044941977,0.43399608,0.06447408,0.15417466,0.20652741,0.02089336
HAM_0001384,ISIC_0033414,bkl,histo,70.0,male,back,data/raw/HAM10000_images_part_2/ISIC_0033414.jpg,test,2,2,bkl,bkl,0.4056755,True,bkl → bkl,0.08284921,0.047318984,0.4056755,0.03557792,0.19478126,0.2147381,0.019059004
HAM_0001384,ISIC_0034113,bkl,histo,70.0,male,back,data/raw/HAM10000_images_part_2/ISIC_0034113.jpg,test,2,2,bkl,bkl,0.56779236,True,bkl → bkl,0.05776521,0.042368878,0.56779236,0.03404431,0.16620784,0.11798993,0.013831548
HAM_0004555,ISIC_0034259,bkl,histo,75.0,male,lower extremity,data/raw/HAM10000_images_part_2/ISIC_0034259.jpg,test,2,4,bkl,mel,0.35746688,False,bkl → mel,0.051242005,0.099885955,0.26875725,0.045737527,0.35746688,0.08437672,0.092533626
HAM_0004555,ISIC_0033446,bkl,histo,75.0,male,lower extremity,data/raw/HAM10000_images_part_2/ISIC_0033446.jpg,test,2,2,bkl,bkl,0.40651363,True,bkl → bkl,0.01898335,0.016179277,0.40651363,0.018014649,0.37582198,0.14153834,0.022948753
HAM_0004555,ISIC_0033200,bkl,histo,75.0,male,lower extremity,data/raw/HAM10000_images_part_2/ISIC_0033200.jpg,test,2,4,bkl,mel,0.43127537,False,bkl → mel,0.03838263,0.055338956,0.37381113,0.022402,0.43127537,0.0497923,0.028997606
HAM_0004029,ISIC_0029472,bkl,histo,65.0,male,upper extremity,data/raw/HAM10000_images_part_2/ISIC_0029472.jpg,test,2,4,bkl,mel,0.4521138,False,bkl → mel,0.03113173,0.01662505,0.23244338,0.015654542,0.4521138,0.2371063,0.0149252275
HAM_0004029,ISIC_0029682,bkl,histo,65.0,male,upper extremity,data/raw/HAM10000_images_part_2/ISIC_0029682.jpg,test,2,4,bkl,mel,0.40575483,False,bkl → mel,0.034895405,0.0143361725,0.2598585,0.017806886,0.40575483,0.2505384,0.016809816
HAM_0004406,ISIC_0034125,bkl,histo,80.0,male,back,data/raw/HAM10000_images_part_2/ISIC_0034125.jpg,test,2,4,bkl,mel,0.37195587,False,bkl → mel,0.013686128,0.013045024,0.25952685,0.014119097,0.37195587,0.3088326,0.018834397
HAM_0004406,ISIC_0033060,bkl,histo,80.0,male,back,data/raw/HAM10000_images_part_2/ISIC_0033060.jpg,test,2,2,bkl,bkl,0.27250296,True,bkl → bkl,0.052580886,0.10071953,0.27250296,0.059426475,0.20487918,0.26656136,0.04332966
HAM_0001738,ISIC_0027218,bkl,histo,50.0,female,lower extremity,data/raw/HAM10000_images_part_1/ISIC_0027218.jpg,test,2,5,bkl,nv,0.4394637,False,bkl → nv,0.017705321,0.016411835,0.16257474,0.029379893,0.27640688,0.4394637,0.05805762
HAM_0006697,ISIC_0030272,bkl,histo,50.0,female,trunk,data/raw/HAM10000_images_part_2/ISIC_0030272.jpg,test,2,5,bkl,nv,0.51647943,False,bkl → nv,0.036152776,0.033045873,0.14138985,0.07163796,0.12102014,0.51647943,0.08027399
HAM_0001562,ISIC_0027713,bkl,histo,80.0,male,face,data/raw/HAM10000_images_part_1/ISIC_0027713.jpg,test,2,1,bkl,bcc,0.22458272,False,bkl → bcc,0.14748079,0.22458272,0.22153382,0.059398606,0.12835859,0.15852813,0.060117356
HAM_0003293,ISIC_0029010,bkl,histo,55.0,male,back,data/raw/HAM10000_images_part_1/ISIC_0029010.jpg,test,2,2,bkl,bkl,0.36642852,True,bkl → bkl,0.23959477,0.1637892,0.36642852,0.037518885,0.10868492,0.06904478,0.014938927
HAM_0001995,ISIC_0024581,bkl,histo,40.0,male,lower extremity,data/raw/HAM10000_images_part_1/ISIC_0024581.jpg,test,2,2,bkl,bkl,0.40587613,True,bkl → bkl,0.033362094,0.023592142,0.40587613,0.04360767,0.12893537,0.32127735,0.043349244
HAM_0004947,ISIC_0029003,bkl,histo,75.0,male,abdomen,data/raw/HAM10000_images_part_1/ISIC_0029003.jpg,test,2,4,bkl,mel,0.26387635,False,bkl → mel,0.03776166,0.24903455,0.21791628,0.018609378,0.26387635,0.19887084,0.013930937
HAM_0004947,ISIC_0024711,bkl,histo,75.0,male,abdomen,data/raw/HAM10000_images_part_1/ISIC_0024711.jpg,test,2,4,bkl,mel,0.32142305,False,bkl → mel,0.038596604,0.23321667,0.1470255,0.02378495,0.32142305,0.20810044,0.027852817
HAM_0003000,ISIC_0025326,bkl,histo,50.0,female,upper extremity,data/raw/HAM10000_images_part_1/ISIC_0025326.jpg,test,2,1,bkl,bcc,0.42275947,False,bkl → bcc,0.121725895,0.42275947,0.21339853,0.031151472,0.13693573,0.046195608,0.027833397
HAM_0002078,ISIC_0027042,bkl,histo,60.0,female,lower extremity,data/raw/HAM10000_images_part_1/ISIC_0027042.jpg,test,2,4,bkl,mel,0.5217462,False,bkl → mel,0.058756556,0.017088769,0.24100304,0.019731022,0.5217462,0.13655907,0.0051152343
HAM_0003752,ISIC_0028308,bkl,histo,50.0,female,chest,data/raw/HAM10000_images_part_1/ISIC_0028308.jpg,test,2,2,bkl,bkl,0.31080395,True,bkl → bkl,0.1302996,0.22038645,0.31080395,0.05244938,0.1289478,0.1413322,0.0157806
HAM_0000364,ISIC_0024505,bkl,histo,40.0,female,face,data/raw/HAM10000_images_part_1/ISIC_0024505.jpg,test,2,2,bkl,bkl,0.29047874,True,bkl → bkl,0.1307294,0.09021834,0.29047874,0.03868142,0.20051356,0.22330658,0.026071997
HAM_0002988,ISIC_0025337,bkl,histo,35.0,male,face,data/raw/HAM10000_images_part_1/ISIC_0025337.jpg,test,2,5,bkl,nv,0.31706062,False,bkl → nv,0.027463106,0.060793955,0.18059273,0.044954877,0.23699781,0.31706062,0.13213691
HAM_0006987,ISIC_0027649,bkl,histo,85.0,female,upper extremity,data/raw/HAM10000_images_part_1/ISIC_0027649.jpg,test,2,4,bkl,mel,0.43556422,False,bkl → mel,0.055800542,0.013983508,0.40323055,0.011071686,0.43556422,0.07828491,0.002064572
HAM_0005325,ISIC_0024971,bkl,histo,50.0,male,neck,data/raw/HAM10000_images_part_1/ISIC_0024971.jpg,test,2,2,bkl,bkl,0.27687424,True,bkl → bkl,0.17666152,0.26296103,0.27687424,0.024743829,0.16477491,0.06883202,0.0251525
HAM_0003689,ISIC_0025874,bkl,histo,80.0,male,upper extremity,data/raw/HAM10000_images_part_1/ISIC_0025874.jpg,test,2,2,bkl,bkl,0.49315107,True,bkl → bkl,0.108388655,0.028506532,0.49315107,0.03696978,0.21395007,0.11188494,0.0071489573
HAM_0004928,ISIC_0031424,bkl,histo,65.0,male,neck,data/raw/HAM10000_images_part_2/ISIC_0031424.jpg,test,2,4,bkl,mel,0.32586446,False,bkl → mel,0.06823896,0.046152912,0.27686518,0.013293259,0.32586446,0.26403314,0.005552148
HAM_0004928,ISIC_0029770,bkl,histo,65.0,male,neck,data/raw/HAM10000_images_part_2/ISIC_0029770.jpg,test,2,5,bkl,nv,0.43691134,False,bkl → nv,0.05149856,0.089123435,0.11431112,0.023325939,0.27318338,0.43691134,0.011646319
HAM_0006541,ISIC_0024883,bkl,histo,35.0,female,lower extremity,data/raw/HAM10000_images_part_1/ISIC_0024883.jpg,test,2,5,bkl,nv,0.6595676,False,bkl → nv,0.021330854,0.023754897,0.060117356,0.03963836,0.09494535,0.6595676,0.100645564
HAM_0006472,ISIC_0027394,bkl,histo,75.0,male,back,data/raw/HAM10000_images_part_1/ISIC_0027394.jpg,test,2,1,bkl,bcc,0.3416437,False,bkl → bcc,0.12906243,0.3416437,0.1310352,0.019002799,0.15083846,0.21805553,0.010361876
HAM_0003913,ISIC_0027295,bkl,histo,60.0,male,hand,data/raw/HAM10000_images_part_1/ISIC_0027295.jpg,test,2,0,bkl,akiec,0.31837064,False,bkl → akiec,0.31837064,0.15817147,0.3083512,0.07247608,0.08547315,0.04905029,0.008107228
HAM_0000933,ISIC_0024358,bkl,histo,60.0,female,back,data/raw/HAM10000_images_part_1/ISIC_0024358.jpg,test,2,2,bkl,bkl,0.29871053,True,bkl → bkl,0.120152496,0.076591626,0.29871053,0.024555158,0.2376696,0.22862379,0.01369685
HAM_0000933,ISIC_0027771,bkl,histo,60.0,female,back,data/raw/HAM10000_images_part_1/ISIC_0027771.jpg,test,2,5,bkl,nv,0.32185018,False,bkl → nv,0.060635645,0.055983093,0.28176835,0.034305092,0.19726487,0.32185018,0.048192743
HAM_0003420,ISIC_0024748,bkl,histo,45.0,male,abdomen,data/raw/HAM10000_images_part_1/ISIC_0024748.jpg,test,2,5,bkl,nv,0.55661994,False,bkl → nv,0.071581505,0.039264582,0.08217242,0.08725836,0.10999328,0.55661994,0.05310983
HAM_0005546,ISIC_0029519,bkl,histo,60.0,male,back,data/raw/HAM10000_images_part_2/ISIC_0029519.jpg,test,2,2,bkl,bkl,0.31610548,True,bkl → bkl,0.14973703,0.08735632,0.31610548,0.035610463,0.29803053,0.10852656,0.004633639
HAM_0000782,ISIC_0030723,bkl,histo,75.0,female,face,data/raw/HAM10000_images_part_2/ISIC_0030723.jpg,test,2,2,bkl,bkl,0.33647996,True,bkl → bkl,0.21899995,0.17738836,0.33647996,0.025796426,0.19681229,0.023032842,0.021490145
HAM_0001562,ISIC_0029789,bkl,histo,80.0,male,face,data/raw/HAM10000_images_part_2/ISIC_0029789.jpg,test,2,2,bkl,bkl,0.2864849,True,bkl → bkl,0.14928731,0.24686666,0.2864849,0.034286443,0.14103273,0.12051944,0.021522667
HAM_0004400,ISIC_0030026,bkl,histo,75.0,female,face,data/raw/HAM10000_images_part_2/ISIC_0030026.jpg,test,2,4,bkl,mel,0.6280693,False,bkl → mel,0.02199571,0.012839289,0.2166746,0.0065690405,0.6280693,0.10860214,0.0052499375
HAM_0003840,ISIC_0027801,bkl,histo,55.0,female,face,data/raw/HAM10000_images_part_1/ISIC_0027801.jpg,test,2,2,bkl,bkl,0.36402926,True,bkl → bkl,0.092676744,0.07592987,0.36402926,0.07500437,0.10452469,0.22437386,0.063461214
HAM_0006580,ISIC_0025376,bkl,histo,75.0,male,back,data/raw/HAM10000_images_part_1/ISIC_0025376.jpg,test,2,1,bkl,bcc,0.360851,False,bkl → bcc,0.049398918,0.360851,0.06731092,0.029570237,0.17491576,0.29643568,0.021517491
HAM_0001605,ISIC_0024422,bkl,histo,75.0,male,upper extremity,data/raw/HAM10000_images_part_1/ISIC_0024422.jpg,test,2,2,bkl,bkl,0.40691563,True,bkl → bkl,0.18438166,0.12582093,0.40691563,0.03661605,0.12690833,0.10371852,0.015638778
HAM_0001809,ISIC_0029897,bkl,histo,80.0,female,unknown,data/raw/HAM10000_images_part_2/ISIC_0029897.jpg,test,2,2,bkl,bkl,0.42778647,True,bkl → bkl,0.05470649,0.14484294,0.42778647,0.038230952,0.15590246,0.091799796,0.08673084
HAM_0001815,ISIC_0024970,bkl,histo,85.0,male,chest,data/raw/HAM10000_images_part_1/ISIC_0024970.jpg,test,2,4,bkl,mel,0.29380697,False,bkl → mel,0.083116144,0.19613796,0.24500072,0.019349078,0.29380697,0.14593308,0.016656008
HAM_0001605,ISIC_0028881,bkl,histo,75.0,male,upper extremity,data/raw/HAM10000_images_part_1/ISIC_0028881.jpg,test,2,2,bkl,bkl,0.28950676,True,bkl → bkl,0.1712851,0.26807386,0.28950676,0.01459184,0.16447105,0.085176215,0.0068952697
HAM_0001958,ISIC_0029580,bkl,histo,60.0,female,face,data/raw/HAM10000_images_part_2/ISIC_0029580.jpg,test,2,2,bkl,bkl,0.29253614,True,bkl → bkl,0.1210409,0.27868816,0.29253614,0.020767959,0.17899829,0.09533865,0.012629916
HAM_0000207,ISIC_0027451,bkl,histo,75.0,female,chest,data/raw/HAM10000_images_part_1/ISIC_0027451.jpg,test,2,2,bkl,bkl,0.46440178,True,bkl → bkl,0.10940856,0.030807082,0.46440178,0.019158911,0.29675588,0.07464532,0.0048225247
HAM_0006827,ISIC_0031702,bkl,histo,70.0,male,face,data/raw/HAM10000_images_part_2/ISIC_0031702.jpg,test,2,4,bkl,mel,0.6095711,False,bkl → mel,0.039718818,0.025049353,0.19301173,0.006602088,0.6095711,0.12312071,0.0029261906
HAM_0004143,ISIC_0029031,bkl,histo,50.0,male,chest,data/raw/HAM10000_images_part_1/ISIC_0029031.jpg,test,2,1,bkl,bcc,0.63496625,False,bkl → bcc,0.15180694,0.63496625,0.13154589,0.0073796264,0.052549638,0.017306503,0.0044451403
HAM_0002400,ISIC_0024772,bkl,histo,70.0,male,lower extremity,data/raw/HAM10000_images_part_1/ISIC_0024772.jpg,test,2,5,bkl,nv,0.23995605,False,bkl → nv,0.14470108,0.18958539,0.1721736,0.052339878,0.18723184,0.23995605,0.0140122315
HAM_0000973,ISIC_0025222,bkl,histo,65.0,female,face,data/raw/HAM10000_images_part_1/ISIC_0025222.jpg,test,2,2,bkl,bkl,0.6161201,True,bkl → bkl,0.052720767,0.016333412,0.6161201,0.034845077,0.15237753,0.1059387,0.02166446
HAM_0004010,ISIC_0031061,bkl,histo,60.0,male,back,data/raw/HAM10000_images_part_2/ISIC_0031061.jpg,test,2,0,bkl,akiec,0.23584846,False,bkl → akiec,0.23584846,0.06814485,0.18984655,0.06720269,0.21523067,0.2190475,0.00467919
HAM_0006541,ISIC_0025064,bkl,histo,35.0,female,lower extremity,data/raw/HAM10000_images_part_1/ISIC_0025064.jpg,test,2,5,bkl,nv,0.6552111,False,bkl → nv,0.025907451,0.041609082,0.051644336,0.035939492,0.12644066,0.6552111,0.06324788
HAM_0004801,ISIC_0030365,bkl,histo,50.0,male,back,data/raw/HAM10000_images_part_2/ISIC_0030365.jpg,test,2,5,bkl,nv,0.2794605,False,bkl → nv,0.18281114,0.040390838,0.19785644,0.025878934,0.26615596,0.2794605,0.007446214
HAM_0005053,ISIC_0024761,bkl,histo,65.0,male,face,data/raw/HAM10000_images_part_1/ISIC_0024761.jpg,test,2,2,bkl,bkl,0.563105,True,bkl → bkl,0.07444607,0.08864238,0.563105,0.04972054,0.09157457,0.111526996,0.020984443
HAM_0002357,ISIC_0031783,bkl,histo,70.0,male,neck,data/raw/HAM10000_images_part_2/ISIC_0031783.jpg,test,2,2,bkl,bkl,0.4240385,True,bkl → bkl,0.20801118,0.03851121,0.4240385,0.029153181,0.24396807,0.051996846,0.0043209107
HAM_0002357,ISIC_0030137,bkl,histo,70.0,male,neck,data/raw/HAM10000_images_part_2/ISIC_0030137.jpg,test,2,2,bkl,bkl,0.36821195,True,bkl → bkl,0.2417594,0.07348406,0.36821195,0.028337246,0.2292345,0.049015258,0.009957485
HAM_0000425,ISIC_0026947,bkl,histo,50.0,male,scalp,data/raw/HAM10000_images_part_1/ISIC_0026947.jpg,test,2,5,bkl,nv,0.37057844,False,bkl → nv,0.13236721,0.14204484,0.13545996,0.037825648,0.17372657,0.37057844,0.007997329
HAM_0000425,ISIC_0024839,bkl,histo,50.0,male,scalp,data/raw/HAM10000_images_part_1/ISIC_0024839.jpg,test,2,5,bkl,nv,0.30245697,False,bkl → nv,0.07089661,0.0495291,0.28952363,0.0209895,0.26140615,0.30245697,0.005198023
HAM_0002400,ISIC_0026316,bkl,histo,70.0,male,lower extremity,data/raw/HAM10000_images_part_1/ISIC_0026316.jpg,test,2,5,bkl,nv,0.28153235,False,bkl → nv,0.121162474,0.20957881,0.15802842,0.04504691,0.16000827,0.28153235,0.024642793
HAM_0002548,ISIC_0027470,bkl,histo,50.0,female,lower extremity,data/raw/HAM10000_images_part_1/ISIC_0027470.jpg,test,2,5,bkl,nv,0.6891142,False,bkl → nv,0.016659738,0.033276495,0.08933927,0.029667256,0.103433184,0.6891142,0.03850991
HAM_0001094,ISIC_0031150,bkl,histo,70.0,female,upper extremity,data/raw/HAM10000_images_part_2/ISIC_0031150.jpg,test,2,2,bkl,bkl,0.64732665,True,bkl → bkl,0.111643925,0.042276464,0.64732665,0.037655607,0.083143815,0.06440062,0.01355301
HAM_0006622,ISIC_0026072,bkl,histo,45.0,male,face,data/raw/HAM10000_images_part_1/ISIC_0026072.jpg,test,2,2,bkl,bkl,0.27680212,True,bkl → bkl,0.20692752,0.23911451,0.27680212,0.06876098,0.055386934,0.109922186,0.043085754
HAM_0006622,ISIC_0025939,bkl,histo,45.0,male,face,data/raw/HAM10000_images_part_1/ISIC_0025939.jpg,test,2,2,bkl,bkl,0.53817177,True,bkl → bkl,0.11338917,0.06587136,0.53817177,0.02681979,0.107007794,0.13690664,0.011833508
HAM_0006670,ISIC_0027335,bkl,histo,75.0,male,back,data/raw/HAM10000_images_part_1/ISIC_0027335.jpg,test,2,4,bkl,mel,0.43031722,False,bkl → mel,0.15576428,0.05524803,0.27611962,0.013923728,0.43031722,0.06619009,0.002437068
HAM_0002548,ISIC_0028656,bkl,histo,50.0,female,lower extremity,data/raw/HAM10000_images_part_1/ISIC_0028656.jpg,test,2,5,bkl,nv,0.58698535,False,bkl → nv,0.021238187,0.030049635,0.19657788,0.04238972,0.071627274,0.58698535,0.051131982
HAM_0002358,ISIC_0028650,bkl,histo,85.0,female,face,data/raw/HAM10000_images_part_1/ISIC_0028650.jpg,test,2,2,bkl,bkl,0.35818827,True,bkl → bkl,0.089262806,0.072697595,0.35818827,0.078306496,0.11647643,0.25268984,0.03237862
HAM_0002358,ISIC_0027973,bkl,histo,85.0,female,face,data/raw/HAM10000_images_part_1/ISIC_0027973.jpg,test,2,2,bkl,bkl,0.60307246,True,bkl → bkl,0.08496258,0.03696754,0.60307246,0.033438865,0.16164264,0.063645594,0.016270375
HAM_0004908,ISIC_0031138,bkl,histo,45.0,female,hand,data/raw/HAM10000_images_part_2/ISIC_0031138.jpg,test,2,2,bkl,bkl,0.51661783,True,bkl → bkl,0.13219042,0.046062067,0.51661783,0.035985917,0.18021242,0.073286936,0.015644467
HAM_0004908,ISIC_0028710,bkl,histo,45.0,female,hand,data/raw/HAM10000_images_part_1/ISIC_0028710.jpg,test,2,2,bkl,bkl,0.38739002,True,bkl → bkl,0.15050939,0.07928756,0.38739002,0.040733833,0.20826295,0.11519656,0.018619664
HAM_0006181,ISIC_0026961,bkl,histo,65.0,male,upper extremity,data/raw/HAM10000_images_part_1/ISIC_0026961.jpg,test,2,5,bkl,nv,0.39352614,False,bkl → nv,0.05730326,0.052953083,0.32026902,0.048343863,0.10472529,0.39352614,0.022879388
HAM_0006181,ISIC_0030849,bkl,histo,65.0,male,upper extremity,data/raw/HAM10000_images_part_2/ISIC_0030849.jpg,test,2,2,bkl,bkl,0.37628007,True,bkl → bkl,0.09533506,0.0486924,0.37628007,0.023743752,0.2229865,0.2232795,0.009682693
HAM_0006472,ISIC_0029032,bkl,histo,75.0,male,back,data/raw/HAM10000_images_part_1/ISIC_0029032.jpg,test,2,2,bkl,bkl,0.38379306,True,bkl → bkl,0.06388983,0.10840567,0.38379306,0.012373965,0.22935323,0.19412662,0.00805756
HAM_0006541,ISIC_0025040,bkl,histo,35.0,female,lower extremity,data/raw/HAM10000_images_part_1/ISIC_0025040.jpg,test,2,5,bkl,nv,0.62520486,False,bkl → nv,0.016671643,0.01721839,0.08485048,0.04777424,0.12790261,0.62520486,0.080377825
HAM_0006732,ISIC_0024336,bkl,histo,50.0,female,lower extremity,data/raw/HAM10000_images_part_1/ISIC_0024336.jpg,test,2,2,bkl,bkl,0.51727366,True,bkl → bkl,0.06629522,0.05040832,0.51727366,0.044179797,0.15583266,0.1430488,0.02296152
HAM_0006737,ISIC_0029302,bkl,histo,45.0,female,face,data/raw/HAM10000_images_part_1/ISIC_0029302.jpg,test,2,2,bkl,bkl,0.26149178,True,bkl → bkl,0.076056205,0.15279187,0.26149178,0.07489747,0.112697825,0.2445189,0.077545986
HAM_0003205,ISIC_0031287,bkl,histo,75.0,female,lower extremity,data/raw/HAM10000_images_part_2/ISIC_0031287.jpg,test,2,4,bkl,mel,0.3371813,False,bkl → mel,0.097509,0.10631636,0.23915577,0.058843315,0.3371813,0.14080943,0.020184817
HAM_0001722,ISIC_0030976,bkl,histo,60.0,male,back,data/raw/HAM10000_images_part_2/ISIC_0030976.jpg,test,2,2,bkl,bkl,0.43594342,True,bkl → bkl,0.0758071,0.11606844,0.43594342,0.08113533,0.08618079,0.0915336,0.1133314
HAM_0000893,ISIC_0026409,bkl,histo,70.0,male,lower extremity,data/raw/HAM10000_images_part_1/ISIC_0026409.jpg,test,2,2,bkl,bkl,0.3512367,True,bkl → bkl,0.15190642,0.080697194,0.3512367,0.06341953,0.13162448,0.20220187,0.018913839
HAM_0000893,ISIC_0025345,bkl,histo,70.0,male,lower extremity,data/raw/HAM10000_images_part_1/ISIC_0025345.jpg,test,2,2,bkl,bkl,0.50041026,True,bkl → bkl,0.121784456,0.09647307,0.50041026,0.03291013,0.16496184,0.077232406,0.0062277475
HAM_0000893,ISIC_0032303,bkl,histo,70.0,male,lower extremity,data/raw/HAM10000_images_part_2/ISIC_0032303.jpg,test,2,2,bkl,bkl,0.399165,True,bkl → bkl,0.18395212,0.16798979,0.399165,0.046844695,0.12744592,0.06074836,0.013854167
HAM_0000893,ISIC_0032103,bkl,histo,70.0,male,lower extremity,data/raw/HAM10000_images_part_2/ISIC_0032103.jpg,test,2,2,bkl,bkl,0.3995576,True,bkl → bkl,0.1401058,0.116905496,0.3995576,0.07025845,0.09220254,0.15574351,0.02522664
HAM_0000893,ISIC_0024825,bkl,histo,70.0,male,lower extremity,data/raw/HAM10000_images_part_1/ISIC_0024825.jpg,test,2,2,bkl,bkl,0.36000016,True,bkl → bkl,0.12449467,0.11500955,0.36000016,0.037218045,0.18843918,0.164094,0.010744414
HAM_0001725,ISIC_0027509,bkl,histo,60.0,female,face,data/raw/HAM10000_images_part_1/ISIC_0027509.jpg,test,2,2,bkl,bkl,0.6986187,True,bkl → bkl,0.0578801,0.018192891,0.6986187,0.009858827,0.1517027,0.058990553,0.0047563454
HAM_0001240,ISIC_0026871,bkl,histo,55.0,male,face,data/raw/HAM10000_images_part_1/ISIC_0026871.jpg,test,2,2,bkl,bkl,0.3212336,True,bkl → bkl,0.16684633,0.18606481,0.3212336,0.05026422,0.08552505,0.15872826,0.03133772
HAM_0001815,ISIC_0026663,bkl,histo,85.0,male,chest,data/raw/HAM10000_images_part_1/ISIC_0026663.jpg,test,2,4,bkl,mel,0.4305191,False,bkl → mel,0.04896504,0.043758664,0.30002758,0.011114955,0.4305191,0.15377994,0.011834771
HAM_0000846,ISIC_0029115,bkl,histo,60.0,female,lower extremity,data/raw/HAM10000_images_part_1/ISIC_0029115.jpg,test,2,2,bkl,bkl,0.43566054,True,bkl → bkl,0.13458462,0.09046808,0.43566054,0.026768608,0.23111732,0.075174145,0.00622665
HAM_0002193,ISIC_0031000,bkl,histo,85.0,male,upper extremity,data/raw/HAM10000_images_part_2/ISIC_0031000.jpg,test,2,2,bkl,bkl,0.3450805,True,bkl → bkl,0.1364131,0.16820568,0.3450805,0.068865195,0.14231135,0.11017922,0.028944891
HAM_0002193,ISIC_0027392,bkl,histo,85.0,male,upper extremity,data/raw/HAM10000_images_part_1/ISIC_0027392.jpg,test,2,2,bkl,bkl,0.7483803,True,bkl → bkl,0.021127785,0.007376805,0.7483803,0.008205831,0.17867331,0.035058465,0.0011776632
HAM_0005967,ISIC_0032395,bkl,confocal,65.0,female,face,data/raw/HAM10000_images_part_2/ISIC_0032395.jpg,test,2,2,bkl,bkl,0.35289824,True,bkl → bkl,0.032140207,0.0558419,0.35289824,0.066240095,0.18286984,0.17186557,0.13814409
HAM_0005967,ISIC_0032031,bkl,confocal,65.0,female,face,data/raw/HAM10000_images_part_2/ISIC_0032031.jpg,test,2,2,bkl,bkl,0.3845777,True,bkl → bkl,0.018341077,0.016400585,0.3845777,0.044124734,0.2907086,0.16637582,0.07947143
HAM_0000083,ISIC_0028622,bkl,confocal,60.0,female,face,data/raw/HAM10000_images_part_1/ISIC_0028622.jpg,test,2,6,bkl,vasc,0.37961933,False,bkl → vasc,0.07887369,0.18549289,0.11721624,0.084713034,0.068706885,0.085377924,0.37961933
HAM_0000083,ISIC_0031872,bkl,confocal,60.0,female,face,data/raw/HAM10000_images_part_2/ISIC_0031872.jpg,test,2,5,bkl,nv,0.20176274,False,bkl → nv,0.0923547,0.13379811,0.16111046,0.12960348,0.16000715,0.20176274,0.12136341
HAM_0006346,ISIC_0026280,bkl,confocal,50.0,male,face,data/raw/HAM10000_images_part_1/ISIC_0026280.jpg,test,2,2,bkl,bkl,0.505498,True,bkl → bkl,0.038175005,0.025809104,0.505498,0.03004033,0.1997164,0.1626096,0.038151596
HAM_0006346,ISIC_0027811,bkl,confocal,50.0,male,face,data/raw/HAM10000_images_part_1/ISIC_0027811.jpg,test,2,2,bkl,bkl,0.54621667,True,bkl → bkl,0.018148968,0.010125574,0.54621667,0.05704986,0.11272435,0.20774876,0.04798581
HAM_0007590,ISIC_0031528,bkl,confocal,40.0,male,unknown,data/raw/HAM10000_images_part_2/ISIC_0031528.jpg,test,2,2,bkl,bkl,0.36115772,True,bkl → bkl,0.07032807,0.074530095,0.36115772,0.03496019,0.19505695,0.2449447,0.019022292
HAM_0007590,ISIC_0028615,bkl,confocal,40.0,male,unknown,data/raw/HAM10000_images_part_1/ISIC_0028615.jpg,test,2,5,bkl,nv,0.3570533,False,bkl → nv,0.095852174,0.06385532,0.23512271,0.09587206,0.1339273,0.3570533,0.01831709
HAM_0001310,ISIC_0027820,bkl,consensus,50.0,male,face,data/raw/HAM10000_images_part_1/ISIC_0027820.jpg,test,2,2,bkl,bkl,0.32447273,True,bkl → bkl,0.13668323,0.056788467,0.32447273,0.06486047,0.2301166,0.16719574,0.019882672
HAM_0006988,ISIC_0024943,bkl,consensus,75.0,female,face,data/raw/HAM10000_images_part_1/ISIC_0024943.jpg,test,2,5,bkl,nv,0.2982887,False,bkl → nv,0.027927866,0.048485693,0.23944165,0.06846088,0.20856376,0.2982887,0.108831406
HAM_0005442,ISIC_0034197,bkl,consensus,70.0,male,scalp,data/raw/HAM10000_images_part_2/ISIC_0034197.jpg,test,2,0,bkl,akiec,0.35913977,False,bkl → akiec,0.35913977,0.11696435,0.23069204,0.06750715,0.1723741,0.039530456,0.013792124
HAM_0005442,ISIC_0034057,bkl,consensus,70.0,male,scalp,data/raw/HAM10000_images_part_2/ISIC_0034057.jpg,test,2,2,bkl,bkl,0.3190316,True,bkl → bkl,0.15815409,0.061298344,0.3190316,0.08167621,0.25528836,0.10203848,0.022512835
HAM_0006003,ISIC_0032827,bkl,consensus,85.0,female,lower extremity,data/raw/HAM10000_images_part_2/ISIC_0032827.jpg,test,2,2,bkl,bkl,0.6300833,True,bkl → bkl,0.02222055,0.013292727,0.6300833,0.019158207,0.1468769,0.14065681,0.027711427
HAM_0006003,ISIC_0033022,bkl,consensus,85.0,female,lower extremity,data/raw/HAM10000_images_part_2/ISIC_0033022.jpg,test,2,2,bkl,bkl,0.72943836,True,bkl → bkl,0.013204529,0.0035376672,0.72943836,0.014542609,0.091929466,0.1384919,0.008855553
HAM_0005749,ISIC_0033246,bkl,consensus,85.0,male,back,data/raw/HAM10000_images_part_2/ISIC_0033246.jpg,test,2,4,bkl,mel,0.31163925,False,bkl → mel,0.027427314,0.023158135,0.27680698,0.045638,0.31163925,0.2689132,0.046417113
HAM_0005749,ISIC_0032843,bkl,consensus,85.0,male,back,data/raw/HAM10000_images_part_2/ISIC_0032843.jpg,test,2,2,bkl,bkl,0.5084898,True,bkl → bkl,0.024206253,0.018977685,0.5084898,0.031828824,0.15960607,0.19553193,0.06135943
HAM_0000571,ISIC_0032773,bkl,consensus,70.0,male,back,data/raw/HAM10000_images_part_2/ISIC_0032773.jpg,test,2,4,bkl,mel,0.4781889,False,bkl → mel,0.09624418,0.07706153,0.08884923,0.04611716,0.4781889,0.18694802,0.026590915
HAM_0000571,ISIC_0033156,bkl,consensus,70.0,male,back,data/raw/HAM10000_images_part_2/ISIC_0033156.jpg,test,2,4,bkl,mel,0.4462676,False,bkl → mel,0.027178796,0.019529982,0.09312268,0.04089153,0.4462676,0.33477074,0.038238667
HAM_0006238,ISIC_0034151,bkl,consensus,60.0,male,unknown,data/raw/HAM10000_images_part_2/ISIC_0034151.jpg,test,2,2,bkl,bkl,0.5265644,True,bkl → bkl,0.015094468,0.012109174,0.5265644,0.042484462,0.08795544,0.2721575,0.043634474
HAM_0000372,ISIC_0033685,bkl,consensus,,unknown,unknown,data/raw/HAM10000_images_part_2/ISIC_0033685.jpg,test,2,4,bkl,mel,0.45233527,False,bkl → mel,0.09775178,0.09425595,0.18052319,0.04188792,0.45233527,0.10320011,0.030045852
HAM_0000825,ISIC_0034186,bkl,consensus,,unknown,unknown,data/raw/HAM10000_images_part_2/ISIC_0034186.jpg,test,2,1,bkl,bcc,0.86645186,False,bkl → bcc,0.01801786,0.86645186,0.037134074,0.0054800827,0.02685736,0.004327644,0.041731138
HAM_0006074,ISIC_0034252,bkl,consensus,,unknown,unknown,data/raw/HAM10000_images_part_2/ISIC_0034252.jpg,test,2,2,bkl,bkl,0.45597398,True,bkl → bkl,0.13539736,0.114814185,0.45597398,0.038492568,0.15470193,0.071329795,0.029290194
HAM_0006074,ISIC_0033829,bkl,consensus,,unknown,unknown,data/raw/HAM10000_images_part_2/ISIC_0033829.jpg,test,2,2,bkl,bkl,0.36805317,True,bkl → bkl,0.06602002,0.14659597,0.36805317,0.008278786,0.34591964,0.052858423,0.012274079
HAM_0002371,ISIC_0032271,bkl,consensus,50.0,male,chest,data/raw/HAM10000_images_part_2/ISIC_0032271.jpg,test,2,0,bkl,akiec,0.2873189,False,bkl → akiec,0.2873189,0.10554039,0.16456015,0.06273168,0.2021197,0.15247211,0.025257153
HAM_0004322,ISIC_0027142,bkl,consensus,55.0,male,trunk,data/raw/HAM10000_images_part_1/ISIC_0027142.jpg,test,2,5,bkl,nv,0.7820225,False,bkl → nv,0.010739486,0.051246278,0.015034962,0.051681083,0.009503666,0.7820225,0.07977211
HAM_0002355,ISIC_0029202,bkl,consensus,35.0,male,abdomen,data/raw/HAM10000_images_part_1/ISIC_0029202.jpg,test,2,5,bkl,nv,0.4779925,False,bkl → nv,0.03080441,0.047528878,0.12054114,0.1083621,0.059911594,0.4779925,0.15485935
HAM_0005136,ISIC_0024337,bkl,consensus,50.0,female,lower extremity,data/raw/HAM10000_images_part_1/ISIC_0024337.jpg,test,2,5,bkl,nv,0.55410814,False,bkl → nv,0.019058153,0.016083809,0.07983273,0.0918143,0.02442423,0.55410814,0.21467867
HAM_0003926,ISIC_0026422,bkl,consensus,80.0,male,face,data/raw/HAM10000_images_part_1/ISIC_0026422.jpg,test,2,5,bkl,nv,0.48580703,False,bkl → nv,0.034140054,0.032227367,0.13715985,0.02321822,0.27003208,0.48580703,0.017415404
HAM_0001167,ISIC_0028448,bkl,consensus,55.0,male,trunk,data/raw/HAM10000_images_part_1/ISIC_0028448.jpg,test,2,5,bkl,nv,0.35188973,False,bkl → nv,0.08078995,0.1551477,0.1747021,0.06954852,0.059060786,0.35188973,0.10886119
HAM_0002209,ISIC_0031226,bkl,consensus,70.0,male,trunk,data/raw/HAM10000_images_part_2/ISIC_0031226.jpg,test,2,5,bkl,nv,0.57389563,False,bkl → nv,0.033643812,0.014766567,0.24820082,0.045425262,0.06832252,0.57389563,0.015745318
HAM_0001589,ISIC_0030067,bkl,consensus,70.0,male,face,data/raw/HAM10000_images_part_2/ISIC_0030067.jpg,test,2,5,bkl,nv,0.5708242,False,bkl → nv,0.028742904,0.06626691,0.046494972,0.10339529,0.032070257,0.5708242,0.15220544
HAM_0002034,ISIC_0027954,bkl,consensus,5.0,male,abdomen,data/raw/HAM10000_images_part_1/ISIC_0027954.jpg,test,2,5,bkl,nv,0.3746766,False,bkl → nv,0.06785699,0.11874554,0.19394247,0.042442854,0.16390455,0.3746766,0.038430944
HAM_0002043,ISIC_0030160,bkl,consensus,80.0,male,lower extremity,data/raw/HAM10000_images_part_2/ISIC_0030160.jpg,test,2,3,bkl,df,0.20820206,False,bkl → df,0.094245836,0.15017232,0.118762404,0.20820206,0.06229361,0.20075558,0.16556808
HAM_0001443,ISIC_0025804,bkl,consensus,50.0,male,lower extremity,data/raw/HAM10000_images_part_1/ISIC_0025804.jpg,test,2,5,bkl,nv,0.8847041,False,bkl → nv,0.006040135,0.013011527,0.011169851,0.022074046,0.012149418,0.8847041,0.05085085
HAM_0004713,ISIC_0031125,bkl,consensus,60.0,female,trunk,data/raw/HAM10000_images_part_2/ISIC_0031125.jpg,test,2,5,bkl,nv,0.38031626,False,bkl → nv,0.08548812,0.060182624,0.15157901,0.10434511,0.13694458,0.38031626,0.08114444
HAM_0001423,ISIC_0025454,bkl,consensus,70.0,male,back,data/raw/HAM10000_images_part_1/ISIC_0025454.jpg,test,2,1,bkl,bcc,0.33099145,False,bkl → bcc,0.07061028,0.33099145,0.07666091,0.032918215,0.12690695,0.28677514,0.075137146
HAM_0002005,ISIC_0026556,bkl,consensus,70.0,female,back,data/raw/HAM10000_images_part_1/ISIC_0026556.jpg,test,2,5,bkl,nv,0.4116052,False,bkl → nv,0.08626155,0.09482395,0.096721075,0.08006749,0.17584467,0.4116052,0.05467599
HAM_0003715,ISIC_0026941,bkl,consensus,70.0,female,trunk,data/raw/HAM10000_images_part_1/ISIC_0026941.jpg,test,2,5,bkl,nv,0.70036656,False,bkl → nv,0.043005284,0.010486489,0.05590984,0.03027261,0.14018346,0.70036656,0.019775828
HAM_0000792,ISIC_0025387,bkl,consensus,70.0,female,back,data/raw/HAM10000_images_part_1/ISIC_0025387.jpg,test,2,4,bkl,mel,0.4319084,False,bkl → mel,0.05796093,0.04354167,0.18576491,0.04346818,0.4319084,0.21695918,0.020396704
HAM_0000215,ISIC_0025484,bkl,consensus,70.0,female,lower extremity,data/raw/HAM10000_images_part_1/ISIC_0025484.jpg,test,2,2,bkl,bkl,0.28810674,True,bkl → bkl,0.13308558,0.1467696,0.28810674,0.13000837,0.08210374,0.16396837,0.055957645
HAM_0000465,ISIC_0030583,bkl,consensus,35.0,female,trunk,data/raw/HAM10000_images_part_2/ISIC_0030583.jpg,test,2,5,bkl,nv,0.71281505,False,bkl → nv,0.019946666,0.026820855,0.06550107,0.03755603,0.039257616,0.71281505,0.09810265
HAM_0004330,ISIC_0029760,df,histo,70.0,male,lower extremity,data/raw/HAM10000_images_part_2/ISIC_0029760.jpg,test,3,6,df,vasc,0.342488,False,df → vasc,0.029462999,0.050181914,0.19284818,0.119194165,0.04553862,0.22028604,0.342488
HAM_0004330,ISIC_0030555,df,histo,70.0,male,lower extremity,data/raw/HAM10000_images_part_2/ISIC_0030555.jpg,test,3,2,df,bkl,0.37010992,False,df → bkl,0.032983944,0.036808934,0.37010992,0.12314586,0.044451684,0.108133666,0.28436598
HAM_0002546,ISIC_0030579,df,histo,55.0,female,upper extremity,data/raw/HAM10000_images_part_2/ISIC_0030579.jpg,test,3,1,df,bcc,0.3015931,False,df → bcc,0.1576443,0.3015931,0.0333241,0.14080709,0.10862423,0.13934061,0.11866648
HAM_0002909,ISIC_0032642,df,histo,50.0,male,lower extremity,data/raw/HAM10000_images_part_2/ISIC_0032642.jpg,test,3,5,df,nv,0.315473,False,df → nv,0.030556256,0.041049358,0.18304993,0.06954016,0.29103413,0.315473,0.06929712
HAM_0002909,ISIC_0033790,df,histo,50.0,male,lower extremity,data/raw/HAM10000_images_part_2/ISIC_0033790.jpg,test,3,4,df,mel,0.3314781,False,df → mel,0.0794897,0.107246034,0.07015181,0.07021667,0.3314781,0.29059026,0.050827425
HAM_0002909,ISIC_0033675,df,histo,50.0,male,lower extremity,data/raw/HAM10000_images_part_2/ISIC_0033675.jpg,test,3,4,df,mel,0.34886083,False,df → mel,0.08234438,0.19674759,0.16344598,0.04230444,0.34886083,0.11625801,0.050038766
HAM_0003290,ISIC_0030757,df,histo,80.0,male,upper extremity,data/raw/HAM10000_images_part_2/ISIC_0030757.jpg,test,3,5,df,nv,0.31823057,False,df → nv,0.21214356,0.15240507,0.08685045,0.07388012,0.1348178,0.31823057,0.02167249
HAM_0003290,ISIC_0031358,df,histo,80.0,male,upper extremity,data/raw/HAM10000_images_part_2/ISIC_0031358.jpg,test,3,5,df,nv,0.23172,False,df → nv,0.14188392,0.16440544,0.1568691,0.105880804,0.1561619,0.23172,0.043078784
HAM_0003290,ISIC_0031735,df,histo,80.0,male,upper extremity,data/raw/HAM10000_images_part_2/ISIC_0031735.jpg,test,3,4,df,mel,0.2584687,False,df → mel,0.14201874,0.14388748,0.13353138,0.05565868,0.2584687,0.2556675,0.010767539
HAM_0007410,ISIC_0029962,df,histo,65.0,male,foot,data/raw/HAM10000_images_part_2/ISIC_0029962.jpg,test,3,2,df,bkl,0.41679907,False,df → bkl,0.08593776,0.055796914,0.41679907,0.06705584,0.14685826,0.20558503,0.021967098
HAM_0007410,ISIC_0031457,df,histo,65.0,male,foot,data/raw/HAM10000_images_part_2/ISIC_0031457.jpg,test,3,5,df,nv,0.28419384,False,df → nv,0.06997574,0.08300603,0.28271136,0.038181648,0.22399679,0.28419384,0.017934695
HAM_0007418,ISIC_0031372,df,consensus,50.0,male,lower extremity,data/raw/HAM10000_images_part_2/ISIC_0031372.jpg,test,3,5,df,nv,0.3770291,False,df → nv,0.051077273,0.03937103,0.20343906,0.054345515,0.25891426,0.3770291,0.015823707
HAM_0007418,ISIC_0026313,df,consensus,50.0,male,lower extremity,data/raw/HAM10000_images_part_1/ISIC_0026313.jpg,test,3,1,df,bcc,0.31747678,False,df → bcc,0.14918587,0.31747678,0.083031476,0.03954272,0.24942163,0.122328706,0.039012752
HAM_0000827,ISIC_0031443,df,consensus,60.0,male,upper extremity,data/raw/HAM10000_images_part_2/ISIC_0031443.jpg,test,3,5,df,nv,0.26327235,False,df → nv,0.12669435,0.24968505,0.12443901,0.09044524,0.11164724,0.26327235,0.03381677
HAM_0000827,ISIC_0025223,df,consensus,60.0,male,upper extremity,data/raw/HAM10000_images_part_1/ISIC_0025223.jpg,test,3,5,df,nv,0.28518763,False,df → nv,0.14295821,0.10006593,0.10739403,0.10875156,0.219186,0.28518763,0.036456585
HAM_0003597,ISIC_0033422,df,consensus,45.0,male,lower extremity,data/raw/HAM10000_images_part_2/ISIC_0033422.jpg,test,3,5,df,nv,0.39001969,False,df → nv,0.031216871,0.14546736,0.057278164,0.091731474,0.10516848,0.39001969,0.1791179
HAM_0003597,ISIC_0027488,df,consensus,45.0,male,lower extremity,data/raw/HAM10000_images_part_1/ISIC_0027488.jpg,test,3,5,df,nv,0.49390587,False,df → nv,0.03264212,0.054538593,0.076698884,0.15475488,0.08942484,0.49390587,0.09803487
HAM_0002960,ISIC_0024994,df,consensus,40.0,female,lower extremity,data/raw/HAM10000_images_part_1/ISIC_0024994.jpg,test,3,6,df,vasc,0.4059684,False,df → vasc,0.019321883,0.03529364,0.11470048,0.14786763,0.02732265,0.24952528,0.4059684
HAM_0004090,ISIC_0031271,df,consensus,45.0,female,lower extremity,data/raw/HAM10000_images_part_2/ISIC_0031271.jpg,test,3,6,df,vasc,0.31866947,False,df → vasc,0.07735533,0.15103787,0.023266982,0.24065892,0.04953157,0.13947979,0.31866947
HAM_0002045,ISIC_0029973,df,consensus,60.0,male,lower extremity,data/raw/HAM10000_images_part_2/ISIC_0029973.jpg,test,3,6,df,vasc,0.4010469,False,df → vasc,0.033004433,0.061968844,0.013937194,0.12275727,0.01427597,0.35300937,0.4010469
HAM_0006722,ISIC_0030443,mel,histo,85.0,female,lower extremity,data/raw/HAM10000_images_part_2/ISIC_0030443.jpg,test,4,4,mel,mel,0.6926293,True,mel → mel,0.047208827,0.02826882,0.11741978,0.009585358,0.6926293,0.0962376,0.008650318
HAM_0006722,ISIC_0031499,mel,histo,85.0,female,lower extremity,data/raw/HAM10000_images_part_2/ISIC_0031499.jpg,test,4,4,mel,mel,0.4845898,True,mel → mel,0.14764579,0.14339855,0.08392239,0.019764597,0.4845898,0.11224725,0.008431523
HAM_0003832,ISIC_0025450,mel,histo,60.0,female,lower extremity,data/raw/HAM10000_images_part_1/ISIC_0025450.jpg,test,4,5,mel,nv,0.52229,False,mel → nv,0.0429992,0.10103969,0.039881043,0.06866413,0.091437675,0.52229,0.13368833
HAM_0003832,ISIC_0024586,mel,histo,60.0,female,lower extremity,data/raw/HAM10000_images_part_1/ISIC_0024586.jpg,test,4,5,mel,nv,0.60710096,False,mel → nv,0.01390527,0.062193256,0.053540535,0.036059435,0.14794452,0.60710096,0.079255946
HAM_0006453,ISIC_0029081,mel,histo,70.0,male,abdomen,data/raw/HAM10000_images_part_1/ISIC_0029081.jpg,test,4,4,mel,mel,0.47174206,True,mel → mel,0.050790645,0.035651397,0.19434828,0.028517596,0.47174206,0.1999185,0.01903164
HAM_0006453,ISIC_0025744,mel,histo,70.0,male,abdomen,data/raw/HAM10000_images_part_1/ISIC_0025744.jpg,test,4,4,mel,mel,0.5265505,True,mel → mel,0.06156574,0.039732177,0.31578147,0.0070307194,0.5265505,0.04628148,0.0030579425
HAM_0007454,ISIC_0032214,mel,histo,70.0,male,scalp,data/raw/HAM10000_images_part_2/ISIC_0032214.jpg,test,4,5,mel,nv,0.7650785,False,mel → nv,0.030155262,0.02468926,0.012185992,0.03739673,0.09195685,0.7650785,0.038537458
HAM_0001726,ISIC_0029281,mel,histo,35.0,female,back,data/raw/HAM10000_images_part_1/ISIC_0029281.jpg,test,4,5,mel,nv,0.5158878,False,mel → nv,0.038085625,0.045860395,0.07199776,0.017752435,0.28432614,0.5158878,0.026089933
HAM_0001726,ISIC_0024367,mel,histo,35.0,female,back,data/raw/HAM10000_images_part_1/ISIC_0024367.jpg,test,4,4,mel,mel,0.36874577,True,mel → mel,0.08472613,0.106939286,0.2225319,0.031238658,0.36874577,0.16392785,0.021890342
HAM_0000060,ISIC_0031953,mel,histo,55.0,male,abdomen,data/raw/HAM10000_images_part_2/ISIC_0031953.jpg,test,4,5,mel,nv,0.46871802,False,mel → nv,0.032243453,0.08380628,0.064341046,0.028465511,0.29503137,0.46871802,0.02739438
HAM_0000060,ISIC_0031406,mel,histo,55.0,male,abdomen,data/raw/HAM10000_images_part_2/ISIC_0031406.jpg,test,4,5,mel,nv,0.49148178,False,mel → nv,0.03802214,0.08324802,0.12179173,0.06711035,0.13909227,0.49148178,0.05925372
HAM_0004813,ISIC_0027063,mel,histo,80.0,male,abdomen,data/raw/HAM10000_images_part_1/ISIC_0027063.jpg,test,4,4,mel,mel,0.4255472,True,mel → mel,0.040160548,0.037226018,0.2898883,0.01741248,0.4255472,0.17661372,0.013151739
HAM_0004813,ISIC_0032331,mel,histo,80.0,male,abdomen,data/raw/HAM10000_images_part_2/ISIC_0032331.jpg,test,4,5,mel,nv,0.34921288,False,mel → nv,0.028137337,0.016614873,0.2618716,0.039267663,0.2751473,0.34921288,0.029748373
HAM_0007171,ISIC_0029913,mel,histo,30.0,female,lower extremity,data/raw/HAM10000_images_part_2/ISIC_0029913.jpg,test,4,5,mel,nv,0.4163605,False,mel → nv,0.012386467,0.02026832,0.11609124,0.062192213,0.26733798,0.4163605,0.10536336
HAM_0007171,ISIC_0026909,mel,histo,30.0,female,lower extremity,data/raw/HAM10000_images_part_1/ISIC_0026909.jpg,test,4,5,mel,nv,0.43244633,False,mel → nv,0.02652188,0.022539964,0.067803174,0.0841345,0.0953483,0.43244633,0.27120584
HAM_0001531,ISIC_0024951,mel,histo,70.0,male,back,data/raw/HAM10000_images_part_1/ISIC_0024951.jpg,test,4,4,mel,mel,0.32457942,True,mel → mel,0.05560477,0.061189592,0.11525309,0.06354212,0.32457942,0.29652295,0.08330801
HAM_0001531,ISIC_0030106,mel,histo,70.0,male,back,data/raw/HAM10000_images_part_2/ISIC_0030106.jpg,test,4,4,mel,mel,0.47803426,True,mel → mel,0.07929376,0.056344736,0.072537825,0.03544481,0.47803426,0.23093806,0.047406543
HAM_0001328,ISIC_0028442,mel,histo,75.0,male,unknown,data/raw/HAM10000_images_part_1/ISIC_0028442.jpg,test,4,4,mel,mel,0.40279877,True,mel → mel,0.113501,0.07634347,0.11446807,0.065313324,0.40279877,0.20175764,0.02581779
HAM_0002182,ISIC_0031972,mel,histo,65.0,female,face,data/raw/HAM10000_images_part_2/ISIC_0031972.jpg,test,4,2,mel,bkl,0.3993416,False,mel → bkl,0.08290439,0.07000595,0.3993416,0.05216489,0.2065585,0.13954432,0.049480304
HAM_0002182,ISIC_0030539,mel,histo,65.0,female,face,data/raw/HAM10000_images_part_2/ISIC_0030539.jpg,test,4,2,mel,bkl,0.35019833,False,mel → bkl,0.056711115,0.06386142,0.35019833,0.07457461,0.16504587,0.22572917,0.06387952
HAM_0001202,ISIC_0031517,mel,histo,70.0,female,upper extremity,data/raw/HAM10000_images_part_2/ISIC_0031517.jpg,test,4,4,mel,mel,0.36735612,True,mel → mel,0.09950921,0.12232974,0.1482936,0.048630673,0.36735612,0.18026412,0.03361649
HAM_0001202,ISIC_0028022,mel,histo,70.0,female,upper extremity,data/raw/HAM10000_images_part_1/ISIC_0028022.jpg,test,4,4,mel,mel,0.39925504,True,mel → mel,0.1128195,0.09577584,0.17823131,0.04911874,0.39925504,0.1376401,0.027159484
HAM_0006522,ISIC_0026369,mel,histo,30.0,female,lower extremity,data/raw/HAM10000_images_part_1/ISIC_0026369.jpg,test,4,5,mel,nv,0.71253663,False,mel → nv,0.0068456302,0.0040447,0.048395015,0.01603621,0.08835883,0.71253663,0.12378296
HAM_0006522,ISIC_0030521,mel,histo,30.0,female,lower extremity,data/raw/HAM10000_images_part_2/ISIC_0030521.jpg,test,4,5,mel,nv,0.37824237,False,mel → nv,0.013785784,0.025101392,0.21460861,0.05037921,0.08454322,0.37824237,0.23333947
HAM_0001796,ISIC_0025363,mel,histo,70.0,male,abdomen,data/raw/HAM10000_images_part_1/ISIC_0025363.jpg,test,4,1,mel,bcc,0.22289374,False,mel → bcc,0.0955746,0.22289374,0.14666599,0.068868496,0.17967299,0.07597803,0.21034616
HAM_0001796,ISIC_0029473,mel,histo,70.0,male,abdomen,data/raw/HAM10000_images_part_2/ISIC_0029473.jpg,test,4,1,mel,bcc,0.3413904,False,mel → bcc,0.19765821,0.3413904,0.077292636,0.04737658,0.1549261,0.08036234,0.10099373
HAM_0000417,ISIC_0025783,mel,histo,65.0,male,back,data/raw/HAM10000_images_part_1/ISIC_0025783.jpg,test,4,5,mel,nv,0.54261124,False,mel → nv,0.024153907,0.10650643,0.05434709,0.046351764,0.13113558,0.54261124,0.09489399
HAM_0007229,ISIC_0031545,mel,histo,75.0,female,back,data/raw/HAM10000_images_part_2/ISIC_0031545.jpg,test,4,4,mel,mel,0.42302412,True,mel → mel,0.0050598606,0.0095042195,0.1951424,0.009817664,0.42302412,0.33147508,0.025976673
HAM_0003449,ISIC_0029242,mel,histo,85.0,male,back,data/raw/HAM10000_images_part_1/ISIC_0029242.jpg,test,4,4,mel,mel,0.3068555,True,mel → mel,0.07074454,0.16086923,0.12333274,0.03921236,0.3068555,0.1599722,0.1390135
HAM_0003449,ISIC_0027263,mel,histo,85.0,male,back,data/raw/HAM10000_images_part_1/ISIC_0027263.jpg,test,4,4,mel,mel,0.37635493,True,mel → mel,0.045435835,0.07803885,0.27259275,0.025786005,0.37635493,0.11379676,0.0879949
HAM_0004153,ISIC_0029216,mel,histo,80.0,male,foot,data/raw/HAM10000_images_part_1/ISIC_0029216.jpg,test,4,5,mel,nv,0.53243494,False,mel → nv,0.017781146,0.040616374,0.13481589,0.04762129,0.11535433,0.53243494,0.111376
HAM_0004153,ISIC_0026489,mel,histo,80.0,male,foot,data/raw/HAM10000_images_part_1/ISIC_0026489.jpg,test,4,5,mel,nv,0.34553242,False,mel → nv,0.024849333,0.129129,0.10477262,0.051285196,0.13466741,0.34553242,0.20976402
HAM_0006651,ISIC_0032182,mel,histo,70.0,female,back,data/raw/HAM10000_images_part_2/ISIC_0032182.jpg,test,4,6,mel,vasc,0.34915906,False,mel → vasc,0.018219866,0.12696809,0.09026904,0.040949423,0.24697459,0.12745994,0.34915906
HAM_0004102,ISIC_0029726,mel,histo,75.0,male,face,data/raw/HAM10000_images_part_2/ISIC_0029726.jpg,test,4,0,mel,akiec,0.39404112,False,mel → akiec,0.39404112,0.27221575,0.06557726,0.041074146,0.14055501,0.07710707,0.00942964
HAM_0006208,ISIC_0028916,mel,histo,60.0,female,face,data/raw/HAM10000_images_part_1/ISIC_0028916.jpg,test,4,2,mel,bkl,0.4805569,False,mel → bkl,0.058372244,0.017866148,0.4805569,0.015456369,0.3579961,0.05984444,0.009907721
HAM_0002115,ISIC_0032408,mel,histo,60.0,female,upper extremity,data/raw/HAM10000_images_part_2/ISIC_0032408.jpg,test,4,4,mel,mel,0.35890302,True,mel → mel,0.02394662,0.1765401,0.066420674,0.021143224,0.35890302,0.22900157,0.124044836
HAM_0005403,ISIC_0026086,mel,histo,55.0,male,upper extremity,data/raw/HAM10000_images_part_1/ISIC_0026086.jpg,test,4,4,mel,mel,0.66810673,True,mel → mel,0.061042998,0.05612117,0.15130663,0.008967974,0.66810673,0.046089765,0.008364781
HAM_0007163,ISIC_0033268,mel,histo,50.0,female,lower extremity,data/raw/HAM10000_images_part_2/ISIC_0033268.jpg,test,4,5,mel,nv,0.5932506,False,mel → nv,0.015113857,0.0079879165,0.1415691,0.029389983,0.17198347,0.5932506,0.04070511
HAM_0007163,ISIC_0032750,mel,histo,50.0,female,lower extremity,data/raw/HAM10000_images_part_2/ISIC_0032750.jpg,test,4,4,mel,mel,0.4287143,True,mel → mel,0.057192836,0.017990746,0.26235646,0.014747732,0.4287143,0.21244438,0.006553513
HAM_0004405,ISIC_0032532,mel,histo,80.0,male,back,data/raw/HAM10000_images_part_2/ISIC_0032532.jpg,test,4,4,mel,mel,0.50005025,True,mel → mel,0.015703391,0.005855,0.18052514,0.018351365,0.50005025,0.26551118,0.014003733
HAM_0004405,ISIC_0033500,mel,histo,80.0,male,back,data/raw/HAM10000_images_part_2/ISIC_0033500.jpg,test,4,4,mel,mel,0.60499513,True,mel → mel,0.040483262,0.010148031,0.18384025,0.013630525,0.60499513,0.14255255,0.004350246
HAM_0000179,ISIC_0034046,mel,histo,45.0,male,back,data/raw/HAM10000_images_part_2/ISIC_0034046.jpg,test,4,5,mel,nv,0.5127661,False,mel → nv,0.03635162,0.033951245,0.037928812,0.058744255,0.28354245,0.5127661,0.03671545
HAM_0000179,ISIC_0032550,mel,histo,45.0,male,back,data/raw/HAM10000_images_part_2/ISIC_0032550.jpg,test,4,4,mel,mel,0.47298902,True,mel → mel,0.025366252,0.02405928,0.13613032,0.0477468,0.47298902,0.26291046,0.030797815
HAM_0000179,ISIC_0033700,mel,histo,45.0,male,back,data/raw/HAM10000_images_part_2/ISIC_0033700.jpg,test,4,5,mel,nv,0.5289939,False,mel → nv,0.025342282,0.015612234,0.050253887,0.039719284,0.31326547,0.5289939,0.026812924
HAM_0003983,ISIC_0033975,mel,histo,85.0,male,abdomen,data/raw/HAM10000_images_part_2/ISIC_0033975.jpg,test,4,4,mel,mel,0.22454832,True,mel → mel,0.05392894,0.08773849,0.17327653,0.10200837,0.22454832,0.21581002,0.1426893
HAM_0003983,ISIC_0033278,mel,histo,85.0,male,abdomen,data/raw/HAM10000_images_part_2/ISIC_0033278.jpg,test,4,4,mel,mel,0.3499946,True,mel → mel,0.23244384,0.11763255,0.15664141,0.041347697,0.3499946,0.088009655,0.0139302695
HAM_0003983,ISIC_0033679,mel,histo,85.0,male,abdomen,data/raw/HAM10000_images_part_2/ISIC_0033679.jpg,test,4,4,mel,mel,0.32292518,True,mel → mel,0.09602411,0.10039759,0.0936286,0.075103156,0.32292518,0.24559188,0.06632954
HAM_0005500,ISIC_0033636,mel,histo,75.0,male,trunk,data/raw/HAM10000_images_part_2/ISIC_0033636.jpg,test,4,2,mel,bkl,0.3715359,False,mel → bkl,0.06966024,0.1562395,0.3715359,0.018371096,0.30899212,0.041699596,0.03350155
HAM_0001266,ISIC_0029909,mel,histo,75.0,female,ear,data/raw/HAM10000_images_part_2/ISIC_0029909.jpg,test,4,0,mel,akiec,0.42207435,False,mel → akiec,0.42207435,0.21749063,0.06094114,0.034503907,0.21600369,0.038108073,0.010878158
HAM_0001174,ISIC_0033027,mel,histo,70.0,male,scalp,data/raw/HAM10000_images_part_2/ISIC_0033027.jpg,test,4,5,mel,nv,0.5531793,False,mel → nv,0.018654373,0.16089585,0.041708,0.036754336,0.14462164,0.5531793,0.04418643
HAM_0000611,ISIC_0033804,mel,histo,30.0,female,back,data/raw/HAM10000_images_part_2/ISIC_0033804.jpg,test,4,5,mel,nv,0.70723444,False,mel → nv,0.0036813125,0.0021224194,0.030820284,0.016715543,0.2070989,0.70723444,0.032327052
HAM_0000611,ISIC_0033801,mel,histo,30.0,female,back,data/raw/HAM10000_images_part_2/ISIC_0033801.jpg,test,4,5,mel,nv,0.4404016,False,mel → nv,0.009618914,0.010851022,0.10166343,0.013455153,0.39980087,0.4404016,0.024208983
HAM_0000611,ISIC_0033216,mel,histo,30.0,female,back,data/raw/HAM10000_images_part_2/ISIC_0033216.jpg,test,4,5,mel,nv,0.6471645,False,mel → nv,0.0069646607,0.00911129,0.03875601,0.02070135,0.22996217,0.6471645,0.04733998
HAM_0005336,ISIC_0033154,mel,histo,30.0,male,trunk,data/raw/HAM10000_images_part_2/ISIC_0033154.jpg,test,4,5,mel,nv,0.47798064,False,mel → nv,0.035199173,0.027328296,0.070322,0.02672049,0.34673175,0.47798064,0.0157176
HAM_0005336,ISIC_0033192,mel,histo,30.0,male,trunk,data/raw/HAM10000_images_part_2/ISIC_0033192.jpg,test,4,5,mel,nv,0.411539,False,mel → nv,0.055660013,0.059130017,0.07557944,0.029558495,0.35371983,0.411539,0.014813269
HAM_0002235,ISIC_0034222,mel,histo,30.0,male,back,data/raw/HAM10000_images_part_2/ISIC_0034222.jpg,test,4,5,mel,nv,0.4380734,False,mel → nv,0.07728019,0.19201821,0.05394567,0.044561267,0.17107731,0.4380734,0.023043856
HAM_0002235,ISIC_0032569,mel,histo,30.0,male,back,data/raw/HAM10000_images_part_2/ISIC_0032569.jpg,test,4,5,mel,nv,0.4128968,False,mel → nv,0.034023225,0.051289205,0.08867961,0.026026549,0.36999056,0.4128968,0.017094146
HAM_0002235,ISIC_0034064,mel,histo,30.0,male,back,data/raw/HAM10000_images_part_2/ISIC_0034064.jpg,test,4,5,mel,nv,0.56943625,False,mel → nv,0.024494272,0.12019648,0.056187246,0.039003972,0.1618077,0.56943625,0.028874058
HAM_0005581,ISIC_0033337,mel,histo,50.0,male,back,data/raw/HAM10000_images_part_2/ISIC_0033337.jpg,test,4,5,mel,nv,0.38979545,False,mel → nv,0.052973244,0.05438533,0.15367822,0.04461114,0.27811992,0.38979545,0.02643668
HAM_0005581,ISIC_0033594,mel,histo,50.0,male,back,data/raw/HAM10000_images_part_2/ISIC_0033594.jpg,test,4,5,mel,nv,0.49299827,False,mel → nv,0.02224528,0.0318859,0.124980785,0.03656159,0.2569792,0.49299827,0.03434903
HAM_0005628,ISIC_0032940,mel,histo,70.0,male,scalp,data/raw/HAM10000_images_part_2/ISIC_0032940.jpg,test,4,4,mel,mel,0.54028857,True,mel → mel,0.061253257,0.057408806,0.1573929,0.029530855,0.54028857,0.12996809,0.02415748
HAM_0004321,ISIC_0033479,mel,histo,40.0,female,back,data/raw/HAM10000_images_part_2/ISIC_0033479.jpg,test,4,4,mel,mel,0.47338775,True,mel → mel,0.026261762,0.01132718,0.09837059,0.014037112,0.47338775,0.36961168,0.0070039746
HAM_0004321,ISIC_0033522,mel,histo,40.0,female,back,data/raw/HAM10000_images_part_2/ISIC_0033522.jpg,test,4,4,mel,mel,0.38518724,True,mel → mel,0.06543775,0.06795963,0.06243476,0.023711247,0.38518724,0.3803216,0.014947734
HAM_0001465,ISIC_0033209,mel,histo,65.0,male,ear,data/raw/HAM10000_images_part_2/ISIC_0033209.jpg,test,4,4,mel,mel,0.30092677,True,mel → mel,0.09049928,0.040099606,0.24277055,0.04484588,0.30092677,0.24818636,0.032671444
HAM_0001465,ISIC_0034074,mel,histo,65.0,male,ear,data/raw/HAM10000_images_part_2/ISIC_0034074.jpg,test,4,5,mel,nv,0.54582655,False,mel → nv,0.03344666,0.032729942,0.082820885,0.061788507,0.11347148,0.54582655,0.129916
HAM_0001465,ISIC_0032699,mel,histo,65.0,male,ear,data/raw/HAM10000_images_part_2/ISIC_0032699.jpg,test,4,5,mel,nv,0.27557576,False,mel → nv,0.11811742,0.07309923,0.17315117,0.058584202,0.23797964,0.27557576,0.0634926
HAM_0003421,ISIC_0033470,mel,histo,55.0,female,upper extremity,data/raw/HAM10000_images_part_2/ISIC_0033470.jpg,test,4,4,mel,mel,0.5841389,True,mel → mel,0.01021946,0.014620803,0.09477484,0.010626379,0.5841389,0.26610872,0.019511
HAM_0003421,ISIC_0034094,mel,histo,55.0,female,upper extremity,data/raw/HAM10000_images_part_2/ISIC_0034094.jpg,test,4,4,mel,mel,0.395303,True,mel → mel,0.037867907,0.031671472,0.10833876,0.028235262,0.395303,0.36472046,0.033863124
HAM_0003421,ISIC_0033560,mel,histo,55.0,female,upper extremity,data/raw/HAM10000_images_part_2/ISIC_0033560.jpg,test,4,4,mel,mel,0.6557788,True,mel → mel,0.0045188274,0.003709474,0.098761015,0.004785917,0.6557788,0.2276348,0.004811143
HAM_0004881,ISIC_0033806,mel,histo,85.0,male,abdomen,data/raw/HAM10000_images_part_2/ISIC_0033806.jpg,test,4,4,mel,mel,0.5447637,True,mel → mel,0.013722165,0.018336844,0.2199231,0.0035638267,0.5447637,0.19607319,0.0036171882
HAM_0004881,ISIC_0032913,mel,histo,85.0,male,abdomen,data/raw/HAM10000_images_part_2/ISIC_0032913.jpg,test,4,4,mel,mel,0.4872315,True,mel → mel,0.013694299,0.04811065,0.1873036,0.007101647,0.4872315,0.252002,0.0045563113
HAM_0007574,ISIC_0033624,mel,histo,70.0,male,scalp,data/raw/HAM10000_images_part_2/ISIC_0033624.jpg,test,4,2,mel,bkl,0.52794296,False,mel → bkl,0.072635666,0.037091892,0.52794296,0.01653532,0.2484864,0.09306158,0.00424619
HAM_0007574,ISIC_0033238,mel,histo,70.0,male,scalp,data/raw/HAM10000_images_part_2/ISIC_0033238.jpg,test,4,2,mel,bkl,0.58049136,False,mel → bkl,0.050688483,0.07767029,0.58049136,0.03489016,0.14936449,0.09176939,0.015125946
HAM_0007574,ISIC_0034089,mel,histo,70.0,male,scalp,data/raw/HAM10000_images_part_2/ISIC_0034089.jpg,test,4,2,mel,bkl,0.4764746,False,mel → bkl,0.050694708,0.032938797,0.4764746,0.009678985,0.29641554,0.12897564,0.0048216996
HAM_0000042,ISIC_0034048,mel,histo,45.0,female,upper extremity,data/raw/HAM10000_images_part_2/ISIC_0034048.jpg,test,4,4,mel,mel,0.43373996,True,mel → mel,0.017092291,0.04505552,0.1623292,0.017327448,0.43373996,0.31444725,0.010008327
HAM_0000042,ISIC_0033905,mel,histo,45.0,female,upper extremity,data/raw/HAM10000_images_part_2/ISIC_0033905.jpg,test,4,4,mel,mel,0.56963664,True,mel → mel,0.036324307,0.023057994,0.18834944,0.009050813,0.56963664,0.16723919,0.0063416846
HAM_0000042,ISIC_0033981,mel,histo,45.0,female,upper extremity,data/raw/HAM10000_images_part_2/ISIC_0033981.jpg,test,4,4,mel,mel,0.38466564,True,mel → mel,0.054028325,0.060919102,0.26173633,0.012817364,0.38466564,0.219182,0.0066512893
HAM_0002149,ISIC_0033042,mel,histo,60.0,female,face,data/raw/HAM10000_images_part_2/ISIC_0033042.jpg,test,4,1,mel,bcc,0.26428583,False,mel → bcc,0.14246997,0.26428583,0.18293838,0.053967766,0.20256107,0.11670537,0.037071645
HAM_0001863,ISIC_0032797,mel,histo,70.0,male,upper extremity,data/raw/HAM10000_images_part_2/ISIC_0032797.jpg,test,4,4,mel,mel,0.4054614,True,mel → mel,0.04383673,0.058719467,0.13354787,0.034203954,0.4054614,0.30694315,0.017287422
HAM_0001863,ISIC_0032596,mel,histo,70.0,male,upper extremity,data/raw/HAM10000_images_part_2/ISIC_0032596.jpg,test,4,4,mel,mel,0.6154007,True,mel → mel,0.022818455,0.041830234,0.119383425,0.005312224,0.6154007,0.19201252,0.0032423967
HAM_0001863,ISIC_0032856,mel,histo,70.0,male,upper extremity,data/raw/HAM10000_images_part_2/ISIC_0032856.jpg,test,4,4,mel,mel,0.50351775,True,mel → mel,0.035776835,0.0431497,0.15710875,0.010248033,0.50351775,0.24466997,0.005528919
HAM_0001863,ISIC_0033193,mel,histo,70.0,male,upper extremity,data/raw/HAM10000_images_part_2/ISIC_0033193.jpg,test,4,5,mel,nv,0.3996165,False,mel → nv,0.041381456,0.062073857,0.08548012,0.0229157,0.36300367,0.3996165,0.025528692
HAM_0001863,ISIC_0033125,mel,histo,70.0,male,upper extremity,data/raw/HAM10000_images_part_2/ISIC_0033125.jpg,test,4,4,mel,mel,0.5114728,True,mel → mel,0.049982734,0.038362198,0.09949951,0.019758508,0.5114728,0.26690888,0.014015441
HAM_0001863,ISIC_0032810,mel,histo,70.0,male,upper extremity,data/raw/HAM10000_images_part_2/ISIC_0032810.jpg,test,4,4,mel,mel,0.5197755,True,mel → mel,0.014316544,0.0187052,0.1351644,0.011201181,0.5197755,0.29339093,0.0074461466
HAM_0003566,ISIC_0032684,mel,histo,50.0,male,abdomen,data/raw/HAM10000_images_part_2/ISIC_0032684.jpg,test,4,4,mel,mel,0.5069394,True,mel → mel,0.01142496,0.012766563,0.16776228,0.007228196,0.5069394,0.27842945,0.015449201
HAM_0003566,ISIC_0034052,mel,histo,50.0,male,abdomen,data/raw/HAM10000_images_part_2/ISIC_0034052.jpg,test,4,4,mel,mel,0.6295284,True,mel → mel,0.017728964,0.018576747,0.17597456,0.008050339,0.6295284,0.14037164,0.009769277
HAM_0003566,ISIC_0033171,mel,histo,50.0,male,abdomen,data/raw/HAM10000_images_part_2/ISIC_0033171.jpg,test,4,5,mel,nv,0.58072466,False,mel → nv,0.00870211,0.007103979,0.11989442,0.021935567,0.22277823,0.58072466,0.038861025
HAM_0003495,ISIC_0032869,mel,histo,85.0,male,back,data/raw/HAM10000_images_part_2/ISIC_0032869.jpg,test,4,4,mel,mel,0.37553,True,mel → mel,0.14060925,0.111773625,0.13021457,0.041083988,0.37553,0.18256868,0.018219933
HAM_0003495,ISIC_0033524,mel,histo,85.0,male,back,data/raw/HAM10000_images_part_2/ISIC_0033524.jpg,test,4,5,mel,nv,0.3267471,False,mel → nv,0.047910903,0.03778934,0.25149235,0.07717809,0.23046519,0.3267471,0.028416991
HAM_0006376,ISIC_0032845,mel,histo,70.0,female,lower extremity,data/raw/HAM10000_images_part_2/ISIC_0032845.jpg,test,4,5,mel,nv,0.6256537,False,mel → nv,0.008815968,0.005184615,0.03366779,0.013269613,0.2599631,0.6256537,0.053445276
HAM_0007589,ISIC_0034049,mel,histo,70.0,male,back,data/raw/HAM10000_images_part_2/ISIC_0034049.jpg,test,4,4,mel,mel,0.4987379,True,mel → mel,0.027160723,0.015147264,0.23412447,0.017387636,0.4987379,0.188612,0.018829964
HAM_0002841,ISIC_0032982,mel,histo,20.0,male,back,data/raw/HAM10000_images_part_2/ISIC_0032982.jpg,test,4,5,mel,nv,0.7386113,False,mel → nv,0.012640729,0.038057603,0.023722325,0.016482338,0.14567606,0.7386113,0.024809672
HAM_0002841,ISIC_0033196,mel,histo,20.0,male,back,data/raw/HAM10000_images_part_2/ISIC_0033196.jpg,test,4,5,mel,nv,0.7852587,False,mel → nv,0.009223152,0.009737546,0.018487385,0.011755886,0.13904521,0.7852587,0.02649211
HAM_0002841,ISIC_0032653,mel,histo,20.0,male,back,data/raw/HAM10000_images_part_2/ISIC_0032653.jpg,test,4,5,mel,nv,0.5510662,False,mel → nv,0.035695843,0.041289024,0.106376775,0.055309113,0.16534367,0.5510662,0.04491937
HAM_0004859,ISIC_0033812,mel,histo,70.0,female,neck,data/raw/HAM10000_images_part_2/ISIC_0033812.jpg,test,4,5,mel,nv,0.40238145,False,mel → nv,0.012715287,0.00865306,0.31447503,0.025214365,0.17157346,0.40238145,0.06498741
HAM_0004859,ISIC_0033653,mel,histo,70.0,female,neck,data/raw/HAM10000_images_part_2/ISIC_0033653.jpg,test,4,5,mel,nv,0.45137644,False,mel → nv,0.011987591,0.009646354,0.26958847,0.037957117,0.18270072,0.45137644,0.036743324
HAM_0003351,ISIC_0033878,mel,histo,80.0,female,face,data/raw/HAM10000_images_part_2/ISIC_0033878.jpg,test,4,4,mel,mel,0.46008724,True,mel → mel,0.03938279,0.04184686,0.33620417,0.015626522,0.46008724,0.09027203,0.016580358
HAM_0006517,ISIC_0032672,mel,histo,55.0,female,lower extremity,data/raw/HAM10000_images_part_2/ISIC_0032672.jpg,test,4,4,mel,mel,0.39551303,True,mel → mel,0.015813604,0.07734565,0.29742697,0.0054074395,0.39551303,0.19684209,0.011651205
HAM_0006517,ISIC_0034076,mel,histo,55.0,female,lower extremity,data/raw/HAM10000_images_part_2/ISIC_0034076.jpg,test,4,4,mel,mel,0.3107588,True,mel → mel,0.013807294,0.22210929,0.19688289,0.006811501,0.3107588,0.22349828,0.026131965
HAM_0006462,ISIC_0033520,mel,histo,55.0,male,neck,data/raw/HAM10000_images_part_2/ISIC_0033520.jpg,test,4,4,mel,mel,0.463025,True,mel → mel,0.023947716,0.013048536,0.2593807,0.011483341,0.463025,0.22145322,0.0076614944
HAM_0006462,ISIC_0034028,mel,histo,55.0,male,neck,data/raw/HAM10000_images_part_2/ISIC_0034028.jpg,test,4,4,mel,mel,0.43995297,True,mel → mel,0.046212293,0.023841426,0.23168303,0.016130209,0.43995297,0.2334498,0.008730222
HAM_0003439,ISIC_0033050,mel,histo,75.0,female,back,data/raw/HAM10000_images_part_2/ISIC_0033050.jpg,test,4,4,mel,mel,0.4923442,True,mel → mel,0.006735043,0.0039400496,0.2750245,0.008197453,0.4923442,0.19665062,0.017108189
HAM_0003439,ISIC_0033526,mel,histo,75.0,female,back,data/raw/HAM10000_images_part_2/ISIC_0033526.jpg,test,4,4,mel,mel,0.35260415,True,mel → mel,0.016850913,0.0068354188,0.2582401,0.027353114,0.35260415,0.31205928,0.026057
HAM_0001974,ISIC_0033807,mel,histo,65.0,female,lower extremity,data/raw/HAM10000_images_part_2/ISIC_0033807.jpg,test,4,1,mel,bcc,0.33102602,False,mel → bcc,0.13080458,0.33102602,0.06912335,0.06385812,0.2301686,0.08664195,0.088377334
HAM_0001974,ISIC_0033533,mel,histo,65.0,female,lower extremity,data/raw/HAM10000_images_part_2/ISIC_0033533.jpg,test,4,4,mel,mel,0.3070076,True,mel → mel,0.16596873,0.1627591,0.14667422,0.07862149,0.3070076,0.087781996,0.051186815
HAM_0006376,ISIC_0034317,mel,histo,70.0,female,lower extremity,data/raw/HAM10000_images_part_2/ISIC_0034317.jpg,test,4,5,mel,nv,0.56155366,False,mel → nv,0.013451105,0.013791771,0.041276835,0.023638431,0.23738432,0.56155366,0.10890378
HAM_0006376,ISIC_0033662,mel,histo,70.0,female,lower extremity,data/raw/HAM10000_images_part_2/ISIC_0033662.jpg,test,4,5,mel,nv,0.60490775,False,mel → nv,0.019162735,0.011474846,0.041157264,0.023735454,0.23616622,0.60490775,0.06339572
HAM_0001647,ISIC_0033730,mel,histo,70.0,female,back,data/raw/HAM10000_images_part_2/ISIC_0033730.jpg,test,4,5,mel,nv,0.41974378,False,mel → nv,0.0364937,0.011606325,0.11202981,0.03939399,0.36039183,0.41974378,0.02034056
HAM_0001647,ISIC_0032975,mel,histo,70.0,female,back,data/raw/HAM10000_images_part_2/ISIC_0032975.jpg,test,4,4,mel,mel,0.55363035,True,mel → mel,0.06712285,0.034234747,0.12444161,0.028348492,0.55363035,0.1800098,0.01221212
HAM_0002723,ISIC_0034243,mel,histo,45.0,female,lower extremity,data/raw/HAM10000_images_part_2/ISIC_0034243.jpg,test,4,4,mel,mel,0.49657395,True,mel → mel,0.043862805,0.040443894,0.07675599,0.032183047,0.49657395,0.22915518,0.08102507
HAM_0002723,ISIC_0034050,mel,histo,45.0,female,lower extremity,data/raw/HAM10000_images_part_2/ISIC_0034050.jpg,test,4,4,mel,mel,0.6306634,True,mel → mel,0.040674385,0.05434075,0.100332566,0.020709975,0.6306634,0.123853885,0.029425014
HAM_0000988,ISIC_0031186,mel,histo,70.0,male,face,data/raw/HAM10000_images_part_2/ISIC_0031186.jpg,test,4,2,mel,bkl,0.29533306,False,mel → bkl,0.29206488,0.13983993,0.29533306,0.038890824,0.16950025,0.055627257,0.008743853
HAM_0003617,ISIC_0029502,mel,histo,50.0,female,upper extremity,data/raw/HAM10000_images_part_2/ISIC_0029502.jpg,test,4,5,mel,nv,0.43110275,False,mel → nv,0.095764,0.10315246,0.11499931,0.094034605,0.09166889,0.43110275,0.06927791
HAM_0001299,ISIC_0031208,mel,histo,55.0,female,back,data/raw/HAM10000_images_part_2/ISIC_0031208.jpg,test,4,4,mel,mel,0.6219802,True,mel → mel,0.010260677,0.0064916387,0.13760106,0.006439346,0.6219802,0.21042952,0.0067975633
HAM_0001299,ISIC_0026545,mel,histo,55.0,female,back,data/raw/HAM10000_images_part_1/ISIC_0026545.jpg,test,4,4,mel,mel,0.6161032,True,mel → mel,0.018886682,0.01721214,0.13571356,0.007830998,0.6161032,0.19602777,0.008225633
HAM_0004427,ISIC_0029092,mel,histo,65.0,female,upper extremity,data/raw/HAM10000_images_part_1/ISIC_0029092.jpg,test,4,5,mel,nv,0.65367085,False,mel → nv,0.015106145,0.019978397,0.050625496,0.013600118,0.2045794,0.65367085,0.04243959
HAM_0007586,ISIC_0029819,mel,histo,70.0,female,upper extremity,data/raw/HAM10000_images_part_2/ISIC_0029819.jpg,test,4,5,mel,nv,0.3154754,False,mel → nv,0.028802456,0.10695241,0.24293153,0.02922778,0.22454613,0.3154754,0.052064154
HAM_0006207,ISIC_0030034,mel,histo,50.0,female,back,data/raw/HAM10000_images_part_2/ISIC_0030034.jpg,test,4,5,mel,nv,0.43909883,False,mel → nv,0.06863048,0.071098514,0.052033003,0.12079847,0.0791725,0.43909883,0.16916817
HAM_0003761,ISIC_0025316,mel,histo,45.0,female,lower extremity,data/raw/HAM10000_images_part_1/ISIC_0025316.jpg,test,4,5,mel,nv,0.7371715,False,mel → nv,0.021101482,0.03920944,0.019177759,0.02038548,0.123582065,0.7371715,0.039372314
HAM_0006088,ISIC_0028760,mel,histo,30.0,female,abdomen,data/raw/HAM10000_images_part_1/ISIC_0028760.jpg,test,4,5,mel,nv,0.7888197,False,mel → nv,0.007043091,0.013233538,0.009664396,0.015903778,0.036119718,0.7888197,0.12921576
HAM_0001726,ISIC_0024700,mel,histo,35.0,female,trunk,data/raw/HAM10000_images_part_1/ISIC_0024700.jpg,test,4,5,mel,nv,0.40124404,False,mel → nv,0.15794672,0.11637002,0.03945269,0.04409878,0.21676107,0.40124404,0.02412669
HAM_0006453,ISIC_0030192,mel,histo,70.0,male,abdomen,data/raw/HAM10000_images_part_2/ISIC_0030192.jpg,test,4,5,mel,nv,0.57812214,False,mel → nv,0.07268538,0.03763249,0.031432927,0.025388222,0.2437358,0.57812214,0.011003105
HAM_0003484,ISIC_0028003,mel,histo,30.0,male,lower extremity,data/raw/HAM10000_images_part_1/ISIC_0028003.jpg,test,4,5,mel,nv,0.81900823,False,mel → nv,0.0158332,0.012907061,0.011930599,0.024809318,0.053987347,0.81900823,0.061524283
HAM_0002764,ISIC_0030366,mel,histo,60.0,female,back,data/raw/HAM10000_images_part_2/ISIC_0030366.jpg,test,4,5,mel,nv,0.5435382,False,mel → nv,0.04105734,0.1097602,0.03130387,0.044069547,0.15781572,0.5435382,0.072455086
HAM_0000417,ISIC_0031386,mel,histo,65.0,male,back,data/raw/HAM10000_images_part_2/ISIC_0031386.jpg,test,4,5,mel,nv,0.35734347,False,mel → nv,0.027556006,0.023199601,0.2891655,0.03354214,0.25062016,0.35734347,0.018573176
HAM_0006497,ISIC_0027302,mel,histo,35.0,female,lower extremity,data/raw/HAM10000_images_part_1/ISIC_0027302.jpg,test,4,5,mel,nv,0.64514184,False,mel → nv,0.005623894,0.0012420872,0.0702024,0.008342404,0.25890148,0.64514184,0.0105458675
HAM_0004878,ISIC_0029056,mel,histo,85.0,male,back,data/raw/HAM10000_images_part_1/ISIC_0029056.jpg,test,4,5,mel,nv,0.67847747,False,mel → nv,0.019656375,0.015109944,0.03192667,0.017440116,0.21308708,0.67847747,0.024302304
HAM_0004817,ISIC_0025238,mel,histo,55.0,male,lower extremity,data/raw/HAM10000_images_part_1/ISIC_0025238.jpg,test,4,5,mel,nv,0.35847378,False,mel → nv,0.05862077,0.15778875,0.054404985,0.012562773,0.34969088,0.35847378,0.0084580295
HAM_0000075,ISIC_0025651,mel,histo,70.0,male,back,data/raw/HAM10000_images_part_1/ISIC_0025651.jpg,test,4,4,mel,mel,0.44192868,True,mel → mel,0.30224916,0.0982256,0.1165696,0.009871171,0.44192868,0.028960135,0.002195645
HAM_0004654,ISIC_0027130,mel,histo,70.0,male,chest,data/raw/HAM10000_images_part_1/ISIC_0027130.jpg,test,4,5,mel,nv,0.41809112,False,mel → nv,0.112123795,0.093951054,0.15391777,0.02916347,0.18530078,0.41809112,0.007452007
HAM_0004021,ISIC_0025800,mel,histo,65.0,male,back,data/raw/HAM10000_images_part_1/ISIC_0025800.jpg,test,4,4,mel,mel,0.44669387,True,mel → mel,0.1401448,0.054852135,0.17957583,0.032068115,0.44669387,0.14154923,0.00511601
HAM_0002525,ISIC_0026811,mel,histo,55.0,male,face,data/raw/HAM10000_images_part_1/ISIC_0026811.jpg,test,4,2,mel,bkl,0.46443436,False,mel → bkl,0.12305807,0.09728826,0.46443436,0.032922845,0.16167238,0.099770114,0.020853957
HAM_0002906,ISIC_0026604,mel,histo,70.0,male,ear,data/raw/HAM10000_images_part_1/ISIC_0026604.jpg,test,4,1,mel,bcc,0.22960056,False,mel → bcc,0.18522292,0.22960056,0.10431834,0.051865146,0.20158064,0.17856076,0.048851598
HAM_0007488,ISIC_0029157,mel,histo,60.0,male,back,data/raw/HAM10000_images_part_1/ISIC_0029157.jpg,test,4,4,mel,mel,0.5107439,True,mel → mel,0.054678183,0.035570286,0.093718626,0.027752396,0.5107439,0.26815858,0.009378063
HAM_0007488,ISIC_0024952,mel,histo,60.0,male,back,data/raw/HAM10000_images_part_1/ISIC_0024952.jpg,test,4,4,mel,mel,0.57976294,True,mel → mel,0.020990169,0.018291375,0.1234034,0.0111028,0.57976294,0.23768502,0.008764287
HAM_0007498,ISIC_0025546,mel,histo,55.0,male,upper extremity,data/raw/HAM10000_images_part_1/ISIC_0025546.jpg,test,4,4,mel,mel,0.25717136,True,mel → mel,0.19608653,0.09205226,0.14510384,0.047983326,0.25717136,0.25426498,0.0073378207
HAM_0005623,ISIC_0030616,mel,histo,80.0,female,upper extremity,data/raw/HAM10000_images_part_2/ISIC_0030616.jpg,test,4,4,mel,mel,0.39892054,True,mel → mel,0.080661185,0.07699789,0.30889463,0.022289598,0.39892054,0.10255987,0.0096762795
HAM_0006130,ISIC_0031670,mel,histo,80.0,female,upper extremity,data/raw/HAM10000_images_part_2/ISIC_0031670.jpg,test,4,2,mel,bkl,0.55027133,False,mel → bkl,0.06598574,0.009016121,0.55027133,0.009142022,0.2705874,0.09372986,0.0012676194
HAM_0001744,ISIC_0031339,mel,histo,60.0,male,back,data/raw/HAM10000_images_part_2/ISIC_0031339.jpg,test,4,4,mel,mel,0.35882413,True,mel → mel,0.19516896,0.08412218,0.2288448,0.028511766,0.35882413,0.095120214,0.009407999
HAM_0006940,ISIC_0027021,mel,histo,55.0,male,upper extremity,data/raw/HAM10000_images_part_1/ISIC_0027021.jpg,test,4,0,mel,akiec,0.26177996,False,mel → akiec,0.26177996,0.21312308,0.049996402,0.09261199,0.14194682,0.21781832,0.022723326
HAM_0002906,ISIC_0027517,mel,histo,70.0,male,ear,data/raw/HAM10000_images_part_1/ISIC_0027517.jpg,test,4,2,mel,bkl,0.35352668,False,mel → bkl,0.09086135,0.05780671,0.35352668,0.035836846,0.29339513,0.1554601,0.013113068
HAM_0001744,ISIC_0032476,mel,histo,60.0,male,back,data/raw/HAM10000_images_part_2/ISIC_0032476.jpg,test,4,2,mel,bkl,0.44103655,False,mel → bkl,0.14595853,0.14944708,0.44103655,0.03750803,0.15239541,0.057480898,0.016173584
HAM_0001744,ISIC_0029353,mel,histo,60.0,male,back,data/raw/HAM10000_images_part_2/ISIC_0029353.jpg,test,4,2,mel,bkl,0.38430622,False,mel → bkl,0.22197026,0.06795096,0.38430622,0.03118865,0.20870945,0.07140489,0.0144695155
HAM_0001814,ISIC_0029170,mel,histo,65.0,female,foot,data/raw/HAM10000_images_part_1/ISIC_0029170.jpg,test,4,5,mel,nv,0.6548237,False,mel → nv,0.027798189,0.052863467,0.058852248,0.048075505,0.12003904,0.6548237,0.037547864
HAM_0001976,ISIC_0026586,mel,histo,85.0,male,upper extremity,data/raw/HAM10000_images_part_1/ISIC_0026586.jpg,test,4,4,mel,mel,0.4699938,True,mel → mel,0.2040057,0.124957465,0.11260574,0.018665338,0.4699938,0.060067505,0.009704435
HAM_0001976,ISIC_0025732,mel,histo,85.0,male,upper extremity,data/raw/HAM10000_images_part_1/ISIC_0025732.jpg,test,4,4,mel,mel,0.5982144,True,mel → mel,0.03694703,0.057540387,0.12699889,0.012008296,0.5982144,0.15865898,0.009632006
HAM_0001814,ISIC_0028567,mel,histo,65.0,female,foot,data/raw/HAM10000_images_part_1/ISIC_0028567.jpg,test,4,5,mel,nv,0.7177886,False,mel → nv,0.03091941,0.026373299,0.04649792,0.0355717,0.111259565,0.7177886,0.031589497
HAM_0003435,ISIC_0031350,mel,histo,60.0,male,back,data/raw/HAM10000_images_part_2/ISIC_0031350.jpg,test,4,5,mel,nv,0.43110976,False,mel → nv,0.08284682,0.10876214,0.1307813,0.019735627,0.21440598,0.43110976,0.012358396
HAM_0001964,ISIC_0032149,mel,histo,50.0,male,neck,data/raw/HAM10000_images_part_2/ISIC_0032149.jpg,test,4,2,mel,bkl,0.4286353,False,mel → bkl,0.12873659,0.067550145,0.4286353,0.09194341,0.11621064,0.13706982,0.029854001
HAM_0001964,ISIC_0024733,mel,histo,50.0,male,neck,data/raw/HAM10000_images_part_1/ISIC_0024733.jpg,test,4,5,mel,nv,0.34401777,False,mel → nv,0.15996261,0.06786425,0.18909593,0.08264081,0.14017095,0.34401777,0.016247677
HAM_0005504,ISIC_0032433,mel,histo,55.0,female,foot,data/raw/HAM10000_images_part_2/ISIC_0032433.jpg,test,4,2,mel,bkl,0.38232878,False,mel → bkl,0.018489772,0.01538501,0.38232878,0.03162441,0.19293852,0.29655817,0.062675215
HAM_0005504,ISIC_0027480,mel,histo,55.0,female,foot,data/raw/HAM10000_images_part_1/ISIC_0027480.jpg,test,4,5,mel,nv,0.6996093,False,mel → nv,0.017330024,0.017743917,0.065188855,0.030094326,0.09533325,0.6996093,0.0747003
HAM_0005789,ISIC_0028033,mel,histo,55.0,male,chest,data/raw/HAM10000_images_part_1/ISIC_0028033.jpg,test,4,5,mel,nv,0.5248742,False,mel → nv,0.014188493,0.028489817,0.075402975,0.0117167635,0.33402413,0.5248742,0.011303677
HAM_0005789,ISIC_0032204,mel,histo,55.0,male,chest,data/raw/HAM10000_images_part_2/ISIC_0032204.jpg,test,4,5,mel,nv,0.542254,False,mel → nv,0.03838811,0.07676953,0.10163076,0.034024395,0.18772209,0.542254,0.019211136
HAM_0005789,ISIC_0032095,mel,histo,55.0,male,chest,data/raw/HAM10000_images_part_2/ISIC_0032095.jpg,test,4,5,mel,nv,0.38238397,False,mel → nv,0.031323712,0.1065959,0.12934367,0.03203815,0.28473812,0.38238397,0.033576414
HAM_0004878,ISIC_0026802,mel,histo,85.0,male,back,data/raw/HAM10000_images_part_1/ISIC_0026802.jpg,test,4,5,mel,nv,0.6051647,False,mel → nv,0.038936533,0.04226149,0.025273252,0.02384255,0.24212086,0.6051647,0.02240061
HAM_0004878,ISIC_0032232,mel,histo,85.0,male,back,data/raw/HAM10000_images_part_2/ISIC_0032232.jpg,test,4,5,mel,nv,0.5084659,False,mel → nv,0.04860625,0.06002938,0.060002424,0.046490133,0.23166586,0.5084659,0.044740036
HAM_0000517,ISIC_0031005,mel,histo,65.0,male,back,data/raw/HAM10000_images_part_2/ISIC_0031005.jpg,test,4,2,mel,bkl,0.3961326,False,mel → bkl,0.1538089,0.13506699,0.3961326,0.029145384,0.18942153,0.09191102,0.004513608
HAM_0000517,ISIC_0030507,mel,histo,65.0,male,back,data/raw/HAM10000_images_part_2/ISIC_0030507.jpg,test,4,4,mel,mel,0.30390576,True,mel → mel,0.05947095,0.0958389,0.27626723,0.013281866,0.30390576,0.24544063,0.005794586
HAM_0007293,ISIC_0026735,mel,histo,85.0,female,face,data/raw/HAM10000_images_part_1/ISIC_0026735.jpg,test,4,4,mel,mel,0.5729216,True,mel → mel,0.03738532,0.03275212,0.15968105,0.02494107,0.5729216,0.1428866,0.029432237
HAM_0005909,ISIC_0026045,mel,histo,65.0,male,upper extremity,data/raw/HAM10000_images_part_1/ISIC_0026045.jpg,test,4,4,mel,mel,0.41164124,True,mel → mel,0.06666374,0.043536544,0.37773046,0.010793414,0.41164124,0.08804333,0.001591192
HAM_0007498,ISIC_0028156,mel,histo,55.0,male,upper extremity,data/raw/HAM10000_images_part_1/ISIC_0028156.jpg,test,4,5,mel,nv,0.37232524,False,mel → nv,0.15870793,0.1586866,0.07796662,0.06066834,0.1579581,0.37232524,0.0136872055
HAM_0003167,ISIC_0024864,mel,histo,40.0,female,lower extremity,data/raw/HAM10000_images_part_1/ISIC_0024864.jpg,test,4,5,mel,nv,0.6075969,False,mel → nv,0.006669815,0.0027870215,0.0447673,0.0061348225,0.3148992,0.6075969,0.017144976
HAM_0004547,ISIC_0031303,mel,histo,65.0,male,face,data/raw/HAM10000_images_part_2/ISIC_0031303.jpg,test,4,2,mel,bkl,0.4167476,False,mel → bkl,0.1177531,0.074465446,0.4167476,0.07053201,0.15842442,0.12668973,0.03538767
HAM_0004746,ISIC_0028764,mel,histo,65.0,female,back,data/raw/HAM10000_images_part_1/ISIC_0028764.jpg,test,4,4,mel,mel,0.34563443,True,mel → mel,0.07740584,0.021338612,0.2216459,0.022652423,0.34563443,0.30603862,0.0052841906
HAM_0004746,ISIC_0029021,mel,histo,65.0,female,back,data/raw/HAM10000_images_part_1/ISIC_0029021.jpg,test,4,4,mel,mel,0.4014152,True,mel → mel,0.09509955,0.044300452,0.18775858,0.03180082,0.4014152,0.23147202,0.00815337
HAM_0002525,ISIC_0025188,mel,histo,55.0,male,face,data/raw/HAM10000_images_part_1/ISIC_0025188.jpg,test,4,2,mel,bkl,0.53553045,False,mel → bkl,0.1382872,0.06256756,0.53553045,0.019374792,0.18268579,0.055530794,0.006023462
HAM_0006617,ISIC_0028163,vasc,histo,25.0,female,abdomen,data/raw/HAM10000_images_part_1/ISIC_0028163.jpg,test,6,6,vasc,vasc,0.64984405,True,vasc → vasc,0.01892693,0.22614406,0.007968907,0.05425059,0.006690313,0.03617519,0.64984405
HAM_0006617,ISIC_0024669,vasc,histo,25.0,female,abdomen,data/raw/HAM10000_images_part_1/ISIC_0024669.jpg,test,6,6,vasc,vasc,0.34854928,True,vasc → vasc,0.049679566,0.2478163,0.03786131,0.12858255,0.039086718,0.14842422,0.34854928
HAM_0004765,ISIC_0031217,vasc,histo,15.0,male,face,data/raw/HAM10000_images_part_2/ISIC_0031217.jpg,test,6,6,vasc,vasc,0.75904524,True,vasc → vasc,0.004769948,0.09094817,0.03716347,0.034526125,0.011800872,0.061746176,0.75904524
HAM_0004765,ISIC_0025599,vasc,histo,15.0,male,face,data/raw/HAM10000_images_part_1/ISIC_0025599.jpg,test,6,6,vasc,vasc,0.79677236,True,vasc → vasc,0.0033269639,0.07670596,0.0050561717,0.020705106,0.004716987,0.092716485,0.79677236
HAM_0003862,ISIC_0033031,vasc,histo,45.0,male,upper extremity,data/raw/HAM10000_images_part_2/ISIC_0033031.jpg,test,6,1,vasc,bcc,0.4486773,False,vasc → bcc,0.06451401,0.4486773,0.076027095,0.022639219,0.24327953,0.09293888,0.051923905
HAM_0003862,ISIC_0032775,vasc,histo,45.0,male,upper extremity,data/raw/HAM10000_images_part_2/ISIC_0032775.jpg,test,6,4,vasc,mel,0.50987995,False,vasc → mel,0.04979306,0.17367643,0.096416116,0.018046835,0.50987995,0.11147517,0.040712412
HAM_0003862,ISIC_0033458,vasc,histo,45.0,male,upper extremity,data/raw/HAM10000_images_part_2/ISIC_0033458.jpg,test,6,1,vasc,bcc,0.36276338,False,vasc → bcc,0.061195794,0.36276338,0.034808904,0.087517075,0.07588472,0.22971416,0.14811602
HAM_0001852,ISIC_0033749,vasc,histo,80.0,male,lower extremity,data/raw/HAM10000_images_part_2/ISIC_0033749.jpg,test,6,1,vasc,bcc,0.57046384,False,vasc → bcc,0.07092098,0.57046384,0.03847305,0.038557813,0.037242264,0.021522356,0.22281979
HAM_0001852,ISIC_0034196,vasc,histo,80.0,male,lower extremity,data/raw/HAM10000_images_part_2/ISIC_0034196.jpg,test,6,1,vasc,bcc,0.5477281,False,vasc → bcc,0.065722294,0.5477281,0.07415302,0.04195101,0.06792474,0.039958205,0.16256271
HAM_0001719,ISIC_0031090,vasc,histo,55.0,female,upper extremity,data/raw/HAM10000_images_part_2/ISIC_0031090.jpg,test,6,5,vasc,nv,0.3819774,False,vasc → nv,0.01668536,0.061441187,0.060253564,0.050832782,0.21522114,0.3819774,0.21358861
HAM_0005471,ISIC_0028146,vasc,histo,60.0,female,back,data/raw/HAM10000_images_part_1/ISIC_0028146.jpg,test,6,6,vasc,vasc,0.2865415,True,vasc → vasc,0.06366569,0.11537701,0.034408472,0.09390597,0.1785461,0.22755525,0.2865415
HAM_0002610,ISIC_0026876,vasc,consensus,0.0,female,abdomen,data/raw/HAM10000_images_part_1/ISIC_0026876.jpg,test,6,6,vasc,vasc,0.8262937,True,vasc → vasc,0.0035769031,0.0305798,0.029385291,0.017756002,0.014635493,0.07777286,0.8262937
HAM_0002610,ISIC_0030606,vasc,consensus,0.0,female,abdomen,data/raw/HAM10000_images_part_2/ISIC_0030606.jpg,test,6,6,vasc,vasc,0.5109674,True,vasc → vasc,0.012092399,0.03260693,0.1598761,0.055722836,0.0375999,0.19113442,0.5109674
HAM_0007020,ISIC_0031719,vasc,consensus,75.0,female,hand,data/raw/HAM10000_images_part_2/ISIC_0031719.jpg,test,6,6,vasc,vasc,0.39364263,True,vasc → vasc,0.0135422,0.009162878,0.07719549,0.06587748,0.05036253,0.3902168,0.39364263
HAM_0007020,ISIC_0030070,vasc,consensus,75.0,female,hand,data/raw/HAM10000_images_part_2/ISIC_0030070.jpg,test,6,5,vasc,nv,0.6421204,False,vasc → nv,0.0050384654,0.008387362,0.019221973,0.04054804,0.050295174,0.6421204,0.23438857
HAM_0004549,ISIC_0031201,vasc,consensus,45.0,male,trunk,data/raw/HAM10000_images_part_2/ISIC_0031201.jpg,test,6,6,vasc,vasc,0.83999085,True,vasc → vasc,0.006495844,0.03481827,0.010348063,0.028713735,0.0055454383,0.074087836,0.83999085
HAM_0000845,ISIC_0025244,vasc,consensus,45.0,female,trunk,data/raw/HAM10000_images_part_1/ISIC_0025244.jpg,test,6,6,vasc,vasc,0.47864467,True,vasc → vasc,0.047167536,0.18256932,0.063581936,0.035704724,0.07072489,0.12160693,0.47864467
HAM_0002650,ISIC_0029742,vasc,consensus,5.0,male,back,data/raw/HAM10000_images_part_2/ISIC_0029742.jpg,test,6,6,vasc,vasc,0.5514262,True,vasc → vasc,0.01331084,0.021374859,0.018110879,0.044346403,0.023840688,0.3275902,0.5514262
HAM_0006291,ISIC_0026490,vasc,consensus,65.0,female,trunk,data/raw/HAM10000_images_part_1/ISIC_0026490.jpg,test,6,5,vasc,nv,0.42309782,False,vasc → nv,0.015071906,0.018190885,0.052402906,0.046547864,0.05171924,0.42309782,0.39296946
HAM_0000109,ISIC_0031065,vasc,consensus,35.0,female,trunk,data/raw/HAM10000_images_part_2/ISIC_0031065.jpg,test,6,6,vasc,vasc,0.27641773,True,vasc → vasc,0.10029692,0.27067238,0.07881848,0.053851854,0.12514947,0.09479321,0.27641773
HAM_0006280,ISIC_0027937,vasc,consensus,70.0,male,trunk,data/raw/HAM10000_images_part_1/ISIC_0027937.jpg,test,6,6,vasc,vasc,0.535044,True,vasc → vasc,0.034873832,0.2508842,0.03547928,0.049223892,0.026351761,0.06814299,0.535044
HAM_0000781,ISIC_0028155,bcc,histo,50.0,male,back,data/raw/HAM10000_images_part_1/ISIC_0028155.jpg,test,1,1,bcc,bcc,0.23020259,True,bcc → bcc,0.15544668,0.23020259,0.07436248,0.06970781,0.21563947,0.13171239,0.12292864
HAM_0007141,ISIC_0029230,bcc,histo,50.0,male,trunk,data/raw/HAM10000_images_part_1/ISIC_0029230.jpg,test,1,5,bcc,nv,0.46909267,False,bcc → nv,0.02804888,0.15378585,0.070573516,0.03896856,0.13021196,0.46909267,0.109318495
HAM_0007141,ISIC_0031513,bcc,histo,50.0,male,trunk,data/raw/HAM10000_images_part_2/ISIC_0031513.jpg,test,1,5,bcc,nv,0.6330756,False,bcc → nv,0.012342633,0.021800505,0.06794582,0.03821308,0.16833137,0.6330756,0.058291044
HAM_0005776,ISIC_0028238,bcc,histo,80.0,male,back,data/raw/HAM10000_images_part_1/ISIC_0028238.jpg,test,1,1,bcc,bcc,0.41130385,True,bcc → bcc,0.098122366,0.41130385,0.107503384,0.020192256,0.25496474,0.08174276,0.026170703
HAM_0005776,ISIC_0029755,bcc,histo,80.0,male,back,data/raw/HAM10000_images_part_2/ISIC_0029755.jpg,test,1,5,bcc,nv,0.3189147,False,bcc → nv,0.07921339,0.053289883,0.29897106,0.083652884,0.14392626,0.3189147,0.022031786
HAM_0003805,ISIC_0030446,bcc,histo,80.0,female,scalp,data/raw/HAM10000_images_part_2/ISIC_0030446.jpg,test,1,5,bcc,nv,0.5549287,False,bcc → nv,0.05682356,0.087378,0.046558134,0.1223054,0.07108559,0.5549287,0.06092058
HAM_0003805,ISIC_0031527,bcc,histo,80.0,female,scalp,data/raw/HAM10000_images_part_2/ISIC_0031527.jpg,test,1,6,bcc,vasc,0.38638255,False,bcc → vasc,0.024660373,0.15780985,0.032228585,0.086222745,0.0558424,0.25685343,0.38638255
HAM_0000687,ISIC_0028994,bcc,histo,85.0,male,lower extremity,data/raw/HAM10000_images_part_1/ISIC_0028994.jpg,test,1,0,bcc,akiec,0.37789196,False,bcc → akiec,0.37789196,0.10208917,0.14165297,0.025768382,0.3013474,0.047001805,0.004248417
HAM_0007446,ISIC_0028457,bcc,histo,75.0,female,face,data/raw/HAM10000_images_part_1/ISIC_0028457.jpg,test,1,1,bcc,bcc,0.46660858,True,bcc → bcc,0.06416517,0.46660858,0.0855351,0.0780727,0.06420551,0.0714367,0.16997622
HAM_0000994,ISIC_0027545,bcc,histo,80.0,male,scalp,data/raw/HAM10000_images_part_1/ISIC_0027545.jpg,test,1,5,bcc,nv,0.5927037,False,bcc → nv,0.039794963,0.05834521,0.050489157,0.049746167,0.16697052,0.5927037,0.041950267
HAM_0000994,ISIC_0027609,bcc,histo,80.0,male,scalp,data/raw/HAM10000_images_part_1/ISIC_0027609.jpg,test,1,5,bcc,nv,0.54857635,False,bcc → nv,0.047551088,0.077094756,0.06763092,0.069959745,0.14509311,0.54857635,0.04409404
HAM_0002346,ISIC_0027365,bcc,histo,70.0,male,face,data/raw/HAM10000_images_part_1/ISIC_0027365.jpg,test,1,1,bcc,bcc,0.4153623,True,bcc → bcc,0.06231378,0.4153623,0.088524126,0.049535654,0.17713434,0.13847443,0.06865534
HAM_0002346,ISIC_0026343,bcc,histo,70.0,male,face,data/raw/HAM10000_images_part_1/ISIC_0026343.jpg,test,1,5,bcc,nv,0.35698694,False,bcc → nv,0.07256547,0.064108625,0.10347478,0.091009475,0.21636683,0.35698694,0.09548794
HAM_0002346,ISIC_0029341,bcc,histo,70.0,male,face,data/raw/HAM10000_images_part_2/ISIC_0029341.jpg,test,1,1,bcc,bcc,0.40640038,True,bcc → bcc,0.123406515,0.40640038,0.09702383,0.043419387,0.15180546,0.15846762,0.019476773
HAM_0005947,ISIC_0027998,bcc,histo,65.0,female,upper extremity,data/raw/HAM10000_images_part_1/ISIC_0027998.jpg,test,1,1,bcc,bcc,0.45200023,True,bcc → bcc,0.05675333,0.45200023,0.21199901,0.012416474,0.15663874,0.07303667,0.03715553
HAM_0005947,ISIC_0028079,bcc,histo,65.0,female,upper extremity,data/raw/HAM10000_images_part_1/ISIC_0028079.jpg,test,1,2,bcc,bkl,0.28266644,False,bcc → bkl,0.067769155,0.08499871,0.28266644,0.07956986,0.17196053,0.27721244,0.035823017
HAM_0001326,ISIC_0031824,bcc,histo,60.0,male,scalp,data/raw/HAM10000_images_part_2/ISIC_0031824.jpg,test,1,5,bcc,nv,0.54389,False,bcc → nv,0.059634566,0.10136939,0.08358707,0.09692519,0.09818288,0.54389,0.016410923
HAM_0001326,ISIC_0030145,bcc,histo,60.0,male,scalp,data/raw/HAM10000_images_part_2/ISIC_0030145.jpg,test,1,2,bcc,bkl,0.3480678,False,bcc → bkl,0.094032176,0.08628344,0.3480678,0.031813618,0.31673968,0.10759849,0.015464811
HAM_0006384,ISIC_0031272,bcc,histo,80.0,male,face,data/raw/HAM10000_images_part_2/ISIC_0031272.jpg,test,1,1,bcc,bcc,0.5458536,True,bcc → bcc,0.14296915,0.5458536,0.08243414,0.03488663,0.11610252,0.044664603,0.03308934
HAM_0005058,ISIC_0026324,bcc,histo,85.0,female,face,data/raw/HAM10000_images_part_1/ISIC_0026324.jpg,test,1,2,bcc,bkl,0.30347827,False,bcc → bkl,0.19456579,0.15049906,0.30347827,0.0474563,0.20376174,0.07611386,0.024124973
HAM_0005058,ISIC_0025700,bcc,histo,85.0,female,face,data/raw/HAM10000_images_part_1/ISIC_0025700.jpg,test,1,2,bcc,bkl,0.35318035,False,bcc → bkl,0.042144045,0.108611725,0.35318035,0.11740847,0.082752086,0.07063821,0.22526512
HAM_0006387,ISIC_0026831,bcc,histo,70.0,male,face,data/raw/HAM10000_images_part_1/ISIC_0026831.jpg,test,1,1,bcc,bcc,0.35157424,True,bcc → bcc,0.09055766,0.35157424,0.07560433,0.1131082,0.046732478,0.22822799,0.0941951
HAM_0006387,ISIC_0032482,bcc,histo,70.0,male,face,data/raw/HAM10000_images_part_2/ISIC_0032482.jpg,test,1,1,bcc,bcc,0.32415608,True,bcc → bcc,0.07850519,0.32415608,0.08796887,0.11892763,0.049176753,0.19145134,0.14981419
HAM_0005396,ISIC_0033720,bcc,histo,75.0,male,abdomen,data/raw/HAM10000_images_part_2/ISIC_0033720.jpg,test,1,5,bcc,nv,0.40072542,False,bcc → nv,0.05500058,0.20335723,0.07588199,0.03581878,0.18354383,0.40072542,0.045672096
HAM_0005396,ISIC_0034255,bcc,histo,75.0,male,abdomen,data/raw/HAM10000_images_part_2/ISIC_0034255.jpg,test,1,5,bcc,nv,0.29752538,False,bcc → nv,0.026823571,0.23684077,0.06844281,0.03062584,0.26628894,0.29752538,0.07345269
HAM_0005396,ISIC_0032834,bcc,histo,75.0,male,abdomen,data/raw/HAM10000_images_part_2/ISIC_0032834.jpg,test,1,1,bcc,bcc,0.37994874,True,bcc → bcc,0.036091227,0.37994874,0.070625156,0.039908938,0.1837478,0.18138726,0.108290866
HAM_0007335,ISIC_0034299,bcc,histo,60.0,male,upper extremity,data/raw/HAM10000_images_part_2/ISIC_0034299.jpg,test,1,1,bcc,bcc,0.3866455,True,bcc → bcc,0.06413672,0.3866455,0.1041012,0.105488725,0.06487354,0.21347028,0.061284054
HAM_0007335,ISIC_0032808,bcc,histo,60.0,male,upper extremity,data/raw/HAM10000_images_part_2/ISIC_0032808.jpg,test,1,1,bcc,bcc,0.33328035,True,bcc → bcc,0.09484167,0.33328035,0.10930517,0.032291304,0.18571712,0.23289624,0.011668075
HAM_0007248,ISIC_0025102,bcc,histo,70.0,male,lower extremity,data/raw/HAM10000_images_part_1/ISIC_0025102.jpg,test,1,1,bcc,bcc,0.87816435,True,bcc → bcc,0.014709878,0.87816435,0.019184722,0.007555197,0.02584523,0.026525872,0.028014608
HAM_0007248,ISIC_0032850,bcc,histo,70.0,male,lower extremity,data/raw/HAM10000_images_part_2/ISIC_0032850.jpg,test,1,1,bcc,bcc,0.5217238,True,bcc → bcc,0.08453961,0.5217238,0.07607026,0.025247503,0.14636874,0.12359592,0.022454137
HAM_0007248,ISIC_0030712,bcc,histo,70.0,male,lower extremity,data/raw/HAM10000_images_part_2/ISIC_0030712.jpg,test,1,1,bcc,bcc,0.5503774,True,bcc → bcc,0.056678582,0.5503774,0.09899354,0.017781835,0.13355906,0.12828091,0.014328502
HAM_0003600,ISIC_0031836,bcc,histo,40.0,female,abdomen,data/raw/HAM10000_images_part_2/ISIC_0031836.jpg,test,1,1,bcc,bcc,0.3001113,True,bcc → bcc,0.16262677,0.3001113,0.21815544,0.080692455,0.08789124,0.11361335,0.03690939
HAM_0007550,ISIC_0026528,bcc,histo,70.0,male,trunk,data/raw/HAM10000_images_part_1/ISIC_0026528.jpg,test,1,1,bcc,bcc,0.3491371,True,bcc → bcc,0.23270544,0.3491371,0.06818455,0.087786935,0.075717025,0.11911136,0.0673575
HAM_0004515,ISIC_0029564,bcc,histo,55.0,female,face,data/raw/HAM10000_images_part_2/ISIC_0029564.jpg,test,1,1,bcc,bcc,0.43603873,True,bcc → bcc,0.16831349,0.43603873,0.062312815,0.06382125,0.041138496,0.15683857,0.071536645
HAM_0003112,ISIC_0030233,bcc,histo,80.0,male,chest,data/raw/HAM10000_images_part_2/ISIC_0030233.jpg,test,1,4,bcc,mel,0.37383503,False,bcc → mel,0.2086941,0.1413608,0.16098933,0.023614608,0.37383503,0.08286411,0.00864194
HAM_0006844,ISIC_0028688,bcc,histo,60.0,male,scalp,data/raw/HAM10000_images_part_1/ISIC_0028688.jpg,test,1,5,bcc,nv,0.5593847,False,bcc → nv,0.062307116,0.134831,0.09001767,0.04064749,0.07212884,0.5593847,0.040683124
HAM_0003694,ISIC_0028818,bcc,histo,70.0,male,foot,data/raw/HAM10000_images_part_1/ISIC_0028818.jpg,test,1,5,bcc,nv,0.5025176,False,bcc → nv,0.08200847,0.1459158,0.04248314,0.06815384,0.1045351,0.5025176,0.054386053
HAM_0006115,ISIC_0025576,bcc,histo,55.0,male,back,data/raw/HAM10000_images_part_1/ISIC_0025576.jpg,test,1,1,bcc,bcc,0.29065296,True,bcc → bcc,0.1649478,0.29065296,0.1478098,0.049351897,0.16260146,0.15646543,0.028170565
HAM_0002983,ISIC_0029392,bcc,histo,75.0,male,upper extremity,data/raw/HAM10000_images_part_2/ISIC_0029392.jpg,test,1,1,bcc,bcc,0.29182634,True,bcc → bcc,0.2519788,0.29182634,0.208019,0.024465635,0.17600493,0.03531833,0.0123868855
HAM_0002818,ISIC_0028570,bcc,histo,85.0,female,back,data/raw/HAM10000_images_part_1/ISIC_0028570.jpg,test,1,5,bcc,nv,0.25727522,False,bcc → nv,0.048676148,0.17759281,0.19356705,0.11136954,0.13795762,0.25727522,0.07356163
HAM_0000987,ISIC_0025301,bcc,histo,70.0,male,back,data/raw/HAM10000_images_part_1/ISIC_0025301.jpg,test,1,1,bcc,bcc,0.5784864,True,bcc → bcc,0.18416436,0.5784864,0.027587442,0.04190675,0.049309175,0.10086285,0.017683096
HAM_0000953,ISIC_0026213,bcc,histo,70.0,male,chest,data/raw/HAM10000_images_part_1/ISIC_0026213.jpg,test,1,1,bcc,bcc,0.8577479,True,bcc → bcc,0.04219142,0.8577479,0.018236166,0.012169496,0.022176925,0.024565715,0.022912372
HAM_0000953,ISIC_0026442,bcc,histo,70.0,male,chest,data/raw/HAM10000_images_part_1/ISIC_0026442.jpg,test,1,1,bcc,bcc,0.70503277,True,bcc → bcc,0.08903865,0.70503277,0.06050004,0.012009056,0.06821049,0.042010874,0.023198124
HAM_0000504,ISIC_0026716,bcc,histo,45.0,male,back,data/raw/HAM10000_images_part_1/ISIC_0026716.jpg,test,1,1,bcc,bcc,0.36363283,True,bcc → bcc,0.10359972,0.36363283,0.1574508,0.054444678,0.107822604,0.18579127,0.02725811
HAM_0000504,ISIC_0025971,bcc,histo,45.0,male,back,data/raw/HAM10000_images_part_1/ISIC_0025971.jpg,test,1,1,bcc,bcc,0.27762437,True,bcc → bcc,0.102748945,0.27762437,0.12021709,0.09662065,0.09807003,0.24801852,0.05670034
HAM_0006575,ISIC_0029391,bcc,histo,65.0,female,chest,data/raw/HAM10000_images_part_2/ISIC_0029391.jpg,test,1,1,bcc,bcc,0.6766176,True,bcc → bcc,0.09823356,0.6766176,0.035325345,0.029135311,0.0446214,0.105043784,0.011022881
HAM_0004027,ISIC_0030403,bcc,histo,65.0,female,back,data/raw/HAM10000_images_part_2/ISIC_0030403.jpg,test,1,1,bcc,bcc,0.7562851,True,bcc → bcc,0.07769766,0.7562851,0.020015044,0.033480443,0.017090453,0.028385974,0.067045376
HAM_0004027,ISIC_0024595,bcc,histo,65.0,female,back,data/raw/HAM10000_images_part_1/ISIC_0024595.jpg,test,1,1,bcc,bcc,0.36872163,True,bcc → bcc,0.20090593,0.36872163,0.1932496,0.0622082,0.085096374,0.078614935,0.01120343
HAM_0000512,ISIC_0030528,bcc,histo,45.0,female,face,data/raw/HAM10000_images_part_2/ISIC_0030528.jpg,test,1,2,bcc,bkl,0.23915884,False,bcc → bkl,0.15420185,0.23246652,0.23915884,0.031986404,0.14667629,0.19197978,0.0035303577
HAM_0002736,ISIC_0030594,bcc,histo,75.0,male,back,data/raw/HAM10000_images_part_2/ISIC_0030594.jpg,test,1,1,bcc,bcc,0.49280438,True,bcc → bcc,0.13808447,0.49280438,0.13805895,0.016158208,0.14682248,0.05954493,0.008526508
HAM_0005933,ISIC_0024634,bcc,histo,80.0,female,back,data/raw/HAM10000_images_part_1/ISIC_0024634.jpg,test,1,1,bcc,bcc,0.43896136,True,bcc → bcc,0.112638175,0.43896136,0.07619274,0.05355257,0.09999305,0.19630934,0.022352701
HAM_0006609,ISIC_0031266,bcc,histo,80.0,male,back,data/raw/HAM10000_images_part_2/ISIC_0031266.jpg,test,1,4,bcc,mel,0.31164747,False,bcc → mel,0.19191761,0.17624536,0.19200619,0.0123864915,0.31164747,0.11362064,0.0021762745
HAM_0003610,ISIC_0028937,bcc,histo,80.0,male,face,data/raw/HAM10000_images_part_1/ISIC_0028937.jpg,test,1,0,bcc,akiec,0.25385758,False,bcc → akiec,0.25385758,0.1820838,0.19745235,0.024050044,0.2279676,0.10844,0.006148582
HAM_0006005,ISIC_0029489,bcc,histo,85.0,female,lower extremity,data/raw/HAM10000_images_part_2/ISIC_0029489.jpg,test,1,1,bcc,bcc,0.65943605,True,bcc → bcc,0.083201416,0.65943605,0.026034296,0.025489278,0.0845914,0.06971952,0.051528145
HAM_0005536,ISIC_0026798,bcc,histo,45.0,male,lower extremity,data/raw/HAM10000_images_part_1/ISIC_0026798.jpg,test,1,5,bcc,nv,0.57367903,False,bcc → nv,0.036153216,0.15362628,0.04662252,0.06276511,0.046912692,0.57367903,0.08024109
HAM_0006708,ISIC_0027189,bcc,histo,80.0,female,lower extremity,data/raw/HAM10000_images_part_1/ISIC_0027189.jpg,test,1,1,bcc,bcc,0.48942873,True,bcc → bcc,0.262119,0.48942873,0.056329783,0.033112463,0.100612044,0.039801374,0.018596623
HAM_0006851,ISIC_0031976,bcc,histo,80.0,male,face,data/raw/HAM10000_images_part_2/ISIC_0031976.jpg,test,1,0,bcc,akiec,0.29352805,False,bcc → akiec,0.29352805,0.26656088,0.23196383,0.017647821,0.16319662,0.02289788,0.0042048674
HAM_0005268,ISIC_0027825,bcc,histo,55.0,male,chest,data/raw/HAM10000_images_part_1/ISIC_0027825.jpg,test,1,1,bcc,bcc,0.7120975,True,bcc → bcc,0.020083794,0.7120975,0.042247396,0.016936647,0.07129695,0.09622528,0.041112382
HAM_0001457,ISIC_0029856,bcc,histo,75.0,male,back,data/raw/HAM10000_images_part_2/ISIC_0029856.jpg,test,1,1,bcc,bcc,0.5931893,True,bcc → bcc,0.1051763,0.5931893,0.07929336,0.028782887,0.11145715,0.051802125,0.030298943
HAM_0005501,ISIC_0025711,bcc,histo,80.0,male,back,data/raw/HAM10000_images_part_1/ISIC_0025711.jpg,test,1,1,bcc,bcc,0.7381788,True,bcc → bcc,0.032846734,0.7381788,0.029474089,0.01670063,0.036995135,0.013837928,0.1319667
HAM_0004495,ISIC_0024743,bcc,histo,65.0,female,lower extremity,data/raw/HAM10000_images_part_1/ISIC_0024743.jpg,test,1,1,bcc,bcc,0.3733723,True,bcc → bcc,0.18195063,0.3733723,0.117341384,0.06309319,0.13502288,0.08393147,0.04528818
HAM_0005669,ISIC_0024949,bcc,histo,75.0,male,upper extremity,data/raw/HAM10000_images_part_1/ISIC_0024949.jpg,test,1,1,bcc,bcc,0.63874686,True,bcc → bcc,0.105374314,0.63874686,0.074847445,0.02612682,0.059498854,0.08136639,0.014039364
HAM_0000987,ISIC_0027722,bcc,histo,70.0,male,back,data/raw/HAM10000_images_part_1/ISIC_0027722.jpg,test,1,1,bcc,bcc,0.49327853,True,bcc → bcc,0.25738078,0.49327853,0.050875343,0.04073426,0.08327487,0.0644441,0.010012097
HAM_0006872,ISIC_0030514,bcc,histo,85.0,male,back,data/raw/HAM10000_images_part_2/ISIC_0030514.jpg,test,1,2,bcc,bkl,0.30380952,False,bcc → bkl,0.14873725,0.2695804,0.30380952,0.03017684,0.1190669,0.11196729,0.016661841
HAM_0006872,ISIC_0024345,bcc,histo,85.0,male,back,data/raw/HAM10000_images_part_1/ISIC_0024345.jpg,test,1,1,bcc,bcc,0.37366074,True,bcc → bcc,0.19728512,0.37366074,0.16604987,0.039564554,0.104067534,0.099009424,0.020362804
HAM_0002812,ISIC_0029053,bcc,histo,75.0,female,back,data/raw/HAM10000_images_part_1/ISIC_0029053.jpg,test,1,0,bcc,akiec,0.39904433,False,bcc → akiec,0.39904433,0.17627726,0.17108217,0.018142715,0.20395812,0.015474811,0.016020486
HAM_0003827,ISIC_0028350,bcc,histo,70.0,female,back,data/raw/HAM10000_images_part_1/ISIC_0028350.jpg,test,1,1,bcc,bcc,0.44206232,True,bcc → bcc,0.19319777,0.44206232,0.12700602,0.041633155,0.08746168,0.0768576,0.03178143
HAM_0005375,ISIC_0028814,bcc,histo,70.0,male,neck,data/raw/HAM10000_images_part_1/ISIC_0028814.jpg,test,1,1,bcc,bcc,0.61220574,True,bcc → bcc,0.12439519,0.61220574,0.06684111,0.019492816,0.110920824,0.045312904,0.020831417
HAM_0002812,ISIC_0027788,bcc,histo,75.0,female,back,data/raw/HAM10000_images_part_1/ISIC_0027788.jpg,test,1,5,bcc,nv,0.24750735,False,bcc → nv,0.12590875,0.24195684,0.13906579,0.07177807,0.14610803,0.24750735,0.027675204
HAM_0005026,ISIC_0028978,bcc,histo,40.0,female,abdomen,data/raw/HAM10000_images_part_1/ISIC_0028978.jpg,test,1,1,bcc,bcc,0.31081954,True,bcc → bcc,0.09810353,0.31081954,0.117098555,0.08765542,0.1675955,0.16090737,0.057820126
HAM_0005026,ISIC_0028728,bcc,histo,40.0,female,abdomen,data/raw/HAM10000_images_part_1/ISIC_0028728.jpg,test,1,0,bcc,akiec,0.30844867,False,bcc → akiec,0.30844867,0.2752978,0.16576536,0.05959538,0.10638807,0.06652777,0.0179769
HAM_0002530,ISIC_0028239,nv,follow_up,45.0,female,lower extremity,data/raw/HAM10000_images_part_1/ISIC_0028239.jpg,test,5,5,nv,nv,0.87944156,True,nv → nv,0.012360886,0.017815404,0.0054840273,0.023884669,0.03572098,0.87944156,0.02529244
HAM_0006830,ISIC_0032285,nv,follow_up,45.0,female,abdomen,data/raw/HAM10000_images_part_2/ISIC_0032285.jpg,test,5,5,nv,nv,0.801173,True,nv → nv,0.011226799,0.0058779246,0.011436819,0.013006503,0.099997975,0.801173,0.05728096
HAM_0004233,ISIC_0029979,nv,follow_up,45.0,female,back,data/raw/HAM10000_images_part_2/ISIC_0029979.jpg,test,5,5,nv,nv,0.7954573,True,nv → nv,0.014797613,0.008235562,0.016812928,0.029295243,0.058427364,0.7954573,0.07697393
HAM_0003042,ISIC_0031282,nv,follow_up,50.0,male,trunk,data/raw/HAM10000_images_part_2/ISIC_0031282.jpg,test,5,5,nv,nv,0.76985174,True,nv → nv,0.025805678,0.020893132,0.023616677,0.03447815,0.105522774,0.76985174,0.019831844
HAM_0000727,ISIC_0029961,nv,follow_up,50.0,male,lower extremity,data/raw/HAM10000_images_part_2/ISIC_0029961.jpg,test,5,5,nv,nv,0.85773736,True,nv → nv,0.011179122,0.021375056,0.011106585,0.013160911,0.053014893,0.85773736,0.032425966
HAM_0007329,ISIC_0026583,nv,follow_up,50.0,male,lower extremity,data/raw/HAM10000_images_part_1/ISIC_0026583.jpg,test,5,5,nv,nv,0.71089655,True,nv → nv,0.029367479,0.04004172,0.014875622,0.07728351,0.011593147,0.71089655,0.115941934
HAM_0000289,ISIC_0032226,nv,follow_up,50.0,male,lower extremity,data/raw/HAM10000_images_part_2/ISIC_0032226.jpg,test,5,5,nv,nv,0.78732526,True,nv → nv,0.021457449,0.051369086,0.012631417,0.046074063,0.020648075,0.78732526,0.060494635
HAM_0004408,ISIC_0026824,nv,follow_up,50.0,male,foot,data/raw/HAM10000_images_part_1/ISIC_0026824.jpg,test,5,5,nv,nv,0.9083714,True,nv → nv,0.014486208,0.018313076,0.0038084139,0.030598283,0.0117310025,0.9083714,0.012691722
HAM_0003396,ISIC_0031068,nv,follow_up,45.0,male,lower extremity,data/raw/HAM10000_images_part_2/ISIC_0031068.jpg,test,5,5,nv,nv,0.9160158,True,nv → nv,0.016357427,0.0064031626,0.0047432124,0.024179967,0.01967407,0.9160158,0.012626383
HAM_0001263,ISIC_0031463,nv,follow_up,45.0,male,back,data/raw/HAM10000_images_part_2/ISIC_0031463.jpg,test,5,5,nv,nv,0.85550195,True,nv → nv,0.019611694,0.013476158,0.004113839,0.04051452,0.039493233,0.85550195,0.02728861
HAM_0003548,ISIC_0028480,nv,follow_up,55.0,male,back,data/raw/HAM10000_images_part_1/ISIC_0028480.jpg,test,5,5,nv,nv,0.37872067,True,nv → nv,0.1717725,0.0959586,0.08264657,0.13232362,0.05814025,0.37872067,0.08043779
HAM_0005093,ISIC_0030517,nv,follow_up,55.0,male,back,data/raw/HAM10000_images_part_2/ISIC_0030517.jpg,test,5,5,nv,nv,0.5672495,True,nv → nv,0.08119591,0.053921096,0.06352435,0.07736156,0.10187525,0.5672495,0.0548724
HAM_0002514,ISIC_0026768,nv,follow_up,55.0,male,lower extremity,data/raw/HAM10000_images_part_1/ISIC_0026768.jpg,test,5,5,nv,nv,0.7427867,True,nv → nv,0.022601083,0.017215813,0.020977361,0.056341443,0.029932719,0.7427867,0.11014495
HAM_0001061,ISIC_0029526,nv,follow_up,45.0,male,back,data/raw/HAM10000_images_part_2/ISIC_0029526.jpg,test,5,5,nv,nv,0.8306272,True,nv → nv,0.021725794,0.015840828,0.007516034,0.04709625,0.038792625,0.8306272,0.03840129
HAM_0007316,ISIC_0031895,nv,follow_up,50.0,female,upper extremity,data/raw/HAM10000_images_part_2/ISIC_0031895.jpg,test,5,5,nv,nv,0.6786271,True,nv → nv,0.027264088,0.048771992,0.032725908,0.026670566,0.14401056,0.6786271,0.041929815
HAM_0002112,ISIC_0030820,nv,follow_up,55.0,male,upper extremity,data/raw/HAM10000_images_part_2/ISIC_0030820.jpg,test,5,1,nv,bcc,0.41635504,False,nv → bcc,0.048639968,0.41635504,0.065672256,0.038948014,0.06680263,0.29406375,0.06951827
HAM_0000381,ISIC_0030148,nv,follow_up,55.0,male,back,data/raw/HAM10000_images_part_2/ISIC_0030148.jpg,test,5,5,nv,nv,0.70321023,True,nv → nv,0.031651754,0.050499234,0.022293465,0.05602898,0.06478732,0.70321023,0.07152905
HAM_0001807,ISIC_0029637,nv,follow_up,45.0,male,trunk,data/raw/HAM10000_images_part_2/ISIC_0029637.jpg,test,5,5,nv,nv,0.69564,True,nv → nv,0.06068332,0.060520876,0.012577578,0.04076948,0.0639092,0.69564,0.0658996
HAM_0000561,ISIC_0025143,nv,follow_up,45.0,male,genital,data/raw/HAM10000_images_part_1/ISIC_0025143.jpg,test,5,5,nv,nv,0.80001783,True,nv → nv,0.019030394,0.027993577,0.010725158,0.045345906,0.017844342,0.80001783,0.07904274
HAM_0006715,ISIC_0025161,nv,follow_up,20.0,male,trunk,data/raw/HAM10000_images_part_1/ISIC_0025161.jpg,test,5,5,nv,nv,0.73614347,True,nv → nv,0.008849316,0.005725125,0.032030787,0.016159305,0.14585216,0.73614347,0.055239886
HAM_0007391,ISIC_0031926,nv,follow_up,55.0,female,trunk,data/raw/HAM10000_images_part_2/ISIC_0031926.jpg,test,5,5,nv,nv,0.65974146,True,nv → nv,0.044622082,0.057182632,0.041386988,0.041136824,0.109963685,0.65974146,0.04596629
HAM_0004737,ISIC_0027221,nv,follow_up,75.0,male,trunk,data/raw/HAM10000_images_part_1/ISIC_0027221.jpg,test,5,5,nv,nv,0.6284,True,nv → nv,0.024821404,0.011278616,0.05189076,0.083785005,0.047543168,0.6284,0.15228106
HAM_0006703,ISIC_0031833,nv,follow_up,45.0,female,lower extremity,data/raw/HAM10000_images_part_2/ISIC_0031833.jpg,test,5,6,nv,vasc,0.6906977,False,nv → vasc,0.0014269142,0.0030227199,0.0044208993,0.014093663,0.005537321,0.2808008,0.6906977
HAM_0002443,ISIC_0029685,nv,follow_up,50.0,female,trunk,data/raw/HAM10000_images_part_2/ISIC_0029685.jpg,test,5,5,nv,nv,0.61941665,True,nv → nv,0.03866463,0.13201039,0.007946029,0.04601777,0.060861796,0.61941665,0.09508274
HAM_0000647,ISIC_0029911,nv,follow_up,45.0,female,upper extremity,data/raw/HAM10000_images_part_2/ISIC_0029911.jpg,test,5,5,nv,nv,0.5868751,True,nv → nv,0.047835678,0.11868774,0.051586367,0.061582215,0.035243638,0.5868751,0.098189265
HAM_0001723,ISIC_0027784,nv,follow_up,45.0,female,lower extremity,data/raw/HAM10000_images_part_1/ISIC_0027784.jpg,test,5,5,nv,nv,0.5743615,True,nv → nv,0.030452123,0.07961027,0.04692921,0.044425044,0.14418308,0.5743615,0.08003878
HAM_0006668,ISIC_0027808,nv,follow_up,50.0,female,abdomen,data/raw/HAM10000_images_part_1/ISIC_0027808.jpg,test,5,5,nv,nv,0.8601742,True,nv → nv,0.016103398,0.0074113645,0.015938291,0.03143126,0.038705014,0.8601742,0.030236471
HAM_0001957,ISIC_0025593,nv,follow_up,50.0,female,abdomen,data/raw/HAM10000_images_part_1/ISIC_0025593.jpg,test,5,5,nv,nv,0.8126178,True,nv → nv,0.019585872,0.009008834,0.029058445,0.040808726,0.0475129,0.8126178,0.041407354
HAM_0005690,ISIC_0025487,nv,follow_up,50.0,female,lower extremity,data/raw/HAM10000_images_part_1/ISIC_0025487.jpg,test,5,5,nv,nv,0.81936723,True,nv → nv,0.0128438305,0.01778045,0.021233,0.039893914,0.045630854,0.81936723,0.043250684
HAM_0007241,ISIC_0027752,nv,follow_up,50.0,female,trunk,data/raw/HAM10000_images_part_1/ISIC_0027752.jpg,test,5,5,nv,nv,0.9199193,True,nv → nv,0.0035164752,0.0013175562,0.0067249443,0.006337429,0.01649374,0.9199193,0.045690518
HAM_0000472,ISIC_0028339,nv,follow_up,50.0,female,back,data/raw/HAM10000_images_part_1/ISIC_0028339.jpg,test,5,5,nv,nv,0.8160321,True,nv → nv,0.027475303,0.025986452,0.0043697883,0.036776282,0.050970536,0.8160321,0.038389456
HAM_0003250,ISIC_0031997,nv,follow_up,50.0,female,lower extremity,data/raw/HAM10000_images_part_2/ISIC_0031997.jpg,test,5,5,nv,nv,0.7691235,True,nv → nv,0.019793054,0.020173738,0.021171374,0.02342261,0.05797753,0.7691235,0.08833822
HAM_0007244,ISIC_0030669,nv,follow_up,40.0,male,abdomen,data/raw/HAM10000_images_part_2/ISIC_0030669.jpg,test,5,5,nv,nv,0.69466144,True,nv → nv,0.028186383,0.05945373,0.016245084,0.06501735,0.04327233,0.69466144,0.09316371
HAM_0001662,ISIC_0030050,nv,follow_up,50.0,female,upper extremity,data/raw/HAM10000_images_part_2/ISIC_0030050.jpg,test,5,5,nv,nv,0.74003315,True,nv → nv,0.028204355,0.05545796,0.019902427,0.046027023,0.028147308,0.74003315,0.08222779
HAM_0004163,ISIC_0025142,nv,follow_up,40.0,male,trunk,data/raw/HAM10000_images_part_1/ISIC_0025142.jpg,test,5,5,nv,nv,0.79318255,True,nv → nv,0.024096884,0.029213937,0.007152752,0.046772216,0.025451364,0.79318255,0.074130304
HAM_0001494,ISIC_0026621,nv,follow_up,45.0,female,abdomen,data/raw/HAM10000_images_part_1/ISIC_0026621.jpg,test,5,5,nv,nv,0.47303873,True,nv → nv,0.06512039,0.038752362,0.053994566,0.07398552,0.027020596,0.47303873,0.26808783
HAM_0004074,ISIC_0030599,nv,follow_up,45.0,female,back,data/raw/HAM10000_images_part_2/ISIC_0030599.jpg,test,5,5,nv,nv,0.80932707,True,nv → nv,0.015464925,0.030010551,0.014104787,0.06695723,0.015331219,0.80932707,0.048804138
HAM_0002994,ISIC_0027836,nv,follow_up,50.0,female,back,data/raw/HAM10000_images_part_1/ISIC_0027836.jpg,test,5,5,nv,nv,0.74061483,True,nv → nv,0.013304681,0.011748098,0.01790729,0.027127441,0.07191431,0.74061483,0.11738334
HAM_0006279,ISIC_0027195,nv,follow_up,25.0,female,neck,data/raw/HAM10000_images_part_1/ISIC_0027195.jpg,test,5,5,nv,nv,0.7993636,True,nv → nv,0.021218384,0.013670797,0.023738796,0.024633816,0.082083575,0.7993636,0.035291
HAM_0000572,ISIC_0025224,nv,follow_up,55.0,male,trunk,data/raw/HAM10000_images_part_1/ISIC_0025224.jpg,test,5,5,nv,nv,0.7937974,True,nv → nv,0.03542516,0.080843024,0.009498259,0.040889107,0.018202243,0.7937974,0.021344816
HAM_0000326,ISIC_0028353,nv,follow_up,65.0,female,trunk,data/raw/HAM10000_images_part_1/ISIC_0028353.jpg,test,5,5,nv,nv,0.29504168,True,nv → nv,0.074511565,0.16499065,0.11681506,0.10793139,0.09823562,0.29504168,0.14247407
HAM_0001915,ISIC_0025813,nv,follow_up,50.0,male,trunk,data/raw/HAM10000_images_part_1/ISIC_0025813.jpg,test,5,5,nv,nv,0.6423362,True,nv → nv,0.05129589,0.07284141,0.08282065,0.0624264,0.06902856,0.6423362,0.019250827
HAM_0006306,ISIC_0026242,nv,follow_up,50.0,male,trunk,data/raw/HAM10000_images_part_1/ISIC_0026242.jpg,test,5,5,nv,nv,0.90719265,True,nv → nv,0.011423186,0.01416933,0.020730782,0.012935861,0.0205136,0.90719265,0.0130346455
HAM_0002624,ISIC_0028282,nv,follow_up,50.0,male,foot,data/raw/HAM10000_images_part_1/ISIC_0028282.jpg,test,5,5,nv,nv,0.82595575,True,nv → nv,0.030609425,0.01281864,0.04142864,0.025409983,0.045046113,0.82595575,0.018731404
HAM_0006511,ISIC_0029892,nv,follow_up,50.0,female,trunk,data/raw/HAM10000_images_part_2/ISIC_0029892.jpg,test,5,5,nv,nv,0.4756911,True,nv → nv,0.088976376,0.11028246,0.05918199,0.060372923,0.17095195,0.4756911,0.034543157
HAM_0002918,ISIC_0031704,nv,follow_up,35.0,female,abdomen,data/raw/HAM10000_images_part_2/ISIC_0031704.jpg,test,5,5,nv,nv,0.67508894,True,nv → nv,0.01493237,0.036698952,0.01600594,0.047904313,0.024952626,0.67508894,0.18441686
HAM_0000329,ISIC_0031185,nv,follow_up,35.0,female,back,data/raw/HAM10000_images_part_2/ISIC_0031185.jpg,test,5,5,nv,nv,0.56999856,True,nv → nv,0.050964575,0.07719618,0.017510312,0.057168316,0.088752195,0.56999856,0.13840982
HAM_0004657,ISIC_0024369,nv,follow_up,60.0,male,trunk,data/raw/HAM10000_images_part_1/ISIC_0024369.jpg,test,5,5,nv,nv,0.77968705,True,nv → nv,0.031499155,0.06855798,0.012544329,0.04648633,0.028948974,0.77968705,0.032276135
HAM_0002321,ISIC_0029015,nv,follow_up,45.0,male,back,data/raw/HAM10000_images_part_1/ISIC_0029015.jpg,test,5,5,nv,nv,0.79640234,True,nv → nv,0.006748119,0.008551217,0.0065199286,0.027260512,0.0104439,0.79640234,0.14407398
HAM_0001675,ISIC_0024433,nv,follow_up,40.0,female,lower extremity,data/raw/HAM10000_images_part_1/ISIC_0024433.jpg,test,5,5,nv,nv,0.8222403,True,nv → nv,0.016458282,0.016313197,0.013958848,0.024688553,0.06703818,0.8222403,0.03930267
HAM_0002433,ISIC_0032011,nv,follow_up,45.0,female,upper extremity,data/raw/HAM10000_images_part_2/ISIC_0032011.jpg,test,5,5,nv,nv,0.8605897,True,nv → nv,0.008830066,0.0047170725,0.039174147,0.012484262,0.05573859,0.8605897,0.018466232
HAM_0004046,ISIC_0032366,nv,follow_up,50.0,male,trunk,data/raw/HAM10000_images_part_2/ISIC_0032366.jpg,test,5,0,nv,akiec,0.20691398,False,nv → akiec,0.20691398,0.101167776,0.08320214,0.14050071,0.17036721,0.18309371,0.11475448
HAM_0006909,ISIC_0031777,nv,follow_up,45.0,female,lower extremity,data/raw/HAM10000_images_part_2/ISIC_0031777.jpg,test,5,5,nv,nv,0.82408196,True,nv → nv,0.020594515,0.023525255,0.008364369,0.03725544,0.045880627,0.82408196,0.040297825
HAM_0004744,ISIC_0024692,nv,follow_up,45.0,female,abdomen,data/raw/HAM10000_images_part_1/ISIC_0024692.jpg,test,5,5,nv,nv,0.8533642,True,nv → nv,0.020769218,0.015619301,0.014911591,0.03252785,0.027198715,0.8533642,0.035609126
HAM_0001482,ISIC_0027691,nv,follow_up,45.0,female,trunk,data/raw/HAM10000_images_part_1/ISIC_0027691.jpg,test,5,5,nv,nv,0.6258294,True,nv → nv,0.022624573,0.025458302,0.015405887,0.030954752,0.09562568,0.6258294,0.18410145
HAM_0002344,ISIC_0026778,nv,follow_up,45.0,female,trunk,data/raw/HAM10000_images_part_1/ISIC_0026778.jpg,test,5,5,nv,nv,0.70978594,True,nv → nv,0.06501938,0.048363212,0.02858784,0.029435046,0.08008184,0.70978594,0.038726706
HAM_0006270,ISIC_0031606,nv,follow_up,55.0,female,lower extremity,data/raw/HAM10000_images_part_2/ISIC_0031606.jpg,test,5,5,nv,nv,0.48040262,True,nv → nv,0.073953904,0.13229,0.05588652,0.09602997,0.09192373,0.48040262,0.069513194
HAM_0005563,ISIC_0029784,nv,follow_up,50.0,male,abdomen,data/raw/HAM10000_images_part_2/ISIC_0029784.jpg,test,5,5,nv,nv,0.5361493,True,nv → nv,0.06672556,0.083805166,0.08797344,0.11277097,0.07248453,0.5361493,0.04009108
HAM_0000548,ISIC_0027763,nv,follow_up,55.0,male,abdomen,data/raw/HAM10000_images_part_1/ISIC_0027763.jpg,test,5,5,nv,nv,0.8046813,True,nv → nv,0.021216568,0.017882863,0.042921767,0.04955848,0.018839559,0.8046813,0.044899464
HAM_0006901,ISIC_0026700,nv,follow_up,55.0,male,abdomen,data/raw/HAM10000_images_part_1/ISIC_0026700.jpg,test,5,5,nv,nv,0.66875607,True,nv → nv,0.014244654,0.06314823,0.009391078,0.04018695,0.010052841,0.66875607,0.1942202
HAM_0000713,ISIC_0031174,nv,follow_up,55.0,male,abdomen,data/raw/HAM10000_images_part_2/ISIC_0031174.jpg,test,5,5,nv,nv,0.8598952,True,nv → nv,0.0092046065,0.0036810804,0.012371796,0.009312726,0.076019295,0.8598952,0.02951532
HAM_0000053,ISIC_0030376,nv,follow_up,55.0,male,back,data/raw/HAM10000_images_part_2/ISIC_0030376.jpg,test,5,5,nv,nv,0.83123815,True,nv → nv,0.020665364,0.012504241,0.011795215,0.034166194,0.032006934,0.83123815,0.05762391
HAM_0002404,ISIC_0031776,nv,follow_up,55.0,male,back,data/raw/HAM10000_images_part_2/ISIC_0031776.jpg,test,5,2,nv,bkl,0.28251868,False,nv → bkl,0.1956886,0.03316307,0.28251868,0.09044349,0.13509206,0.25346065,0.009633417
HAM_0005187,ISIC_0029385,nv,follow_up,40.0,female,trunk,data/raw/HAM10000_images_part_2/ISIC_0029385.jpg,test,5,5,nv,nv,0.64027095,True,nv → nv,0.062593706,0.066800356,0.028457606,0.038945086,0.10992677,0.64027095,0.053005558
HAM_0006044,ISIC_0026986,nv,follow_up,40.0,female,lower extremity,data/raw/HAM10000_images_part_1/ISIC_0026986.jpg,test,5,5,nv,nv,0.8491756,True,nv → nv,0.02098559,0.009093276,0.015381671,0.022960944,0.04127568,0.8491756,0.04112722
HAM_0005800,ISIC_0028864,nv,follow_up,40.0,female,upper extremity,data/raw/HAM10000_images_part_1/ISIC_0028864.jpg,test,5,1,nv,bcc,0.5330807,False,nv → bcc,0.15704195,0.5330807,0.033342525,0.0430551,0.08398572,0.066770375,0.08272361
HAM_0000705,ISIC_0025508,nv,follow_up,40.0,female,back,data/raw/HAM10000_images_part_1/ISIC_0025508.jpg,test,5,5,nv,nv,0.90441996,True,nv → nv,0.008284075,0.006658352,0.0061107464,0.01876105,0.015501807,0.90441996,0.04026408
HAM_0001121,ISIC_0024788,nv,follow_up,40.0,female,trunk,data/raw/HAM10000_images_part_1/ISIC_0024788.jpg,test,5,5,nv,nv,0.7864244,True,nv → nv,0.013389928,0.014839446,0.04650638,0.03800698,0.016248437,0.7864244,0.084584415
HAM_0006671,ISIC_0027843,nv,follow_up,60.0,male,lower extremity,data/raw/HAM10000_images_part_1/ISIC_0027843.jpg,test,5,5,nv,nv,0.67125267,True,nv → nv,0.023353275,0.019357083,0.03483719,0.041574102,0.09595491,0.67125267,0.11367079
HAM_0004790,ISIC_0030902,nv,follow_up,35.0,female,trunk,data/raw/HAM10000_images_part_2/ISIC_0030902.jpg,test,5,5,nv,nv,0.6597519,True,nv → nv,0.014389918,0.03440758,0.005279633,0.03490615,0.03601612,0.6597519,0.2152487
HAM_0006689,ISIC_0024493,nv,follow_up,40.0,male,lower extremity,data/raw/HAM10000_images_part_1/ISIC_0024493.jpg,test,5,5,nv,nv,0.5323211,True,nv → nv,0.094829366,0.10732502,0.068435214,0.09251956,0.06452915,0.5323211,0.040040575
HAM_0004134,ISIC_0026075,nv,follow_up,30.0,male,back,data/raw/HAM10000_images_part_1/ISIC_0026075.jpg,test,5,5,nv,nv,0.7925194,True,nv → nv,0.016039945,0.042944588,0.0042909333,0.05355923,0.021599986,0.7925194,0.06904594
HAM_0001918,ISIC_0031291,nv,follow_up,45.0,female,back,data/raw/HAM10000_images_part_2/ISIC_0031291.jpg,test,5,5,nv,nv,0.704392,True,nv → nv,0.021807788,0.028081728,0.022875654,0.043535765,0.096026875,0.704392,0.083280176
HAM_0000120,ISIC_0030904,nv,follow_up,55.0,male,lower extremity,data/raw/HAM10000_images_part_2/ISIC_0030904.jpg,test,5,5,nv,nv,0.8504566,True,nv → nv,0.00710098,0.013445869,0.010746099,0.018029137,0.013716232,0.8504566,0.08650505
HAM_0004253,ISIC_0031035,nv,follow_up,60.0,male,lower extremity,data/raw/HAM10000_images_part_2/ISIC_0031035.jpg,test,5,5,nv,nv,0.7635529,True,nv → nv,0.02093161,0.03274961,0.012984286,0.04963125,0.03478403,0.7635529,0.08536638
HAM_0001392,ISIC_0030411,nv,follow_up,45.0,female,lower extremity,data/raw/HAM10000_images_part_2/ISIC_0030411.jpg,test,5,5,nv,nv,0.8588888,True,nv → nv,0.014440754,0.010156087,0.014105991,0.034061935,0.02509765,0.8588888,0.043248754
HAM_0002584,ISIC_0030315,nv,follow_up,45.0,female,upper extremity,data/raw/HAM10000_images_part_2/ISIC_0030315.jpg,test,5,5,nv,nv,0.84595513,True,nv → nv,0.004984887,0.0026019146,0.011173265,0.007859452,0.08518256,0.84595513,0.04224274
HAM_0005295,ISIC_0024690,nv,follow_up,40.0,female,back,data/raw/HAM10000_images_part_1/ISIC_0024690.jpg,test,5,5,nv,nv,0.46433443,True,nv → nv,0.121677384,0.10960531,0.07187328,0.09036366,0.09851764,0.46433443,0.043628324
HAM_0001231,ISIC_0025878,nv,follow_up,45.0,male,trunk,data/raw/HAM10000_images_part_1/ISIC_0025878.jpg,test,5,5,nv,nv,0.8760491,True,nv → nv,0.013553497,0.016366705,0.0078089186,0.027556822,0.038438216,0.8760491,0.020226732
HAM_0001357,ISIC_0027145,nv,follow_up,45.0,male,back,data/raw/HAM10000_images_part_1/ISIC_0027145.jpg,test,5,5,nv,nv,0.7584886,True,nv → nv,0.01473522,0.014953634,0.021192243,0.033194575,0.05507243,0.7584886,0.10236326
HAM_0006569,ISIC_0030483,nv,follow_up,35.0,male,lower extremity,data/raw/HAM10000_images_part_2/ISIC_0030483.jpg,test,5,5,nv,nv,0.8123066,True,nv → nv,0.008430512,0.026751922,0.01488501,0.026405562,0.021142427,0.8123066,0.09007794
HAM_0001572,ISIC_0028933,nv,follow_up,35.0,male,lower extremity,data/raw/HAM10000_images_part_1/ISIC_0028933.jpg,test,5,5,nv,nv,0.9546812,True,nv → nv,0.0015233945,0.0015536838,0.004555396,0.008123508,0.0035639536,0.9546812,0.02599882
HAM_0002260,ISIC_0028699,nv,follow_up,35.0,male,lower extremity,data/raw/HAM10000_images_part_1/ISIC_0028699.jpg,test,5,5,nv,nv,0.83778256,True,nv → nv,0.008986642,0.016318107,0.024053687,0.042806875,0.011377207,0.83778256,0.05867486
HAM_0002464,ISIC_0030566,nv,follow_up,35.0,male,lower extremity,data/raw/HAM10000_images_part_2/ISIC_0030566.jpg,test,5,5,nv,nv,0.8720645,True,nv → nv,0.0091692805,0.010261652,0.004472847,0.032756727,0.008114349,0.8720645,0.063160636
HAM_0003145,ISIC_0026136,nv,follow_up,75.0,male,neck,data/raw/HAM10000_images_part_1/ISIC_0026136.jpg,test,5,5,nv,nv,0.72688216,True,nv → nv,0.030593814,0.019568596,0.021993408,0.034372028,0.08630159,0.72688216,0.08028849
HAM_0003611,ISIC_0031699,nv,follow_up,75.0,male,hand,data/raw/HAM10000_images_part_2/ISIC_0031699.jpg,test,5,5,nv,nv,0.78790826,True,nv → nv,0.027737344,0.04342355,0.01646269,0.04750325,0.03378818,0.78790826,0.04317674
HAM_0007323,ISIC_0031038,nv,follow_up,75.0,male,back,data/raw/HAM10000_images_part_2/ISIC_0031038.jpg,test,5,5,nv,nv,0.77977514,True,nv → nv,0.0096904095,0.007400491,0.017566044,0.013566532,0.11176779,0.77977514,0.06023366
HAM_0002038,ISIC_0032337,nv,follow_up,75.0,male,back,data/raw/HAM10000_images_part_2/ISIC_0032337.jpg,test,5,5,nv,nv,0.6448407,True,nv → nv,0.013922502,0.035483934,0.019154245,0.02191994,0.21984929,0.6448407,0.044829305
HAM_0005035,ISIC_0025536,nv,follow_up,35.0,female,trunk,data/raw/HAM10000_images_part_1/ISIC_0025536.jpg,test,5,5,nv,nv,0.84106904,True,nv → nv,0.017630504,0.01728218,0.008486621,0.02965026,0.020285944,0.84106904,0.065595426
HAM_0002626,ISIC_0026822,nv,follow_up,45.0,male,lower extremity,data/raw/HAM10000_images_part_1/ISIC_0026822.jpg,test,5,5,nv,nv,0.9320676,True,nv → nv,0.0057219244,0.0032160531,0.001812538,0.012930502,0.016756611,0.9320676,0.027494734
HAM_0005066,ISIC_0030787,nv,follow_up,45.0,male,lower extremity,data/raw/HAM10000_images_part_2/ISIC_0030787.jpg,test,5,5,nv,nv,0.8081951,True,nv → nv,0.008459383,0.017418578,0.009902373,0.043453943,0.022164268,0.8081951,0.09040626
HAM_0003536,ISIC_0028819,nv,follow_up,45.0,male,back,data/raw/HAM10000_images_part_1/ISIC_0028819.jpg,test,5,5,nv,nv,0.5805186,True,nv → nv,0.041682653,0.0412485,0.053634677,0.059289332,0.105578355,0.5805186,0.11804783
HAM_0006792,ISIC_0026460,nv,follow_up,45.0,male,trunk,data/raw/HAM10000_images_part_1/ISIC_0026460.jpg,test,5,5,nv,nv,0.569091,True,nv → nv,0.055268295,0.09756362,0.038523704,0.073197715,0.09185387,0.569091,0.0745017
HAM_0001522,ISIC_0025084,nv,follow_up,45.0,male,back,data/raw/HAM10000_images_part_1/ISIC_0025084.jpg,test,5,5,nv,nv,0.37795004,True,nv → nv,0.09163074,0.20071219,0.041591536,0.10268586,0.054058045,0.37795004,0.13137156
HAM_0006272,ISIC_0024429,nv,follow_up,55.0,male,trunk,data/raw/HAM10000_images_part_1/ISIC_0024429.jpg,test,5,5,nv,nv,0.7495377,True,nv → nv,0.033381782,0.021333426,0.013115887,0.025233082,0.1025012,0.7495377,0.054896865
HAM_0003283,ISIC_0031469,nv,follow_up,50.0,female,upper extremity,data/raw/HAM10000_images_part_2/ISIC_0031469.jpg,test,5,5,nv,nv,0.82280993,True,nv → nv,0.013061591,0.016070323,0.012208029,0.019631356,0.05783023,0.82280993,0.05838862
HAM_0004269,ISIC_0025003,nv,follow_up,50.0,female,lower extremity,data/raw/HAM10000_images_part_1/ISIC_0025003.jpg,test,5,5,nv,nv,0.606265,True,nv → nv,0.03312357,0.051646803,0.05794355,0.11839963,0.026525619,0.606265,0.10609586
HAM_0003151,ISIC_0024556,nv,follow_up,50.0,female,foot,data/raw/HAM10000_images_part_1/ISIC_0024556.jpg,test,5,5,nv,nv,0.8679516,True,nv → nv,0.0114154285,0.013624018,0.012447056,0.013627632,0.060732223,0.8679516,0.020202102
HAM_0004834,ISIC_0025328,nv,follow_up,20.0,female,trunk,data/raw/HAM10000_images_part_1/ISIC_0025328.jpg,test,5,5,nv,nv,0.5330166,True,nv → nv,0.007995699,0.009184931,0.016244434,0.050243776,0.014183082,0.5330166,0.36913142
HAM_0005241,ISIC_0029699,nv,follow_up,30.0,male,trunk,data/raw/HAM10000_images_part_2/ISIC_0029699.jpg,test,5,5,nv,nv,0.5883407,True,nv → nv,0.04698637,0.14385079,0.04311539,0.06373026,0.050727475,0.5883407,0.063249014
HAM_0006917,ISIC_0025861,nv,follow_up,30.0,male,upper extremity,data/raw/HAM10000_images_part_1/ISIC_0025861.jpg,test,5,5,nv,nv,0.7900043,True,nv → nv,0.030041583,0.032574367,0.012939961,0.07194825,0.0065781693,0.7900043,0.055913318
HAM_0000564,ISIC_0027333,nv,follow_up,40.0,male,foot,data/raw/HAM10000_images_part_1/ISIC_0027333.jpg,test,5,5,nv,nv,0.5822001,True,nv → nv,0.08328898,0.024976566,0.06980073,0.03463523,0.18954128,0.5822001,0.015557115
HAM_0003296,ISIC_0024944,nv,follow_up,40.0,male,lower extremity,data/raw/HAM10000_images_part_1/ISIC_0024944.jpg,test,5,5,nv,nv,0.73815006,True,nv → nv,0.022473987,0.013390897,0.030070053,0.022476608,0.15337405,0.73815006,0.020064365
HAM_0000328,ISIC_0025482,nv,follow_up,40.0,male,lower extremity,data/raw/HAM10000_images_part_1/ISIC_0025482.jpg,test,5,5,nv,nv,0.59232104,True,nv → nv,0.042309046,0.06739568,0.026749061,0.05490585,0.13956392,0.59232104,0.07675545
HAM_0001067,ISIC_0028813,nv,follow_up,40.0,male,lower extremity,data/raw/HAM10000_images_part_1/ISIC_0028813.jpg,test,5,5,nv,nv,0.6962266,True,nv → nv,0.03545245,0.030501032,0.035076037,0.07380604,0.05247746,0.6962266,0.07646038
HAM_0005361,ISIC_0024374,nv,follow_up,35.0,female,face,data/raw/HAM10000_images_part_1/ISIC_0024374.jpg,test,5,5,nv,nv,0.7255628,True,nv → nv,0.03675618,0.026662579,0.06625783,0.033153377,0.07198198,0.7255628,0.03962536
HAM_0007152,ISIC_0028184,nv,follow_up,20.0,male,trunk,data/raw/HAM10000_images_part_1/ISIC_0028184.jpg,test,5,5,nv,nv,0.72202486,True,nv → nv,0.026346294,0.03243642,0.011361396,0.08098888,0.02437106,0.72202486,0.102471136
HAM_0005036,ISIC_0025815,nv,follow_up,50.0,female,trunk,data/raw/HAM10000_images_part_1/ISIC_0025815.jpg,test,5,5,nv,nv,0.8586299,True,nv → nv,0.013556338,0.029750036,0.005911246,0.024761388,0.03266701,0.8586299,0.034724057
HAM_0007128,ISIC_0025104,nv,follow_up,50.0,female,upper extremity,data/raw/HAM10000_images_part_1/ISIC_0025104.jpg,test,5,5,nv,nv,0.7888859,True,nv → nv,0.0055842386,0.0033983993,0.03822088,0.018870255,0.021945765,0.7888859,0.12309456
HAM_0003032,ISIC_0028789,nv,follow_up,45.0,female,trunk,data/raw/HAM10000_images_part_1/ISIC_0028789.jpg,test,5,5,nv,nv,0.67711014,True,nv → nv,0.022896336,0.041306634,0.029110974,0.07750073,0.015353523,0.67711014,0.13672158
HAM_0006836,ISIC_0025678,nv,follow_up,30.0,male,back,data/raw/HAM10000_images_part_1/ISIC_0025678.jpg,test,5,5,nv,nv,0.9001177,True,nv → nv,0.008024049,0.010876264,0.0059584253,0.044573016,0.008378669,0.9001177,0.022071866
HAM_0004964,ISIC_0028062,nv,follow_up,30.0,male,scalp,data/raw/HAM10000_images_part_1/ISIC_0028062.jpg,test,5,5,nv,nv,0.9275598,True,nv → nv,0.005100309,0.010906814,0.010478008,0.015321589,0.013267054,0.9275598,0.01736639
HAM_0005166,ISIC_0024815,nv,follow_up,25.0,female,abdomen,data/raw/HAM10000_images_part_1/ISIC_0024815.jpg,test,5,5,nv,nv,0.81393105,True,nv → nv,0.008567899,0.0056989207,0.017053459,0.016202573,0.03724263,0.81393105,0.101303466
HAM_0005214,ISIC_0031114,nv,follow_up,75.0,female,lower extremity,data/raw/HAM10000_images_part_2/ISIC_0031114.jpg,test,5,5,nv,nv,0.60173094,True,nv → nv,0.04739862,0.05430227,0.036551397,0.064098656,0.048363533,0.60173094,0.14755455
HAM_0004692,ISIC_0030734,nv,follow_up,60.0,male,abdomen,data/raw/HAM10000_images_part_2/ISIC_0030734.jpg,test,5,5,nv,nv,0.52220017,True,nv → nv,0.07854898,0.052600216,0.08361328,0.066702984,0.15634021,0.52220017,0.039994188
HAM_0007035,ISIC_0030332,nv,follow_up,55.0,male,lower extremity,data/raw/HAM10000_images_part_2/ISIC_0030332.jpg,test,5,5,nv,nv,0.7987769,True,nv → nv,0.011051825,0.020222763,0.022479784,0.034394905,0.0076443595,0.7987769,0.10542945
HAM_0000723,ISIC_0031364,nv,follow_up,35.0,female,upper extremity,data/raw/HAM10000_images_part_2/ISIC_0031364.jpg,test,5,5,nv,nv,0.522206,True,nv → nv,0.079394646,0.07121212,0.04964549,0.053076606,0.20055787,0.522206,0.023907214
HAM_0005521,ISIC_0031963,nv,follow_up,65.0,male,lower extremity,data/raw/HAM10000_images_part_2/ISIC_0031963.jpg,test,5,1,nv,bcc,0.29137787,False,nv → bcc,0.082707,0.29137787,0.03634517,0.053753473,0.043063775,0.2498997,0.24285305
HAM_0003513,ISIC_0030743,nv,follow_up,60.0,male,upper extremity,data/raw/HAM10000_images_part_2/ISIC_0030743.jpg,test,5,5,nv,nv,0.48380786,True,nv → nv,0.058520563,0.09415669,0.1441744,0.07313733,0.065812595,0.48380786,0.080390595
HAM_0007095,ISIC_0030374,nv,follow_up,60.0,male,abdomen,data/raw/HAM10000_images_part_2/ISIC_0030374.jpg,test,5,5,nv,nv,0.9025974,True,nv → nv,0.0043160026,0.0062247356,0.005232029,0.032527667,0.007331339,0.9025974,0.04177077
HAM_0005111,ISIC_0030911,nv,follow_up,40.0,female,trunk,data/raw/HAM10000_images_part_2/ISIC_0030911.jpg,test,5,5,nv,nv,0.7338668,True,nv → nv,0.027236713,0.04976566,0.019590812,0.02902609,0.09740644,0.7338668,0.04310743
HAM_0002289,ISIC_0032266,nv,follow_up,55.0,female,lower extremity,data/raw/HAM10000_images_part_2/ISIC_0032266.jpg,test,5,5,nv,nv,0.82952493,True,nv → nv,0.012948108,0.027113054,0.0056228754,0.0371892,0.009780346,0.82952493,0.07782147
HAM_0002144,ISIC_0031682,nv,follow_up,35.0,female,abdomen,data/raw/HAM10000_images_part_2/ISIC_0031682.jpg,test,5,5,nv,nv,0.3957959,True,nv → nv,0.073986664,0.103612415,0.08010083,0.053712666,0.17817992,0.3957959,0.11461164
HAM_0005178,ISIC_0030285,nv,follow_up,45.0,female,foot,data/raw/HAM10000_images_part_2/ISIC_0030285.jpg,test,5,5,nv,nv,0.5874969,True,nv → nv,0.064730845,0.15813048,0.03185174,0.052640446,0.026807474,0.5874969,0.07834218
HAM_0005097,ISIC_0031018,nv,follow_up,75.0,male,lower extremity,data/raw/HAM10000_images_part_2/ISIC_0031018.jpg,test,5,5,nv,nv,0.62731695,True,nv → nv,0.038796827,0.04935378,0.026297182,0.081915006,0.04631702,0.62731695,0.13000317
HAM_0005784,ISIC_0030679,nv,follow_up,65.0,female,trunk,data/raw/HAM10000_images_part_2/ISIC_0030679.jpg,test,5,5,nv,nv,0.88574433,True,nv → nv,0.009620359,0.005220731,0.012559542,0.0332854,0.018172083,0.88574433,0.03539754
HAM_0000141,ISIC_0030477,nv,follow_up,35.0,female,lower extremity,data/raw/HAM10000_images_part_2/ISIC_0030477.jpg,test,5,5,nv,nv,0.87201834,True,nv → nv,0.005991908,0.004688604,0.009178182,0.011981828,0.07357306,0.87201834,0.022568064
HAM_0007544,ISIC_0031390,nv,follow_up,60.0,male,lower extremity,data/raw/HAM10000_images_part_2/ISIC_0031390.jpg,test,5,5,nv,nv,0.7504947,True,nv → nv,0.035890754,0.040245987,0.044790413,0.051026944,0.029984135,0.7504947,0.047567055
HAM_0002262,ISIC_0027307,nv,follow_up,50.0,female,abdomen,data/raw/HAM10000_images_part_1/ISIC_0027307.jpg,test,5,5,nv,nv,0.5712043,True,nv → nv,0.08934647,0.08708227,0.08583999,0.072052814,0.06919554,0.5712043,0.025278576
HAM_0003721,ISIC_0029490,nv,follow_up,50.0,female,lower extremity,data/raw/HAM10000_images_part_2/ISIC_0029490.jpg,test,5,5,nv,nv,0.9016389,True,nv → nv,0.008818997,0.0057881614,0.0073913583,0.013162799,0.043708347,0.9016389,0.019491453
HAM_0003412,ISIC_0026241,nv,follow_up,50.0,female,back,data/raw/HAM10000_images_part_1/ISIC_0026241.jpg,test,5,5,nv,nv,0.741898,True,nv → nv,0.024115654,0.03903547,0.024772644,0.030383691,0.05400692,0.741898,0.08578761
HAM_0000474,ISIC_0030099,nv,follow_up,45.0,female,hand,data/raw/HAM10000_images_part_2/ISIC_0030099.jpg,test,5,5,nv,nv,0.77596307,True,nv → nv,0.019645292,0.047423627,0.010492063,0.022917783,0.08660044,0.77596307,0.03695771
HAM_0004629,ISIC_0027019,nv,follow_up,45.0,female,abdomen,data/raw/HAM10000_images_part_1/ISIC_0027019.jpg,test,5,5,nv,nv,0.77596164,True,nv → nv,0.00611246,0.004526308,0.039902773,0.014779374,0.053184036,0.77596164,0.10553337
HAM_0000023,ISIC_0026144,nv,follow_up,40.0,male,lower extremity,data/raw/HAM10000_images_part_1/ISIC_0026144.jpg,test,5,5,nv,nv,0.77699846,True,nv → nv,0.009790196,0.01160153,0.015882956,0.04275502,0.009520351,0.77699846,0.13345146
HAM_0007201,ISIC_0026208,nv,follow_up,50.0,male,lower extremity,data/raw/HAM10000_images_part_1/ISIC_0026208.jpg,test,5,5,nv,nv,0.921376,True,nv → nv,0.0052470565,0.0067486553,0.0018726921,0.01888129,0.0061408603,0.921376,0.039733484
HAM_0004271,ISIC_0025474,nv,follow_up,55.0,female,trunk,data/raw/HAM10000_images_part_1/ISIC_0025474.jpg,test,5,5,nv,nv,0.8771381,True,nv → nv,0.021821598,0.009079366,0.0026373179,0.025878005,0.026139172,0.8771381,0.03730656
HAM_0007453,ISIC_0024510,nv,follow_up,55.0,female,lower extremity,data/raw/HAM10000_images_part_1/ISIC_0024510.jpg,test,5,5,nv,nv,0.7658209,True,nv → nv,0.024484733,0.009081144,0.023594715,0.053314853,0.061231587,0.7658209,0.06247202
HAM_0003876,ISIC_0030481,nv,follow_up,55.0,female,lower extremity,data/raw/HAM10000_images_part_2/ISIC_0030481.jpg,test,5,5,nv,nv,0.6855519,True,nv → nv,0.008851497,0.0068390626,0.020666454,0.021530427,0.048167553,0.6855519,0.20839316
HAM_0007608,ISIC_0028609,nv,follow_up,55.0,female,lower extremity,data/raw/HAM10000_images_part_1/ISIC_0028609.jpg,test,5,5,nv,nv,0.7223955,True,nv → nv,0.019930823,0.010429692,0.01992305,0.038881395,0.10876117,0.7223955,0.07967841
HAM_0001882,ISIC_0025866,nv,follow_up,55.0,female,trunk,data/raw/HAM10000_images_part_1/ISIC_0025866.jpg,test,5,5,nv,nv,0.8527347,True,nv → nv,0.012961565,0.016246604,0.012588043,0.03614162,0.015914941,0.8527347,0.0534125
HAM_0003865,ISIC_0032188,nv,follow_up,55.0,male,abdomen,data/raw/HAM10000_images_part_2/ISIC_0032188.jpg,test,5,5,nv,nv,0.4705231,True,nv → nv,0.0051523657,0.0077826744,0.018129012,0.023332449,0.0202701,0.4705231,0.4548103
HAM_0004404,ISIC_0025822,nv,follow_up,55.0,male,neck,data/raw/HAM10000_images_part_1/ISIC_0025822.jpg,test,5,5,nv,nv,0.9050449,True,nv → nv,0.0120353885,0.009607567,0.0038068523,0.009335853,0.03517058,0.9050449,0.02499885
HAM_0001438,ISIC_0030490,nv,follow_up,55.0,male,back,data/raw/HAM10000_images_part_2/ISIC_0030490.jpg,test,5,5,nv,nv,0.89434457,True,nv → nv,0.0023967144,0.0027788165,0.0073455544,0.01088547,0.012365959,0.89434457,0.0698829
HAM_0006786,ISIC_0029436,nv,follow_up,50.0,female,lower extremity,data/raw/HAM10000_images_part_2/ISIC_0029436.jpg,test,5,5,nv,nv,0.7182663,True,nv → nv,0.023353666,0.01198938,0.014169105,0.061556626,0.080142304,0.7182663,0.09052258
HAM_0005195,ISIC_0025929,nv,follow_up,50.0,female,lower extremity,data/raw/HAM10000_images_part_1/ISIC_0025929.jpg,test,5,5,nv,nv,0.82323605,True,nv → nv,0.017360462,0.008654023,0.011212811,0.015503506,0.08096759,0.82323605,0.04306561
HAM_0002418,ISIC_0030711,nv,follow_up,50.0,female,lower extremity,data/raw/HAM10000_images_part_2/ISIC_0030711.jpg,test,5,5,nv,nv,0.48638296,True,nv → nv,0.024534913,0.034040693,0.016991673,0.07570492,0.08985703,0.48638296,0.27248788
HAM_0001700,ISIC_0030971,nv,follow_up,50.0,female,lower extremity,data/raw/HAM10000_images_part_2/ISIC_0030971.jpg,test,5,5,nv,nv,0.64122933,True,nv → nv,0.06950863,0.046237312,0.048983708,0.057701394,0.092853025,0.64122933,0.04348673
HAM_0001008,ISIC_0031898,nv,follow_up,50.0,female,back,data/raw/HAM10000_images_part_2/ISIC_0031898.jpg,test,5,5,nv,nv,0.8755912,True,nv → nv,0.00842791,0.0053102886,0.0056723915,0.012851193,0.025843764,0.8755912,0.06630314
HAM_0000497,ISIC_0024563,nv,follow_up,50.0,female,lower extremity,data/raw/HAM10000_images_part_1/ISIC_0024563.jpg,test,5,5,nv,nv,0.8969148,True,nv → nv,0.010110798,0.009920861,0.0076472736,0.013906665,0.04453321,0.8969148,0.016966375
HAM_0004015,ISIC_0027892,nv,follow_up,50.0,female,lower extremity,data/raw/HAM10000_images_part_1/ISIC_0027892.jpg,test,5,5,nv,nv,0.5422284,True,nv → nv,0.060659874,0.13389604,0.031143881,0.07858655,0.062768556,0.5422284,0.0907167
HAM_0002062,ISIC_0027400,nv,follow_up,45.0,female,trunk,data/raw/HAM10000_images_part_1/ISIC_0027400.jpg,test,5,5,nv,nv,0.7967817,True,nv → nv,0.009902149,0.0036375935,0.022076212,0.013280943,0.11446717,0.7967817,0.03985426
HAM_0003022,ISIC_0025551,nv,follow_up,45.0,female,upper extremity,data/raw/HAM10000_images_part_1/ISIC_0025551.jpg,test,5,5,nv,nv,0.8910275,True,nv → nv,0.015025825,0.011815751,0.0058909077,0.024674486,0.016813492,0.8910275,0.034752015
HAM_0005076,ISIC_0024404,nv,follow_up,45.0,female,lower extremity,data/raw/HAM10000_images_part_1/ISIC_0024404.jpg,test,5,5,nv,nv,0.9028231,True,nv → nv,0.0061066044,0.0064806053,0.00596208,0.014056513,0.01770235,0.9028231,0.046868708
HAM_0006850,ISIC_0030186,nv,follow_up,45.0,female,trunk,data/raw/HAM10000_images_part_2/ISIC_0030186.jpg,test,5,5,nv,nv,0.9042522,True,nv → nv,0.010416964,0.0108752055,0.007945748,0.020730343,0.01858167,0.9042522,0.027197914
HAM_0003199,ISIC_0027309,nv,follow_up,55.0,female,lower extremity,data/raw/HAM10000_images_part_1/ISIC_0027309.jpg,test,5,5,nv,nv,0.9378797,True,nv → nv,0.006307023,0.007782454,0.002201555,0.013731772,0.01438735,0.9378797,0.017710224
HAM_0003917,ISIC_0026814,nv,follow_up,65.0,female,back,data/raw/HAM10000_images_part_1/ISIC_0026814.jpg,test,5,5,nv,nv,0.81556994,True,nv → nv,0.015529898,0.008982416,0.025760612,0.026107283,0.06420682,0.81556994,0.043842997
HAM_0001584,ISIC_0029004,nv,follow_up,65.0,female,lower extremity,data/raw/HAM10000_images_part_1/ISIC_0029004.jpg,test,5,5,nv,nv,0.8680554,True,nv → nv,0.011559758,0.006985089,0.014181646,0.01521933,0.047334995,0.8680554,0.036663815
HAM_0005031,ISIC_0025109,nv,follow_up,65.0,male,abdomen,data/raw/HAM10000_images_part_1/ISIC_0025109.jpg,test,5,5,nv,nv,0.62055427,True,nv → nv,0.0046312306,0.038126912,0.010981093,0.034495443,0.007758012,0.62055427,0.28345302
HAM_0002035,ISIC_0024989,nv,follow_up,45.0,female,upper extremity,data/raw/HAM10000_images_part_1/ISIC_0024989.jpg,test,5,5,nv,nv,0.8113385,True,nv → nv,0.028331649,0.04257998,0.009285458,0.061627883,0.020634837,0.8113385,0.026201641
HAM_0002784,ISIC_0027712,nv,follow_up,55.0,male,lower extremity,data/raw/HAM10000_images_part_1/ISIC_0027712.jpg,test,5,5,nv,nv,0.9098843,True,nv → nv,0.0073410207,0.003432217,0.0024456945,0.027174126,0.013310866,0.9098843,0.036411773
HAM_0005170,ISIC_0026253,nv,follow_up,80.0,male,trunk,data/raw/HAM10000_images_part_1/ISIC_0026253.jpg,test,5,5,nv,nv,0.6373738,True,nv → nv,0.087820046,0.06309795,0.019346442,0.088014305,0.057940073,0.6373738,0.04640738
HAM_0000213,ISIC_0029167,nv,follow_up,60.0,female,upper extremity,data/raw/HAM10000_images_part_1/ISIC_0029167.jpg,test,5,5,nv,nv,0.8571165,True,nv → nv,0.008200515,0.004483696,0.021120708,0.025498163,0.03251013,0.8571165,0.05107028
HAM_0004359,ISIC_0025087,nv,follow_up,50.0,female,neck,data/raw/HAM10000_images_part_1/ISIC_0025087.jpg,test,5,5,nv,nv,0.8353264,True,nv → nv,0.016961934,0.021885071,0.010088872,0.032135095,0.013224903,0.8353264,0.0703777
HAM_0002239,ISIC_0028021,nv,follow_up,70.0,female,lower extremity,data/raw/HAM10000_images_part_1/ISIC_0028021.jpg,test,5,5,nv,nv,0.7166551,True,nv → nv,0.022173876,0.0331929,0.040827613,0.08414775,0.0193931,0.7166551,0.08360968
HAM_0002405,ISIC_0030380,nv,follow_up,80.0,male,upper extremity,data/raw/HAM10000_images_part_2/ISIC_0030380.jpg,test,5,5,nv,nv,0.6993188,True,nv → nv,0.07807683,0.062035955,0.036878765,0.055249587,0.05628616,0.6993188,0.012153944
HAM_0005080,ISIC_0027951,nv,follow_up,65.0,male,abdomen,data/raw/HAM10000_images_part_1/ISIC_0027951.jpg,test,5,5,nv,nv,0.8240817,True,nv → nv,0.0094606215,0.0046825972,0.014647936,0.018864056,0.046793237,0.8240817,0.08146984
HAM_0004247,ISIC_0031532,nv,follow_up,65.0,male,trunk,data/raw/HAM10000_images_part_2/ISIC_0031532.jpg,test,5,5,nv,nv,0.674661,True,nv → nv,0.040857356,0.034162402,0.017178163,0.08162456,0.06100125,0.674661,0.09051524
HAM_0006874,ISIC_0025017,nv,follow_up,65.0,male,lower extremity,data/raw/HAM10000_images_part_1/ISIC_0025017.jpg,test,5,5,nv,nv,0.82863533,True,nv → nv,0.011530548,0.0069452804,0.011906136,0.017187657,0.06584003,0.82863533,0.05795507
HAM_0001558,ISIC_0025007,nv,follow_up,50.0,female,lower extremity,data/raw/HAM10000_images_part_1/ISIC_0025007.jpg,test,5,5,nv,nv,0.8764543,True,nv → nv,0.0127538,0.013626867,0.0039716014,0.02460943,0.03616513,0.8764543,0.032418814
HAM_0000813,ISIC_0024395,nv,follow_up,60.0,female,lower extremity,data/raw/HAM10000_images_part_1/ISIC_0024395.jpg,test,5,5,nv,nv,0.581012,True,nv → nv,0.027352577,0.050175995,0.012412228,0.08076293,0.03515935,0.581012,0.21312487
HAM_0001636,ISIC_0030866,nv,follow_up,50.0,female,upper extremity,data/raw/HAM10000_images_part_2/ISIC_0030866.jpg,test,5,5,nv,nv,0.8813987,True,nv → nv,0.007219181,0.004563409,0.01032598,0.014287573,0.028472349,0.8813987,0.05373281
HAM_0000260,ISIC_0026436,nv,follow_up,75.0,male,trunk,data/raw/HAM10000_images_part_1/ISIC_0026436.jpg,test,5,5,nv,nv,0.7851619,True,nv → nv,0.01876426,0.058934968,0.008509284,0.024650354,0.03134132,0.7851619,0.072637804
HAM_0007388,ISIC_0031693,nv,follow_up,75.0,male,trunk,data/raw/HAM10000_images_part_2/ISIC_0031693.jpg,test,5,5,nv,nv,0.695141,True,nv → nv,0.049172457,0.058945376,0.017864555,0.08636928,0.031513903,0.695141,0.06099341
HAM_0000363,ISIC_0027617,nv,follow_up,60.0,male,abdomen,data/raw/HAM10000_images_part_1/ISIC_0027617.jpg,test,5,5,nv,nv,0.8259581,True,nv → nv,0.021646993,0.03874879,0.021751022,0.02744063,0.04607953,0.8259581,0.018374922
HAM_0005890,ISIC_0027653,nv,follow_up,60.0,male,abdomen,data/raw/HAM10000_images_part_1/ISIC_0027653.jpg,test,5,5,nv,nv,0.9125695,True,nv → nv,0.006635685,0.0074038557,0.009285652,0.01254892,0.0098329885,0.9125695,0.041723408
HAM_0006767,ISIC_0031033,nv,follow_up,60.0,male,back,data/raw/HAM10000_images_part_2/ISIC_0031033.jpg,test,5,5,nv,nv,0.88463706,True,nv → nv,0.017013993,0.014356338,0.004990212,0.019658305,0.03026612,0.88463706,0.029077975
HAM_0004647,ISIC_0025639,nv,follow_up,60.0,female,trunk,data/raw/HAM10000_images_part_1/ISIC_0025639.jpg,test,5,5,nv,nv,0.6601719,True,nv → nv,0.031951066,0.09800272,0.01434527,0.020195307,0.12724236,0.6601719,0.048091307
HAM_0004527,ISIC_0027638,nv,follow_up,55.0,female,trunk,data/raw/HAM10000_images_part_1/ISIC_0027638.jpg,test,5,5,nv,nv,0.52983475,True,nv → nv,0.08305949,0.0677875,0.03751983,0.10328292,0.039711542,0.52983475,0.13880396
HAM_0005306,ISIC_0027056,nv,follow_up,60.0,male,back,data/raw/HAM10000_images_part_1/ISIC_0027056.jpg,test,5,5,nv,nv,0.6701824,True,nv → nv,0.027661435,0.024426967,0.016882498,0.054108463,0.07661517,0.6701824,0.13012308
HAM_0002019,ISIC_0030402,nv,follow_up,60.0,male,back,data/raw/HAM10000_images_part_2/ISIC_0030402.jpg,test,5,5,nv,nv,0.8818258,True,nv → nv,0.012059281,0.0096173575,0.003771475,0.021562418,0.032645833,0.8818258,0.03851775
HAM_0003697,ISIC_0025438,nv,follow_up,40.0,male,back,data/raw/HAM10000_images_part_1/ISIC_0025438.jpg,test,5,5,nv,nv,0.74226457,True,nv → nv,0.03310066,0.033606414,0.015229299,0.08780946,0.029841958,0.74226457,0.058147665
HAM_0005390,ISIC_0024574,nv,follow_up,40.0,female,lower extremity,data/raw/HAM10000_images_part_1/ISIC_0024574.jpg,test,5,5,nv,nv,0.8648336,True,nv → nv,0.008878749,0.011493149,0.006498982,0.03628428,0.01075346,0.8648336,0.061257757
HAM_0002789,ISIC_0030578,nv,follow_up,50.0,male,back,data/raw/HAM10000_images_part_2/ISIC_0030578.jpg,test,5,5,nv,nv,0.7030483,True,nv → nv,0.06267429,0.055002034,0.028277252,0.083889484,0.0280679,0.7030483,0.03904062
HAM_0006307,ISIC_0024570,nv,follow_up,50.0,male,back,data/raw/HAM10000_images_part_1/ISIC_0024570.jpg,test,5,5,nv,nv,0.84075695,True,nv → nv,0.02904628,0.024739675,0.0072829165,0.037157834,0.03618213,0.84075695,0.024834199
HAM_0007624,ISIC_0026322,nv,follow_up,60.0,male,trunk,data/raw/HAM10000_images_part_1/ISIC_0026322.jpg,test,5,0,nv,akiec,0.2448009,False,nv → akiec,0.2448009,0.11818859,0.13928798,0.04602835,0.2298904,0.19070676,0.03109707
HAM_0003390,ISIC_0024859,nv,follow_up,50.0,male,trunk,data/raw/HAM10000_images_part_1/ISIC_0024859.jpg,test,5,5,nv,nv,0.68593186,True,nv → nv,0.013086255,0.03652202,0.0019721282,0.02664253,0.017075565,0.68593186,0.21876962
HAM_0005445,ISIC_0027695,nv,follow_up,40.0,female,trunk,data/raw/HAM10000_images_part_1/ISIC_0027695.jpg,test,5,5,nv,nv,0.8112119,True,nv → nv,0.007971889,0.017330742,0.010691256,0.0155928675,0.08107353,0.8112119,0.0561279
HAM_0000829,ISIC_0029440,nv,follow_up,60.0,male,lower extremity,data/raw/HAM10000_images_part_2/ISIC_0029440.jpg,test,5,5,nv,nv,0.6527522,True,nv → nv,0.04915257,0.059726186,0.029551977,0.07946919,0.040586177,0.6527522,0.0887617
HAM_0007490,ISIC_0025968,nv,follow_up,60.0,male,lower extremity,data/raw/HAM10000_images_part_1/ISIC_0025968.jpg,test,5,5,nv,nv,0.8844382,True,nv → nv,0.0031740998,0.0070257876,0.010229205,0.033586193,0.0053702444,0.8844382,0.056176294
HAM_0000514,ISIC_0028934,nv,follow_up,80.0,male,trunk,data/raw/HAM10000_images_part_1/ISIC_0028934.jpg,test,5,5,nv,nv,0.6648217,True,nv → nv,0.013871118,0.027258532,0.0056668203,0.045852628,0.007631946,0.6648217,0.23489736
HAM_0000489,ISIC_0024960,nv,follow_up,80.0,male,trunk,data/raw/HAM10000_images_part_1/ISIC_0024960.jpg,test,5,5,nv,nv,0.72654945,True,nv → nv,0.04836108,0.04891925,0.04366554,0.049007546,0.051106863,0.72654945,0.032390248
HAM_0007351,ISIC_0032183,nv,follow_up,35.0,male,back,data/raw/HAM10000_images_part_2/ISIC_0032183.jpg,test,5,5,nv,nv,0.91739637,True,nv → nv,0.0065839146,0.00496505,0.0025097854,0.023769435,0.0101891225,0.91739637,0.034586303
HAM_0003511,ISIC_0024321,nv,follow_up,35.0,male,lower extremity,data/raw/HAM10000_images_part_1/ISIC_0024321.jpg,test,5,5,nv,nv,0.8272017,True,nv → nv,0.01809351,0.026547976,0.024292402,0.062006027,0.014475551,0.8272017,0.027382819
HAM_0004602,ISIC_0031240,nv,follow_up,55.0,female,trunk,data/raw/HAM10000_images_part_2/ISIC_0031240.jpg,test,5,5,nv,nv,0.85181314,True,nv → nv,0.008860006,0.015340431,0.010027784,0.02100549,0.055280067,0.85181314,0.037673037
HAM_0005128,ISIC_0025549,nv,follow_up,55.0,female,back,data/raw/HAM10000_images_part_1/ISIC_0025549.jpg,test,5,5,nv,nv,0.85089934,True,nv → nv,0.017705265,0.013487271,0.011885931,0.021837454,0.032679904,0.85089934,0.05150486
HAM_0005589,ISIC_0026224,nv,follow_up,45.0,male,foot,data/raw/HAM10000_images_part_1/ISIC_0026224.jpg,test,5,5,nv,nv,0.66405225,True,nv → nv,0.047698073,0.0709337,0.045556497,0.08555869,0.026049659,0.66405225,0.06015114
HAM_0006839,ISIC_0028683,nv,follow_up,50.0,female,trunk,data/raw/HAM10000_images_part_1/ISIC_0028683.jpg,test,5,5,nv,nv,0.5876846,True,nv → nv,0.047196094,0.11480384,0.04489985,0.048443757,0.06119934,0.5876846,0.09577261
HAM_0004938,ISIC_0027214,nv,follow_up,50.0,female,trunk,data/raw/HAM10000_images_part_1/ISIC_0027214.jpg,test,5,5,nv,nv,0.8003347,True,nv → nv,0.018572224,0.02163263,0.017885795,0.026339194,0.064954065,0.8003347,0.05028134
HAM_0002820,ISIC_0028422,nv,follow_up,35.0,male,back,data/raw/HAM10000_images_part_1/ISIC_0028422.jpg,test,5,5,nv,nv,0.82896185,True,nv → nv,0.011099353,0.015419672,0.00921816,0.018629927,0.05164306,0.82896185,0.06502797
HAM_0002389,ISIC_0026701,nv,follow_up,50.0,male,trunk,data/raw/HAM10000_images_part_1/ISIC_0026701.jpg,test,5,5,nv,nv,0.90651906,True,nv → nv,0.0059700646,0.0048465626,0.017424751,0.015238771,0.026205488,0.90651906,0.023795336
HAM_0005069,ISIC_0028301,nv,follow_up,60.0,female,lower extremity,data/raw/HAM10000_images_part_1/ISIC_0028301.jpg,test,5,5,nv,nv,0.7986794,True,nv → nv,0.017143909,0.013680019,0.017963236,0.018866634,0.09777765,0.7986794,0.035889145
HAM_0004723,ISIC_0032413,nv,follow_up,60.0,female,genital,data/raw/HAM10000_images_part_2/ISIC_0032413.jpg,test,5,5,nv,nv,0.869252,True,nv → nv,0.015156706,0.009743506,0.0047748596,0.029114733,0.03487482,0.869252,0.037083324
HAM_0004236,ISIC_0032180,nv,follow_up,55.0,female,back,data/raw/HAM10000_images_part_2/ISIC_0032180.jpg,test,5,5,nv,nv,0.6024158,True,nv → nv,0.06774643,0.10845322,0.047529966,0.050967027,0.07529226,0.6024158,0.047595307
HAM_0005491,ISIC_0032083,nv,follow_up,55.0,female,trunk,data/raw/HAM10000_images_part_2/ISIC_0032083.jpg,test,5,5,nv,nv,0.9053197,True,nv → nv,0.00731147,0.0048913723,0.0037560167,0.00864321,0.033003647,0.9053197,0.037074577
HAM_0001441,ISIC_0024660,nv,follow_up,55.0,female,lower extremity,data/raw/HAM10000_images_part_1/ISIC_0024660.jpg,test,5,5,nv,nv,0.9226032,True,nv → nv,0.0041970434,0.008638034,0.0027723718,0.014425673,0.006273563,0.9226032,0.041090127
HAM_0000784,ISIC_0030989,nv,follow_up,50.0,female,lower extremity,data/raw/HAM10000_images_part_2/ISIC_0030989.jpg,test,5,5,nv,nv,0.8079386,True,nv → nv,0.046299364,0.020803124,0.013558789,0.058132682,0.026826609,0.8079386,0.02644088
HAM_0003432,ISIC_0027962,nv,follow_up,50.0,female,upper extremity,data/raw/HAM10000_images_part_1/ISIC_0027962.jpg,test,5,5,nv,nv,0.83133054,True,nv → nv,0.0375932,0.024343545,0.010602097,0.026143918,0.046254672,0.83133054,0.023732057
HAM_0006361,ISIC_0030196,nv,follow_up,50.0,female,lower extremity,data/raw/HAM10000_images_part_2/ISIC_0030196.jpg,test,5,5,nv,nv,0.871686,True,nv → nv,0.00966971,0.003115826,0.005952871,0.023829438,0.015858632,0.871686,0.06988754
HAM_0005177,ISIC_0029423,nv,follow_up,40.0,female,lower extremity,data/raw/HAM10000_images_part_2/ISIC_0029423.jpg,test,5,5,nv,nv,0.87924725,True,nv → nv,0.009467449,0.006402726,0.015481333,0.023247069,0.032927237,0.87924725,0.03322691
HAM_0000997,ISIC_0030385,nv,follow_up,75.0,female,trunk,data/raw/HAM10000_images_part_2/ISIC_0030385.jpg,test,5,5,nv,nv,0.6408064,True,nv → nv,0.067408904,0.04374692,0.038650155,0.06667818,0.08808223,0.6408064,0.0546272
HAM_0003612,ISIC_0024456,nv,follow_up,75.0,female,back,data/raw/HAM10000_images_part_1/ISIC_0024456.jpg,test,5,5,nv,nv,0.6970014,True,nv → nv,0.050723974,0.036777183,0.030731939,0.05903325,0.05994042,0.6970014,0.065791786
HAM_0000839,ISIC_0032049,nv,follow_up,55.0,female,trunk,data/raw/HAM10000_images_part_2/ISIC_0032049.jpg,test,5,5,nv,nv,0.8213041,True,nv → nv,0.027579118,0.022809999,0.024768805,0.026204383,0.047177874,0.8213041,0.030155651
HAM_0001281,ISIC_0027048,nv,follow_up,55.0,female,lower extremity,data/raw/HAM10000_images_part_1/ISIC_0027048.jpg,test,5,5,nv,nv,0.89840174,True,nv → nv,0.0076075424,0.015162416,0.002306602,0.016364051,0.026053485,0.89840174,0.034104127
HAM_0001653,ISIC_0027895,nv,follow_up,55.0,female,lower extremity,data/raw/HAM10000_images_part_1/ISIC_0027895.jpg,test,5,5,nv,nv,0.5012425,True,nv → nv,0.021282002,0.03746477,0.04885571,0.0760996,0.031671133,0.5012425,0.28338423
HAM_0000550,ISIC_0024306,nv,follow_up,45.0,male,trunk,data/raw/HAM10000_images_part_1/ISIC_0024306.jpg,test,5,5,nv,nv,0.9248809,True,nv → nv,0.012151296,0.013206602,0.001655398,0.019736508,0.008917284,0.9248809,0.019451968
HAM_0003467,ISIC_0031089,nv,follow_up,30.0,male,trunk,data/raw/HAM10000_images_part_2/ISIC_0031089.jpg,test,5,5,nv,nv,0.7686903,True,nv → nv,0.018286895,0.013526483,0.029803049,0.026973551,0.058337543,0.7686903,0.08438221
HAM_0002328,ISIC_0026896,nv,follow_up,40.0,female,back,data/raw/HAM10000_images_part_1/ISIC_0026896.jpg,test,5,5,nv,nv,0.7145894,True,nv → nv,0.030621054,0.031243281,0.039537918,0.046485253,0.06956831,0.7145894,0.06795479
HAM_0006278,ISIC_0031141,nv,follow_up,40.0,female,lower extremity,data/raw/HAM10000_images_part_2/ISIC_0031141.jpg,test,5,5,nv,nv,0.90103257,True,nv → nv,0.004914125,0.0016377222,0.005781798,0.014829653,0.032882884,0.90103257,0.038921192
HAM_0003733,ISIC_0025448,nv,follow_up,40.0,female,lower extremity,data/raw/HAM10000_images_part_1/ISIC_0025448.jpg,test,5,5,nv,nv,0.6707773,True,nv → nv,0.03379619,0.017063688,0.034144778,0.05749835,0.07012812,0.6707773,0.11659161
HAM_0000969,ISIC_0028071,nv,follow_up,40.0,female,lower extremity,data/raw/HAM10000_images_part_1/ISIC_0028071.jpg,test,5,5,nv,nv,0.6545996,True,nv → nv,0.02354795,0.04591359,0.024532268,0.048997477,0.054863535,0.6545996,0.14754556
HAM_0002219,ISIC_0031679,nv,follow_up,55.0,female,trunk,data/raw/HAM10000_images_part_2/ISIC_0031679.jpg,test,5,5,nv,nv,0.8261036,True,nv → nv,0.027824339,0.024873773,0.013285932,0.030268902,0.044743646,0.8261036,0.032899804
HAM_0007593,ISIC_0031854,nv,follow_up,60.0,female,abdomen,data/raw/HAM10000_images_part_2/ISIC_0031854.jpg,test,5,5,nv,nv,0.73518676,True,nv → nv,0.0551185,0.022134092,0.07531482,0.064887814,0.026783315,0.73518676,0.020574724
HAM_0005827,ISIC_0026119,nv,follow_up,60.0,female,abdomen,data/raw/HAM10000_images_part_1/ISIC_0026119.jpg,test,5,5,nv,nv,0.8166635,True,nv → nv,0.018366896,0.018847436,0.012634252,0.01822382,0.05403078,0.8166635,0.06123336
HAM_0000962,ISIC_0028674,nv,follow_up,60.0,female,lower extremity,data/raw/HAM10000_images_part_1/ISIC_0028674.jpg,test,5,5,nv,nv,0.81997955,True,nv → nv,0.017535392,0.026346652,0.023948366,0.027210834,0.035692226,0.81997955,0.049287025
HAM_0002831,ISIC_0026977,nv,follow_up,45.0,male,lower extremity,data/raw/HAM10000_images_part_1/ISIC_0026977.jpg,test,5,5,nv,nv,0.47374475,True,nv → nv,0.024360605,0.11694272,0.039987236,0.048815142,0.04385241,0.47374475,0.25229716
HAM_0004394,ISIC_0025060,nv,follow_up,50.0,male,trunk,data/raw/HAM10000_images_part_1/ISIC_0025060.jpg,test,5,5,nv,nv,0.8348128,True,nv → nv,0.02913416,0.014685798,0.009860951,0.024915555,0.056492172,0.8348128,0.030098593
HAM_0001251,ISIC_0026972,nv,follow_up,45.0,male,lower extremity,data/raw/HAM10000_images_part_1/ISIC_0026972.jpg,test,5,5,nv,nv,0.82214534,True,nv → nv,0.025226532,0.020064864,0.01761526,0.035707843,0.05093679,0.82214534,0.028303323
HAM_0007386,ISIC_0024568,nv,follow_up,40.0,male,lower extremity,data/raw/HAM10000_images_part_1/ISIC_0024568.jpg,test,5,5,nv,nv,0.82205415,True,nv → nv,0.013277792,0.004814193,0.015813218,0.028648281,0.049755424,0.82205415,0.065636925
HAM_0000739,ISIC_0025561,nv,follow_up,40.0,male,trunk,data/raw/HAM10000_images_part_1/ISIC_0025561.jpg,test,5,5,nv,nv,0.31934553,True,nv → nv,0.065435275,0.30849946,0.033728402,0.059781857,0.046999227,0.31934553,0.1662103
HAM_0005070,ISIC_0030863,nv,follow_up,55.0,female,trunk,data/raw/HAM10000_images_part_2/ISIC_0030863.jpg,test,5,5,nv,nv,0.7436929,True,nv → nv,0.036689673,0.03506192,0.015171992,0.0701562,0.034823675,0.7436929,0.06440366
HAM_0003481,ISIC_0029050,nv,follow_up,35.0,female,back,data/raw/HAM10000_images_part_1/ISIC_0029050.jpg,test,5,5,nv,nv,0.70424265,True,nv → nv,0.057375796,0.04981879,0.020597763,0.045012504,0.05802723,0.70424265,0.06492524
HAM_0003988,ISIC_0024427,nv,follow_up,65.0,male,abdomen,data/raw/HAM10000_images_part_1/ISIC_0024427.jpg,test,5,5,nv,nv,0.5975036,True,nv → nv,0.057550147,0.1125895,0.028165346,0.08726111,0.04628284,0.5975036,0.07064741
HAM_0003701,ISIC_0027191,nv,follow_up,45.0,female,lower extremity,data/raw/HAM10000_images_part_1/ISIC_0027191.jpg,test,5,5,nv,nv,0.7518831,True,nv → nv,0.0047530145,0.010763819,0.0059753223,0.040188983,0.00552279,0.7518831,0.18091296
HAM_0002339,ISIC_0026597,nv,follow_up,75.0,female,trunk,data/raw/HAM10000_images_part_1/ISIC_0026597.jpg,test,5,5,nv,nv,0.839644,True,nv → nv,0.014002577,0.025057297,0.010056446,0.048864104,0.01545787,0.839644,0.046917647
HAM_0006441,ISIC_0029016,nv,follow_up,40.0,female,lower extremity,data/raw/HAM10000_images_part_1/ISIC_0029016.jpg,test,5,5,nv,nv,0.90509695,True,nv → nv,0.0038465075,0.0017241341,0.0049198,0.007648177,0.047080804,0.90509695,0.029683592
HAM_0006119,ISIC_0029944,nv,follow_up,40.0,female,upper extremity,data/raw/HAM10000_images_part_2/ISIC_0029944.jpg,test,5,5,nv,nv,0.85002124,True,nv → nv,0.020217292,0.027358554,0.009901145,0.025149958,0.025433093,0.85002124,0.041918725
HAM_0000522,ISIC_0024826,nv,follow_up,40.0,female,upper extremity,data/raw/HAM10000_images_part_1/ISIC_0024826.jpg,test,5,5,nv,nv,0.89424247,True,nv → nv,0.010069841,0.00680922,0.007146612,0.018356863,0.034351967,0.89424247,0.029023066
HAM_0000491,ISIC_0028207,nv,follow_up,45.0,male,trunk,data/raw/HAM10000_images_part_1/ISIC_0028207.jpg,test,5,5,nv,nv,0.47690824,True,nv → nv,0.029103944,0.085514516,0.008765634,0.049730867,0.048777934,0.47690824,0.30119887
HAM_0006620,ISIC_0029378,nv,follow_up,45.0,female,upper extremity,data/raw/HAM10000_images_part_2/ISIC_0029378.jpg,test,5,5,nv,nv,0.78080827,True,nv → nv,0.017073037,0.011833209,0.048239976,0.020223018,0.06735812,0.78080827,0.05446441
HAM_0003226,ISIC_0029225,nv,follow_up,55.0,male,trunk,data/raw/HAM10000_images_part_1/ISIC_0029225.jpg,test,5,5,nv,nv,0.8548585,True,nv → nv,0.0052336794,0.008068175,0.011794544,0.027561208,0.006712549,0.8548585,0.0857713
HAM_0002524,ISIC_0026184,nv,follow_up,55.0,male,trunk,data/raw/HAM10000_images_part_1/ISIC_0026184.jpg,test,5,5,nv,nv,0.9435664,True,nv → nv,0.0018999648,0.0035407299,0.0029844965,0.016191447,0.0014350216,0.9435664,0.030381959
HAM_0002279,ISIC_0031427,nv,follow_up,45.0,female,lower extremity,data/raw/HAM10000_images_part_2/ISIC_0031427.jpg,test,5,5,nv,nv,0.7291636,True,nv → nv,0.030956587,0.058548998,0.020615732,0.07129443,0.020442994,0.7291636,0.06897761
HAM_0002636,ISIC_0031782,nv,follow_up,45.0,female,trunk,data/raw/HAM10000_images_part_2/ISIC_0031782.jpg,test,5,5,nv,nv,0.7604595,True,nv → nv,0.013726166,0.020972198,0.024330135,0.030609814,0.054046977,0.7604595,0.0958553
HAM_0001476,ISIC_0025343,nv,follow_up,35.0,male,lower extremity,data/raw/HAM10000_images_part_1/ISIC_0025343.jpg,test,5,5,nv,nv,0.7748491,True,nv → nv,0.017797494,0.011585343,0.017296296,0.089315556,0.019430032,0.7748491,0.06972615
HAM_0006087,ISIC_0032094,nv,follow_up,45.0,male,back,data/raw/HAM10000_images_part_2/ISIC_0032094.jpg,test,5,5,nv,nv,0.8169768,True,nv → nv,0.014268724,0.046177085,0.029151019,0.020565886,0.031063532,0.8169768,0.041796967
HAM_0002133,ISIC_0027885,nv,follow_up,35.0,female,lower extremity,data/raw/HAM10000_images_part_1/ISIC_0027885.jpg,test,5,5,nv,nv,0.9116008,True,nv → nv,0.0055756746,0.0059016687,0.0049465266,0.01733288,0.020577054,0.9116008,0.034065366
HAM_0003553,ISIC_0026469,nv,follow_up,45.0,female,abdomen,data/raw/HAM10000_images_part_1/ISIC_0026469.jpg,test,5,5,nv,nv,0.8567646,True,nv → nv,0.027552001,0.018437156,0.01136558,0.023302628,0.03661776,0.8567646,0.025960341
HAM_0006259,ISIC_0027785,nv,follow_up,45.0,female,foot,data/raw/HAM10000_images_part_1/ISIC_0027785.jpg,test,5,5,nv,nv,0.8433005,True,nv → nv,0.008708637,0.004829194,0.023321597,0.018263644,0.03752625,0.8433005,0.06405014
HAM_0007371,ISIC_0026002,nv,follow_up,60.0,female,trunk,data/raw/HAM10000_images_part_1/ISIC_0026002.jpg,test,5,5,nv,nv,0.6972579,True,nv → nv,0.019758973,0.014848272,0.02566695,0.03269648,0.106614634,0.6972579,0.103156805
HAM_0001942,ISIC_0027476,nv,follow_up,60.0,male,lower extremity,data/raw/HAM10000_images_part_1/ISIC_0027476.jpg,test,5,5,nv,nv,0.8394727,True,nv → nv,0.007632021,0.011011785,0.002624413,0.019519031,0.016566515,0.8394727,0.10317353
HAM_0002155,ISIC_0027696,nv,follow_up,40.0,female,back,data/raw/HAM10000_images_part_1/ISIC_0027696.jpg,test,5,5,nv,nv,0.8300707,True,nv → nv,0.008592439,0.016740724,0.0057652947,0.031854358,0.020708568,0.8300707,0.08626794
HAM_0000450,ISIC_0025059,nv,follow_up,40.0,female,lower extremity,data/raw/HAM10000_images_part_1/ISIC_0025059.jpg,test,5,5,nv,nv,0.9272564,True,nv → nv,0.008281725,0.009221877,0.00097584486,0.017556373,0.008865012,0.9272564,0.0278428
HAM_0005344,ISIC_0029383,nv,follow_up,45.0,male,upper extremity,data/raw/HAM10000_images_part_2/ISIC_0029383.jpg,test,5,5,nv,nv,0.83366233,True,nv → nv,0.007219495,0.06225357,0.007542595,0.014069522,0.046100166,0.83366233,0.029152356
HAM_0006133,ISIC_0024755,nv,follow_up,45.0,male,lower extremity,data/raw/HAM10000_images_part_1/ISIC_0024755.jpg,test,5,5,nv,nv,0.93717986,True,nv → nv,0.0023441734,0.007035605,0.0037155063,0.015810711,0.0023306012,0.93717986,0.03158348
HAM_0006446,ISIC_0025591,nv,follow_up,60.0,male,trunk,data/raw/HAM10000_images_part_1/ISIC_0025591.jpg,test,5,5,nv,nv,0.74813694,True,nv → nv,0.03591142,0.089681976,0.026243811,0.03244166,0.052169673,0.74813694,0.015414492
HAM_0004465,ISIC_0024500,nv,follow_up,45.0,male,abdomen,data/raw/HAM10000_images_part_1/ISIC_0024500.jpg,test,5,5,nv,nv,0.89914805,True,nv → nv,0.0058953566,0.0034845122,0.005665617,0.021966988,0.011186327,0.89914805,0.05265319
HAM_0005965,ISIC_0029858,nv,follow_up,40.0,female,abdomen,data/raw/HAM10000_images_part_2/ISIC_0029858.jpg,test,5,5,nv,nv,0.679264,True,nv → nv,0.024557037,0.033112854,0.015828207,0.041422933,0.037170134,0.679264,0.16864483
HAM_0004987,ISIC_0027132,nv,follow_up,70.0,male,back,data/raw/HAM10000_images_part_1/ISIC_0027132.jpg,test,5,5,nv,nv,0.8453703,True,nv → nv,0.003848467,0.005092882,0.0043949676,0.0129740555,0.009102578,0.8453703,0.11921671
HAM_0007154,ISIC_0024719,nv,follow_up,70.0,male,upper extremity,data/raw/HAM10000_images_part_1/ISIC_0024719.jpg,test,5,5,nv,nv,0.847904,True,nv → nv,0.014246156,0.018957486,0.008278473,0.023187287,0.059194986,0.847904,0.028231591
HAM_0002608,ISIC_0026484,nv,follow_up,40.0,female,foot,data/raw/HAM10000_images_part_1/ISIC_0026484.jpg,test,5,5,nv,nv,0.64719385,True,nv → nv,0.05487551,0.10852226,0.018158635,0.023107128,0.13125606,0.64719385,0.01688661
HAM_0006534,ISIC_0028778,nv,follow_up,55.0,female,lower extremity,data/raw/HAM10000_images_part_1/ISIC_0028778.jpg,test,5,5,nv,nv,0.7973558,True,nv → nv,0.019175928,0.0107489405,0.018571313,0.021851266,0.08522902,0.7973558,0.0470678
HAM_0007215,ISIC_0030294,nv,follow_up,40.0,female,back,data/raw/HAM10000_images_part_2/ISIC_0030294.jpg,test,5,5,nv,nv,0.78941435,True,nv → nv,0.035494328,0.031085555,0.019781675,0.035574853,0.065097265,0.78941435,0.023551958
HAM_0004994,ISIC_0028839,nv,follow_up,40.0,female,abdomen,data/raw/HAM10000_images_part_1/ISIC_0028839.jpg,test,5,5,nv,nv,0.8594711,True,nv → nv,0.010413832,0.013172072,0.010027414,0.017030865,0.041784786,0.8594711,0.04809998
HAM_0006336,ISIC_0032117,nv,follow_up,55.0,female,abdomen,data/raw/HAM10000_images_part_2/ISIC_0032117.jpg,test,5,5,nv,nv,0.8333225,True,nv → nv,0.018942814,0.027496679,0.011338363,0.032313406,0.019780431,0.8333225,0.05680582
HAM_0000166,ISIC_0028954,nv,follow_up,55.0,female,lower extremity,data/raw/HAM10000_images_part_1/ISIC_0028954.jpg,test,5,5,nv,nv,0.79314625,True,nv → nv,0.0114640165,0.0048736287,0.04739025,0.010114827,0.102676146,0.79314625,0.030334912
HAM_0005771,ISIC_0030799,nv,follow_up,50.0,female,trunk,data/raw/HAM10000_images_part_2/ISIC_0030799.jpg,test,5,5,nv,nv,0.6331174,True,nv → nv,0.0044544283,0.0024913626,0.086745754,0.011112281,0.15280184,0.6331174,0.109277
HAM_0002420,ISIC_0028796,nv,follow_up,35.0,female,back,data/raw/HAM10000_images_part_1/ISIC_0028796.jpg,test,5,5,nv,nv,0.9077847,True,nv → nv,0.005698025,0.003748485,0.0059514726,0.013626831,0.016292337,0.9077847,0.04689811
HAM_0007582,ISIC_0027092,nv,follow_up,50.0,male,lower extremity,data/raw/HAM10000_images_part_1/ISIC_0027092.jpg,test,5,5,nv,nv,0.83115345,True,nv → nv,0.0117037445,0.007241938,0.016299441,0.025699224,0.052029267,0.83115345,0.05587301
HAM_0005945,ISIC_0032053,nv,follow_up,50.0,male,lower extremity,data/raw/HAM10000_images_part_2/ISIC_0032053.jpg,test,5,5,nv,nv,0.8386267,True,nv → nv,0.013253817,0.008783197,0.010590174,0.030474536,0.051859926,0.8386267,0.046411783
HAM_0002362,ISIC_0025307,nv,follow_up,40.0,male,back,data/raw/HAM10000_images_part_1/ISIC_0025307.jpg,test,5,5,nv,nv,0.88084483,True,nv → nv,0.031604048,0.0274718,0.0072781956,0.020561824,0.018037284,0.88084483,0.014201974
HAM_0005622,ISIC_0030213,nv,follow_up,45.0,male,lower extremity,data/raw/HAM10000_images_part_2/ISIC_0030213.jpg,test,5,5,nv,nv,0.79824144,True,nv → nv,0.014346883,0.013256194,0.012957194,0.03014938,0.011263118,0.79824144,0.11978589
HAM_0001718,ISIC_0026357,nv,follow_up,50.0,male,abdomen,data/raw/HAM10000_images_part_1/ISIC_0026357.jpg,test,5,5,nv,nv,0.7566556,True,nv → nv,0.006464563,0.018626358,0.0050497656,0.04680407,0.003043028,0.7566556,0.16335669
HAM_0003849,ISIC_0027185,nv,follow_up,50.0,male,abdomen,data/raw/HAM10000_images_part_1/ISIC_0027185.jpg,test,5,5,nv,nv,0.8872201,True,nv → nv,0.006125605,0.008722987,0.0042384863,0.013920728,0.01560082,0.8872201,0.06417138
HAM_0002458,ISIC_0026155,nv,follow_up,50.0,male,lower extremity,data/raw/HAM10000_images_part_1/ISIC_0026155.jpg,test,5,5,nv,nv,0.7622834,True,nv → nv,0.0069911606,0.0399506,0.015689801,0.020318393,0.02284779,0.7622834,0.13191883
HAM_0002700,ISIC_0025011,nv,follow_up,55.0,female,trunk,data/raw/HAM10000_images_part_1/ISIC_0025011.jpg,test,5,5,nv,nv,0.80551654,True,nv → nv,0.026499923,0.01572703,0.024849389,0.053580575,0.03068569,0.80551654,0.04314087
HAM_0005904,ISIC_0024956,nv,follow_up,60.0,male,trunk,data/raw/HAM10000_images_part_1/ISIC_0024956.jpg,test,5,5,nv,nv,0.7568865,True,nv → nv,0.021135807,0.036628034,0.006599109,0.028886832,0.02216109,0.7568865,0.12770264
HAM_0007092,ISIC_0031370,nv,follow_up,50.0,male,upper extremity,data/raw/HAM10000_images_part_2/ISIC_0031370.jpg,test,5,5,nv,nv,0.78557426,True,nv → nv,0.037564423,0.029073955,0.02106595,0.05209011,0.035867885,0.78557426,0.038763408
HAM_0002767,ISIC_0031914,nv,follow_up,55.0,male,upper extremity,data/raw/HAM10000_images_part_2/ISIC_0031914.jpg,test,5,5,nv,nv,0.92251045,True,nv → nv,0.0113219395,0.0072448454,0.010111621,0.01193211,0.026903354,0.92251045,0.009975667
HAM_0004415,ISIC_0024532,nv,follow_up,40.0,male,abdomen,data/raw/HAM10000_images_part_1/ISIC_0024532.jpg,test,5,5,nv,nv,0.6920293,True,nv → nv,0.029787648,0.043511637,0.038653005,0.09006389,0.016487576,0.6920293,0.08946703
HAM_0002101,ISIC_0029398,nv,follow_up,35.0,female,upper extremity,data/raw/HAM10000_images_part_2/ISIC_0029398.jpg,test,5,5,nv,nv,0.65278953,True,nv → nv,0.033818748,0.09977038,0.0138331745,0.044375166,0.024345424,0.65278953,0.13106756
HAM_0002213,ISIC_0030222,nv,follow_up,55.0,female,lower extremity,data/raw/HAM10000_images_part_2/ISIC_0030222.jpg,test,5,5,nv,nv,0.87819976,True,nv → nv,0.0077659623,0.024966314,0.0060680816,0.025326926,0.015858434,0.87819976,0.041814435
HAM_0006690,ISIC_0028942,nv,follow_up,55.0,female,unknown,data/raw/HAM10000_images_part_1/ISIC_0028942.jpg,test,5,5,nv,nv,0.851414,True,nv → nv,0.0086725075,0.004126277,0.015363485,0.017455181,0.049017504,0.851414,0.053950988
HAM_0005516,ISIC_0028748,nv,follow_up,50.0,male,abdomen,data/raw/HAM10000_images_part_1/ISIC_0028748.jpg,test,5,5,nv,nv,0.7133811,True,nv → nv,0.027411668,0.054969687,0.008061472,0.028207693,0.05078133,0.7133811,0.11718698
HAM_0007055,ISIC_0031235,nv,follow_up,55.0,female,upper extremity,data/raw/HAM10000_images_part_2/ISIC_0031235.jpg,test,5,5,nv,nv,0.81991583,True,nv → nv,0.028622122,0.033768736,0.0113456,0.044926308,0.021708116,0.81991583,0.03971324
HAM_0005528,ISIC_0028391,nv,follow_up,55.0,female,lower extremity,data/raw/HAM10000_images_part_1/ISIC_0028391.jpg,test,5,5,nv,nv,0.73600096,True,nv → nv,0.023392312,0.05346688,0.01937434,0.06565209,0.02221048,0.73600096,0.07990296
HAM_0006952,ISIC_0027543,nv,follow_up,50.0,female,upper extremity,data/raw/HAM10000_images_part_1/ISIC_0027543.jpg,test,5,5,nv,nv,0.85066575,True,nv → nv,0.016748613,0.015103819,0.008357592,0.04423267,0.015248404,0.85066575,0.04964309
HAM_0003624,ISIC_0025608,nv,follow_up,50.0,female,trunk,data/raw/HAM10000_images_part_1/ISIC_0025608.jpg,test,5,5,nv,nv,0.8106821,True,nv → nv,0.011999657,0.008275663,0.016164564,0.028783761,0.02056038,0.8106821,0.10353382
HAM_0003347,ISIC_0032416,nv,follow_up,55.0,female,lower extremity,data/raw/HAM10000_images_part_2/ISIC_0032416.jpg,test,5,5,nv,nv,0.5712276,True,nv → nv,0.018699482,0.049660336,0.039365258,0.05989276,0.041542992,0.5712276,0.2196116
HAM_0002157,ISIC_0030763,nv,follow_up,30.0,female,trunk,data/raw/HAM10000_images_part_2/ISIC_0030763.jpg,test,5,5,nv,nv,0.499199,True,nv → nv,0.03598937,0.044035003,0.020538475,0.057607222,0.08557746,0.499199,0.25705338
HAM_0000875,ISIC_0031022,nv,follow_up,60.0,male,back,data/raw/HAM10000_images_part_2/ISIC_0031022.jpg,test,5,5,nv,nv,0.603641,True,nv → nv,0.04106566,0.046093624,0.0845109,0.08917441,0.037762098,0.603641,0.09775235
HAM_0002937,ISIC_0029478,nv,follow_up,40.0,male,trunk,data/raw/HAM10000_images_part_2/ISIC_0029478.jpg,test,5,5,nv,nv,0.9093684,True,nv → nv,0.008208019,0.0029489605,0.0091155125,0.005943312,0.037130192,0.9093684,0.02728558
HAM_0001165,ISIC_0030199,nv,follow_up,40.0,male,upper extremity,data/raw/HAM10000_images_part_2/ISIC_0030199.jpg,test,5,5,nv,nv,0.77376306,True,nv → nv,0.012150522,0.012604668,0.012515299,0.04475042,0.018165817,0.77376306,0.12605019
HAM_0006814,ISIC_0032264,nv,follow_up,40.0,male,trunk,data/raw/HAM10000_images_part_2/ISIC_0032264.jpg,test,5,5,nv,nv,0.7773884,True,nv → nv,0.028372487,0.042555373,0.024078475,0.045444276,0.015627336,0.7773884,0.066533625
HAM_0007440,ISIC_0029882,nv,follow_up,50.0,male,upper extremity,data/raw/HAM10000_images_part_2/ISIC_0029882.jpg,test,5,5,nv,nv,0.897969,True,nv → nv,0.0067305295,0.004459051,0.008151195,0.0077803796,0.041969392,0.897969,0.03294044
HAM_0002863,ISIC_0024769,nv,follow_up,50.0,male,back,data/raw/HAM10000_images_part_1/ISIC_0024769.jpg,test,5,5,nv,nv,0.90450585,True,nv → nv,0.004992376,0.00867943,0.0042825122,0.022995608,0.02285007,0.90450585,0.031694144
HAM_0000677,ISIC_0025494,nv,follow_up,55.0,male,abdomen,data/raw/HAM10000_images_part_1/ISIC_0025494.jpg,test,5,5,nv,nv,0.7294524,True,nv → nv,0.0154454885,0.027940048,0.011031305,0.040048774,0.01886527,0.7294524,0.15721679
HAM_0004759,ISIC_0030467,nv,follow_up,45.0,female,lower extremity,data/raw/HAM10000_images_part_2/ISIC_0030467.jpg,test,5,5,nv,nv,0.9076126,True,nv → nv,0.008561598,0.0054637394,0.0036153363,0.024283174,0.017624447,0.9076126,0.032839034
HAM_0000367,ISIC_0025462,nv,follow_up,45.0,female,trunk,data/raw/HAM10000_images_part_1/ISIC_0025462.jpg,test,5,5,nv,nv,0.8378528,True,nv → nv,0.013549863,0.018352084,0.0060660257,0.03807192,0.0146202305,0.8378528,0.071487084
HAM_0005039,ISIC_0024320,nv,follow_up,65.0,male,trunk,data/raw/HAM10000_images_part_1/ISIC_0024320.jpg,test,5,5,nv,nv,0.8092116,True,nv → nv,0.010018478,0.027913371,0.003916474,0.023910897,0.019999143,0.8092116,0.10503007
HAM_0002487,ISIC_0032503,nv,follow_up,55.0,female,trunk,data/raw/HAM10000_images_part_2/ISIC_0032503.jpg,test,5,5,nv,nv,0.7069142,True,nv → nv,0.023976974,0.041070193,0.02994211,0.034434196,0.114499435,0.7069142,0.04916284
HAM_0003201,ISIC_0030386,nv,follow_up,50.0,female,trunk,data/raw/HAM10000_images_part_2/ISIC_0030386.jpg,test,5,5,nv,nv,0.56081194,True,nv → nv,0.054291695,0.02008881,0.05071445,0.029401751,0.25498086,0.56081194,0.029710451
HAM_0001229,ISIC_0032401,nv,follow_up,25.0,female,upper extremity,data/raw/HAM10000_images_part_2/ISIC_0032401.jpg,test,5,5,nv,nv,0.876862,True,nv → nv,0.007656854,0.007111718,0.014342849,0.023601906,0.014446369,0.876862,0.05597829
HAM_0002263,ISIC_0030252,nv,follow_up,25.0,female,abdomen,data/raw/HAM10000_images_part_2/ISIC_0030252.jpg,test,5,5,nv,nv,0.56275606,True,nv → nv,0.0051377015,0.010900983,0.013814961,0.015089187,0.022600964,0.56275606,0.3697001
HAM_0000989,ISIC_0028070,nv,follow_up,55.0,male,lower extremity,data/raw/HAM10000_images_part_1/ISIC_0028070.jpg,test,5,5,nv,nv,0.75920045,True,nv → nv,0.014232871,0.01370501,0.0146297775,0.024233267,0.07037324,0.75920045,0.1036253
HAM_0006227,ISIC_0031264,nv,follow_up,45.0,female,abdomen,data/raw/HAM10000_images_part_2/ISIC_0031264.jpg,test,5,5,nv,nv,0.85171247,True,nv → nv,0.00917054,0.0046890643,0.0143379085,0.014860823,0.04888159,0.85171247,0.056347672
HAM_0003731,ISIC_0031680,nv,follow_up,45.0,female,trunk,data/raw/HAM10000_images_part_2/ISIC_0031680.jpg,test,5,5,nv,nv,0.9740918,True,nv → nv,0.0014418216,0.0009905177,0.0006172804,0.007651183,0.0034494805,0.9740918,0.011757878
HAM_0001898,ISIC_0026917,nv,follow_up,50.0,female,abdomen,data/raw/HAM10000_images_part_1/ISIC_0026917.jpg,test,5,5,nv,nv,0.88575584,True,nv → nv,0.0062996713,0.0064378926,0.0063480935,0.009654624,0.04498241,0.88575584,0.040521476
HAM_0000493,ISIC_0030304,nv,follow_up,55.0,female,lower extremity,data/raw/HAM10000_images_part_2/ISIC_0030304.jpg,test,5,5,nv,nv,0.80651945,True,nv → nv,0.013563939,0.021362893,0.008384048,0.035082735,0.027913785,0.80651945,0.087173134
HAM_0002966,ISIC_0024509,nv,follow_up,55.0,female,trunk,data/raw/HAM10000_images_part_1/ISIC_0024509.jpg,test,5,5,nv,nv,0.7719583,True,nv → nv,0.051511142,0.082022615,0.014001053,0.026218329,0.03328846,0.7719583,0.021000195
HAM_0002627,ISIC_0027014,nv,follow_up,40.0,female,lower extremity,data/raw/HAM10000_images_part_1/ISIC_0027014.jpg,test,5,5,nv,nv,0.52170956,True,nv → nv,0.04063382,0.13997173,0.03171301,0.060488105,0.1060803,0.52170956,0.09940349
HAM_0005729,ISIC_0030113,nv,follow_up,40.0,male,back,data/raw/HAM10000_images_part_2/ISIC_0030113.jpg,test,5,5,nv,nv,0.7271774,True,nv → nv,0.04164532,0.022998981,0.03969252,0.08828023,0.0414346,0.7271774,0.038770996
HAM_0007223,ISIC_0024783,nv,follow_up,35.0,female,abdomen,data/raw/HAM10000_images_part_1/ISIC_0024783.jpg,test,5,5,nv,nv,0.86904454,True,nv → nv,0.007146053,0.0043324716,0.008249948,0.028414968,0.020704469,0.86904454,0.062107485
HAM_0000916,ISIC_0032167,nv,follow_up,45.0,female,abdomen,data/raw/HAM10000_images_part_2/ISIC_0032167.jpg,test,5,5,nv,nv,0.6669702,True,nv → nv,0.042310826,0.0647835,0.036526356,0.03180547,0.12975897,0.6669702,0.027844682
HAM_0003628,ISIC_0031324,nv,follow_up,45.0,female,trunk,data/raw/HAM10000_images_part_2/ISIC_0031324.jpg,test,5,5,nv,nv,0.65713257,True,nv → nv,0.039173298,0.037133425,0.018625315,0.053834114,0.0647275,0.65713257,0.12937374
HAM_0003180,ISIC_0031058,nv,follow_up,40.0,male,upper extremity,data/raw/HAM10000_images_part_2/ISIC_0031058.jpg,test,5,5,nv,nv,0.7879315,True,nv → nv,0.025249317,0.032110006,0.011976756,0.03152835,0.06364905,0.7879315,0.047555014
HAM_0000281,ISIC_0030577,nv,follow_up,60.0,female,genital,data/raw/HAM10000_images_part_2/ISIC_0030577.jpg,test,5,5,nv,nv,0.8326056,True,nv → nv,0.019424422,0.019990062,0.020336641,0.019808818,0.06516266,0.8326056,0.022671735
HAM_0005554,ISIC_0027521,nv,follow_up,55.0,male,abdomen,data/raw/HAM10000_images_part_1/ISIC_0027521.jpg,test,5,5,nv,nv,0.5355138,True,nv → nv,0.10700191,0.10497701,0.033874415,0.053704582,0.10312265,0.5355138,0.061805576
HAM_0002229,ISIC_0025423,nv,follow_up,55.0,female,lower extremity,data/raw/HAM10000_images_part_1/ISIC_0025423.jpg,test,5,5,nv,nv,0.7876899,True,nv → nv,0.0101558445,0.0075629475,0.017078223,0.031655237,0.037089676,0.7876899,0.10876812
HAM_0007319,ISIC_0029144,nv,follow_up,55.0,female,lower extremity,data/raw/HAM10000_images_part_1/ISIC_0029144.jpg,test,5,5,nv,nv,0.5706463,True,nv → nv,0.010374817,0.048588496,0.017342566,0.03746096,0.016691605,0.5706463,0.29889527
HAM_0005099,ISIC_0029648,nv,follow_up,45.0,male,abdomen,data/raw/HAM10000_images_part_2/ISIC_0029648.jpg,test,5,5,nv,nv,0.7303473,True,nv → nv,0.036725182,0.031049794,0.015874434,0.07200754,0.033121657,0.7303473,0.080874115
HAM_0005140,ISIC_0026662,nv,follow_up,45.0,male,lower extremity,data/raw/HAM10000_images_part_1/ISIC_0026662.jpg,test,5,5,nv,nv,0.78719497,True,nv → nv,0.023755467,0.015059734,0.01688638,0.07103421,0.032808714,0.78719497,0.053260565
HAM_0007363,ISIC_0028013,nv,follow_up,55.0,male,trunk,data/raw/HAM10000_images_part_1/ISIC_0028013.jpg,test,5,5,nv,nv,0.681697,True,nv → nv,0.0566295,0.05354606,0.042605504,0.04348214,0.08140174,0.681697,0.040638108
HAM_0004771,ISIC_0024622,nv,follow_up,55.0,male,trunk,data/raw/HAM10000_images_part_1/ISIC_0024622.jpg,test,5,5,nv,nv,0.8506409,True,nv → nv,0.031457525,0.018146744,0.007933122,0.029655835,0.033178627,0.8506409,0.028987229
HAM_0005208,ISIC_0028781,nv,follow_up,45.0,male,abdomen,data/raw/HAM10000_images_part_1/ISIC_0028781.jpg,test,5,5,nv,nv,0.86893994,True,nv → nv,0.0084958235,0.014011253,0.0055645676,0.020367464,0.028704498,0.86893994,0.05391648
HAM_0000384,ISIC_0030506,nv,follow_up,35.0,male,trunk,data/raw/HAM10000_images_part_2/ISIC_0030506.jpg,test,5,5,nv,nv,0.9197929,True,nv → nv,0.0049956883,0.0100938305,0.0052287797,0.022414785,0.007988479,0.9197929,0.029485501
HAM_0002528,ISIC_0025821,nv,follow_up,35.0,male,upper extremity,data/raw/HAM10000_images_part_1/ISIC_0025821.jpg,test,5,5,nv,nv,0.89783895,True,nv → nv,0.006516956,0.0044046775,0.006031813,0.031398416,0.01316681,0.89783895,0.040642362
HAM_0006477,ISIC_0029237,nv,follow_up,35.0,male,foot,data/raw/HAM10000_images_part_1/ISIC_0029237.jpg,test,5,5,nv,nv,0.7479363,True,nv → nv,0.022857053,0.0064469124,0.08741818,0.014300012,0.07312318,0.7479363,0.047918368
HAM_0006410,ISIC_0027449,nv,follow_up,45.0,female,abdomen,data/raw/HAM10000_images_part_1/ISIC_0027449.jpg,test,5,5,nv,nv,0.8435212,True,nv → nv,0.007074499,0.005736017,0.003427181,0.025957773,0.0056303805,0.8435212,0.10865301
HAM_0006308,ISIC_0030716,nv,follow_up,55.0,female,lower extremity,data/raw/HAM10000_images_part_2/ISIC_0030716.jpg,test,5,5,nv,nv,0.6775175,True,nv → nv,0.014461901,0.018294493,0.016558936,0.03080403,0.064746685,0.6775175,0.1776165
HAM_0001985,ISIC_0027330,nv,follow_up,45.0,male,back,data/raw/HAM10000_images_part_1/ISIC_0027330.jpg,test,5,5,nv,nv,0.66017056,True,nv → nv,0.025500907,0.04439008,0.052940175,0.080561414,0.028176878,0.66017056,0.108260065
HAM_0001871,ISIC_0030834,nv,follow_up,50.0,female,abdomen,data/raw/HAM10000_images_part_2/ISIC_0030834.jpg,test,5,5,nv,nv,0.93475646,True,nv → nv,0.006930242,0.0048957765,0.0027180982,0.008097504,0.023288,0.93475646,0.019313866
HAM_0001351,ISIC_0031684,nv,follow_up,50.0,female,back,data/raw/HAM10000_images_part_2/ISIC_0031684.jpg,test,5,5,nv,nv,0.75549954,True,nv → nv,0.027545286,0.020555777,0.03757424,0.046319064,0.068108544,0.75549954,0.0443976
HAM_0002320,ISIC_0025163,nv,follow_up,50.0,male,abdomen,data/raw/HAM10000_images_part_1/ISIC_0025163.jpg,test,5,5,nv,nv,0.7023141,True,nv → nv,0.013405125,0.033021577,0.0176573,0.09624116,0.008792449,0.7023141,0.12856837
HAM_0005399,ISIC_0030474,nv,follow_up,60.0,male,back,data/raw/HAM10000_images_part_2/ISIC_0030474.jpg,test,5,5,nv,nv,0.7860701,True,nv → nv,0.02350316,0.046608247,0.029332977,0.05524761,0.0175309,0.7860701,0.041706998
HAM_0002251,ISIC_0024438,nv,follow_up,50.0,male,back,data/raw/HAM10000_images_part_1/ISIC_0024438.jpg,test,5,5,nv,nv,0.8665684,True,nv → nv,0.0149545055,0.027232692,0.0029154937,0.040334452,0.010831825,0.8665684,0.037162594
HAM_0004107,ISIC_0029769,nv,follow_up,40.0,female,trunk,data/raw/HAM10000_images_part_2/ISIC_0029769.jpg,test,5,5,nv,nv,0.6614745,True,nv → nv,0.041403048,0.14488275,0.020671912,0.026558427,0.03802269,0.6614745,0.06698672
HAM_0005167,ISIC_0031780,nv,follow_up,40.0,female,abdomen,data/raw/HAM10000_images_part_2/ISIC_0031780.jpg,test,5,5,nv,nv,0.85779184,True,nv → nv,0.017641008,0.007951475,0.026477972,0.021064388,0.031665582,0.85779184,0.037407797
HAM_0001893,ISIC_0025110,nv,follow_up,40.0,female,trunk,data/raw/HAM10000_images_part_1/ISIC_0025110.jpg,test,5,5,nv,nv,0.74626267,True,nv → nv,0.011929332,0.0058110845,0.027115468,0.012932573,0.13150932,0.74626267,0.06443958
HAM_0007257,ISIC_0025537,nv,follow_up,50.0,female,back,data/raw/HAM10000_images_part_1/ISIC_0025537.jpg,test,5,5,nv,nv,0.90017843,True,nv → nv,0.013223168,0.008147206,0.003833442,0.013734225,0.045489457,0.90017843,0.015394098
HAM_0003604,ISIC_0028125,nv,follow_up,45.0,female,upper extremity,data/raw/HAM10000_images_part_1/ISIC_0028125.jpg,test,5,5,nv,nv,0.9400332,True,nv → nv,0.005838778,0.0057597104,0.0026322114,0.019765412,0.0074253962,0.9400332,0.018545244
HAM_0001252,ISIC_0026284,nv,follow_up,40.0,male,hand,data/raw/HAM10000_images_part_1/ISIC_0026284.jpg,test,5,5,nv,nv,0.5991363,True,nv → nv,0.0651583,0.16936061,0.015624791,0.028885633,0.08028008,0.5991363,0.041554313
HAM_0004597,ISIC_0027050,nv,follow_up,40.0,male,upper extremity,data/raw/HAM10000_images_part_1/ISIC_0027050.jpg,test,5,5,nv,nv,0.9067505,True,nv → nv,0.008699036,0.0052907136,0.0060384576,0.012835926,0.031689283,0.9067505,0.028696166
HAM_0006773,ISIC_0026680,nv,follow_up,45.0,male,abdomen,data/raw/HAM10000_images_part_1/ISIC_0026680.jpg,test,5,5,nv,nv,0.8613818,True,nv → nv,0.02356954,0.017884342,0.020964,0.03191139,0.016867682,0.8613818,0.027421199
HAM_0004353,ISIC_0029262,nv,follow_up,55.0,female,face,data/raw/HAM10000_images_part_1/ISIC_0029262.jpg,test,5,5,nv,nv,0.5500608,True,nv → nv,0.0641256,0.08933409,0.08340508,0.10456517,0.056972843,0.5500608,0.051536318
HAM_0005897,ISIC_0027511,nv,follow_up,50.0,male,lower extremity,data/raw/HAM10000_images_part_1/ISIC_0027511.jpg,test,5,5,nv,nv,0.85895056,True,nv → nv,0.0028039739,0.0068708113,0.010153408,0.020010281,0.0043245913,0.85895056,0.09688644
HAM_0004729,ISIC_0026198,nv,follow_up,40.0,female,upper extremity,data/raw/HAM10000_images_part_1/ISIC_0026198.jpg,test,5,5,nv,nv,0.6503281,True,nv → nv,0.03257327,0.05468147,0.03104287,0.10689686,0.011118037,0.6503281,0.11335946
HAM_0002071,ISIC_0031616,nv,follow_up,45.0,female,abdomen,data/raw/HAM10000_images_part_2/ISIC_0031616.jpg,test,5,5,nv,nv,0.70704913,True,nv → nv,0.04641805,0.03185764,0.029029693,0.08050192,0.04321412,0.70704913,0.06192945
HAM_0001945,ISIC_0026919,nv,follow_up,45.0,female,back,data/raw/HAM10000_images_part_1/ISIC_0026919.jpg,test,5,5,nv,nv,0.86727875,True,nv → nv,0.010646718,0.009552821,0.0032043902,0.025205286,0.02224575,0.86727875,0.061866235
HAM_0006038,ISIC_0029969,nv,follow_up,50.0,male,abdomen,data/raw/HAM10000_images_part_2/ISIC_0029969.jpg,test,5,5,nv,nv,0.67698556,True,nv → nv,0.026200559,0.0405858,0.023979805,0.05101401,0.05340771,0.67698556,0.12782657
HAM_0007105,ISIC_0026616,nv,follow_up,35.0,male,abdomen,data/raw/HAM10000_images_part_1/ISIC_0026616.jpg,test,5,5,nv,nv,0.9242945,True,nv → nv,0.0058833086,0.01245813,0.0075973994,0.011807652,0.0236848,0.9242945,0.014274261
HAM_0002579,ISIC_0031683,nv,follow_up,35.0,male,lower extremity,data/raw/HAM10000_images_part_2/ISIC_0031683.jpg,test,5,5,nv,nv,0.86919224,True,nv → nv,0.005909751,0.009501296,0.012324099,0.021114605,0.0064853327,0.86919224,0.07547267
HAM_0003923,ISIC_0025282,nv,follow_up,35.0,male,trunk,data/raw/HAM10000_images_part_1/ISIC_0025282.jpg,test,5,5,nv,nv,0.798947,True,nv → nv,0.026740309,0.047845278,0.011170869,0.04102786,0.010752149,0.798947,0.06351651
HAM_0003905,ISIC_0029275,nv,follow_up,35.0,male,upper extremity,data/raw/HAM10000_images_part_1/ISIC_0029275.jpg,test,5,5,nv,nv,0.8329158,True,nv → nv,0.024371272,0.019659156,0.014470655,0.037060253,0.021276679,0.8329158,0.050246123
HAM_0005687,ISIC_0027880,nv,follow_up,65.0,male,upper extremity,data/raw/HAM10000_images_part_1/ISIC_0027880.jpg,test,5,5,nv,nv,0.8671723,True,nv → nv,0.010105619,0.012040791,0.025378324,0.029196097,0.04213573,0.8671723,0.01397108
HAM_0001812,ISIC_0024326,nv,follow_up,75.0,male,back,data/raw/HAM10000_images_part_1/ISIC_0024326.jpg,test,5,5,nv,nv,0.7470855,True,nv → nv,0.020773917,0.02679587,0.022847421,0.046321657,0.044848956,0.7470855,0.0913266
HAM_0004598,ISIC_0030345,nv,follow_up,50.0,female,abdomen,data/raw/HAM10000_images_part_2/ISIC_0030345.jpg,test,5,5,nv,nv,0.36355168,True,nv → nv,0.04315773,0.13455543,0.037399262,0.10055584,0.03001821,0.36355168,0.29076183
HAM_0004137,ISIC_0024966,nv,follow_up,45.0,female,abdomen,data/raw/HAM10000_images_part_1/ISIC_0024966.jpg,test,5,5,nv,nv,0.83336824,True,nv → nv,0.009677618,0.010116149,0.02057379,0.028550744,0.04109595,0.83336824,0.056617513
HAM_0005773,ISIC_0031096,nv,follow_up,45.0,female,lower extremity,data/raw/HAM10000_images_part_2/ISIC_0031096.jpg,test,5,5,nv,nv,0.8391813,True,nv → nv,0.007204335,0.010714565,0.007107376,0.028570406,0.007866345,0.8391813,0.09935566
HAM_0007455,ISIC_0027441,nv,follow_up,45.0,female,trunk,data/raw/HAM10000_images_part_1/ISIC_0027441.jpg,test,5,5,nv,nv,0.797575,True,nv → nv,0.018059297,0.010252772,0.030736946,0.029454304,0.06614369,0.797575,0.047777977
HAM_0000944,ISIC_0027864,nv,follow_up,75.0,male,upper extremity,data/raw/HAM10000_images_part_1/ISIC_0027864.jpg,test,5,5,nv,nv,0.8215611,True,nv → nv,0.02174198,0.031079927,0.008409139,0.032017097,0.028104078,0.8215611,0.05708665
HAM_0005477,ISIC_0029552,nv,follow_up,75.0,male,lower extremity,data/raw/HAM10000_images_part_2/ISIC_0029552.jpg,test,5,5,nv,nv,0.7083827,True,nv → nv,0.024403185,0.021195607,0.01886026,0.053795494,0.027668582,0.7083827,0.14569414
HAM_0004490,ISIC_0031788,nv,follow_up,70.0,male,lower extremity,data/raw/HAM10000_images_part_2/ISIC_0031788.jpg,test,5,5,nv,nv,0.7855936,True,nv → nv,0.020219987,0.026916621,0.0062554157,0.053389687,0.03127452,0.7855936,0.0763502
HAM_0000178,ISIC_0031397,nv,follow_up,60.0,male,abdomen,data/raw/HAM10000_images_part_2/ISIC_0031397.jpg,test,5,5,nv,nv,0.70918024,True,nv → nv,0.04081456,0.03725259,0.045291953,0.04533353,0.08155444,0.70918024,0.040572695
HAM_0002310,ISIC_0025848,nv,follow_up,60.0,male,abdomen,data/raw/HAM10000_images_part_1/ISIC_0025848.jpg,test,5,5,nv,nv,0.48644376,True,nv → nv,0.11057009,0.05628065,0.018019054,0.12748957,0.13489512,0.48644376,0.06630181
HAM_0004493,ISIC_0030325,nv,follow_up,60.0,male,upper extremity,data/raw/HAM10000_images_part_2/ISIC_0030325.jpg,test,5,5,nv,nv,0.7660408,True,nv → nv,0.024405245,0.016678212,0.017539967,0.04670345,0.041927554,0.7660408,0.086704776
HAM_0003929,ISIC_0027792,nv,follow_up,75.0,male,back,data/raw/HAM10000_images_part_1/ISIC_0027792.jpg,test,5,5,nv,nv,0.6897393,True,nv → nv,0.044127904,0.029609423,0.04204716,0.046726096,0.095495574,0.6897393,0.05225458
HAM_0006172,ISIC_0024485,nv,follow_up,60.0,male,upper extremity,data/raw/HAM10000_images_part_1/ISIC_0024485.jpg,test,5,5,nv,nv,0.7594284,True,nv → nv,0.033014234,0.0278028,0.049473364,0.03803612,0.046981577,0.7594284,0.045263458
HAM_0000738,ISIC_0027443,nv,follow_up,60.0,male,lower extremity,data/raw/HAM10000_images_part_1/ISIC_0027443.jpg,test,5,5,nv,nv,0.75899714,True,nv → nv,0.015155308,0.010860608,0.032723434,0.031626254,0.07359021,0.75899714,0.077046975
HAM_0001320,ISIC_0028638,nv,follow_up,35.0,male,trunk,data/raw/HAM10000_images_part_1/ISIC_0028638.jpg,test,5,5,nv,nv,0.7011128,True,nv → nv,0.027244685,0.07227946,0.016262034,0.03864013,0.06602269,0.7011128,0.07843817
HAM_0001426,ISIC_0029154,nv,follow_up,40.0,female,abdomen,data/raw/HAM10000_images_part_1/ISIC_0029154.jpg,test,5,5,nv,nv,0.74096704,True,nv → nv,0.022407532,0.020901678,0.042271774,0.030476363,0.07981172,0.74096704,0.06316387
HAM_0003537,ISIC_0029734,nv,follow_up,40.0,female,lower extremity,data/raw/HAM10000_images_part_2/ISIC_0029734.jpg,test,5,5,nv,nv,0.78787667,True,nv → nv,0.014551296,0.011923325,0.020978909,0.02848943,0.036451466,0.78787667,0.09972889
HAM_0000594,ISIC_0029178,nv,follow_up,50.0,female,abdomen,data/raw/HAM10000_images_part_1/ISIC_0029178.jpg,test,5,5,nv,nv,0.58063334,True,nv → nv,0.042648643,0.03610065,0.12054158,0.12400183,0.027518498,0.58063334,0.06855544
HAM_0002893,ISIC_0025037,nv,follow_up,75.0,male,trunk,data/raw/HAM10000_images_part_1/ISIC_0025037.jpg,test,5,5,nv,nv,0.74443114,True,nv → nv,0.016813854,0.09543824,0.00927964,0.021597575,0.02969518,0.74443114,0.082744375
HAM_0001577,ISIC_0029818,nv,follow_up,65.0,male,abdomen,data/raw/HAM10000_images_part_2/ISIC_0029818.jpg,test,5,5,nv,nv,0.3128689,True,nv → nv,0.0671561,0.23838943,0.060116686,0.048290618,0.07410177,0.3128689,0.19907653
HAM_0002383,ISIC_0032488,nv,follow_up,55.0,male,trunk,data/raw/HAM10000_images_part_2/ISIC_0032488.jpg,test,5,5,nv,nv,0.9316662,True,nv → nv,0.003457785,0.0039958097,0.0055631264,0.009280317,0.014086883,0.9316662,0.031949937
HAM_0004512,ISIC_0027977,nv,follow_up,55.0,male,abdomen,data/raw/HAM10000_images_part_1/ISIC_0027977.jpg,test,5,5,nv,nv,0.89546055,True,nv → nv,0.005452073,0.003632841,0.017182998,0.020636624,0.022809403,0.89546055,0.03482556
HAM_0001204,ISIC_0030185,nv,follow_up,55.0,male,back,data/raw/HAM10000_images_part_2/ISIC_0030185.jpg,test,5,5,nv,nv,0.85048026,True,nv → nv,0.019457052,0.023979113,0.01008717,0.034373768,0.027459702,0.85048026,0.034162894
HAM_0003678,ISIC_0026197,nv,follow_up,55.0,female,abdomen,data/raw/HAM10000_images_part_1/ISIC_0026197.jpg,test,5,5,nv,nv,0.947886,True,nv → nv,0.00783091,0.007931418,0.0039886143,0.008936667,0.011684441,0.947886,0.011741998
HAM_0002449,ISIC_0024391,nv,follow_up,50.0,male,chest,data/raw/HAM10000_images_part_1/ISIC_0024391.jpg,test,5,5,nv,nv,0.5399469,True,nv → nv,0.08728275,0.1349312,0.052540444,0.082278796,0.05679381,0.5399469,0.04622608
HAM_0000419,ISIC_0027741,nv,follow_up,50.0,male,trunk,data/raw/HAM10000_images_part_1/ISIC_0027741.jpg,test,5,5,nv,nv,0.907392,True,nv → nv,0.0047561284,0.009194128,0.002055904,0.025366249,0.0050843437,0.907392,0.04615115
HAM_0000616,ISIC_0024750,nv,follow_up,50.0,male,trunk,data/raw/HAM10000_images_part_1/ISIC_0024750.jpg,test,5,5,nv,nv,0.42839122,True,nv → nv,0.06519754,0.11173382,0.034098312,0.09883207,0.05263072,0.42839122,0.20911624
HAM_0003588,ISIC_0025232,nv,follow_up,40.0,male,upper extremity,data/raw/HAM10000_images_part_1/ISIC_0025232.jpg,test,5,5,nv,nv,0.7311441,True,nv → nv,0.058550444,0.051467214,0.012424809,0.03436687,0.074857794,0.7311441,0.03718878
HAM_0003065,ISIC_0031879,nv,follow_up,85.0,male,back,data/raw/HAM10000_images_part_2/ISIC_0031879.jpg,test,5,5,nv,nv,0.6166224,True,nv → nv,0.07004406,0.06274776,0.03720119,0.05380822,0.11000153,0.6166224,0.04957487
HAM_0006167,ISIC_0027845,nv,follow_up,50.0,female,foot,data/raw/HAM10000_images_part_1/ISIC_0027845.jpg,test,5,5,nv,nv,0.6524216,True,nv → nv,0.03343515,0.060320113,0.05726144,0.03532497,0.11404755,0.6524216,0.047189176
HAM_0003557,ISIC_0026973,nv,follow_up,75.0,male,trunk,data/raw/HAM10000_images_part_1/ISIC_0026973.jpg,test,5,5,nv,nv,0.8413881,True,nv → nv,0.013616163,0.036893636,0.008595554,0.030854959,0.020778233,0.8413881,0.047873378
HAM_0000056,ISIC_0025725,nv,follow_up,55.0,female,trunk,data/raw/HAM10000_images_part_1/ISIC_0025725.jpg,test,5,5,nv,nv,0.66136664,True,nv → nv,0.064459,0.06741437,0.056924026,0.0513152,0.075518966,0.66136664,0.023001801
HAM_0005340,ISIC_0031830,nv,follow_up,55.0,female,abdomen,data/raw/HAM10000_images_part_2/ISIC_0031830.jpg,test,5,5,nv,nv,0.5851301,True,nv → nv,0.04803746,0.11509296,0.043619074,0.092410184,0.028027967,0.5851301,0.08768234
HAM_0004085,ISIC_0028471,nv,follow_up,55.0,female,abdomen,data/raw/HAM10000_images_part_1/ISIC_0028471.jpg,test,5,5,nv,nv,0.83140886,True,nv → nv,0.009966188,0.009555855,0.02717625,0.0180619,0.038016547,0.83140886,0.06581437
HAM_0006504,ISIC_0031098,nv,follow_up,55.0,female,lower extremity,data/raw/HAM10000_images_part_2/ISIC_0031098.jpg,test,5,5,nv,nv,0.8474009,True,nv → nv,0.010018617,0.004171329,0.009665124,0.01485293,0.05996068,0.8474009,0.05393046
HAM_0000155,ISIC_0032390,nv,follow_up,40.0,male,abdomen,data/raw/HAM10000_images_part_2/ISIC_0032390.jpg,test,5,1,nv,bcc,0.4633756,False,nv → bcc,0.035279028,0.4633756,0.016833466,0.015361857,0.0992518,0.31002536,0.059872855
HAM_0002963,ISIC_0032435,nv,follow_up,45.0,male,trunk,data/raw/HAM10000_images_part_2/ISIC_0032435.jpg,test,5,5,nv,nv,0.69298935,True,nv → nv,0.03574347,0.012252799,0.03156009,0.022331372,0.18340088,0.69298935,0.021722117
HAM_0001489,ISIC_0031765,nv,follow_up,50.0,female,foot,data/raw/HAM10000_images_part_2/ISIC_0031765.jpg,test,5,5,nv,nv,0.6941987,True,nv → nv,0.017914604,0.016473591,0.06151342,0.070979364,0.032986403,0.6941987,0.10593382
HAM_0001395,ISIC_0031818,nv,follow_up,50.0,female,foot,data/raw/HAM10000_images_part_2/ISIC_0031818.jpg,test,5,5,nv,nv,0.77915937,True,nv → nv,0.01618331,0.029180909,0.026125986,0.0320852,0.012848812,0.77915937,0.10441642
HAM_0006680,ISIC_0028458,nv,follow_up,40.0,female,back,data/raw/HAM10000_images_part_1/ISIC_0028458.jpg,test,5,5,nv,nv,0.94798356,True,nv → nv,0.0069059804,0.005786546,0.0016092244,0.012681333,0.012077963,0.94798356,0.012955354
HAM_0002594,ISIC_0031047,nv,follow_up,45.0,female,upper extremity,data/raw/HAM10000_images_part_2/ISIC_0031047.jpg,test,5,5,nv,nv,0.84643924,True,nv → nv,0.01967416,0.014140738,0.012301502,0.022701627,0.044906337,0.84643924,0.039836388
HAM_0004414,ISIC_0030576,nv,follow_up,45.0,female,lower extremity,data/raw/HAM10000_images_part_2/ISIC_0030576.jpg,test,5,5,nv,nv,0.8215751,True,nv → nv,0.012668614,0.008592839,0.008965915,0.025841303,0.04611936,0.8215751,0.07623686
HAM_0003272,ISIC_0027979,nv,follow_up,30.0,male,upper extremity,data/raw/HAM10000_images_part_1/ISIC_0027979.jpg,test,5,5,nv,nv,0.5879138,True,nv → nv,0.055926066,0.09190344,0.02704642,0.086392075,0.022540908,0.5879138,0.12827724
HAM_0002036,ISIC_0025739,nv,follow_up,35.0,female,lower extremity,data/raw/HAM10000_images_part_1/ISIC_0025739.jpg,test,5,5,nv,nv,0.8639681,True,nv → nv,0.0060361903,0.008031581,0.014497478,0.028904863,0.012137246,0.8639681,0.066424645
HAM_0000285,ISIC_0026925,nv,follow_up,50.0,male,upper extremity,data/raw/HAM10000_images_part_1/ISIC_0026925.jpg,test,5,5,nv,nv,0.90674156,True,nv → nv,0.008671873,0.0027118996,0.0037424606,0.0116639575,0.03616423,0.90674156,0.030304067
HAM_0003204,ISIC_0028564,nv,follow_up,45.0,female,back,data/raw/HAM10000_images_part_1/ISIC_0028564.jpg,test,5,5,nv,nv,0.69611084,True,nv → nv,0.04092209,0.037648786,0.038901504,0.058135174,0.08921116,0.69611084,0.03907049
HAM_0002267,ISIC_0026937,nv,follow_up,45.0,female,lower extremity,data/raw/HAM10000_images_part_1/ISIC_0026937.jpg,test,5,5,nv,nv,0.7732823,True,nv → nv,0.023138039,0.04219081,0.02071721,0.033424992,0.046144024,0.7732823,0.06110266
HAM_0003075,ISIC_0028553,nv,follow_up,45.0,female,trunk,data/raw/HAM10000_images_part_1/ISIC_0028553.jpg,test,5,5,nv,nv,0.7818975,True,nv → nv,0.012206329,0.025524465,0.0066073844,0.030081192,0.039741933,0.7818975,0.10394117
HAM_0005577,ISIC_0028320,nv,follow_up,40.0,male,trunk,data/raw/HAM10000_images_part_1/ISIC_0028320.jpg,test,5,5,nv,nv,0.9028764,True,nv → nv,0.0043762294,0.006682069,0.0027618702,0.0161891,0.020699931,0.9028764,0.046414424
HAM_0005290,ISIC_0026703,nv,follow_up,65.0,male,trunk,data/raw/HAM10000_images_part_1/ISIC_0026703.jpg,test,5,5,nv,nv,0.8373759,True,nv → nv,0.00565395,0.003647131,0.03620607,0.008052473,0.08419964,0.8373759,0.02486481
HAM_0003252,ISIC_0029977,nv,follow_up,45.0,female,lower extremity,data/raw/HAM10000_images_part_2/ISIC_0029977.jpg,test,5,5,nv,nv,0.4483999,True,nv → nv,0.03203393,0.07461081,0.009366357,0.072890736,0.021521207,0.4483999,0.34117708
HAM_0000424,ISIC_0031328,nv,follow_up,45.0,female,lower extremity,data/raw/HAM10000_images_part_2/ISIC_0031328.jpg,test,5,5,nv,nv,0.7397594,True,nv → nv,0.032884292,0.020498177,0.038597915,0.09960937,0.035054475,0.7397594,0.033596393
HAM_0001375,ISIC_0026238,nv,follow_up,45.0,female,trunk,data/raw/HAM10000_images_part_1/ISIC_0026238.jpg,test,5,5,nv,nv,0.6140175,True,nv → nv,0.055941325,0.048587814,0.06487066,0.082277134,0.037228674,0.6140175,0.0970769
HAM_0002674,ISIC_0029646,nv,follow_up,20.0,female,back,data/raw/HAM10000_images_part_2/ISIC_0029646.jpg,test,5,5,nv,nv,0.8837003,True,nv → nv,0.012053734,0.006611228,0.0077285785,0.018274741,0.035152674,0.8837003,0.036478754
HAM_0007084,ISIC_0025315,nv,follow_up,40.0,female,back,data/raw/HAM10000_images_part_1/ISIC_0025315.jpg,test,5,5,nv,nv,0.7179217,True,nv → nv,0.049460992,0.06192241,0.059870727,0.061904244,0.031009056,0.7179217,0.017910877
HAM_0001063,ISIC_0027180,nv,follow_up,60.0,female,abdomen,data/raw/HAM10000_images_part_1/ISIC_0027180.jpg,test,5,5,nv,nv,0.74306244,True,nv → nv,0.020171925,0.01714877,0.032851133,0.037660494,0.056347806,0.74306244,0.0927575
HAM_0005630,ISIC_0025864,nv,follow_up,45.0,female,lower extremity,data/raw/HAM10000_images_part_1/ISIC_0025864.jpg,test,5,5,nv,nv,0.83002007,True,nv → nv,0.01568137,0.011742211,0.009926908,0.023199573,0.073877744,0.83002007,0.035552133
HAM_0002687,ISIC_0032037,nv,follow_up,60.0,female,back,data/raw/HAM10000_images_part_2/ISIC_0032037.jpg,test,5,5,nv,nv,0.67473704,True,nv → nv,0.06728312,0.09567049,0.0114313895,0.06281673,0.03746,0.67473704,0.050601214
HAM_0001255,ISIC_0030948,nv,follow_up,50.0,female,trunk,data/raw/HAM10000_images_part_2/ISIC_0030948.jpg,test,5,5,nv,nv,0.7873601,True,nv → nv,0.012632005,0.0648264,0.0015417238,0.020917153,0.014630167,0.7873601,0.098092556
HAM_0002543,ISIC_0025645,nv,follow_up,45.0,male,abdomen,data/raw/HAM10000_images_part_1/ISIC_0025645.jpg,test,5,5,nv,nv,0.86923444,True,nv → nv,0.008771232,0.0131868515,0.0066829016,0.022056568,0.020133005,0.86923444,0.059935
HAM_0005043,ISIC_0025004,nv,follow_up,35.0,male,back,data/raw/HAM10000_images_part_1/ISIC_0025004.jpg,test,5,5,nv,nv,0.816343,True,nv → nv,0.008279662,0.020891171,0.0063735847,0.015434431,0.046637814,0.816343,0.0860403
HAM_0001560,ISIC_0026181,nv,follow_up,35.0,female,back,data/raw/HAM10000_images_part_1/ISIC_0026181.jpg,test,5,5,nv,nv,0.79105574,True,nv → nv,0.026723573,0.029140465,0.018754123,0.03115654,0.07421861,0.79105574,0.02895092
HAM_0007192,ISIC_0030558,nv,follow_up,35.0,female,upper extremity,data/raw/HAM10000_images_part_2/ISIC_0030558.jpg,test,5,5,nv,nv,0.907682,True,nv → nv,0.0043676356,0.0021177675,0.010406972,0.007796573,0.03267025,0.907682,0.034958776
HAM_0004661,ISIC_0026808,nv,follow_up,55.0,female,trunk,data/raw/HAM10000_images_part_1/ISIC_0026808.jpg,test,5,5,nv,nv,0.77963215,True,nv → nv,0.015774928,0.009626327,0.014031987,0.02504227,0.09023763,0.77963215,0.065654755
HAM_0006089,ISIC_0031316,nv,follow_up,45.0,male,upper extremity,data/raw/HAM10000_images_part_2/ISIC_0031316.jpg,test,5,5,nv,nv,0.57125944,True,nv → nv,0.043315936,0.068723515,0.031948615,0.06189524,0.03911215,0.57125944,0.1837451
HAM_0007561,ISIC_0031458,nv,follow_up,45.0,male,upper extremity,data/raw/HAM10000_images_part_2/ISIC_0031458.jpg,test,5,5,nv,nv,0.9209615,True,nv → nv,0.009133889,0.004879155,0.0045572314,0.029934099,0.010711542,0.9209615,0.019822627
HAM_0004433,ISIC_0029623,nv,follow_up,45.0,male,lower extremity,data/raw/HAM10000_images_part_2/ISIC_0029623.jpg,test,5,5,nv,nv,0.79275465,True,nv → nv,0.0074609355,0.014815911,0.006362246,0.043241303,0.015673088,0.79275465,0.11969184
HAM_0005200,ISIC_0032393,nv,follow_up,70.0,male,trunk,data/raw/HAM10000_images_part_2/ISIC_0032393.jpg,test,5,5,nv,nv,0.9064043,True,nv → nv,0.012169327,0.009475123,0.0072141555,0.02685796,0.018988715,0.9064043,0.018890359
HAM_0005222,ISIC_0026636,nv,follow_up,70.0,male,back,data/raw/HAM10000_images_part_1/ISIC_0026636.jpg,test,5,5,nv,nv,0.9146736,True,nv → nv,0.0014135547,0.0013545776,0.010643865,0.0053111096,0.023617992,0.9146736,0.042985257
HAM_0005943,ISIC_0032033,nv,follow_up,50.0,female,trunk,data/raw/HAM10000_images_part_2/ISIC_0032033.jpg,test,5,5,nv,nv,0.7855289,True,nv → nv,0.01991869,0.010908203,0.044138495,0.033255227,0.037275452,0.7855289,0.06897512
HAM_0005774,ISIC_0031137,nv,follow_up,50.0,female,lower extremity,data/raw/HAM10000_images_part_2/ISIC_0031137.jpg,test,5,5,nv,nv,0.8819206,True,nv → nv,0.011085513,0.030223759,0.021436797,0.0083836755,0.04047531,0.8819206,0.0064743906
HAM_0002663,ISIC_0030720,nv,follow_up,35.0,female,trunk,data/raw/HAM10000_images_part_2/ISIC_0030720.jpg,test,5,5,nv,nv,0.7357055,True,nv → nv,0.024560928,0.044905037,0.014555755,0.055823047,0.024334209,0.7357055,0.10011554
HAM_0000098,ISIC_0029716,nv,follow_up,35.0,female,back,data/raw/HAM10000_images_part_2/ISIC_0029716.jpg,test,5,5,nv,nv,0.81815344,True,nv → nv,0.013297392,0.013045077,0.013292637,0.030651048,0.030164884,0.81815344,0.081395574
HAM_0000774,ISIC_0029707,nv,follow_up,55.0,female,lower extremity,data/raw/HAM10000_images_part_2/ISIC_0029707.jpg,test,5,5,nv,nv,0.8883305,True,nv → nv,0.00833252,0.013974327,0.0014619767,0.014184728,0.026516052,0.8883305,0.047199905
HAM_0006402,ISIC_0025602,nv,follow_up,40.0,female,lower extremity,data/raw/HAM10000_images_part_1/ISIC_0025602.jpg,test,5,5,nv,nv,0.804812,True,nv → nv,0.025127036,0.035442397,0.025336042,0.030337859,0.04946419,0.804812,0.029480442
HAM_0006164,ISIC_0024385,nv,follow_up,40.0,female,lower extremity,data/raw/HAM10000_images_part_1/ISIC_0024385.jpg,test,5,5,nv,nv,0.7479337,True,nv → nv,0.029732138,0.053115074,0.017957283,0.068626136,0.027917562,0.7479337,0.054718114
HAM_0000656,ISIC_0027096,nv,follow_up,50.0,male,abdomen,data/raw/HAM10000_images_part_1/ISIC_0027096.jpg,test,5,5,nv,nv,0.7692695,True,nv → nv,0.02177219,0.029337429,0.011789443,0.02805082,0.030601177,0.7692695,0.10917935
HAM_0006365,ISIC_0028296,nv,follow_up,80.0,male,lower extremity,data/raw/HAM10000_images_part_1/ISIC_0028296.jpg,test,5,5,nv,nv,0.5363657,True,nv → nv,0.0794153,0.04002625,0.07978944,0.070674814,0.14292496,0.5363657,0.05080358
HAM_0004580,ISIC_0030872,nv,follow_up,80.0,male,back,data/raw/HAM10000_images_part_2/ISIC_0030872.jpg,test,5,5,nv,nv,0.36037293,True,nv → nv,0.07144568,0.060466386,0.13683611,0.13743298,0.14917831,0.36037293,0.084267616
HAM_0007347,ISIC_0031054,nv,follow_up,25.0,female,trunk,data/raw/HAM10000_images_part_2/ISIC_0031054.jpg,test,5,5,nv,nv,0.57641226,True,nv → nv,0.04718037,0.082504354,0.011651601,0.059990317,0.022201085,0.57641226,0.20006
HAM_0000246,ISIC_0027079,nv,follow_up,25.0,female,upper extremity,data/raw/HAM10000_images_part_1/ISIC_0027079.jpg,test,5,5,nv,nv,0.93282783,True,nv → nv,0.009969949,0.0073365835,0.003934964,0.019614065,0.0077803405,0.93282783,0.018536292
HAM_0000011,ISIC_0024678,nv,follow_up,45.0,female,trunk,data/raw/HAM10000_images_part_1/ISIC_0024678.jpg,test,5,5,nv,nv,0.7754754,True,nv → nv,0.0049729818,0.0026130383,0.020301543,0.013374028,0.02296814,0.7754754,0.16029492
HAM_0004541,ISIC_0028838,nv,follow_up,65.0,male,trunk,data/raw/HAM10000_images_part_1/ISIC_0028838.jpg,test,5,5,nv,nv,0.7869575,True,nv → nv,0.025502285,0.017951082,0.030485075,0.031207556,0.062918164,0.7869575,0.0449784
HAM_0001084,ISIC_0030946,nv,follow_up,65.0,male,trunk,data/raw/HAM10000_images_part_2/ISIC_0030946.jpg,test,5,5,nv,nv,0.64343476,True,nv → nv,0.076833084,0.046331123,0.016765585,0.09059436,0.06075015,0.64343476,0.06529092
HAM_0002805,ISIC_0031722,nv,follow_up,50.0,male,trunk,data/raw/HAM10000_images_part_2/ISIC_0031722.jpg,test,5,5,nv,nv,0.44721258,True,nv → nv,0.06303333,0.09051492,0.119174644,0.03140277,0.21344842,0.44721258,0.0352133
HAM_0002637,ISIC_0029376,nv,follow_up,30.0,male,upper extremity,data/raw/HAM10000_images_part_2/ISIC_0029376.jpg,test,5,5,nv,nv,0.8387068,True,nv → nv,0.015947163,0.007612793,0.020603256,0.051149346,0.026846424,0.8387068,0.03913422
HAM_0002570,ISIC_0029952,nv,follow_up,30.0,male,trunk,data/raw/HAM10000_images_part_2/ISIC_0029952.jpg,test,5,5,nv,nv,0.90777814,True,nv → nv,0.01082634,0.019529253,0.0023210666,0.024958465,0.007182194,0.90777814,0.027404519
HAM_0006247,ISIC_0031393,nv,follow_up,50.0,female,upper extremity,data/raw/HAM10000_images_part_2/ISIC_0031393.jpg,test,5,5,nv,nv,0.85846084,True,nv → nv,0.008177959,0.015107779,0.0088019,0.025141323,0.0248658,0.85846084,0.05944445
HAM_0007407,ISIC_0026161,nv,follow_up,50.0,female,trunk,data/raw/HAM10000_images_part_1/ISIC_0026161.jpg,test,5,5,nv,nv,0.8304847,True,nv → nv,0.014186323,0.021844713,0.0067187,0.045568045,0.015132379,0.8304847,0.066065155
HAM_0003889,ISIC_0026005,nv,follow_up,45.0,male,back,data/raw/HAM10000_images_part_1/ISIC_0026005.jpg,test,5,5,nv,nv,0.70107627,True,nv → nv,0.02574796,0.042954817,0.051938765,0.033513695,0.04075908,0.70107627,0.10400943
HAM_0002065,ISIC_0028776,nv,follow_up,55.0,male,lower extremity,data/raw/HAM10000_images_part_1/ISIC_0028776.jpg,test,5,5,nv,nv,0.8539063,True,nv → nv,0.010303607,0.021595469,0.0066820625,0.020588525,0.04073678,0.8539063,0.046187274
HAM_0003528,ISIC_0028575,nv,follow_up,55.0,male,trunk,data/raw/HAM10000_images_part_1/ISIC_0028575.jpg,test,5,5,nv,nv,0.77462804,True,nv → nv,0.008919579,0.005078381,0.01959006,0.020710917,0.06451862,0.77462804,0.10655443
HAM_0006059,ISIC_0028089,nv,follow_up,55.0,male,back,data/raw/HAM10000_images_part_1/ISIC_0028089.jpg,test,5,5,nv,nv,0.80310905,True,nv → nv,0.015657935,0.01439742,0.029088346,0.03235909,0.054507945,0.80310905,0.050880242
HAM_0001602,ISIC_0032458,nv,follow_up,55.0,male,trunk,data/raw/HAM10000_images_part_2/ISIC_0032458.jpg,test,5,5,nv,nv,0.8222121,True,nv → nv,0.008785996,0.0097254235,0.014011584,0.024899613,0.026623016,0.8222121,0.09374236
HAM_0005618,ISIC_0027280,nv,follow_up,40.0,male,foot,data/raw/HAM10000_images_part_1/ISIC_0027280.jpg,test,5,5,nv,nv,0.9027955,True,nv → nv,0.015236083,0.0071437024,0.00626407,0.036273528,0.0094518,0.9027955,0.022835296
HAM_0004110,ISIC_0030195,nv,follow_up,35.0,female,lower extremity,data/raw/HAM10000_images_part_2/ISIC_0030195.jpg,test,5,5,nv,nv,0.78777206,True,nv → nv,0.02091671,0.016755812,0.023257822,0.07858567,0.016128201,0.78777206,0.056583762
HAM_0004132,ISIC_0025801,nv,follow_up,50.0,female,abdomen,data/raw/HAM10000_images_part_1/ISIC_0025801.jpg,test,5,5,nv,nv,0.53584146,True,nv → nv,0.037406538,0.17004462,0.08145738,0.037720907,0.097623475,0.53584146,0.039905615
HAM_0004837,ISIC_0030735,nv,follow_up,50.0,female,lower extremity,data/raw/HAM10000_images_part_2/ISIC_0030735.jpg,test,5,5,nv,nv,0.6835337,True,nv → nv,0.008200879,0.0047948575,0.011395895,0.02520568,0.04175632,0.6835337,0.2251127
HAM_0002439,ISIC_0031083,nv,follow_up,65.0,female,abdomen,data/raw/HAM10000_images_part_2/ISIC_0031083.jpg,test,5,5,nv,nv,0.6886262,True,nv → nv,0.013013965,0.012396075,0.02467565,0.02481776,0.052663237,0.6886262,0.18380705
HAM_0004904,ISIC_0032381,nv,follow_up,55.0,male,lower extremity,data/raw/HAM10000_images_part_2/ISIC_0032381.jpg,test,5,5,nv,nv,0.62030476,True,nv → nv,0.06359207,0.12310197,0.017753141,0.06986911,0.076198906,0.62030476,0.029180074
HAM_0000543,ISIC_0030776,nv,follow_up,50.0,male,back,data/raw/HAM10000_images_part_2/ISIC_0030776.jpg,test,5,5,nv,nv,0.7056146,True,nv → nv,0.011408288,0.007941197,0.03721786,0.014679172,0.15859184,0.7056146,0.06454693
HAM_0001146,ISIC_0032480,nv,follow_up,75.0,male,trunk,data/raw/HAM10000_images_part_2/ISIC_0032480.jpg,test,5,5,nv,nv,0.48920006,True,nv → nv,0.08340847,0.021470657,0.10802573,0.050407637,0.23043628,0.48920006,0.017051127
HAM_0000862,ISIC_0030724,nv,follow_up,50.0,male,back,data/raw/HAM10000_images_part_2/ISIC_0030724.jpg,test,5,5,nv,nv,0.67361194,True,nv → nv,0.018235466,0.071350105,0.017571945,0.030132448,0.07037697,0.67361194,0.11872108
HAM_0001080,ISIC_0028762,nv,follow_up,35.0,female,back,data/raw/HAM10000_images_part_1/ISIC_0028762.jpg,test,5,5,nv,nv,0.91956276,True,nv → nv,0.002984071,0.0019157702,0.0038542682,0.008225717,0.017663695,0.91956276,0.04579373
HAM_0003407,ISIC_0026971,nv,follow_up,35.0,female,trunk,data/raw/HAM10000_images_part_1/ISIC_0026971.jpg,test,5,5,nv,nv,0.8806115,True,nv → nv,0.014443093,0.0058637485,0.024797462,0.0143091325,0.034915373,0.8806115,0.025059726
HAM_0007034,ISIC_0029529,nv,follow_up,40.0,male,trunk,data/raw/HAM10000_images_part_2/ISIC_0029529.jpg,test,5,5,nv,nv,0.8732263,True,nv → nv,0.014247266,0.010458747,0.00615248,0.026934354,0.044339795,0.8732263,0.024641162
HAM_0005667,ISIC_0032394,nv,follow_up,40.0,male,back,data/raw/HAM10000_images_part_2/ISIC_0032394.jpg,test,5,5,nv,nv,0.7525228,True,nv → nv,0.051031325,0.030828448,0.021332812,0.040085144,0.0782727,0.7525228,0.025926754
HAM_0000051,ISIC_0026342,nv,follow_up,45.0,male,abdomen,data/raw/HAM10000_images_part_1/ISIC_0026342.jpg,test,5,5,nv,nv,0.8561696,True,nv → nv,0.014497804,0.015052505,0.006890139,0.022957522,0.039764468,0.8561696,0.044668064
HAM_0001677,ISIC_0028191,nv,follow_up,35.0,female,upper extremity,data/raw/HAM10000_images_part_1/ISIC_0028191.jpg,test,5,5,nv,nv,0.760238,True,nv → nv,0.02549111,0.029152,0.02446592,0.032863654,0.07509681,0.760238,0.05269248
HAM_0001581,ISIC_0027288,nv,follow_up,35.0,female,upper extremity,data/raw/HAM10000_images_part_1/ISIC_0027288.jpg,test,5,5,nv,nv,0.8907003,True,nv → nv,0.011240886,0.008999079,0.011944284,0.013497942,0.03375865,0.8907003,0.02985891
HAM_0007103,ISIC_0026271,nv,follow_up,65.0,female,abdomen,data/raw/HAM10000_images_part_1/ISIC_0026271.jpg,test,5,5,nv,nv,0.8083528,True,nv → nv,0.027807489,0.026587911,0.028852863,0.020146588,0.037928063,0.8083528,0.050324187
HAM_0007042,ISIC_0024754,nv,follow_up,30.0,male,back,data/raw/HAM10000_images_part_1/ISIC_0024754.jpg,test,5,5,nv,nv,0.41147202,True,nv → nv,0.106705375,0.07303795,0.12290162,0.0221315,0.24863882,0.41147202,0.015112688
HAM_0006072,ISIC_0027168,nv,follow_up,30.0,male,back,data/raw/HAM10000_images_part_1/ISIC_0027168.jpg,test,5,5,nv,nv,0.6921538,True,nv → nv,0.037155673,0.027907846,0.070908874,0.072808556,0.06449803,0.6921538,0.03456721
HAM_0006784,ISIC_0025486,nv,follow_up,50.0,female,trunk,data/raw/HAM10000_images_part_1/ISIC_0025486.jpg,test,5,5,nv,nv,0.90272015,True,nv → nv,0.0057860734,0.0063131573,0.0032308924,0.01691707,0.012519803,0.90272015,0.052512903
HAM_0005089,ISIC_0025673,nv,follow_up,45.0,male,upper extremity,data/raw/HAM10000_images_part_1/ISIC_0025673.jpg,test,5,5,nv,nv,0.53709245,True,nv → nv,0.07207679,0.17649245,0.055596024,0.056087203,0.043378543,0.53709245,0.059276626
HAM_0005138,ISIC_0027207,nv,follow_up,45.0,female,trunk,data/raw/HAM10000_images_part_1/ISIC_0027207.jpg,test,5,5,nv,nv,0.7774745,True,nv → nv,0.02481711,0.016132187,0.021032229,0.023005331,0.08041719,0.7774745,0.057121456
HAM_0006495,ISIC_0025215,nv,follow_up,45.0,female,trunk,data/raw/HAM10000_images_part_1/ISIC_0025215.jpg,test,5,5,nv,nv,0.8877067,True,nv → nv,0.009050714,0.0066793687,0.008869514,0.010043219,0.0643971,0.8877067,0.0132533945
HAM_0001787,ISIC_0029700,nv,follow_up,45.0,female,lower extremity,data/raw/HAM10000_images_part_2/ISIC_0029700.jpg,test,5,5,nv,nv,0.87728655,True,nv → nv,0.0061224233,0.002809367,0.0042834072,0.0134453,0.04460968,0.87728655,0.05144326
HAM_0004374,ISIC_0030651,nv,follow_up,35.0,male,back,data/raw/HAM10000_images_part_2/ISIC_0030651.jpg,test,5,5,nv,nv,0.8545396,True,nv → nv,0.024209758,0.013720975,0.011485414,0.04757126,0.021528909,0.8545396,0.026944194
HAM_0001760,ISIC_0024389,nv,follow_up,45.0,male,lower extremity,data/raw/HAM10000_images_part_1/ISIC_0024389.jpg,test,5,5,nv,nv,0.8727306,True,nv → nv,0.0060098246,0.016213432,0.0045723077,0.022167418,0.009041608,0.8727306,0.06926479
HAM_0002695,ISIC_0028664,nv,follow_up,45.0,male,back,data/raw/HAM10000_images_part_1/ISIC_0028664.jpg,test,5,5,nv,nv,0.8766258,True,nv → nv,0.005859591,0.005412893,0.007594356,0.024342077,0.006251437,0.8766258,0.07391388
HAM_0002212,ISIC_0029988,nv,follow_up,40.0,male,back,data/raw/HAM10000_images_part_2/ISIC_0029988.jpg,test,5,5,nv,nv,0.7366577,True,nv → nv,0.017696373,0.037065882,0.024877122,0.076909766,0.032817874,0.7366577,0.07397532
HAM_0001003,ISIC_0028629,nv,follow_up,70.0,male,back,data/raw/HAM10000_images_part_1/ISIC_0028629.jpg,test,5,5,nv,nv,0.8669398,True,nv → nv,0.010170298,0.009279252,0.017877676,0.013484698,0.03697049,0.8669398,0.04527783
HAM_0002485,ISIC_0028351,nv,follow_up,35.0,male,upper extremity,data/raw/HAM10000_images_part_1/ISIC_0028351.jpg,test,5,5,nv,nv,0.94175434,True,nv → nv,0.005370124,0.0046107518,0.004953679,0.021376386,0.005053709,0.94175434,0.016880948
HAM_0006745,ISIC_0026363,nv,follow_up,35.0,male,back,data/raw/HAM10000_images_part_1/ISIC_0026363.jpg,test,5,5,nv,nv,0.7987655,True,nv → nv,0.016090926,0.01712897,0.012916328,0.05206935,0.020699484,0.7987655,0.082329474
HAM_0004355,ISIC_0030934,nv,follow_up,40.0,female,trunk,data/raw/HAM10000_images_part_2/ISIC_0030934.jpg,test,5,5,nv,nv,0.61707765,True,nv → nv,0.059169438,0.048680924,0.032639824,0.10501151,0.038859185,0.61707765,0.09856148
HAM_0007041,ISIC_0027341,nv,follow_up,25.0,male,lower extremity,data/raw/HAM10000_images_part_1/ISIC_0027341.jpg,test,5,5,nv,nv,0.86918986,True,nv → nv,0.01697732,0.010636037,0.0053116144,0.031154754,0.0127615705,0.86918986,0.053968813
HAM_0004562,ISIC_0031387,nv,follow_up,45.0,male,abdomen,data/raw/HAM10000_images_part_2/ISIC_0031387.jpg,test,5,5,nv,nv,0.74994665,True,nv → nv,0.030985888,0.03161965,0.021282207,0.040698726,0.04898598,0.74994665,0.07648087
HAM_0001075,ISIC_0028743,nv,follow_up,30.0,female,back,data/raw/HAM10000_images_part_1/ISIC_0028743.jpg,test,5,5,nv,nv,0.91354734,True,nv → nv,0.0049109994,0.0037629134,0.0040364354,0.009673288,0.035816975,0.91354734,0.028252086
HAM_0007501,ISIC_0030780,nv,follow_up,45.0,male,trunk,data/raw/HAM10000_images_part_2/ISIC_0030780.jpg,test,5,5,nv,nv,0.74305356,True,nv → nv,0.04104469,0.024654023,0.020092048,0.035036873,0.110451184,0.74305356,0.025667638
HAM_0002500,ISIC_0028169,nv,follow_up,45.0,male,back,data/raw/HAM10000_images_part_1/ISIC_0028169.jpg,test,5,5,nv,nv,0.8578809,True,nv → nv,0.016124323,0.008877475,0.008309337,0.024196101,0.044836693,0.8578809,0.039775144
HAM_0006672,ISIC_0029096,nv,follow_up,30.0,female,trunk,data/raw/HAM10000_images_part_1/ISIC_0029096.jpg,test,5,5,nv,nv,0.92712414,True,nv → nv,0.0046567162,0.0014338989,0.002568979,0.014289846,0.018118987,0.92712414,0.031807426
HAM_0006995,ISIC_0025115,nv,follow_up,30.0,male,upper extremity,data/raw/HAM10000_images_part_1/ISIC_0025115.jpg,test,5,5,nv,nv,0.65049887,True,nv → nv,0.028503437,0.030910306,0.056529365,0.088809334,0.047574587,0.65049887,0.09717407
HAM_0002682,ISIC_0024478,nv,follow_up,45.0,female,trunk,data/raw/HAM10000_images_part_1/ISIC_0024478.jpg,test,5,5,nv,nv,0.6791558,True,nv → nv,0.028253173,0.040005818,0.0474872,0.048585333,0.04670099,0.6791558,0.109811746
HAM_0003413,ISIC_0030969,nv,follow_up,40.0,male,upper extremity,data/raw/HAM10000_images_part_2/ISIC_0030969.jpg,test,5,5,nv,nv,0.7522825,True,nv → nv,0.01856397,0.018885609,0.040630225,0.058615983,0.038582336,0.7522825,0.07243947
HAM_0006688,ISIC_0030699,nv,follow_up,50.0,male,abdomen,data/raw/HAM10000_images_part_2/ISIC_0030699.jpg,test,5,5,nv,nv,0.6081739,True,nv → nv,0.045045063,0.17041789,0.023830814,0.031662844,0.07076561,0.6081739,0.050103843
HAM_0003242,ISIC_0031242,nv,follow_up,40.0,female,lower extremity,data/raw/HAM10000_images_part_2/ISIC_0031242.jpg,test,5,5,nv,nv,0.8227138,True,nv → nv,0.0074710604,0.0073273606,0.027439397,0.019845255,0.07323846,0.8227138,0.04196472
HAM_0001867,ISIC_0030136,nv,follow_up,55.0,female,back,data/raw/HAM10000_images_part_2/ISIC_0030136.jpg,test,5,5,nv,nv,0.5698675,True,nv → nv,0.024693076,0.0531417,0.044960905,0.06634698,0.12168515,0.5698675,0.11930467
HAM_0005152,ISIC_0030112,nv,follow_up,40.0,male,abdomen,data/raw/HAM10000_images_part_2/ISIC_0030112.jpg,test,5,5,nv,nv,0.8668502,True,nv → nv,0.0038333053,0.006031369,0.0026534619,0.01727313,0.006348026,0.8668502,0.09701049
HAM_0002422,ISIC_0031566,nv,follow_up,60.0,male,lower extremity,data/raw/HAM10000_images_part_2/ISIC_0031566.jpg,test,5,5,nv,nv,0.890182,True,nv → nv,0.0034499532,0.008612214,0.0043662055,0.018860342,0.008992127,0.890182,0.06553713
HAM_0000355,ISIC_0027842,nv,follow_up,30.0,male,abdomen,data/raw/HAM10000_images_part_1/ISIC_0027842.jpg,test,5,5,nv,nv,0.82672524,True,nv → nv,0.010168627,0.009548228,0.0075603654,0.030182755,0.061110757,0.82672524,0.054704078
HAM_0006485,ISIC_0024423,nv,follow_up,40.0,male,trunk,data/raw/HAM10000_images_part_1/ISIC_0024423.jpg,test,5,5,nv,nv,0.74765986,True,nv → nv,0.021858994,0.020041563,0.020683523,0.029328505,0.07452352,0.74765986,0.0859041
HAM_0000660,ISIC_0028953,nv,follow_up,40.0,male,abdomen,data/raw/HAM10000_images_part_1/ISIC_0028953.jpg,test,5,5,nv,nv,0.88486475,True,nv → nv,0.0075238785,0.004493546,0.00805018,0.017869066,0.049142275,0.88486475,0.028056318
HAM_0007061,ISIC_0031433,nv,follow_up,50.0,male,abdomen,data/raw/HAM10000_images_part_2/ISIC_0031433.jpg,test,5,5,nv,nv,0.63400954,True,nv → nv,0.03526072,0.077788465,0.016891358,0.029762978,0.08129755,0.63400954,0.12498941
HAM_0004770,ISIC_0032495,nv,follow_up,50.0,male,lower extremity,data/raw/HAM10000_images_part_2/ISIC_0032495.jpg,test,5,5,nv,nv,0.845471,True,nv → nv,0.008150783,0.013802764,0.0042220023,0.015992174,0.015845438,0.845471,0.096515775
HAM_0003956,ISIC_0030190,nv,follow_up,55.0,female,upper extremity,data/raw/HAM10000_images_part_2/ISIC_0030190.jpg,test,5,5,nv,nv,0.73987824,True,nv → nv,0.033736248,0.04810178,0.040813778,0.074459516,0.027502002,0.73987824,0.03550838
HAM_0006677,ISIC_0025426,nv,follow_up,60.0,male,trunk,data/raw/HAM10000_images_part_1/ISIC_0025426.jpg,test,5,5,nv,nv,0.93466467,True,nv → nv,0.00261806,0.0055873254,0.0028345946,0.021677667,0.0040108114,0.93466467,0.028606806
HAM_0006427,ISIC_0028704,nv,follow_up,60.0,male,upper extremity,data/raw/HAM10000_images_part_1/ISIC_0028704.jpg,test,5,5,nv,nv,0.95684123,True,nv → nv,0.0023544498,0.0037211955,0.0048963083,0.008596894,0.0053008604,0.95684123,0.01828906
HAM_0001222,ISIC_0029916,nv,follow_up,60.0,male,back,data/raw/HAM10000_images_part_2/ISIC_0029916.jpg,test,5,5,nv,nv,0.8520862,True,nv → nv,0.018559907,0.02564703,0.010720506,0.0396704,0.0128903175,0.8520862,0.04042564
HAM_0003581,ISIC_0030051,nv,follow_up,40.0,male,trunk,data/raw/HAM10000_images_part_2/ISIC_0030051.jpg,test,5,5,nv,nv,0.85499656,True,nv → nv,0.015136592,0.007958416,0.004874398,0.019179342,0.043732494,0.85499656,0.054122165
HAM_0003285,ISIC_0029907,nv,follow_up,30.0,female,back,data/raw/HAM10000_images_part_2/ISIC_0029907.jpg,test,5,5,nv,nv,0.9143717,True,nv → nv,0.004961103,0.0027238557,0.003693883,0.011759254,0.020336818,0.9143717,0.042153366
HAM_0005358,ISIC_0026982,nv,follow_up,50.0,male,lower extremity,data/raw/HAM10000_images_part_1/ISIC_0026982.jpg,test,5,5,nv,nv,0.8077732,True,nv → nv,0.029805854,0.019563628,0.024782022,0.032891456,0.061460935,0.8077732,0.023722958
HAM_0001714,ISIC_0032354,nv,follow_up,30.0,female,trunk,data/raw/HAM10000_images_part_2/ISIC_0032354.jpg,test,5,5,nv,nv,0.650539,True,nv → nv,0.029623672,0.11882908,0.01525452,0.041013528,0.05565173,0.650539,0.08908843
HAM_0004557,ISIC_0032465,nv,follow_up,30.0,female,trunk,data/raw/HAM10000_images_part_2/ISIC_0032465.jpg,test,5,5,nv,nv,0.5203024,True,nv → nv,0.07715601,0.13001455,0.04266776,0.07469921,0.060263146,0.5203024,0.094896965
HAM_0002415,ISIC_0026121,nv,follow_up,30.0,female,trunk,data/raw/HAM10000_images_part_1/ISIC_0026121.jpg,test,5,5,nv,nv,0.79313296,True,nv → nv,0.029941082,0.03685967,0.018105267,0.040176727,0.024222007,0.79313296,0.057562236
HAM_0002678,ISIC_0030739,nv,follow_up,30.0,female,trunk,data/raw/HAM10000_images_part_2/ISIC_0030739.jpg,test,5,5,nv,nv,0.47007507,True,nv → nv,0.03699685,0.24912453,0.007818418,0.05449736,0.016141843,0.47007507,0.16534598
HAM_0006571,ISIC_0025418,nv,follow_up,30.0,female,upper extremity,data/raw/HAM10000_images_part_1/ISIC_0025418.jpg,test,5,5,nv,nv,0.8976474,True,nv → nv,0.014693888,0.010960395,0.0073610446,0.023589872,0.023928301,0.8976474,0.021819156
HAM_0003116,ISIC_0030453,nv,follow_up,30.0,female,lower extremity,data/raw/HAM10000_images_part_2/ISIC_0030453.jpg,test,5,5,nv,nv,0.8395288,True,nv → nv,0.011213788,0.009894675,0.015452589,0.025713459,0.032405153,0.8395288,0.06579154
HAM_0006023,ISIC_0025002,nv,follow_up,35.0,male,trunk,data/raw/HAM10000_images_part_1/ISIC_0025002.jpg,test,5,5,nv,nv,0.7498205,True,nv → nv,0.012063043,0.022002464,0.011661963,0.042190496,0.009951698,0.7498205,0.15230986
HAM_0003953,ISIC_0027158,nv,follow_up,45.0,male,back,data/raw/HAM10000_images_part_1/ISIC_0027158.jpg,test,5,5,nv,nv,0.8268441,True,nv → nv,0.016413055,0.013777501,0.008499669,0.030042676,0.040886715,0.8268441,0.063536175
HAM_0003442,ISIC_0027929,nv,follow_up,45.0,male,back,data/raw/HAM10000_images_part_1/ISIC_0027929.jpg,test,5,5,nv,nv,0.87068176,True,nv → nv,0.015829543,0.007917002,0.014281677,0.022684116,0.034122687,0.87068176,0.03448315
HAM_0003554,ISIC_0027494,nv,follow_up,45.0,male,trunk,data/raw/HAM10000_images_part_1/ISIC_0027494.jpg,test,5,5,nv,nv,0.7778255,True,nv → nv,0.021905318,0.02433214,0.02229417,0.037597332,0.044918984,0.7778255,0.0711266
HAM_0004484,ISIC_0025124,nv,follow_up,45.0,male,trunk,data/raw/HAM10000_images_part_1/ISIC_0025124.jpg,test,5,5,nv,nv,0.61900955,True,nv → nv,0.016978504,0.021628901,0.10547838,0.047628168,0.025330013,0.61900955,0.16394645
HAM_0003705,ISIC_0025263,nv,follow_up,50.0,male,trunk,data/raw/HAM10000_images_part_1/ISIC_0025263.jpg,test,5,5,nv,nv,0.9521383,True,nv → nv,0.003523288,0.011567934,0.0025093576,0.009493945,0.004954168,0.9521383,0.015812984
HAM_0004477,ISIC_0026646,nv,follow_up,50.0,male,trunk,data/raw/HAM10000_images_part_1/ISIC_0026646.jpg,test,5,5,nv,nv,0.8058404,True,nv → nv,0.028368745,0.023005066,0.02232045,0.08056971,0.019951342,0.8058404,0.019944308
HAM_0003510,ISIC_0031507,nv,follow_up,65.0,male,trunk,data/raw/HAM10000_images_part_2/ISIC_0031507.jpg,test,5,5,nv,nv,0.40982088,True,nv → nv,0.060992707,0.13914762,0.16497305,0.045389853,0.14082314,0.40982088,0.03885279
HAM_0004804,ISIC_0030497,nv,follow_up,25.0,female,back,data/raw/HAM10000_images_part_2/ISIC_0030497.jpg,test,5,5,nv,nv,0.74062544,True,nv → nv,0.023422077,0.046904497,0.026568523,0.025196439,0.10089716,0.74062544,0.03638588
HAM_0003498,ISIC_0024609,nv,follow_up,40.0,male,trunk,data/raw/HAM10000_images_part_1/ISIC_0024609.jpg,test,5,5,nv,nv,0.65026283,True,nv → nv,0.04876248,0.18885706,0.008161094,0.034942087,0.03900579,0.65026283,0.030008636
HAM_0004486,ISIC_0031448,nv,follow_up,45.0,male,upper extremity,data/raw/HAM10000_images_part_2/ISIC_0031448.jpg,test,5,5,nv,nv,0.86418825,True,nv → nv,0.005917316,0.005550826,0.018288184,0.017954094,0.04410268,0.86418825,0.04399855
HAM_0007314,ISIC_0031152,nv,follow_up,40.0,female,trunk,data/raw/HAM10000_images_part_2/ISIC_0031152.jpg,test,5,5,nv,nv,0.67588335,True,nv → nv,0.031554274,0.030083688,0.04441671,0.06237359,0.059530765,0.67588335,0.09615755
HAM_0005414,ISIC_0027054,nv,follow_up,40.0,female,trunk,data/raw/HAM10000_images_part_1/ISIC_0027054.jpg,test,5,5,nv,nv,0.87848985,True,nv → nv,0.01861177,0.011220004,0.009125079,0.025942145,0.0324421,0.87848985,0.02416906
HAM_0000864,ISIC_0028716,nv,follow_up,40.0,female,abdomen,data/raw/HAM10000_images_part_1/ISIC_0028716.jpg,test,5,5,nv,nv,0.7628209,True,nv → nv,0.017160768,0.006228254,0.029266499,0.017040612,0.13274947,0.7628209,0.034733504
HAM_0007064,ISIC_0032282,nv,follow_up,40.0,female,back,data/raw/HAM10000_images_part_2/ISIC_0032282.jpg,test,5,5,nv,nv,0.78753567,True,nv → nv,0.036305934,0.022559283,0.023108818,0.033980697,0.04439385,0.78753567,0.052115764
HAM_0003494,ISIC_0031347,nv,follow_up,40.0,female,back,data/raw/HAM10000_images_part_2/ISIC_0031347.jpg,test,5,5,nv,nv,0.80395144,True,nv → nv,0.01568985,0.0063275704,0.012691779,0.022752315,0.09549962,0.80395144,0.043087434
HAM_0002690,ISIC_0028828,nv,follow_up,70.0,male,trunk,data/raw/HAM10000_images_part_1/ISIC_0028828.jpg,test,5,5,nv,nv,0.81077075,True,nv → nv,0.028744735,0.05736801,0.004901284,0.014221323,0.05105547,0.81077075,0.032938413
HAM_0001844,ISIC_0026736,nv,follow_up,70.0,male,abdomen,data/raw/HAM10000_images_part_1/ISIC_0026736.jpg,test,5,5,nv,nv,0.8012081,True,nv → nv,0.034087595,0.02472104,0.027989933,0.051122263,0.036096912,0.8012081,0.024774106
HAM_0002273,ISIC_0026772,nv,follow_up,70.0,male,lower extremity,data/raw/HAM10000_images_part_1/ISIC_0026772.jpg,test,5,5,nv,nv,0.73054653,True,nv → nv,0.016882189,0.030442704,0.014959915,0.04875274,0.009503194,0.73054653,0.14891273
HAM_0002081,ISIC_0029120,nv,follow_up,70.0,male,trunk,data/raw/HAM10000_images_part_1/ISIC_0029120.jpg,test,5,5,nv,nv,0.452396,True,nv → nv,0.06659891,0.03918835,0.08578594,0.032842517,0.30567977,0.452396,0.01750848
HAM_0004251,ISIC_0026673,nv,follow_up,70.0,male,trunk,data/raw/HAM10000_images_part_1/ISIC_0026673.jpg,test,5,5,nv,nv,0.9090385,True,nv → nv,0.007897746,0.0093299,0.004892207,0.022427564,0.00971657,0.9090385,0.036697574
HAM_0005216,ISIC_0032161,nv,follow_up,70.0,male,back,data/raw/HAM10000_images_part_2/ISIC_0032161.jpg,test,5,5,nv,nv,0.8557147,True,nv → nv,0.012369805,0.011739435,0.009049714,0.02570317,0.015280264,0.8557147,0.07014292
HAM_0005741,ISIC_0027222,nv,follow_up,40.0,male,trunk,data/raw/HAM10000_images_part_1/ISIC_0027222.jpg,test,5,5,nv,nv,0.6721583,True,nv → nv,0.056665108,0.14862174,0.0138080325,0.042885628,0.035665967,0.6721583,0.030195253
HAM_0006515,ISIC_0025828,nv,follow_up,40.0,female,abdomen,data/raw/HAM10000_images_part_1/ISIC_0025828.jpg,test,5,5,nv,nv,0.8992405,True,nv → nv,0.005422038,0.011588877,0.0024293214,0.020520236,0.011110233,0.8992405,0.049688734
HAM_0003844,ISIC_0027169,nv,follow_up,50.0,male,back,data/raw/HAM10000_images_part_1/ISIC_0027169.jpg,test,5,5,nv,nv,0.76135486,True,nv → nv,0.01959929,0.016415413,0.02059288,0.059962872,0.04194246,0.76135486,0.080132194
HAM_0005734,ISIC_0025048,nv,follow_up,50.0,male,trunk,data/raw/HAM10000_images_part_1/ISIC_0025048.jpg,test,5,5,nv,nv,0.8643358,True,nv → nv,0.016668608,0.015202381,0.009663664,0.017326957,0.031084238,0.8643358,0.045718335
HAM_0007156,ISIC_0025893,nv,follow_up,45.0,male,lower extremity,data/raw/HAM10000_images_part_1/ISIC_0025893.jpg,test,5,5,nv,nv,0.77010375,True,nv → nv,0.018494567,0.03249574,0.010863341,0.088375784,0.011794902,0.77010375,0.067871906
HAM_0007322,ISIC_0030205,nv,follow_up,35.0,female,trunk,data/raw/HAM10000_images_part_2/ISIC_0030205.jpg,test,5,5,nv,nv,0.8001169,True,nv → nv,0.021772638,0.012912954,0.019335294,0.02935735,0.08412043,0.8001169,0.03238443
HAM_0002516,ISIC_0028315,nv,follow_up,35.0,female,lower extremity,data/raw/HAM10000_images_part_1/ISIC_0028315.jpg,test,5,5,nv,nv,0.7610718,True,nv → nv,0.014027187,0.020565601,0.02009304,0.024475692,0.0349505,0.7610718,0.12481614
HAM_0007071,ISIC_0030449,nv,follow_up,35.0,female,trunk,data/raw/HAM10000_images_part_2/ISIC_0030449.jpg,test,5,5,nv,nv,0.8425018,True,nv → nv,0.024042748,0.019355323,0.01982362,0.025252122,0.04084958,0.8425018,0.028174797
HAM_0000503,ISIC_0029236,nv,follow_up,65.0,female,abdomen,data/raw/HAM10000_images_part_1/ISIC_0029236.jpg,test,5,5,nv,nv,0.7478625,True,nv → nv,0.024816103,0.029123481,0.029115587,0.031350356,0.069501884,0.7478625,0.06823002
HAM_0003061,ISIC_0032262,nv,follow_up,65.0,female,upper extremity,data/raw/HAM10000_images_part_2/ISIC_0032262.jpg,test,5,5,nv,nv,0.8482851,True,nv → nv,0.012150844,0.014819163,0.016234873,0.044605996,0.022275697,0.8482851,0.041628372
HAM_0003247,ISIC_0026707,nv,follow_up,40.0,female,abdomen,data/raw/HAM10000_images_part_1/ISIC_0026707.jpg,test,5,5,nv,nv,0.9227325,True,nv → nv,0.0065954397,0.010749999,0.0030744842,0.017126804,0.010276517,0.9227325,0.02944423
HAM_0003618,ISIC_0028234,nv,follow_up,50.0,male,trunk,data/raw/HAM10000_images_part_1/ISIC_0028234.jpg,test,5,5,nv,nv,0.77785546,True,nv → nv,0.005036068,0.0028385704,0.031148715,0.009723953,0.096503705,0.77785546,0.0768935
HAM_0003592,ISIC_0031416,nv,follow_up,50.0,male,trunk,data/raw/HAM10000_images_part_2/ISIC_0031416.jpg,test,5,5,nv,nv,0.666388,True,nv → nv,0.018144667,0.020028248,0.045356013,0.022034453,0.073872946,0.666388,0.1541757
HAM_0007012,ISIC_0030865,nv,follow_up,50.0,male,abdomen,data/raw/HAM10000_images_part_2/ISIC_0030865.jpg,test,5,5,nv,nv,0.5917375,True,nv → nv,0.008300642,0.015208577,0.10140128,0.023515232,0.06407938,0.5917375,0.19575742
HAM_0001205,ISIC_0025034,nv,follow_up,50.0,male,abdomen,data/raw/HAM10000_images_part_1/ISIC_0025034.jpg,test,5,5,nv,nv,0.85702074,True,nv → nv,0.0065579964,0.0028024393,0.012293776,0.012773585,0.06126253,0.85702074,0.047288958
HAM_0000606,ISIC_0030109,nv,follow_up,50.0,male,trunk,data/raw/HAM10000_images_part_2/ISIC_0030109.jpg,test,5,5,nv,nv,0.7335705,True,nv → nv,0.026012287,0.03772416,0.02708468,0.01586034,0.085066274,0.7335705,0.074681625
HAM_0002006,ISIC_0025360,nv,follow_up,50.0,male,back,data/raw/HAM10000_images_part_1/ISIC_0025360.jpg,test,5,5,nv,nv,0.8128786,True,nv → nv,0.016817193,0.009467736,0.015627941,0.042250328,0.03875582,0.8128786,0.064202376
HAM_0002927,ISIC_0028012,nv,follow_up,50.0,male,trunk,data/raw/HAM10000_images_part_1/ISIC_0028012.jpg,test,5,5,nv,nv,0.6798198,True,nv → nv,0.018428188,0.03632644,0.025247833,0.033928167,0.044165604,0.6798198,0.16208394
HAM_0005165,ISIC_0030108,nv,follow_up,50.0,male,lower extremity,data/raw/HAM10000_images_part_2/ISIC_0030108.jpg,test,5,5,nv,nv,0.6265207,True,nv → nv,0.019360464,0.045921743,0.028947113,0.05059785,0.060319934,0.6265207,0.1683323
HAM_0003547,ISIC_0027921,nv,follow_up,50.0,male,lower extremity,data/raw/HAM10000_images_part_1/ISIC_0027921.jpg,test,5,5,nv,nv,0.8274543,True,nv → nv,0.009890122,0.0043790303,0.008462007,0.025998756,0.053199347,0.8274543,0.07061635
HAM_0005512,ISIC_0025194,nv,follow_up,35.0,female,abdomen,data/raw/HAM10000_images_part_1/ISIC_0025194.jpg,test,5,5,nv,nv,0.8529186,True,nv → nv,0.020637708,0.011956674,0.02255295,0.031191867,0.029431535,0.8529186,0.031310655
HAM_0004887,ISIC_0024717,nv,follow_up,35.0,female,back,data/raw/HAM10000_images_part_1/ISIC_0024717.jpg,test,5,5,nv,nv,0.51075023,True,nv → nv,0.017474737,0.038685307,0.07803814,0.076749526,0.015204672,0.51075023,0.26309738
HAM_0000200,ISIC_0028213,nv,follow_up,35.0,female,lower extremity,data/raw/HAM10000_images_part_1/ISIC_0028213.jpg,test,5,5,nv,nv,0.83601815,True,nv → nv,0.017582525,0.0063988566,0.020524211,0.05535063,0.047786973,0.83601815,0.01633869
HAM_0002780,ISIC_0028732,nv,follow_up,70.0,male,lower extremity,data/raw/HAM10000_images_part_1/ISIC_0028732.jpg,test,5,5,nv,nv,0.76667064,True,nv → nv,0.0037817133,0.0056648827,0.011836703,0.0125155905,0.02206551,0.76667064,0.17746502
HAM_0006503,ISIC_0032217,nv,follow_up,45.0,female,lower extremity,data/raw/HAM10000_images_part_2/ISIC_0032217.jpg,test,5,5,nv,nv,0.87600076,True,nv → nv,0.0037761033,0.0026440457,0.003810074,0.011381718,0.017252835,0.87600076,0.08513444
HAM_0004089,ISIC_0026589,nv,follow_up,45.0,female,upper extremity,data/raw/HAM10000_images_part_1/ISIC_0026589.jpg,test,5,5,nv,nv,0.91507924,True,nv → nv,0.013840474,0.0075532994,0.005188842,0.017136374,0.022178633,0.91507924,0.019023137
HAM_0006439,ISIC_0028423,nv,histo,30.0,female,neck,data/raw/HAM10000_images_part_1/ISIC_0028423.jpg,test,5,5,nv,nv,0.39353195,True,nv → nv,0.023976728,0.02887634,0.14051168,0.07745794,0.23819147,0.39353195,0.09745392
HAM_0006439,ISIC_0025621,nv,histo,30.0,female,neck,data/raw/HAM10000_images_part_1/ISIC_0025621.jpg,test,5,5,nv,nv,0.6084227,True,nv → nv,0.015164265,0.018848568,0.08644853,0.0253163,0.17632985,0.6084227,0.06946982
HAM_0000892,ISIC_0024594,nv,histo,40.0,male,trunk,data/raw/HAM10000_images_part_1/ISIC_0024594.jpg,test,5,5,nv,nv,0.4700061,True,nv → nv,0.031420354,0.107752495,0.09792917,0.040460642,0.2101725,0.4700061,0.042258706
HAM_0000892,ISIC_0029845,nv,histo,40.0,male,trunk,data/raw/HAM10000_images_part_2/ISIC_0029845.jpg,test,5,5,nv,nv,0.59719425,True,nv → nv,0.009555221,0.00941023,0.110945016,0.043030277,0.16614547,0.59719425,0.06371951
HAM_0004997,ISIC_0027305,nv,histo,35.0,male,back,data/raw/HAM10000_images_part_1/ISIC_0027305.jpg,test,5,5,nv,nv,0.64695656,True,nv → nv,0.02575848,0.074132934,0.041791353,0.027517261,0.13417788,0.64695656,0.049665462
HAM_0004997,ISIC_0027718,nv,histo,35.0,male,back,data/raw/HAM10000_images_part_1/ISIC_0027718.jpg,test,5,5,nv,nv,0.54888695,True,nv → nv,0.011700138,0.067859106,0.0974613,0.049633257,0.1269843,0.54888695,0.097474925
HAM_0000028,ISIC_0026012,nv,histo,35.0,female,back,data/raw/HAM10000_images_part_1/ISIC_0026012.jpg,test,5,5,nv,nv,0.7671182,True,nv → nv,0.009160649,0.012225998,0.0450143,0.06760471,0.028757716,0.7671182,0.07011836
HAM_0000028,ISIC_0029752,nv,histo,35.0,female,back,data/raw/HAM10000_images_part_2/ISIC_0029752.jpg,test,5,5,nv,nv,0.6730822,True,nv → nv,0.019850202,0.016856004,0.107570775,0.058384452,0.058917977,0.6730822,0.065338396
HAM_0004380,ISIC_0026251,nv,histo,30.0,female,face,data/raw/HAM10000_images_part_1/ISIC_0026251.jpg,test,5,5,nv,nv,0.29062805,True,nv → nv,0.092921324,0.14073679,0.118826084,0.07079422,0.18889593,0.29062805,0.09719757
HAM_0004380,ISIC_0029072,nv,histo,30.0,female,face,data/raw/HAM10000_images_part_1/ISIC_0029072.jpg,test,5,5,nv,nv,0.5514124,True,nv → nv,0.07165408,0.23212448,0.009989113,0.04314168,0.050531004,0.5514124,0.04114727
HAM_0006150,ISIC_0031404,nv,histo,70.0,male,back,data/raw/HAM10000_images_part_2/ISIC_0031404.jpg,test,5,1,nv,bcc,0.3836651,False,nv → bcc,0.11499548,0.3836651,0.14084026,0.06132135,0.12142049,0.13103454,0.046722796
HAM_0006150,ISIC_0026569,nv,histo,70.0,male,back,data/raw/HAM10000_images_part_1/ISIC_0026569.jpg,test,5,1,nv,bcc,0.36969605,False,nv → bcc,0.25083894,0.36969605,0.07288362,0.07256534,0.09606121,0.0867981,0.05115673
HAM_0002120,ISIC_0029735,nv,histo,50.0,male,chest,data/raw/HAM10000_images_part_2/ISIC_0029735.jpg,test,5,5,nv,nv,0.52937984,True,nv → nv,0.01947668,0.023887834,0.11325747,0.023966964,0.26152834,0.52937984,0.028502762
HAM_0002120,ISIC_0028010,nv,histo,50.0,male,chest,data/raw/HAM10000_images_part_1/ISIC_0028010.jpg,test,5,5,nv,nv,0.53450567,True,nv → nv,0.02760659,0.025061818,0.23902406,0.085024536,0.06900167,0.53450567,0.01977563
HAM_0007123,ISIC_0025672,nv,histo,70.0,male,hand,data/raw/HAM10000_images_part_1/ISIC_0025672.jpg,test,5,5,nv,nv,0.5319881,True,nv → nv,0.03376126,0.13898562,0.03544795,0.14572652,0.03533334,0.5319881,0.0787573
HAM_0007123,ISIC_0030664,nv,histo,70.0,male,hand,data/raw/HAM10000_images_part_2/ISIC_0030664.jpg,test,5,6,nv,vasc,0.42552447,False,nv → vasc,0.009782111,0.09418377,0.052149337,0.07055312,0.034485847,0.3133214,0.42552447
HAM_0005237,ISIC_0031733,nv,histo,70.0,male,hand,data/raw/HAM10000_images_part_2/ISIC_0031733.jpg,test,5,5,nv,nv,0.3684125,True,nv → nv,0.007693871,0.046536896,0.12604207,0.034992274,0.10839686,0.3684125,0.30792558
HAM_0005237,ISIC_0027240,nv,histo,70.0,male,hand,data/raw/HAM10000_images_part_1/ISIC_0027240.jpg,test,5,2,nv,bkl,0.30592695,False,nv → bkl,0.13142054,0.124074884,0.30592695,0.09217792,0.17555112,0.09772805,0.07312054
HAM_0001813,ISIC_0030858,nv,histo,60.0,male,trunk,data/raw/HAM10000_images_part_2/ISIC_0030858.jpg,test,5,5,nv,nv,0.2773735,True,nv → nv,0.043583073,0.19294311,0.19163446,0.07549772,0.1076819,0.2773735,0.11128626
HAM_0001813,ISIC_0030609,nv,histo,60.0,male,trunk,data/raw/HAM10000_images_part_2/ISIC_0030609.jpg,test,5,5,nv,nv,0.45313185,True,nv → nv,0.050320778,0.049993094,0.0831255,0.024076192,0.31565523,0.45313185,0.02369737
HAM_0002198,ISIC_0024314,nv,histo,75.0,male,lower extremity,data/raw/HAM10000_images_part_1/ISIC_0024314.jpg,test,5,6,nv,vasc,0.33783093,False,nv → vasc,0.032582637,0.19578409,0.103667505,0.05984919,0.0693412,0.2009445,0.33783093
HAM_0002198,ISIC_0026722,nv,histo,75.0,male,lower extremity,data/raw/HAM10000_images_part_1/ISIC_0026722.jpg,test,5,1,nv,bcc,0.41864184,False,nv → bcc,0.13883816,0.41864184,0.07918738,0.07456218,0.111496955,0.10730938,0.06996404
HAM_0003848,ISIC_0027077,nv,histo,55.0,female,abdomen,data/raw/HAM10000_images_part_1/ISIC_0027077.jpg,test,5,5,nv,nv,0.31491262,True,nv → nv,0.016700385,0.039707296,0.27314222,0.03797951,0.17181824,0.31491262,0.14573966
HAM_0003848,ISIC_0032096,nv,histo,55.0,female,abdomen,data/raw/HAM10000_images_part_2/ISIC_0032096.jpg,test,5,2,nv,bkl,0.4373083,False,nv → bkl,0.023764847,0.028189344,0.4373083,0.049180698,0.13098012,0.29611734,0.034459427
HAM_0001342,ISIC_0029366,nv,histo,55.0,female,abdomen,data/raw/HAM10000_images_part_2/ISIC_0029366.jpg,test,5,5,nv,nv,0.36452731,True,nv → nv,0.026543085,0.059420653,0.1751773,0.053995546,0.2271083,0.36452731,0.09322782
HAM_0001342,ISIC_0032378,nv,histo,55.0,female,abdomen,data/raw/HAM10000_images_part_2/ISIC_0032378.jpg,test,5,5,nv,nv,0.41822323,True,nv → nv,0.010041931,0.03685524,0.16256484,0.054064922,0.112951085,0.41822323,0.20529875
HAM_0003327,ISIC_0029430,nv,histo,45.0,male,upper extremity,data/raw/HAM10000_images_part_2/ISIC_0029430.jpg,test,5,5,nv,nv,0.60079485,True,nv → nv,0.0547981,0.0937787,0.057030767,0.08528019,0.0709363,0.60079485,0.03738113
HAM_0003327,ISIC_0027312,nv,histo,45.0,male,upper extremity,data/raw/HAM10000_images_part_1/ISIC_0027312.jpg,test,5,2,nv,bkl,0.2536386,False,nv → bkl,0.06353894,0.17446409,0.2536386,0.08298048,0.07968118,0.22175302,0.12394365
HAM_0005447,ISIC_0027427,nv,histo,70.0,male,back,data/raw/HAM10000_images_part_1/ISIC_0027427.jpg,test,5,5,nv,nv,0.53850806,True,nv → nv,0.006456349,0.054165583,0.034919858,0.018390872,0.06074969,0.53850806,0.28680965
HAM_0005447,ISIC_0026389,nv,histo,70.0,male,back,data/raw/HAM10000_images_part_1/ISIC_0026389.jpg,test,5,5,nv,nv,0.3615441,True,nv → nv,0.032883447,0.15526193,0.115817934,0.04721054,0.080206804,0.3615441,0.20707518
HAM_0006359,ISIC_0028385,nv,histo,45.0,female,foot,data/raw/HAM10000_images_part_1/ISIC_0028385.jpg,test,5,5,nv,nv,0.4450094,True,nv → nv,0.007885749,0.021308659,0.21456027,0.03578378,0.15450612,0.4450094,0.120946005
HAM_0006359,ISIC_0027403,nv,histo,45.0,female,foot,data/raw/HAM10000_images_part_1/ISIC_0027403.jpg,test,5,2,nv,bkl,0.65097463,False,nv → bkl,0.009913822,0.0047901175,0.65097463,0.035246924,0.084074795,0.17884336,0.036156315
HAM_0006742,ISIC_0027031,nv,histo,30.0,male,back,data/raw/HAM10000_images_part_1/ISIC_0027031.jpg,test,5,4,nv,mel,0.5263047,False,nv → mel,0.013122148,0.012071955,0.09526611,0.009173062,0.5263047,0.34195682,0.0021051958
HAM_0006742,ISIC_0024813,nv,histo,30.0,male,back,data/raw/HAM10000_images_part_1/ISIC_0024813.jpg,test,5,4,nv,mel,0.43863586,False,nv → mel,0.039695002,0.043465734,0.09715646,0.02585937,0.43863586,0.3454429,0.009744819
HAM_0006914,ISIC_0027462,nv,histo,75.0,male,abdomen,data/raw/HAM10000_images_part_1/ISIC_0027462.jpg,test,5,5,nv,nv,0.52617246,True,nv → nv,0.014214143,0.017329644,0.10196437,0.028024191,0.2754938,0.52617246,0.036801342
HAM_0006914,ISIC_0025254,nv,histo,75.0,male,abdomen,data/raw/HAM10000_images_part_1/ISIC_0025254.jpg,test,5,5,nv,nv,0.50719446,True,nv → nv,0.010359389,0.011176273,0.06693281,0.028752796,0.3397286,0.50719446,0.035855625
HAM_0007476,ISIC_0025108,nv,histo,40.0,female,back,data/raw/HAM10000_images_part_1/ISIC_0025108.jpg,test,5,5,nv,nv,0.63992935,True,nv → nv,0.0092541985,0.01767118,0.05282938,0.027851833,0.105962604,0.63992935,0.14650148
HAM_0007476,ISIC_0029296,nv,histo,40.0,female,back,data/raw/HAM10000_images_part_1/ISIC_0029296.jpg,test,5,5,nv,nv,0.42082754,True,nv → nv,0.034048423,0.051259562,0.1613981,0.057993405,0.20100273,0.42082754,0.07347017
HAM_0003684,ISIC_0031646,nv,histo,75.0,male,face,data/raw/HAM10000_images_part_2/ISIC_0031646.jpg,test,5,5,nv,nv,0.41599983,True,nv → nv,0.033383697,0.025969645,0.28499407,0.06725809,0.1201259,0.41599983,0.05226891
HAM_0003684,ISIC_0031385,nv,histo,75.0,male,face,data/raw/HAM10000_images_part_2/ISIC_0031385.jpg,test,5,2,nv,bkl,0.34467098,False,nv → bkl,0.04681968,0.09275037,0.34467098,0.028694434,0.20429851,0.22623524,0.05653082
HAM_0006711,ISIC_0029986,nv,histo,70.0,male,trunk,data/raw/HAM10000_images_part_2/ISIC_0029986.jpg,test,5,4,nv,mel,0.53646475,False,nv → mel,0.033821072,0.043040328,0.16453597,0.021874331,0.53646475,0.17552474,0.024738748
HAM_0006711,ISIC_0027010,nv,histo,70.0,male,trunk,data/raw/HAM10000_images_part_1/ISIC_0027010.jpg,test,5,2,nv,bkl,0.323966,False,nv → bkl,0.06524266,0.03822654,0.323966,0.03447967,0.2568634,0.27477187,0.0064498684
HAM_0004461,ISIC_0031817,nv,histo,20.0,female,lower extremity,data/raw/HAM10000_images_part_2/ISIC_0031817.jpg,test,5,5,nv,nv,0.3951498,True,nv → nv,0.018441392,0.015597111,0.1384086,0.052909877,0.32804325,0.3951498,0.051449932
HAM_0004461,ISIC_0032421,nv,histo,20.0,female,lower extremity,data/raw/HAM10000_images_part_2/ISIC_0032421.jpg,test,5,4,nv,mel,0.3665812,False,nv → mel,0.033920966,0.02227926,0.17699753,0.055473518,0.3665812,0.32631186,0.0184357
HAM_0003627,ISIC_0024855,nv,histo,30.0,female,back,data/raw/HAM10000_images_part_1/ISIC_0024855.jpg,test,5,5,nv,nv,0.71993965,True,nv → nv,0.012294119,0.008535975,0.02841477,0.021348339,0.15886647,0.71993965,0.05060065
HAM_0003627,ISIC_0026497,nv,histo,30.0,female,back,data/raw/HAM10000_images_part_1/ISIC_0026497.jpg,test,5,5,nv,nv,0.6199258,True,nv → nv,0.015724063,0.017950263,0.043286845,0.023559177,0.22800812,0.6199258,0.051545832
HAM_0001088,ISIC_0031959,nv,histo,45.0,female,upper extremity,data/raw/HAM10000_images_part_2/ISIC_0031959.jpg,test,5,2,nv,bkl,0.4565094,False,nv → bkl,0.018562391,0.01939092,0.4565094,0.027078735,0.15178639,0.28265482,0.04401735
HAM_0001088,ISIC_0032078,nv,histo,45.0,female,upper extremity,data/raw/HAM10000_images_part_2/ISIC_0032078.jpg,test,5,2,nv,bkl,0.6214015,False,nv → bkl,0.0044949483,0.0076339785,0.6214015,0.008547486,0.13270998,0.1771743,0.048037857
HAM_0005484,ISIC_0032443,nv,histo,35.0,male,abdomen,data/raw/HAM10000_images_part_2/ISIC_0032443.jpg,test,5,5,nv,nv,0.66221863,True,nv → nv,0.016488705,0.01179655,0.08938076,0.021035872,0.17617576,0.66221863,0.02290374
HAM_0004869,ISIC_0025370,nv,histo,15.0,female,lower extremity,data/raw/HAM10000_images_part_1/ISIC_0025370.jpg,test,5,5,nv,nv,0.6293316,True,nv → nv,0.016500315,0.010230131,0.047178175,0.05069993,0.23253223,0.6293316,0.013527625
HAM_0005227,ISIC_0027768,nv,histo,75.0,male,face,data/raw/HAM10000_images_part_1/ISIC_0027768.jpg,test,5,4,nv,mel,0.23191637,False,nv → mel,0.08345397,0.109992735,0.20872143,0.061504606,0.23191637,0.20219703,0.102213904
HAM_0005227,ISIC_0027410,nv,histo,75.0,male,face,data/raw/HAM10000_images_part_1/ISIC_0027410.jpg,test,5,5,nv,nv,0.5354443,True,nv → nv,0.027850421,0.015383391,0.1268313,0.033297658,0.2406899,0.5354443,0.020502994
HAM_0000589,ISIC_0030194,nv,histo,15.0,female,neck,data/raw/HAM10000_images_part_2/ISIC_0030194.jpg,test,5,5,nv,nv,0.48012492,True,nv → nv,0.008072669,0.0031531863,0.097133085,0.012167177,0.36878705,0.48012492,0.030561928
HAM_0000589,ISIC_0027103,nv,histo,15.0,female,neck,data/raw/HAM10000_images_part_1/ISIC_0027103.jpg,test,5,5,nv,nv,0.51006144,True,nv → nv,0.012873308,0.00587263,0.09685943,0.019847525,0.3164676,0.51006144,0.03801806
HAM_0004156,ISIC_0025863,nv,histo,65.0,female,lower extremity,data/raw/HAM10000_images_part_1/ISIC_0025863.jpg,test,5,5,nv,nv,0.7426966,True,nv → nv,0.012913555,0.019843431,0.01876347,0.021800777,0.12802853,0.7426966,0.05595361
HAM_0004156,ISIC_0024387,nv,histo,65.0,female,lower extremity,data/raw/HAM10000_images_part_1/ISIC_0024387.jpg,test,5,5,nv,nv,0.34767586,True,nv → nv,0.036607128,0.019440686,0.34287375,0.0744082,0.15901572,0.34767586,0.019978648
HAM_0003222,ISIC_0031720,nv,histo,45.0,female,lower extremity,data/raw/HAM10000_images_part_2/ISIC_0031720.jpg,test,5,5,nv,nv,0.42515635,True,nv → nv,0.022083484,0.12982062,0.13709326,0.027608614,0.21567877,0.42515635,0.04255889
HAM_0003222,ISIC_0026382,nv,histo,45.0,female,lower extremity,data/raw/HAM10000_images_part_1/ISIC_0026382.jpg,test,5,5,nv,nv,0.48913994,True,nv → nv,0.028050475,0.040227074,0.13705035,0.071295895,0.14609435,0.48913994,0.08814198
HAM_0000230,ISIC_0029720,nv,histo,50.0,female,lower extremity,data/raw/HAM10000_images_part_2/ISIC_0029720.jpg,test,5,5,nv,nv,0.54860705,True,nv → nv,0.008457853,0.010164671,0.068980545,0.04059821,0.05557275,0.54860705,0.26761892
HAM_0000230,ISIC_0032150,nv,histo,50.0,female,lower extremity,data/raw/HAM10000_images_part_2/ISIC_0032150.jpg,test,5,5,nv,nv,0.43452895,True,nv → nv,0.009547264,0.018066753,0.26949808,0.051777497,0.062193017,0.43452895,0.15438847
HAM_0002575,ISIC_0028015,nv,histo,55.0,female,back,data/raw/HAM10000_images_part_1/ISIC_0028015.jpg,test,5,5,nv,nv,0.34479204,True,nv → nv,0.03315342,0.074910894,0.13333052,0.07690773,0.15253957,0.34479204,0.18436584
HAM_0002575,ISIC_0026781,nv,histo,55.0,female,back,data/raw/HAM10000_images_part_1/ISIC_0026781.jpg,test,5,5,nv,nv,0.4246531,True,nv → nv,0.020372054,0.045689628,0.23909779,0.034532994,0.12421846,0.4246531,0.111435935
HAM_0001160,ISIC_0024340,nv,histo,10.0,female,foot,data/raw/HAM10000_images_part_1/ISIC_0024340.jpg,test,5,2,nv,bkl,0.37365162,False,nv → bkl,0.007003095,0.0059546605,0.37365162,0.012269202,0.18009508,0.35994068,0.06108564
HAM_0001160,ISIC_0027361,nv,histo,10.0,female,foot,data/raw/HAM10000_images_part_1/ISIC_0027361.jpg,test,5,5,nv,nv,0.6706004,True,nv → nv,0.014371235,0.004388398,0.062163763,0.024103481,0.17088799,0.6706004,0.05348475
HAM_0007312,ISIC_0027709,nv,histo,5.0,male,upper extremity,data/raw/HAM10000_images_part_1/ISIC_0027709.jpg,test,5,5,nv,nv,0.384261,True,nv → nv,0.033983044,0.24734762,0.07902868,0.044575565,0.11007159,0.384261,0.10073239
HAM_0003892,ISIC_0028045,nv,histo,25.0,female,lower extremity,data/raw/HAM10000_images_part_1/ISIC_0028045.jpg,test,5,5,nv,nv,0.36912176,True,nv → nv,0.014831386,0.016281841,0.34916338,0.048222296,0.12691921,0.36912176,0.07546011
HAM_0001497,ISIC_0026608,nv,histo,50.0,male,upper extremity,data/raw/HAM10000_images_part_1/ISIC_0026608.jpg,test,5,5,nv,nv,0.36752295,True,nv → nv,0.010750458,0.015885359,0.16392325,0.017515695,0.3657382,0.36752295,0.058663994
HAM_0001497,ISIC_0030334,nv,histo,50.0,male,upper extremity,data/raw/HAM10000_images_part_2/ISIC_0030334.jpg,test,5,5,nv,nv,0.3953672,True,nv → nv,0.021260494,0.019257616,0.11261813,0.027685413,0.38494936,0.3953672,0.038861845
HAM_0004138,ISIC_0025905,nv,histo,45.0,male,abdomen,data/raw/HAM10000_images_part_1/ISIC_0025905.jpg,test,5,5,nv,nv,0.6399405,True,nv → nv,0.013096238,0.028821774,0.09206456,0.0718258,0.08662274,0.6399405,0.067628406
HAM_0004138,ISIC_0030184,nv,histo,45.0,male,abdomen,data/raw/HAM10000_images_part_2/ISIC_0030184.jpg,test,5,5,nv,nv,0.58050597,True,nv → nv,0.026445193,0.033974316,0.060093325,0.039484248,0.17198668,0.58050597,0.087510265
HAM_0002541,ISIC_0028098,nv,histo,15.0,female,upper extremity,data/raw/HAM10000_images_part_1/ISIC_0028098.jpg,test,5,2,nv,bkl,0.7389875,False,nv → bkl,0.027804663,0.0053763967,0.7389875,0.021352444,0.06877487,0.1326803,0.005023852
HAM_0007468,ISIC_0024831,nv,histo,50.0,female,upper extremity,data/raw/HAM10000_images_part_1/ISIC_0024831.jpg,test,5,5,nv,nv,0.50219923,True,nv → nv,0.018887553,0.053584777,0.10930438,0.063101694,0.077052,0.50219923,0.17587034
HAM_0007468,ISIC_0026869,nv,histo,50.0,female,upper extremity,data/raw/HAM10000_images_part_1/ISIC_0026869.jpg,test,5,5,nv,nv,0.4385099,True,nv → nv,0.013423365,0.03883736,0.05412662,0.059009504,0.044681538,0.4385099,0.35141167
HAM_0006221,ISIC_0028195,nv,histo,35.0,female,upper extremity,data/raw/HAM10000_images_part_1/ISIC_0028195.jpg,test,5,5,nv,nv,0.3455891,True,nv → nv,0.022650475,0.018946918,0.29788774,0.043277655,0.20014252,0.3455891,0.07150562
HAM_0006221,ISIC_0025300,nv,histo,35.0,female,upper extremity,data/raw/HAM10000_images_part_1/ISIC_0025300.jpg,test,5,5,nv,nv,0.6473663,True,nv → nv,0.013705182,0.023758505,0.057151522,0.024053961,0.17935096,0.6473663,0.0546136
HAM_0003308,ISIC_0025610,nv,histo,35.0,male,face,data/raw/HAM10000_images_part_1/ISIC_0025610.jpg,test,5,5,nv,nv,0.52659994,True,nv → nv,0.030650696,0.16565636,0.024410184,0.04411655,0.056075335,0.52659994,0.15249082
HAM_0003308,ISIC_0024615,nv,histo,35.0,male,face,data/raw/HAM10000_images_part_1/ISIC_0024615.jpg,test,5,5,nv,nv,0.5205482,True,nv → nv,0.03919871,0.06777873,0.036958307,0.046049915,0.09169571,0.5205482,0.1977704
HAM_0005034,ISIC_0028751,nv,histo,35.0,female,back,data/raw/HAM10000_images_part_1/ISIC_0028751.jpg,test,5,5,nv,nv,0.70769674,True,nv → nv,0.008128212,0.0046631717,0.043672174,0.009960916,0.1850338,0.70769674,0.040845037
HAM_0005034,ISIC_0027024,nv,histo,35.0,female,back,data/raw/HAM10000_images_part_1/ISIC_0027024.jpg,test,5,5,nv,nv,0.56813127,True,nv → nv,0.010884427,0.010901021,0.06534985,0.01893466,0.23709707,0.56813127,0.088701665
HAM_0005143,ISIC_0030303,nv,histo,40.0,male,chest,data/raw/HAM10000_images_part_2/ISIC_0030303.jpg,test,5,5,nv,nv,0.43226075,True,nv → nv,0.016806874,0.069378644,0.057717618,0.05263757,0.03730447,0.43226075,0.33389404
HAM_0006709,ISIC_0031158,nv,histo,40.0,male,back,data/raw/HAM10000_images_part_2/ISIC_0031158.jpg,test,5,1,nv,bcc,0.2824696,False,nv → bcc,0.16358604,0.2824696,0.05316699,0.071024664,0.20036165,0.1924,0.036991064
HAM_0003369,ISIC_0032181,nv,histo,45.0,female,trunk,data/raw/HAM10000_images_part_2/ISIC_0032181.jpg,test,5,5,nv,nv,0.7270902,True,nv → nv,0.009809059,0.009507352,0.0368386,0.014159029,0.17986563,0.7270902,0.022730174
HAM_0002494,ISIC_0033686,nv,histo,65.0,female,abdomen,data/raw/HAM10000_images_part_2/ISIC_0033686.jpg,test,5,5,nv,nv,0.57221067,True,nv → nv,0.012749999,0.0113768,0.07476583,0.014667938,0.29623127,0.57221067,0.017997563
HAM_0004708,ISIC_0033852,nv,histo,45.0,male,trunk,data/raw/HAM10000_images_part_2/ISIC_0033852.jpg,test,5,5,nv,nv,0.57008505,True,nv → nv,0.021622857,0.016204167,0.09384342,0.05828885,0.2189914,0.57008505,0.020964254
HAM_0004708,ISIC_0033775,nv,histo,45.0,male,trunk,data/raw/HAM10000_images_part_2/ISIC_0033775.jpg,test,5,5,nv,nv,0.5875603,True,nv → nv,0.02705363,0.028286813,0.1051957,0.031398665,0.1659616,0.5875603,0.054543305
HAM_0004708,ISIC_0033561,nv,histo,45.0,male,trunk,data/raw/HAM10000_images_part_2/ISIC_0033561.jpg,test,5,5,nv,nv,0.38732192,True,nv → nv,0.034630075,0.048568718,0.18825635,0.04912337,0.2488077,0.38732192,0.043291837
HAM_0002009,ISIC_0034290,nv,histo,60.0,female,back,data/raw/HAM10000_images_part_2/ISIC_0034290.jpg,test,5,5,nv,nv,0.3085895,True,nv → nv,0.033178885,0.09621127,0.12662117,0.034262143,0.29269233,0.3085895,0.10844465
HAM_0002009,ISIC_0033165,nv,histo,60.0,female,back,data/raw/HAM10000_images_part_2/ISIC_0033165.jpg,test,5,5,nv,nv,0.37781084,True,nv → nv,0.03942499,0.057355717,0.041879922,0.054668784,0.29116577,0.37781084,0.13769396
HAM_0002009,ISIC_0033430,nv,histo,60.0,female,back,data/raw/HAM10000_images_part_2/ISIC_0033430.jpg,test,5,5,nv,nv,0.28802097,True,nv → nv,0.020694569,0.026900787,0.22673899,0.041371476,0.28215513,0.28802097,0.11411806
HAM_0005523,ISIC_0027087,nv,histo,25.0,male,lower extremity,data/raw/HAM10000_images_part_1/ISIC_0027087.jpg,test,5,5,nv,nv,0.4344291,True,nv → nv,0.02108444,0.025320832,0.076558284,0.031175882,0.3599298,0.4344291,0.051501628
HAM_0005300,ISIC_0033767,nv,histo,35.0,female,lower extremity,data/raw/HAM10000_images_part_2/ISIC_0033767.jpg,test,5,5,nv,nv,0.54238707,True,nv → nv,0.03419021,0.038826372,0.09068645,0.07371059,0.12305557,0.54238707,0.09714368
HAM_0005300,ISIC_0033755,nv,histo,35.0,female,lower extremity,data/raw/HAM10000_images_part_2/ISIC_0033755.jpg,test,5,5,nv,nv,0.59443045,True,nv → nv,0.020048108,0.015283036,0.042965397,0.03786057,0.18753818,0.59443045,0.10187432
HAM_0005300,ISIC_0033625,nv,histo,35.0,female,lower extremity,data/raw/HAM10000_images_part_2/ISIC_0033625.jpg,test,5,5,nv,nv,0.6503756,True,nv → nv,0.008147457,0.0059709316,0.040711276,0.016412923,0.21223848,0.6503756,0.06614331
HAM_0000268,ISIC_0034110,nv,histo,10.0,female,trunk,data/raw/HAM10000_images_part_2/ISIC_0034110.jpg,test,5,6,nv,vasc,0.36684364,False,nv → vasc,0.043441184,0.1663402,0.15292998,0.05230143,0.093115985,0.12502757,0.36684364
HAM_0000268,ISIC_0025160,nv,histo,10.0,female,trunk,data/raw/HAM10000_images_part_1/ISIC_0025160.jpg,test,5,6,nv,vasc,0.7595994,False,nv → vasc,0.013068009,0.029205501,0.059337903,0.031816565,0.018619932,0.088352695,0.7595994
HAM_0000268,ISIC_0033389,nv,histo,10.0,female,trunk,data/raw/HAM10000_images_part_2/ISIC_0033389.jpg,test,5,6,nv,vasc,0.38819593,False,nv → vasc,0.027325526,0.089678176,0.044146072,0.06489883,0.092332065,0.29342347,0.38819593
HAM_0004706,ISIC_0034234,nv,histo,30.0,female,abdomen,data/raw/HAM10000_images_part_2/ISIC_0034234.jpg,test,5,5,nv,nv,0.3937,True,nv → nv,0.040349234,0.053486947,0.12968312,0.053609043,0.25792664,0.3937,0.07124495
HAM_0004706,ISIC_0033308,nv,histo,30.0,female,abdomen,data/raw/HAM10000_images_part_2/ISIC_0033308.jpg,test,5,4,nv,mel,0.37386417,False,nv → mel,0.030133616,0.04646649,0.18533164,0.032976598,0.37386417,0.28449848,0.04672901
HAM_0004706,ISIC_0034274,nv,histo,30.0,female,abdomen,data/raw/HAM10000_images_part_2/ISIC_0034274.jpg,test,5,5,nv,nv,0.6361063,True,nv → nv,0.010551374,0.0052513788,0.03708821,0.017302282,0.28099492,0.6361063,0.012705496
HAM_0007444,ISIC_0033989,nv,histo,50.0,female,lower extremity,data/raw/HAM10000_images_part_2/ISIC_0033989.jpg,test,5,5,nv,nv,0.62069273,True,nv → nv,0.011837844,0.00783128,0.06363951,0.015094391,0.25326815,0.62069273,0.027636083
HAM_0007444,ISIC_0032977,nv,histo,50.0,female,lower extremity,data/raw/HAM10000_images_part_2/ISIC_0032977.jpg,test,5,5,nv,nv,0.7761335,True,nv → nv,0.006583988,0.0043603336,0.035405777,0.018110903,0.13924344,0.7761335,0.020162068
HAM_0007444,ISIC_0033664,nv,histo,50.0,female,lower extremity,data/raw/HAM10000_images_part_2/ISIC_0033664.jpg,test,5,5,nv,nv,0.6626043,True,nv → nv,0.011663409,0.008837103,0.04903805,0.011982198,0.2403847,0.6626043,0.015490202
HAM_0000609,ISIC_0025990,nv,histo,75.0,female,upper extremity,data/raw/HAM10000_images_part_1/ISIC_0025990.jpg,test,5,4,nv,mel,0.4680224,False,nv → mel,0.09405249,0.08594832,0.17945035,0.017240256,0.4680224,0.14503805,0.010248055
HAM_0000609,ISIC_0025778,nv,histo,75.0,female,upper extremity,data/raw/HAM10000_images_part_1/ISIC_0025778.jpg,test,5,4,nv,mel,0.49671286,False,nv → mel,0.09075261,0.0952502,0.223122,0.01171961,0.49671286,0.078760795,0.0036819992
HAM_0000395,ISIC_0029656,nv,histo,40.0,male,upper extremity,data/raw/HAM10000_images_part_2/ISIC_0029656.jpg,test,5,2,nv,bkl,0.41777113,False,nv → bkl,0.012271835,0.02580817,0.41777113,0.071569666,0.0688933,0.29829922,0.10538666
HAM_0000395,ISIC_0025421,nv,histo,40.0,male,upper extremity,data/raw/HAM10000_images_part_1/ISIC_0025421.jpg,test,5,5,nv,nv,0.47864893,True,nv → nv,0.0185108,0.027703686,0.13332559,0.030431,0.2893569,0.47864893,0.022023119
HAM_0000012,ISIC_0030085,nv,histo,85.0,male,back,data/raw/HAM10000_images_part_2/ISIC_0030085.jpg,test,5,5,nv,nv,0.39189354,True,nv → nv,0.017881986,0.03625273,0.217949,0.03364103,0.2430059,0.39189354,0.05937586
HAM_0000012,ISIC_0029348,nv,histo,85.0,male,back,data/raw/HAM10000_images_part_2/ISIC_0029348.jpg,test,5,2,nv,bkl,0.33354923,False,nv → bkl,0.005893381,0.009681287,0.33354923,0.014711528,0.26147193,0.3229381,0.051754486
HAM_0007350,ISIC_0031202,nv,histo,45.0,male,back,data/raw/HAM10000_images_part_2/ISIC_0031202.jpg,test,5,5,nv,nv,0.6795584,True,nv → nv,0.007062893,0.02462586,0.03819841,0.019323582,0.089218006,0.6795584,0.14201286
HAM_0007350,ISIC_0030892,nv,histo,45.0,male,back,data/raw/HAM10000_images_part_2/ISIC_0030892.jpg,test,5,5,nv,nv,0.46313107,True,nv → nv,0.03310217,0.20518824,0.039473616,0.02506134,0.1632039,0.46313107,0.07083959
HAM_0006520,ISIC_0032767,nv,histo,65.0,male,back,data/raw/HAM10000_images_part_2/ISIC_0032767.jpg,test,5,5,nv,nv,0.58441037,True,nv → nv,0.028586952,0.045255844,0.047785114,0.024875628,0.24848306,0.58441037,0.02060306
HAM_0006520,ISIC_0033503,nv,histo,65.0,male,back,data/raw/HAM10000_images_part_2/ISIC_0033503.jpg,test,5,5,nv,nv,0.64144766,True,nv → nv,0.021159688,0.02692349,0.04071134,0.014334795,0.24320358,0.64144766,0.012219442
HAM_0006520,ISIC_0033795,nv,histo,65.0,male,back,data/raw/HAM10000_images_part_2/ISIC_0033795.jpg,test,5,5,nv,nv,0.5980269,True,nv → nv,0.0118245995,0.017472357,0.044396013,0.012428563,0.2985679,0.5980269,0.017283732
HAM_0005942,ISIC_0032679,nv,histo,60.0,unknown,foot,data/raw/HAM10000_images_part_2/ISIC_0032679.jpg,test,5,5,nv,nv,0.5559247,True,nv → nv,0.033563457,0.031214163,0.07449564,0.08189572,0.11083134,0.5559247,0.11207501
HAM_0005942,ISIC_0032529,nv,histo,60.0,unknown,foot,data/raw/HAM10000_images_part_2/ISIC_0032529.jpg,test,5,5,nv,nv,0.44676366,True,nv → nv,0.020537991,0.07728852,0.11256343,0.03025123,0.22679281,0.44676366,0.08580229
HAM_0005942,ISIC_0033119,nv,histo,60.0,unknown,foot,data/raw/HAM10000_images_part_2/ISIC_0033119.jpg,test,5,5,nv,nv,0.36134526,True,nv → nv,0.023280364,0.037943777,0.20197618,0.051974453,0.15171707,0.36134526,0.1717629
HAM_0005248,ISIC_0032902,nv,histo,45.0,female,upper extremity,data/raw/HAM10000_images_part_2/ISIC_0032902.jpg,test,5,5,nv,nv,0.91301674,True,nv → nv,0.002089928,0.0010758945,0.005412451,0.0027770887,0.061553065,0.91301674,0.014074896
HAM_0005248,ISIC_0032948,nv,histo,45.0,female,upper extremity,data/raw/HAM10000_images_part_2/ISIC_0032948.jpg,test,5,5,nv,nv,0.859087,True,nv → nv,0.006369569,0.005608242,0.010659922,0.013450509,0.054633014,0.859087,0.050191812
HAM_0005248,ISIC_0034264,nv,histo,45.0,female,upper extremity,data/raw/HAM10000_images_part_2/ISIC_0034264.jpg,test,5,5,nv,nv,0.74385387,True,nv → nv,0.013314319,0.0072340495,0.04911836,0.04903418,0.08631666,0.74385387,0.051128555
HAM_0005539,ISIC_0033296,nv,histo,30.0,female,lower extremity,data/raw/HAM10000_images_part_2/ISIC_0033296.jpg,test,5,5,nv,nv,0.7767569,True,nv → nv,0.00730187,0.005134196,0.011877439,0.01583415,0.11437702,0.7767569,0.0687184
HAM_0005539,ISIC_0033838,nv,histo,30.0,female,lower extremity,data/raw/HAM10000_images_part_2/ISIC_0033838.jpg,test,5,5,nv,nv,0.7952382,True,nv → nv,0.007398335,0.003446006,0.014566685,0.014204639,0.108436756,0.7952382,0.05670945
HAM_0005539,ISIC_0033409,nv,histo,30.0,female,lower extremity,data/raw/HAM10000_images_part_2/ISIC_0033409.jpg,test,5,5,nv,nv,0.77204293,True,nv → nv,0.008324969,0.0061219195,0.028180651,0.029193556,0.10047074,0.77204293,0.05566515
HAM_0002721,ISIC_0032585,nv,histo,25.0,male,abdomen,data/raw/HAM10000_images_part_2/ISIC_0032585.jpg,test,5,5,nv,nv,0.77131426,True,nv → nv,0.011772123,0.006348952,0.01137784,0.015772346,0.13481209,0.77131426,0.04860239
HAM_0002721,ISIC_0032899,nv,histo,25.0,male,abdomen,data/raw/HAM10000_images_part_2/ISIC_0032899.jpg,test,5,5,nv,nv,0.630665,True,nv → nv,0.013167435,0.0071773035,0.042828076,0.01590568,0.25478044,0.630665,0.035476074
HAM_0002721,ISIC_0034157,nv,histo,25.0,male,abdomen,data/raw/HAM10000_images_part_2/ISIC_0034157.jpg,test,5,5,nv,nv,0.8384658,True,nv → nv,0.010385058,0.004737352,0.013308025,0.026653603,0.0751442,0.8384658,0.031305954
HAM_0002878,ISIC_0033984,nv,histo,45.0,female,back,data/raw/HAM10000_images_part_2/ISIC_0033984.jpg,test,5,5,nv,nv,0.4863026,True,nv → nv,0.012391069,0.0142827425,0.13678509,0.022392886,0.27832335,0.4863026,0.049522262
HAM_0002878,ISIC_0032640,nv,histo,45.0,female,back,data/raw/HAM10000_images_part_2/ISIC_0032640.jpg,test,5,5,nv,nv,0.33542478,True,nv → nv,0.054426655,0.051261645,0.13571271,0.044644978,0.3343575,0.33542478,0.044171747
HAM_0004548,ISIC_0032520,nv,histo,45.0,female,upper extremity,data/raw/HAM10000_images_part_2/ISIC_0032520.jpg,test,5,5,nv,nv,0.27744368,True,nv → nv,0.09371933,0.11222464,0.22368155,0.034794815,0.24687646,0.27744368,0.011259537
HAM_0004548,ISIC_0032832,nv,histo,45.0,female,upper extremity,data/raw/HAM10000_images_part_2/ISIC_0032832.jpg,test,5,2,nv,bkl,0.36640438,False,nv → bkl,0.07431345,0.12948443,0.36640438,0.04991973,0.15398264,0.18823476,0.037660584
HAM_0004548,ISIC_0033917,nv,histo,45.0,female,upper extremity,data/raw/HAM10000_images_part_2/ISIC_0033917.jpg,test,5,5,nv,nv,0.7021594,True,nv → nv,0.019964552,0.011545844,0.08289741,0.06726998,0.103786424,0.7021594,0.012376362
HAM_0006980,ISIC_0033992,nv,histo,25.0,female,upper extremity,data/raw/HAM10000_images_part_2/ISIC_0033992.jpg,test,5,5,nv,nv,0.56488925,True,nv → nv,0.011896047,0.007228586,0.18480808,0.02256698,0.14435765,0.56488925,0.06425336
HAM_0006980,ISIC_0033715,nv,histo,25.0,female,upper extremity,data/raw/HAM10000_images_part_2/ISIC_0033715.jpg,test,5,5,nv,nv,0.699226,True,nv → nv,0.011631804,0.0069866804,0.080914155,0.024376413,0.13553745,0.699226,0.04132756
HAM_0006980,ISIC_0033920,nv,histo,25.0,female,upper extremity,data/raw/HAM10000_images_part_2/ISIC_0033920.jpg,test,5,5,nv,nv,0.74907666,True,nv → nv,0.015384668,0.010710795,0.057042003,0.03811733,0.10177125,0.74907666,0.027897201
HAM_0007552,ISIC_0033825,nv,histo,70.0,male,chest,data/raw/HAM10000_images_part_2/ISIC_0033825.jpg,test,5,5,nv,nv,0.30747578,True,nv → nv,0.10561147,0.13839357,0.15972076,0.075639844,0.17674199,0.30747578,0.036416512
HAM_0007552,ISIC_0033857,nv,histo,70.0,male,chest,data/raw/HAM10000_images_part_2/ISIC_0033857.jpg,test,5,5,nv,nv,0.48555008,True,nv → nv,0.043159634,0.088902146,0.12848184,0.086189464,0.12289353,0.48555008,0.04482329
HAM_0007552,ISIC_0032731,nv,histo,70.0,male,chest,data/raw/HAM10000_images_part_2/ISIC_0032731.jpg,test,5,1,nv,bcc,0.30176866,False,nv → bcc,0.1408027,0.30176866,0.06477214,0.037219778,0.18592235,0.25705692,0.012457482
HAM_0005135,ISIC_0032989,nv,histo,15.0,male,back,data/raw/HAM10000_images_part_2/ISIC_0032989.jpg,test,5,5,nv,nv,0.6387389,True,nv → nv,0.009808702,0.00933291,0.04172982,0.022636475,0.25600645,0.6387389,0.021746775
HAM_0005135,ISIC_0033618,nv,histo,15.0,male,back,data/raw/HAM10000_images_part_2/ISIC_0033618.jpg,test,5,4,nv,mel,0.50708276,False,nv → mel,0.019304221,0.01579075,0.09105983,0.017848125,0.50708276,0.32708058,0.021833763
HAM_0005135,ISIC_0033016,nv,histo,15.0,male,back,data/raw/HAM10000_images_part_2/ISIC_0033016.jpg,test,5,4,nv,mel,0.3388141,False,nv → mel,0.08663536,0.091347836,0.20304868,0.04580761,0.3388141,0.20172681,0.032619588
HAM_0005433,ISIC_0033906,nv,histo,55.0,female,trunk,data/raw/HAM10000_images_part_2/ISIC_0033906.jpg,test,5,5,nv,nv,0.36233693,True,nv → nv,0.036505166,0.013730086,0.2009813,0.025588913,0.30624825,0.36233693,0.054609295
HAM_0005433,ISIC_0033298,nv,histo,55.0,female,trunk,data/raw/HAM10000_images_part_2/ISIC_0033298.jpg,test,5,5,nv,nv,0.7057597,True,nv → nv,0.0063862824,0.0035834475,0.032754123,0.012269231,0.21719731,0.7057597,0.022049949
HAM_0005433,ISIC_0034210,nv,histo,55.0,female,trunk,data/raw/HAM10000_images_part_2/ISIC_0034210.jpg,test,5,5,nv,nv,0.5413799,True,nv → nv,0.009332135,0.004717939,0.124589,0.009722606,0.26151824,0.5413799,0.04874012
HAM_0007306,ISIC_0026810,nv,histo,30.0,male,back,data/raw/HAM10000_images_part_1/ISIC_0026810.jpg,test,5,5,nv,nv,0.58075416,True,nv → nv,0.032188416,0.025686527,0.08632857,0.030316966,0.21580525,0.58075416,0.028920094
HAM_0003259,ISIC_0033641,nv,histo,40.0,male,lower extremity,data/raw/HAM10000_images_part_2/ISIC_0033641.jpg,test,5,5,nv,nv,0.6477594,True,nv → nv,0.0176108,0.011283191,0.032472424,0.016444847,0.25285086,0.6477594,0.021578552
HAM_0003259,ISIC_0033527,nv,histo,40.0,male,lower extremity,data/raw/HAM10000_images_part_2/ISIC_0033527.jpg,test,5,5,nv,nv,0.85066617,True,nv → nv,0.008128981,0.0053346655,0.015796399,0.011188371,0.09218988,0.85066617,0.016695485
HAM_0003259,ISIC_0032895,nv,histo,40.0,male,lower extremity,data/raw/HAM10000_images_part_2/ISIC_0032895.jpg,test,5,5,nv,nv,0.7384866,True,nv → nv,0.012587208,0.007929842,0.028633578,0.017861987,0.16415589,0.7384866,0.030344944
HAM_0003512,ISIC_0034300,nv,histo,35.0,male,back,data/raw/HAM10000_images_part_2/ISIC_0034300.jpg,test,5,5,nv,nv,0.6203687,True,nv → nv,0.024684234,0.012698766,0.046664923,0.03747183,0.22513016,0.6203687,0.032981366
HAM_0003512,ISIC_0033155,nv,histo,35.0,male,back,data/raw/HAM10000_images_part_2/ISIC_0033155.jpg,test,5,5,nv,nv,0.4557696,True,nv → nv,0.056369994,0.05764368,0.05540456,0.072383344,0.18953483,0.4557696,0.112894006
HAM_0003512,ISIC_0032609,nv,histo,35.0,male,back,data/raw/HAM10000_images_part_2/ISIC_0032609.jpg,test,5,5,nv,nv,0.62360597,True,nv → nv,0.017698456,0.010678804,0.06680312,0.053858127,0.10093139,0.62360597,0.12642418
HAM_0001808,ISIC_0033318,nv,histo,35.0,female,back,data/raw/HAM10000_images_part_2/ISIC_0033318.jpg,test,5,5,nv,nv,0.64272326,True,nv → nv,0.01050975,0.014175638,0.052375346,0.032969043,0.14613645,0.64272326,0.10111048
HAM_0001808,ISIC_0032615,nv,histo,35.0,female,back,data/raw/HAM10000_images_part_2/ISIC_0032615.jpg,test,5,5,nv,nv,0.63836974,True,nv → nv,0.03324252,0.01317756,0.041329853,0.025545103,0.2302672,0.63836974,0.018067995
HAM_0001808,ISIC_0033862,nv,histo,35.0,female,back,data/raw/HAM10000_images_part_2/ISIC_0033862.jpg,test,5,5,nv,nv,0.43417642,True,nv → nv,0.0251869,0.014754685,0.086711235,0.020269403,0.39276376,0.43417642,0.02613762
HAM_0007510,ISIC_0025587,nv,histo,20.0,female,lower extremity,data/raw/HAM10000_images_part_1/ISIC_0025587.jpg,test,5,5,nv,nv,0.7912202,True,nv → nv,0.01862103,0.01712678,0.011171845,0.01907023,0.10116917,0.7912202,0.041620754
HAM_0001912,ISIC_0033145,nv,histo,40.0,female,lower extremity,data/raw/HAM10000_images_part_2/ISIC_0033145.jpg,test,5,5,nv,nv,0.5218894,True,nv → nv,0.052425433,0.09634081,0.07178396,0.09413415,0.11262469,0.5218894,0.050801598
HAM_0001912,ISIC_0033799,nv,histo,40.0,female,lower extremity,data/raw/HAM10000_images_part_2/ISIC_0033799.jpg,test,5,5,nv,nv,0.6196209,True,nv → nv,0.030236887,0.034167886,0.07394211,0.043107525,0.104067735,0.6196209,0.09485691
HAM_0001511,ISIC_0034060,nv,histo,30.0,female,back,data/raw/HAM10000_images_part_2/ISIC_0034060.jpg,test,5,5,nv,nv,0.6628676,True,nv → nv,0.011388702,0.011080107,0.047997106,0.038335316,0.14044523,0.6628676,0.0878859
HAM_0001511,ISIC_0033002,nv,histo,30.0,female,back,data/raw/HAM10000_images_part_2/ISIC_0033002.jpg,test,5,5,nv,nv,0.7648781,True,nv → nv,0.004427374,0.009941539,0.016915804,0.025013972,0.08072618,0.7648781,0.09809701
HAM_0001511,ISIC_0033683,nv,histo,30.0,female,back,data/raw/HAM10000_images_part_2/ISIC_0033683.jpg,test,5,5,nv,nv,0.8472966,True,nv → nv,0.011773559,0.0068314797,0.011211948,0.033658426,0.036385506,0.8472966,0.0528425
HAM_0001824,ISIC_0033121,nv,histo,55.0,male,lower extremity,data/raw/HAM10000_images_part_2/ISIC_0033121.jpg,test,5,5,nv,nv,0.51731604,True,nv → nv,0.01593426,0.02148566,0.028353311,0.019393025,0.3502939,0.51731604,0.047223814
HAM_0001824,ISIC_0034158,nv,histo,55.0,male,lower extremity,data/raw/HAM10000_images_part_2/ISIC_0034158.jpg,test,5,5,nv,nv,0.6790348,True,nv → nv,0.0153451925,0.010642236,0.019691369,0.025397567,0.19641846,0.6790348,0.053470384
HAM_0001824,ISIC_0033213,nv,histo,55.0,male,lower extremity,data/raw/HAM10000_images_part_2/ISIC_0033213.jpg,test,5,5,nv,nv,0.31021976,True,nv → nv,0.030547928,0.17488757,0.13911723,0.05428023,0.18087247,0.31021976,0.11007483
HAM_0007367,ISIC_0032705,nv,histo,5.0,male,trunk,data/raw/HAM10000_images_part_2/ISIC_0032705.jpg,test,5,5,nv,nv,0.62956923,True,nv → nv,0.014910001,0.017370177,0.04857654,0.021007651,0.22585161,0.62956923,0.042714875
HAM_0007367,ISIC_0034198,nv,histo,5.0,male,trunk,data/raw/HAM10000_images_part_2/ISIC_0034198.jpg,test,5,5,nv,nv,0.6114694,True,nv → nv,0.024081677,0.021898571,0.059744556,0.035666116,0.15150584,0.6114694,0.09563379
HAM_0007367,ISIC_0033658,nv,histo,5.0,male,trunk,data/raw/HAM10000_images_part_2/ISIC_0033658.jpg,test,5,5,nv,nv,0.5088016,True,nv → nv,0.017722717,0.04224804,0.038169272,0.029731695,0.17426553,0.5088016,0.18906108
HAM_0007367,ISIC_0033046,nv,histo,5.0,male,trunk,data/raw/HAM10000_images_part_2/ISIC_0033046.jpg,test,5,5,nv,nv,0.6517953,True,nv → nv,0.016626867,0.018090151,0.04000972,0.035876274,0.1235494,0.6517953,0.114052266
HAM_0007367,ISIC_0032689,nv,histo,5.0,male,trunk,data/raw/HAM10000_images_part_2/ISIC_0032689.jpg,test,5,5,nv,nv,0.7635391,True,nv → nv,0.01111275,0.00721812,0.042386897,0.04087657,0.0894923,0.7635391,0.045374293
HAM_0002367,ISIC_0033150,nv,histo,60.0,male,abdomen,data/raw/HAM10000_images_part_2/ISIC_0033150.jpg,test,5,5,nv,nv,0.561427,True,nv → nv,0.008939413,0.0068598273,0.158094,0.011746184,0.22087163,0.561427,0.032061957
HAM_0002367,ISIC_0033698,nv,histo,60.0,male,abdomen,data/raw/HAM10000_images_part_2/ISIC_0033698.jpg,test,5,5,nv,nv,0.74463266,True,nv → nv,0.005984084,0.0031534585,0.058677092,0.0049709966,0.16759726,0.74463266,0.014984447
HAM_0002367,ISIC_0034240,nv,histo,60.0,male,abdomen,data/raw/HAM10000_images_part_2/ISIC_0034240.jpg,test,5,5,nv,nv,0.69768125,True,nv → nv,0.020123124,0.009894427,0.045374658,0.014110244,0.18163244,0.69768125,0.031183844
HAM_0002582,ISIC_0033665,nv,histo,50.0,male,abdomen,data/raw/HAM10000_images_part_2/ISIC_0033665.jpg,test,5,5,nv,nv,0.5578627,True,nv → nv,0.011253503,0.0028918579,0.06352271,0.013868844,0.33729133,0.5578627,0.013309028
HAM_0002582,ISIC_0032813,nv,histo,50.0,male,abdomen,data/raw/HAM10000_images_part_2/ISIC_0032813.jpg,test,5,5,nv,nv,0.43297422,True,nv → nv,0.02474596,0.011259381,0.1384553,0.013687168,0.35994413,0.43297422,0.018933732
HAM_0007348,ISIC_0033128,nv,histo,50.0,female,lower extremity,data/raw/HAM10000_images_part_2/ISIC_0033128.jpg,test,5,5,nv,nv,0.865967,True,nv → nv,0.0043453197,0.0013387356,0.0067768903,0.0055232006,0.1090934,0.865967,0.0069555496
HAM_0007348,ISIC_0033115,nv,histo,50.0,female,lower extremity,data/raw/HAM10000_images_part_2/ISIC_0033115.jpg,test,5,5,nv,nv,0.6845521,True,nv → nv,0.015617705,0.009890116,0.040897332,0.026966602,0.1832273,0.6845521,0.03884887
HAM_0007348,ISIC_0032625,nv,histo,50.0,female,lower extremity,data/raw/HAM10000_images_part_2/ISIC_0032625.jpg,test,5,5,nv,nv,0.7371768,True,nv → nv,0.0042495,0.002083747,0.024239695,0.008620948,0.20198728,0.7371768,0.021642063
HAM_0002208,ISIC_0033940,nv,histo,20.0,female,lower extremity,data/raw/HAM10000_images_part_2/ISIC_0033940.jpg,test,5,5,nv,nv,0.57233536,True,nv → nv,0.011655915,0.027804876,0.17240413,0.02532363,0.09859045,0.57233536,0.09188556
HAM_0002208,ISIC_0033818,nv,histo,20.0,female,lower extremity,data/raw/HAM10000_images_part_2/ISIC_0033818.jpg,test,5,5,nv,nv,0.5835747,True,nv → nv,0.03692049,0.04850619,0.08930346,0.045934677,0.12874477,0.5835747,0.067015745
HAM_0002208,ISIC_0034029,nv,histo,20.0,female,lower extremity,data/raw/HAM10000_images_part_2/ISIC_0034029.jpg,test,5,5,nv,nv,0.7584989,True,nv → nv,0.010206401,0.010333706,0.058490783,0.015090025,0.09114132,0.7584989,0.05623887
HAM_0006118,ISIC_0026429,nv,histo,65.0,male,back,data/raw/HAM10000_images_part_1/ISIC_0026429.jpg,test,5,5,nv,nv,0.2958126,True,nv → nv,0.1046595,0.101692475,0.28399318,0.06285517,0.10367491,0.2958126,0.047312103
HAM_0002170,ISIC_0034237,nv,histo,40.0,male,lower extremity,data/raw/HAM10000_images_part_2/ISIC_0034237.jpg,test,5,4,nv,mel,0.40729958,False,nv → mel,0.022941133,0.016772883,0.13699205,0.02192687,0.40729958,0.36497384,0.029093595
HAM_0002170,ISIC_0034032,nv,histo,40.0,male,lower extremity,data/raw/HAM10000_images_part_2/ISIC_0034032.jpg,test,5,5,nv,nv,0.42706373,True,nv → nv,0.0126816975,0.011505044,0.14948326,0.016914515,0.36093545,0.42706373,0.021416327
HAM_0002170,ISIC_0033075,nv,histo,40.0,male,lower extremity,data/raw/HAM10000_images_part_2/ISIC_0033075.jpg,test,5,5,nv,nv,0.6702534,True,nv → nv,0.0111767715,0.007533095,0.060697652,0.021652602,0.19414686,0.6702534,0.03453956
HAM_0003424,ISIC_0033451,nv,histo,45.0,male,back,data/raw/HAM10000_images_part_2/ISIC_0033451.jpg,test,5,4,nv,mel,0.35094368,False,nv → mel,0.041128065,0.046251595,0.17784493,0.028708918,0.35094368,0.3151464,0.039976377
HAM_0003424,ISIC_0033552,nv,histo,45.0,male,back,data/raw/HAM10000_images_part_2/ISIC_0033552.jpg,test,5,4,nv,mel,0.49845496,False,nv → mel,0.01006434,0.0058295634,0.25516024,0.007943076,0.49845496,0.21618845,0.006359344
HAM_0003424,ISIC_0034310,nv,histo,45.0,male,back,data/raw/HAM10000_images_part_2/ISIC_0034310.jpg,test,5,4,nv,mel,0.47760504,False,nv → mel,0.050337028,0.03534914,0.30954757,0.011970106,0.47760504,0.10700248,0.008188735
HAM_0006121,ISIC_0034244,nv,histo,20.0,female,chest,data/raw/HAM10000_images_part_2/ISIC_0034244.jpg,test,5,5,nv,nv,0.6618058,True,nv → nv,0.024087079,0.03229744,0.032728642,0.0391218,0.11640812,0.6618058,0.09355115
HAM_0006121,ISIC_0032855,nv,histo,20.0,female,chest,data/raw/HAM10000_images_part_2/ISIC_0032855.jpg,test,5,5,nv,nv,0.4603612,True,nv → nv,0.011549812,0.022537638,0.21766356,0.05612154,0.0745833,0.4603612,0.15718298
HAM_0006121,ISIC_0032792,nv,histo,20.0,female,chest,data/raw/HAM10000_images_part_2/ISIC_0032792.jpg,test,5,5,nv,nv,0.51274943,True,nv → nv,0.020643475,0.028529674,0.1283507,0.055124797,0.080809735,0.51274943,0.17379223
HAM_0000578,ISIC_0033288,nv,histo,30.0,female,back,data/raw/HAM10000_images_part_2/ISIC_0033288.jpg,test,5,5,nv,nv,0.5172198,True,nv → nv,0.064941555,0.06710631,0.0371282,0.07852394,0.19708678,0.5172198,0.037993405
HAM_0000578,ISIC_0033087,nv,histo,30.0,female,back,data/raw/HAM10000_images_part_2/ISIC_0033087.jpg,test,5,5,nv,nv,0.7815958,True,nv → nv,0.021277608,0.025045335,0.012417009,0.02597027,0.09648638,0.7815958,0.037207514
HAM_0001872,ISIC_0031290,nv,histo,60.0,female,lower extremity,data/raw/HAM10000_images_part_2/ISIC_0031290.jpg,test,5,5,nv,nv,0.58810633,True,nv → nv,0.027595077,0.03722426,0.061035644,0.035696372,0.14547835,0.58810633,0.10486395
HAM_0007519,ISIC_0032865,nv,histo,35.0,female,upper extremity,data/raw/HAM10000_images_part_2/ISIC_0032865.jpg,test,5,5,nv,nv,0.58163697,True,nv → nv,0.01908805,0.027964631,0.077433325,0.03956721,0.19109143,0.58163697,0.06321838
HAM_0007519,ISIC_0033726,nv,histo,35.0,female,upper extremity,data/raw/HAM10000_images_part_2/ISIC_0033726.jpg,test,5,5,nv,nv,0.6493661,True,nv → nv,0.009639556,0.0069331103,0.051006038,0.012533378,0.24414642,0.6493661,0.026375381
HAM_0004149,ISIC_0033880,nv,histo,45.0,female,foot,data/raw/HAM10000_images_part_2/ISIC_0033880.jpg,test,5,5,nv,nv,0.645448,True,nv → nv,0.023345266,0.11408479,0.017196363,0.032136098,0.07308669,0.645448,0.0947028
HAM_0004149,ISIC_0033994,nv,histo,45.0,female,foot,data/raw/HAM10000_images_part_2/ISIC_0033994.jpg,test,5,5,nv,nv,0.8235268,True,nv → nv,0.010643775,0.057166796,0.0044042645,0.022921877,0.038318146,0.8235268,0.043018345
HAM_0004149,ISIC_0032755,nv,histo,45.0,female,foot,data/raw/HAM10000_images_part_2/ISIC_0032755.jpg,test,5,5,nv,nv,0.63273543,True,nv → nv,0.014831186,0.041032016,0.020056069,0.03187249,0.08845684,0.63273543,0.17101596
HAM_0005052,ISIC_0033724,nv,histo,35.0,male,lower extremity,data/raw/HAM10000_images_part_2/ISIC_0033724.jpg,test,5,5,nv,nv,0.5839476,True,nv → nv,0.02912733,0.05177516,0.10823082,0.054141834,0.09004118,0.5839476,0.08273607
HAM_0005052,ISIC_0033786,nv,histo,35.0,male,lower extremity,data/raw/HAM10000_images_part_2/ISIC_0033786.jpg,test,5,5,nv,nv,0.5669028,True,nv → nv,0.026171267,0.03315233,0.086653456,0.037147,0.17724305,0.5669028,0.07273007
HAM_0003969,ISIC_0033564,nv,histo,15.0,female,chest,data/raw/HAM10000_images_part_2/ISIC_0033564.jpg,test,5,4,nv,mel,0.52458113,False,nv → mel,0.007771231,0.0033677246,0.24280071,0.004413811,0.52458113,0.20820203,0.008863348
HAM_0003969,ISIC_0032627,nv,histo,15.0,female,chest,data/raw/HAM10000_images_part_2/ISIC_0032627.jpg,test,5,5,nv,nv,0.39780113,True,nv → nv,0.021211224,0.008333519,0.13259992,0.016315313,0.38044077,0.39780113,0.04329813
HAM_0005209,ISIC_0033532,nv,histo,45.0,female,back,data/raw/HAM10000_images_part_2/ISIC_0033532.jpg,test,5,5,nv,nv,0.8837999,True,nv → nv,0.0038984537,0.0027945265,0.010413643,0.0054553803,0.068932354,0.8837999,0.024705702
HAM_0005209,ISIC_0032713,nv,histo,45.0,female,back,data/raw/HAM10000_images_part_2/ISIC_0032713.jpg,test,5,5,nv,nv,0.75797784,True,nv → nv,0.0066957423,0.014260846,0.029579928,0.02400362,0.09074955,0.75797784,0.0767325
HAM_0002325,ISIC_0033021,nv,histo,45.0,male,abdomen,data/raw/HAM10000_images_part_2/ISIC_0033021.jpg,test,5,5,nv,nv,0.6737225,True,nv → nv,0.019536715,0.009730244,0.039348006,0.01374728,0.22344863,0.6737225,0.020466536
HAM_0002325,ISIC_0033835,nv,histo,45.0,male,abdomen,data/raw/HAM10000_images_part_2/ISIC_0033835.jpg,test,5,5,nv,nv,0.7439989,True,nv → nv,0.012917022,0.0097562,0.026532246,0.01370559,0.17856431,0.7439989,0.014525735
HAM_0004586,ISIC_0033329,nv,consensus,55.0,male,unknown,data/raw/HAM10000_images_part_2/ISIC_0033329.jpg,test,5,5,nv,nv,0.6278919,True,nv → nv,0.02667856,0.024908222,0.03974489,0.032506466,0.20868538,0.6278919,0.039584577
HAM_0004587,ISIC_0034181,nv,consensus,55.0,male,unknown,data/raw/HAM10000_images_part_2/ISIC_0034181.jpg,test,5,5,nv,nv,0.65560985,True,nv → nv,0.019617552,0.017046409,0.049278237,0.025417807,0.18405712,0.65560985,0.04897304
HAM_0003699,ISIC_0027397,nv,histo,60.0,male,back,data/raw/HAM10000_images_part_1/ISIC_0027397.jpg,test,5,2,nv,bkl,0.26718387,False,nv → bkl,0.21004128,0.10547294,0.26718387,0.037853166,0.2256449,0.14750876,0.0062951897
HAM_0003310,ISIC_0034217,nv,histo,60.0,male,abdomen,data/raw/HAM10000_images_part_2/ISIC_0034217.jpg,test,5,5,nv,nv,0.7920702,True,nv → nv,0.015386251,0.02365358,0.005422709,0.021759866,0.06985009,0.7920702,0.07185735
HAM_0003310,ISIC_0032952,nv,histo,60.0,male,abdomen,data/raw/HAM10000_images_part_2/ISIC_0032952.jpg,test,5,5,nv,nv,0.6977927,True,nv → nv,0.031220213,0.04512093,0.009214136,0.03757877,0.076668456,0.6977927,0.10240482
HAM_0001948,ISIC_0033993,nv,histo,35.0,male,foot,data/raw/HAM10000_images_part_2/ISIC_0033993.jpg,test,5,5,nv,nv,0.5948197,True,nv → nv,0.009961654,0.0057285386,0.105760105,0.03855417,0.17670907,0.5948197,0.06846676
HAM_0001948,ISIC_0032926,nv,histo,35.0,male,foot,data/raw/HAM10000_images_part_2/ISIC_0032926.jpg,test,5,5,nv,nv,0.43351486,True,nv → nv,0.06993406,0.02994215,0.10238149,0.059165575,0.25609896,0.43351486,0.048962917
HAM_0001948,ISIC_0033049,nv,histo,35.0,male,foot,data/raw/HAM10000_images_part_2/ISIC_0033049.jpg,test,5,5,nv,nv,0.654486,True,nv → nv,0.036808677,0.016645504,0.045759875,0.059039295,0.10914497,0.654486,0.07811567
HAM_0006478,ISIC_0025210,nv,histo,45.0,male,back,data/raw/HAM10000_images_part_1/ISIC_0025210.jpg,test,5,5,nv,nv,0.339906,True,nv → nv,0.062132496,0.094751775,0.12542379,0.03801263,0.30168706,0.339906,0.03808623
HAM_0006478,ISIC_0026372,nv,histo,45.0,male,back,data/raw/HAM10000_images_part_1/ISIC_0026372.jpg,test,5,4,nv,mel,0.37320676,False,nv → mel,0.038598314,0.049078923,0.12959778,0.02551102,0.37320676,0.35563377,0.028373381
HAM_0007164,ISIC_0025972,nv,histo,75.0,male,trunk,data/raw/HAM10000_images_part_1/ISIC_0025972.jpg,test,5,5,nv,nv,0.48924416,True,nv → nv,0.027463367,0.019726207,0.2498793,0.022373099,0.17371833,0.48924416,0.017595563
HAM_0001269,ISIC_0027582,nv,histo,40.0,female,trunk,data/raw/HAM10000_images_part_1/ISIC_0027582.jpg,test,5,4,nv,mel,0.4276013,False,nv → mel,0.079302676,0.086339965,0.18476336,0.02743663,0.4276013,0.18271971,0.011836387
HAM_0000231,ISIC_0024608,nv,histo,55.0,male,lower extremity,data/raw/HAM10000_images_part_1/ISIC_0024608.jpg,test,5,5,nv,nv,0.6491711,True,nv → nv,0.018080251,0.016358644,0.0523836,0.027598435,0.17927048,0.6491711,0.05713749
HAM_0000626,ISIC_0025267,nv,histo,35.0,female,foot,data/raw/HAM10000_images_part_1/ISIC_0025267.jpg,test,5,5,nv,nv,0.58055115,True,nv → nv,0.013927314,0.008792627,0.10089079,0.013425524,0.24106438,0.58055115,0.04134821
HAM_0000626,ISIC_0029581,nv,histo,35.0,female,foot,data/raw/HAM10000_images_part_2/ISIC_0029581.jpg,test,5,5,nv,nv,0.55029166,True,nv → nv,0.0040589585,0.0034732185,0.13308227,0.010282973,0.2538868,0.55029166,0.04492418
HAM_0001450,ISIC_0030771,nv,histo,45.0,male,lower extremity,data/raw/HAM10000_images_part_2/ISIC_0030771.jpg,test,5,2,nv,bkl,0.3538046,False,nv → bkl,0.084703356,0.068417855,0.3538046,0.02001157,0.31543612,0.15222187,0.005404642
HAM_0001612,ISIC_0025618,nv,histo,30.0,female,foot,data/raw/HAM10000_images_part_1/ISIC_0025618.jpg,test,5,2,nv,bkl,0.4375647,False,nv → bkl,0.04776665,0.04639155,0.4375647,0.026122836,0.19186565,0.2315848,0.01870374
HAM_0007195,ISIC_0031923,nv,histo,40.0,female,lower extremity,data/raw/HAM10000_images_part_2/ISIC_0031923.jpg,test,5,5,nv,nv,0.70658004,True,nv → nv,0.009296663,0.0250488,0.0248015,0.02408792,0.14967191,0.70658004,0.06051315
HAM_0000231,ISIC_0030841,nv,histo,55.0,male,lower extremity,data/raw/HAM10000_images_part_2/ISIC_0030841.jpg,test,5,4,nv,mel,0.37387377,False,nv → mel,0.02738873,0.026553534,0.1248249,0.026364023,0.37387377,0.37110198,0.049893033
HAM_0005428,ISIC_0031654,nv,histo,15.0,female,trunk,data/raw/HAM10000_images_part_2/ISIC_0031654.jpg,test,5,5,nv,nv,0.34214997,True,nv → nv,0.07465221,0.04644193,0.14895718,0.099112585,0.2542409,0.34214997,0.034445256
HAM_0004919,ISIC_0025226,nv,histo,40.0,male,upper extremity,data/raw/HAM10000_images_part_1/ISIC_0025226.jpg,test,5,5,nv,nv,0.49646533,True,nv → nv,0.022170832,0.045432575,0.068400964,0.034984805,0.29083198,0.49646533,0.04171344
HAM_0005902,ISIC_0027285,nv,histo,40.0,female,foot,data/raw/HAM10000_images_part_1/ISIC_0027285.jpg,test,5,4,nv,mel,0.41618422,False,nv → mel,0.023674032,0.049436722,0.27079737,0.013314662,0.41618422,0.19507594,0.031517047
HAM_0001637,ISIC_0031521,nv,histo,35.0,male,chest,data/raw/HAM10000_images_part_2/ISIC_0031521.jpg,test,5,5,nv,nv,0.548418,True,nv → nv,0.017197896,0.018978672,0.0882033,0.018565068,0.28188112,0.548418,0.026756002
HAM_0005840,ISIC_0030773,nv,histo,45.0,female,chest,data/raw/HAM10000_images_part_2/ISIC_0030773.jpg,test,5,5,nv,nv,0.5447906,True,nv → nv,0.011630136,0.023079108,0.08101473,0.015594352,0.28483537,0.5447906,0.039055627
HAM_0005840,ISIC_0028692,nv,histo,45.0,female,chest,data/raw/HAM10000_images_part_1/ISIC_0028692.jpg,test,5,4,nv,mel,0.46000308,False,nv → mel,0.009184764,0.018290522,0.085138515,0.008288695,0.46000308,0.4028941,0.016200252
HAM_0005840,ISIC_0032260,nv,histo,45.0,female,chest,data/raw/HAM10000_images_part_2/ISIC_0032260.jpg,test,5,5,nv,nv,0.5299268,True,nv → nv,0.02689861,0.056551725,0.08072226,0.018050874,0.27215615,0.5299268,0.01569359
HAM_0006363,ISIC_0024936,nv,histo,25.0,male,abdomen,data/raw/HAM10000_images_part_1/ISIC_0024936.jpg,test,5,5,nv,nv,0.60964334,True,nv → nv,0.013084254,0.017673863,0.088858806,0.027764142,0.18480915,0.60964334,0.05816644
HAM_0006364,ISIC_0029027,nv,histo,30.0,female,back,data/raw/HAM10000_images_part_1/ISIC_0029027.jpg,test,5,5,nv,nv,0.49931043,True,nv → nv,0.049211457,0.04517051,0.050032727,0.042661805,0.26978305,0.49931043,0.04382996
HAM_0000032,ISIC_0032291,nv,histo,60.0,male,abdomen,data/raw/HAM10000_images_part_2/ISIC_0032291.jpg,test,5,5,nv,nv,0.3275238,True,nv → nv,0.0641973,0.03921597,0.20757268,0.016883172,0.31852686,0.3275238,0.026080294
HAM_0001236,ISIC_0030615,nv,histo,60.0,male,back,data/raw/HAM10000_images_part_2/ISIC_0030615.jpg,test,5,5,nv,nv,0.41425246,True,nv → nv,0.05384801,0.1506236,0.1306101,0.041344788,0.1869566,0.41425246,0.022364426
HAM_0002031,ISIC_0027925,nv,histo,30.0,male,back,data/raw/HAM10000_images_part_1/ISIC_0027925.jpg,test,5,5,nv,nv,0.5009541,True,nv → nv,0.012517075,0.029236197,0.1028239,0.028400732,0.28743312,0.5009541,0.038634785
HAM_0002031,ISIC_0031917,nv,histo,30.0,male,back,data/raw/HAM10000_images_part_2/ISIC_0031917.jpg,test,5,5,nv,nv,0.49343202,True,nv → nv,0.010681311,0.016529912,0.10106072,0.028825043,0.30154288,0.49343202,0.047928143
HAM_0003276,ISIC_0024975,nv,histo,35.0,female,trunk,data/raw/HAM10000_images_part_1/ISIC_0024975.jpg,test,5,4,nv,mel,0.4617107,False,nv → mel,0.009799697,0.0034944306,0.05944432,0.016297493,0.4617107,0.42651066,0.022742685
HAM_0003276,ISIC_0025782,nv,histo,35.0,female,trunk,data/raw/HAM10000_images_part_1/ISIC_0025782.jpg,test,5,4,nv,mel,0.5016427,False,nv → mel,0.017297186,0.0055262065,0.07795756,0.021645362,0.5016427,0.35931802,0.016612953
HAM_0001872,ISIC_0029188,nv,histo,60.0,female,lower extremity,data/raw/HAM10000_images_part_1/ISIC_0029188.jpg,test,5,5,nv,nv,0.64830005,True,nv → nv,0.02290312,0.021004168,0.046116207,0.024241311,0.17949516,0.64830005,0.057939976
HAM_0001872,ISIC_0027800,nv,histo,60.0,female,lower extremity,data/raw/HAM10000_images_part_1/ISIC_0027800.jpg,test,5,5,nv,nv,0.6922416,True,nv → nv,0.015686477,0.01347715,0.044830266,0.01549487,0.17931391,0.6922416,0.038955703
HAM_0004239,ISIC_0029450,nv,histo,75.0,female,lower extremity,data/raw/HAM10000_images_part_2/ISIC_0029450.jpg,test,5,5,nv,nv,0.69128454,True,nv → nv,0.0131950695,0.025512885,0.030362548,0.031674482,0.115286306,0.69128454,0.09268421
HAM_0004239,ISIC_0027887,nv,histo,75.0,female,lower extremity,data/raw/HAM10000_images_part_1/ISIC_0027887.jpg,test,5,5,nv,nv,0.7126481,True,nv → nv,0.016014058,0.029495316,0.027727792,0.032545295,0.085979536,0.7126481,0.09558989
HAM_0004239,ISIC_0024928,nv,histo,75.0,female,lower extremity,data/raw/HAM10000_images_part_1/ISIC_0024928.jpg,test,5,5,nv,nv,0.61865264,True,nv → nv,0.021966381,0.05027155,0.041589618,0.04362943,0.11027999,0.61865264,0.11361037
HAM_0001715,ISIC_0027208,nv,histo,30.0,female,lower extremity,data/raw/HAM10000_images_part_1/ISIC_0027208.jpg,test,5,5,nv,nv,0.47563785,True,nv → nv,0.021764603,0.025828494,0.1011273,0.021363163,0.3293236,0.47563785,0.02495502
HAM_0001715,ISIC_0032368,nv,histo,30.0,female,lower extremity,data/raw/HAM10000_images_part_2/ISIC_0032368.jpg,test,5,5,nv,nv,0.4416047,True,nv → nv,0.019361647,0.01580952,0.17742683,0.01646594,0.308101,0.4416047,0.021230405
HAM_0001715,ISIC_0029504,nv,histo,30.0,female,lower extremity,data/raw/HAM10000_images_part_2/ISIC_0029504.jpg,test,5,5,nv,nv,0.49480283,True,nv → nv,0.017543077,0.020101033,0.12805866,0.019307777,0.2956186,0.49480283,0.024568046
HAM_0001297,ISIC_0030135,nv,histo,60.0,male,back,data/raw/HAM10000_images_part_2/ISIC_0030135.jpg,test,5,5,nv,nv,0.669873,True,nv → nv,0.008290718,0.020052893,0.037172575,0.009138879,0.24154814,0.669873,0.013923742
HAM_0001297,ISIC_0030941,nv,histo,60.0,male,back,data/raw/HAM10000_images_part_2/ISIC_0030941.jpg,test,5,5,nv,nv,0.71052057,True,nv → nv,0.005683868,0.016477022,0.04422592,0.007553497,0.19897117,0.71052057,0.016568014
HAM_0002547,ISIC_0024394,nv,histo,20.0,female,back,data/raw/HAM10000_images_part_1/ISIC_0024394.jpg,test,5,4,nv,mel,0.32942697,False,nv → mel,0.05129712,0.17914166,0.2075342,0.019887751,0.32942697,0.18709719,0.025615128
HAM_0002547,ISIC_0029516,nv,histo,20.0,female,back,data/raw/HAM10000_images_part_2/ISIC_0029516.jpg,test,5,2,nv,bkl,0.2813784,False,nv → bkl,0.041183684,0.07379912,0.2813784,0.02071645,0.27714688,0.2680866,0.037688926
HAM_0007089,ISIC_0030066,nv,histo,35.0,male,chest,data/raw/HAM10000_images_part_2/ISIC_0030066.jpg,test,5,4,nv,mel,0.41089508,False,nv → mel,0.018561456,0.032276493,0.20810345,0.013903066,0.41089508,0.29829776,0.017962731
HAM_0007340,ISIC_0028944,nv,histo,40.0,female,trunk,data/raw/HAM10000_images_part_1/ISIC_0028944.jpg,test,5,4,nv,mel,0.4609585,False,nv → mel,0.014073162,0.017093206,0.09923383,0.02064616,0.4609585,0.3345021,0.053493045
HAM_0003742,ISIC_0031631,nv,histo,20.0,female,back,data/raw/HAM10000_images_part_2/ISIC_0031631.jpg,test,5,2,nv,bkl,0.4207179,False,nv → bkl,0.016842803,0.037935037,0.4207179,0.009846804,0.19881056,0.27360743,0.042239524
HAM_0003742,ISIC_0027150,nv,histo,20.0,female,back,data/raw/HAM10000_images_part_1/ISIC_0027150.jpg,test,5,2,nv,bkl,0.54955083,False,nv → bkl,0.0197952,0.040255103,0.54955083,0.010139006,0.1527527,0.20235431,0.02515276
HAM_0002979,ISIC_0030588,nv,histo,35.0,female,back,data/raw/HAM10000_images_part_2/ISIC_0030588.jpg,test,5,5,nv,nv,0.6135336,True,nv → nv,0.02052535,0.024312278,0.042143825,0.023117948,0.21791692,0.6135336,0.058450144
HAM_0002979,ISIC_0025511,nv,histo,35.0,female,back,data/raw/HAM10000_images_part_1/ISIC_0025511.jpg,test,5,5,nv,nv,0.563584,True,nv → nv,0.019215936,0.05128941,0.032582514,0.03410381,0.19535412,0.563584,0.103870206
HAM_0005284,ISIC_0029640,nv,histo,20.0,male,back,data/raw/HAM10000_images_part_2/ISIC_0029640.jpg,test,5,4,nv,mel,0.36914515,False,nv → mel,0.04513881,0.025007244,0.16013825,0.018969264,0.36914515,0.35820675,0.023394562
HAM_0005284,ISIC_0029724,nv,histo,20.0,male,back,data/raw/HAM10000_images_part_2/ISIC_0029724.jpg,test,5,4,nv,mel,0.39938635,False,nv → mel,0.043017685,0.018320026,0.31058758,0.012907216,0.39938635,0.20206572,0.013715342
HAM_0005284,ISIC_0027707,nv,histo,20.0,male,back,data/raw/HAM10000_images_part_1/ISIC_0027707.jpg,test,5,4,nv,mel,0.41616732,False,nv → mel,0.0351407,0.016988615,0.29594088,0.015111672,0.41616732,0.20533161,0.015319229
HAM_0004007,ISIC_0031541,nv,histo,35.0,female,lower extremity,data/raw/HAM10000_images_part_2/ISIC_0031541.jpg,test,5,5,nv,nv,0.87577194,True,nv → nv,0.0086913975,0.019193752,0.007381825,0.028005376,0.016660286,0.87577194,0.044295404
HAM_0004007,ISIC_0027596,nv,histo,35.0,female,lower extremity,data/raw/HAM10000_images_part_1/ISIC_0027596.jpg,test,5,5,nv,nv,0.8318243,True,nv → nv,0.01124179,0.024961457,0.010288501,0.032106295,0.0243781,0.8318243,0.06519959
HAM_0004007,ISIC_0028960,nv,histo,35.0,female,lower extremity,data/raw/HAM10000_images_part_1/ISIC_0028960.jpg,test,5,5,nv,nv,0.8578022,True,nv → nv,0.008268038,0.02005386,0.008690736,0.026203543,0.026560057,0.8578022,0.05242157
HAM_0000188,ISIC_0027020,nv,histo,40.0,male,abdomen,data/raw/HAM10000_images_part_1/ISIC_0027020.jpg,test,5,5,nv,nv,0.5339572,True,nv → nv,0.0049602133,0.009057348,0.08951385,0.013588983,0.21517712,0.5339572,0.1337453
HAM_0000188,ISIC_0028390,nv,histo,40.0,male,abdomen,data/raw/HAM10000_images_part_1/ISIC_0028390.jpg,test,5,5,nv,nv,0.3433823,True,nv → nv,0.007082192,0.016111711,0.19496338,0.018675221,0.3163011,0.3433823,0.1034841
HAM_0000188,ISIC_0029199,nv,histo,40.0,male,abdomen,data/raw/HAM10000_images_part_1/ISIC_0029199.jpg,test,5,5,nv,nv,0.40531775,True,nv → nv,0.008364001,0.010533082,0.21399923,0.016864765,0.23248178,0.40531775,0.11243944
HAM_0003686,ISIC_0025386,nv,histo,25.0,male,upper extremity,data/raw/HAM10000_images_part_1/ISIC_0025386.jpg,test,5,5,nv,nv,0.53837985,True,nv → nv,0.016991194,0.009984365,0.103339896,0.008383921,0.3006089,0.53837985,0.022311924
HAM_0002835,ISIC_0028510,nv,histo,30.0,female,foot,data/raw/HAM10000_images_part_1/ISIC_0028510.jpg,test,5,5,nv,nv,0.41362104,True,nv → nv,0.037916385,0.018002931,0.24839067,0.047798514,0.16418211,0.41362104,0.07008834
HAM_0003686,ISIC_0024870,nv,histo,25.0,male,upper extremity,data/raw/HAM10000_images_part_1/ISIC_0024870.jpg,test,5,5,nv,nv,0.5888288,True,nv → nv,0.015911277,0.006941017,0.14175673,0.011005888,0.20692696,0.5888288,0.028629273
HAM_0006296,ISIC_0028999,nv,histo,70.0,male,trunk,data/raw/HAM10000_images_part_1/ISIC_0028999.jpg,test,5,4,nv,mel,0.64106727,False,nv → mel,0.042983793,0.06499646,0.12553816,0.0080964025,0.64106727,0.112900734,0.004417182
HAM_0007160,ISIC_0028723,nv,histo,30.0,female,trunk,data/raw/HAM10000_images_part_1/ISIC_0028723.jpg,test,5,5,nv,nv,0.7279357,True,nv → nv,0.01767002,0.015274463,0.04195219,0.02594388,0.1319387,0.7279357,0.03928502
HAM_0005457,ISIC_0025039,nv,histo,75.0,male,back,data/raw/HAM10000_images_part_1/ISIC_0025039.jpg,test,5,5,nv,nv,0.5234086,True,nv → nv,0.02208865,0.017742831,0.05552158,0.021511221,0.33978114,0.5234086,0.019946015
HAM_0005614,ISIC_0030397,nv,histo,35.0,female,trunk,data/raw/HAM10000_images_part_2/ISIC_0030397.jpg,test,5,5,nv,nv,0.80947846,True,nv → nv,0.019885369,0.012743533,0.024837056,0.017933961,0.057388995,0.80947846,0.057732593
HAM_0003164,ISIC_0027897,nv,histo,30.0,female,trunk,data/raw/HAM10000_images_part_1/ISIC_0027897.jpg,test,5,5,nv,nv,0.5683892,True,nv → nv,0.04079321,0.055557717,0.042647026,0.0979671,0.04667536,0.5683892,0.1479704
HAM_0000418,ISIC_0029339,nv,histo,55.0,male,back,data/raw/HAM10000_images_part_2/ISIC_0029339.jpg,test,5,5,nv,nv,0.28515935,True,nv → nv,0.13945682,0.12283701,0.11147875,0.06420891,0.25820413,0.28515935,0.018655036
HAM_0000904,ISIC_0025149,nv,histo,30.0,male,back,data/raw/HAM10000_images_part_1/ISIC_0025149.jpg,test,5,5,nv,nv,0.8163458,True,nv → nv,0.014899932,0.012693587,0.018049382,0.0212758,0.09057625,0.8163458,0.026159199
HAM_0000904,ISIC_0025938,nv,histo,30.0,male,back,data/raw/HAM10000_images_part_1/ISIC_0025938.jpg,test,5,5,nv,nv,0.58641696,True,nv → nv,0.04137702,0.059517384,0.079701275,0.04675892,0.17058383,0.58641696,0.01564459
HAM_0005855,ISIC_0031727,nv,histo,60.0,male,lower extremity,data/raw/HAM10000_images_part_2/ISIC_0031727.jpg,test,5,5,nv,nv,0.4428758,True,nv → nv,0.061868057,0.066267386,0.17356311,0.041990865,0.19804952,0.4428758,0.015385311
HAM_0002298,ISIC_0031483,nv,histo,25.0,male,lower extremity,data/raw/HAM10000_images_part_2/ISIC_0031483.jpg,test,5,5,nv,nv,0.5327556,True,nv → nv,0.018935876,0.24421018,0.011290475,0.039265342,0.03141932,0.5327556,0.12212322
HAM_0002128,ISIC_0031603,nv,histo,35.0,female,scalp,data/raw/HAM10000_images_part_2/ISIC_0031603.jpg,test,5,4,nv,mel,0.26972657,False,nv → mel,0.15742056,0.11071639,0.19672313,0.029970733,0.26972657,0.2235054,0.011937117
HAM_0002128,ISIC_0029867,nv,histo,35.0,female,scalp,data/raw/HAM10000_images_part_2/ISIC_0029867.jpg,test,5,5,nv,nv,0.41097078,True,nv → nv,0.12789777,0.0726636,0.095298976,0.024388941,0.2644118,0.41097078,0.0043682284
HAM_0002668,ISIC_0027224,nv,histo,30.0,male,back,data/raw/HAM10000_images_part_1/ISIC_0027224.jpg,test,5,5,nv,nv,0.47233275,True,nv → nv,0.048427284,0.12489189,0.07214137,0.032527365,0.23214565,0.47233275,0.017533714
HAM_0002668,ISIC_0026784,nv,histo,30.0,male,back,data/raw/HAM10000_images_part_1/ISIC_0026784.jpg,test,5,5,nv,nv,0.4669702,True,nv → nv,0.075557135,0.18467416,0.041078098,0.036886986,0.17640287,0.4669702,0.018430548
HAM_0006302,ISIC_0030819,nv,histo,50.0,female,ear,data/raw/HAM10000_images_part_2/ISIC_0030819.jpg,test,5,5,nv,nv,0.5152033,True,nv → nv,0.08085431,0.0354783,0.13515325,0.094974965,0.11366753,0.5152033,0.024668291
HAM_0006025,ISIC_0031285,nv,histo,70.0,female,foot,data/raw/HAM10000_images_part_2/ISIC_0031285.jpg,test,5,5,nv,nv,0.437838,True,nv → nv,0.055592548,0.07907002,0.14172898,0.0353947,0.23403698,0.437838,0.01633877
HAM_0007080,ISIC_0029994,nv,histo,50.0,male,back,data/raw/HAM10000_images_part_2/ISIC_0029994.jpg,test,5,5,nv,nv,0.28855562,True,nv → nv,0.26344034,0.11559409,0.083637536,0.08017206,0.16020475,0.28855562,0.008395592
HAM_0006318,ISIC_0024937,nv,histo,45.0,female,back,data/raw/HAM10000_images_part_1/ISIC_0024937.jpg,test,5,5,nv,nv,0.34929916,True,nv → nv,0.09039457,0.07756613,0.1279447,0.03182562,0.3143184,0.34929916,0.008651434
HAM_0000168,ISIC_0031353,nv,histo,55.0,male,neck,data/raw/HAM10000_images_part_2/ISIC_0031353.jpg,test,5,2,nv,bkl,0.44711637,False,nv → bkl,0.10811009,0.0498097,0.44711637,0.0220261,0.14852223,0.21491416,0.009501316
HAM_0007004,ISIC_0030525,nv,histo,70.0,female,hand,data/raw/HAM10000_images_part_2/ISIC_0030525.jpg,test,5,5,nv,nv,0.42622274,True,nv → nv,0.06553651,0.114748344,0.12841734,0.07760279,0.1510282,0.42622274,0.036444075
HAM_0003434,ISIC_0031126,nv,histo,30.0,female,neck,data/raw/HAM10000_images_part_2/ISIC_0031126.jpg,test,5,5,nv,nv,0.32719392,True,nv → nv,0.059355192,0.1830181,0.16457966,0.04700436,0.15612185,0.32719392,0.06272695
HAM_0001406,ISIC_0026592,nv,histo,25.0,female,chest,data/raw/HAM10000_images_part_1/ISIC_0026592.jpg,test,5,5,nv,nv,0.65932345,True,nv → nv,0.042883586,0.035056096,0.026812302,0.045622792,0.106227435,0.65932345,0.08407432
HAM_0001406,ISIC_0030914,nv,histo,25.0,female,chest,data/raw/HAM10000_images_part_2/ISIC_0030914.jpg,test,5,5,nv,nv,0.6186304,True,nv → nv,0.051646594,0.03955894,0.05664551,0.04600765,0.1555892,0.6186304,0.031921685
HAM_0001911,ISIC_0029197,nv,histo,55.0,male,back,data/raw/HAM10000_images_part_1/ISIC_0029197.jpg,test,5,5,nv,nv,0.6158689,True,nv → nv,0.013905718,0.017225703,0.08166329,0.026875086,0.18227515,0.6158689,0.06218611
HAM_0002103,ISIC_0026034,nv,histo,60.0,male,lower extremity,data/raw/HAM10000_images_part_1/ISIC_0026034.jpg,test,5,5,nv,nv,0.67001927,True,nv → nv,0.014197083,0.053609356,0.03336145,0.056051012,0.05436895,0.67001927,0.11839277
HAM_0000045,ISIC_0032126,nv,histo,50.0,male,back,data/raw/HAM10000_images_part_2/ISIC_0032126.jpg,test,5,5,nv,nv,0.31709892,True,nv → nv,0.13138595,0.07627355,0.16945986,0.037418295,0.25355694,0.31709892,0.014806448
HAM_0001508,ISIC_0029298,nv,histo,65.0,female,lower extremity,data/raw/HAM10000_images_part_1/ISIC_0029298.jpg,test,5,5,nv,nv,0.5644315,True,nv → nv,0.040103763,0.04008836,0.076269224,0.025839537,0.23135677,0.5644315,0.021910924
HAM_0005009,ISIC_0027569,nv,histo,20.0,male,back,data/raw/HAM10000_images_part_1/ISIC_0027569.jpg,test,5,1,nv,bcc,0.30085024,False,nv → bcc,0.04164603,0.30085024,0.1072484,0.026151394,0.21946761,0.27222073,0.032415487
HAM_0005176,ISIC_0031117,nv,histo,70.0,male,back,data/raw/HAM10000_images_part_2/ISIC_0031117.jpg,test,5,5,nv,nv,0.5457233,True,nv → nv,0.032078274,0.02066744,0.03352027,0.023694918,0.33316857,0.5457233,0.011147223
HAM_0003820,ISIC_0029109,nv,histo,20.0,female,back,data/raw/HAM10000_images_part_1/ISIC_0029109.jpg,test,5,5,nv,nv,0.5597006,True,nv → nv,0.046675526,0.027211983,0.12957396,0.06755817,0.14709228,0.5597006,0.022187406
HAM_0001630,ISIC_0028297,nv,histo,70.0,female,back,data/raw/HAM10000_images_part_1/ISIC_0028297.jpg,test,5,5,nv,nv,0.56372976,True,nv → nv,0.03881007,0.027088255,0.0552442,0.028406586,0.26538274,0.56372976,0.021338314
HAM_0005510,ISIC_0029203,nv,histo,30.0,female,lower extremity,data/raw/HAM10000_images_part_1/ISIC_0029203.jpg,test,5,2,nv,bkl,0.3596738,False,nv → bkl,0.08433935,0.11298997,0.3596738,0.07296987,0.056275833,0.288818,0.024933271
HAM_0000949,ISIC_0032444,nv,histo,65.0,male,back,data/raw/HAM10000_images_part_2/ISIC_0032444.jpg,test,5,2,nv,bkl,0.3220172,False,nv → bkl,0.08259998,0.024240278,0.3220172,0.02649158,0.2876063,0.2495475,0.007497109
HAM_0002291,ISIC_0024836,nv,histo,45.0,male,back,data/raw/HAM10000_images_part_1/ISIC_0024836.jpg,test,5,5,nv,nv,0.48745912,True,nv → nv,0.032601107,0.12384779,0.118125156,0.07677362,0.10278419,0.48745912,0.05840908
HAM_0006401,ISIC_0031451,nv,histo,45.0,female,foot,data/raw/HAM10000_images_part_2/ISIC_0031451.jpg,test,5,5,nv,nv,0.51740086,True,nv → nv,0.10598191,0.1261674,0.064313866,0.068406165,0.08636052,0.51740086,0.03136932
HAM_0005450,ISIC_0029286,nv,histo,40.0,female,lower extremity,data/raw/HAM10000_images_part_1/ISIC_0029286.jpg,test,5,5,nv,nv,0.42225164,True,nv → nv,0.057359114,0.15235059,0.09064622,0.058141116,0.14972089,0.42225164,0.06953045
HAM_0000338,ISIC_0028631,nv,histo,30.0,male,back,data/raw/HAM10000_images_part_1/ISIC_0028631.jpg,test,5,5,nv,nv,0.61214393,True,nv → nv,0.06207388,0.09640794,0.032738466,0.054789685,0.12635793,0.61214393,0.015488208
HAM_0001319,ISIC_0026053,nv,histo,70.0,male,back,data/raw/HAM10000_images_part_1/ISIC_0026053.jpg,test,5,4,nv,mel,0.4786247,False,nv → mel,0.04003033,0.08625045,0.07329824,0.011797344,0.4786247,0.30107895,0.008920029
HAM_0001319,ISIC_0028599,nv,histo,70.0,male,back,data/raw/HAM10000_images_part_1/ISIC_0028599.jpg,test,5,4,nv,mel,0.27512282,False,nv → mel,0.08021684,0.20325652,0.16950111,0.02435135,0.27512282,0.23005868,0.01749269
HAM_0003117,ISIC_0027917,nv,histo,35.0,male,upper extremity,data/raw/HAM10000_images_part_1/ISIC_0027917.jpg,test,5,5,nv,nv,0.36839163,True,nv → nv,0.02465165,0.04718781,0.19350873,0.09211072,0.14993572,0.36839163,0.124213696
HAM_0003241,ISIC_0030079,nv,histo,40.0,male,back,data/raw/HAM10000_images_part_2/ISIC_0030079.jpg,test,5,5,nv,nv,0.5003842,True,nv → nv,0.05266229,0.027006185,0.10545541,0.027814649,0.2693426,0.5003842,0.017334677
HAM_0003241,ISIC_0024908,nv,histo,40.0,male,back,data/raw/HAM10000_images_part_1/ISIC_0024908.jpg,test,5,5,nv,nv,0.49363193,True,nv → nv,0.06021962,0.030076927,0.11218582,0.029386781,0.255975,0.49363193,0.01852392
HAM_0002794,ISIC_0031596,nv,histo,55.0,female,back,data/raw/HAM10000_images_part_2/ISIC_0031596.jpg,test,5,5,nv,nv,0.4264706,True,nv → nv,0.0444555,0.02088405,0.17777912,0.03293488,0.281961,0.4264706,0.015514777
HAM_0007510,ISIC_0027382,nv,histo,20.0,female,lower extremity,data/raw/HAM10000_images_part_1/ISIC_0027382.jpg,test,5,5,nv,nv,0.6984339,True,nv → nv,0.009651125,0.0049495967,0.056720044,0.027342658,0.10581419,0.6984339,0.09708851
HAM_0003058,ISIC_0028032,nv,histo,70.0,male,back,data/raw/HAM10000_images_part_1/ISIC_0028032.jpg,test,5,5,nv,nv,0.49682567,True,nv → nv,0.06745323,0.044679184,0.07350225,0.03480405,0.2709922,0.49682567,0.0117435
HAM_0007263,ISIC_0028130,nv,histo,50.0,female,lower extremity,data/raw/HAM10000_images_part_1/ISIC_0028130.jpg,test,5,5,nv,nv,0.38446498,True,nv → nv,0.063295,0.029638125,0.23518735,0.029917043,0.2501934,0.38446498,0.0073042065
HAM_0006118,ISIC_0028400,nv,histo,65.0,male,back,data/raw/HAM10000_images_part_1/ISIC_0028400.jpg,test,5,0,nv,akiec,0.27555382,False,nv → akiec,0.27555382,0.1377277,0.26015335,0.047243025,0.14658056,0.11877426,0.013967214
HAM_0002518,ISIC_0032028,nv,histo,60.0,male,abdomen,data/raw/HAM10000_images_part_2/ISIC_0032028.jpg,test,5,4,nv,mel,0.3100856,False,nv → mel,0.1686138,0.03985604,0.1597794,0.033770368,0.3100856,0.2828641,0.005030736
HAM_0005822,ISIC_0029054,nv,histo,45.0,male,upper extremity,data/raw/HAM10000_images_part_1/ISIC_0029054.jpg,test,5,5,nv,nv,0.57415175,True,nv → nv,0.03191066,0.019366998,0.08040305,0.020779658,0.25927234,0.57415175,0.014115587
HAM_0004806,ISIC_0032327,nv,histo,80.0,male,back,data/raw/HAM10000_images_part_2/ISIC_0032327.jpg,test,5,2,nv,bkl,0.47490588,False,nv → bkl,0.06269891,0.011032095,0.47490588,0.014942613,0.2690673,0.15130757,0.01604575
HAM_0004534,ISIC_0024363,nv,histo,40.0,male,back,data/raw/HAM10000_images_part_1/ISIC_0024363.jpg,test,5,5,nv,nv,0.87524307,True,nv → nv,0.0050252425,0.0028671043,0.0122549245,0.012733927,0.07447967,0.87524307,0.017396048
HAM_0006069,ISIC_0031681,nv,histo,45.0,female,abdomen,data/raw/HAM10000_images_part_2/ISIC_0031681.jpg,test,5,5,nv,nv,0.4514979,True,nv → nv,0.059723977,0.06479449,0.16087416,0.06484805,0.12666892,0.4514979,0.07159255
HAM_0005894,ISIC_0025579,nv,histo,45.0,female,back,data/raw/HAM10000_images_part_1/ISIC_0025579.jpg,test,5,5,nv,nv,0.7982114,True,nv → nv,0.008933186,0.006110476,0.018887825,0.015014291,0.10172154,0.7982114,0.051121198
HAM_0006420,ISIC_0029905,nv,histo,50.0,female,upper extremity,data/raw/HAM10000_images_part_2/ISIC_0029905.jpg,test,5,5,nv,nv,0.39300922,True,nv → nv,0.021892956,0.016908476,0.27167392,0.012877305,0.2571339,0.39300922,0.02650418
HAM_0004806,ISIC_0031031,nv,histo,80.0,male,back,data/raw/HAM10000_images_part_2/ISIC_0031031.jpg,test,5,2,nv,bkl,0.38043588,False,nv → bkl,0.029746069,0.015909385,0.38043588,0.038919866,0.222822,0.2801813,0.031985544
HAM_0000707,ISIC_0031113,nv,histo,70.0,female,abdomen,data/raw/HAM10000_images_part_2/ISIC_0031113.jpg,test,5,5,nv,nv,0.58599794,True,nv → nv,0.013712039,0.015787547,0.0991064,0.017109849,0.22904705,0.58599794,0.039239183
HAM_0005510,ISIC_0028166,nv,histo,30.0,female,lower extremity,data/raw/HAM10000_images_part_1/ISIC_0028166.jpg,test,5,5,nv,nv,0.3721891,True,nv → nv,0.038609233,0.041115448,0.33369425,0.115356304,0.044539914,0.3721891,0.054495737
HAM_0005510,ISIC_0026406,nv,histo,30.0,female,lower extremity,data/raw/HAM10000_images_part_1/ISIC_0026406.jpg,test,5,2,nv,bkl,0.42583054,False,nv → bkl,0.021442162,0.041027892,0.42583054,0.035640076,0.14186402,0.29311514,0.04108016
HAM_0006323,ISIC_0026805,nv,histo,75.0,female,lower extremity,data/raw/HAM10000_images_part_1/ISIC_0026805.jpg,test,5,5,nv,nv,0.40629953,True,nv → nv,0.030443722,0.030821035,0.15482812,0.029982785,0.3293826,0.40629953,0.018242257
HAM_0006323,ISIC_0024680,nv,histo,75.0,female,lower extremity,data/raw/HAM10000_images_part_1/ISIC_0024680.jpg,test,5,5,nv,nv,0.52923316,True,nv → nv,0.0334557,0.056973003,0.10983954,0.03944137,0.15485963,0.52923316,0.07619765
HAM_0006323,ISIC_0029465,nv,histo,75.0,female,lower extremity,data/raw/HAM10000_images_part_2/ISIC_0029465.jpg,test,5,5,nv,nv,0.5406636,True,nv → nv,0.028720347,0.023342164,0.0808185,0.02260614,0.27275154,0.5406636,0.031097697
HAM_0006835,ISIC_0031594,nv,histo,75.0,male,chest,data/raw/HAM10000_images_part_2/ISIC_0031594.jpg,test,5,2,nv,bkl,0.29972595,False,nv → bkl,0.17526045,0.26213792,0.29972595,0.029877989,0.1368623,0.08171594,0.014419533
HAM_0004518,ISIC_0025967,nv,histo,35.0,female,upper extremity,data/raw/HAM10000_images_part_1/ISIC_0025967.jpg,test,5,5,nv,nv,0.49456373,True,nv → nv,0.028849935,0.14579593,0.066623196,0.048567757,0.15175134,0.49456373,0.0638481
HAM_0004518,ISIC_0031960,nv,histo,35.0,female,upper extremity,data/raw/HAM10000_images_part_2/ISIC_0031960.jpg,test,5,5,nv,nv,0.6519349,True,nv → nv,0.012727365,0.03912642,0.07522529,0.027916303,0.111299135,0.6519349,0.08177047
HAM_0004518,ISIC_0024578,nv,histo,35.0,female,upper extremity,data/raw/HAM10000_images_part_1/ISIC_0024578.jpg,test,5,5,nv,nv,0.68621856,True,nv → nv,0.022660237,0.027225615,0.054994512,0.033880893,0.11981334,0.68621856,0.055206876
HAM_0003836,ISIC_0031802,nv,histo,55.0,male,unknown,data/raw/HAM10000_images_part_2/ISIC_0031802.jpg,test,5,5,nv,nv,0.8206335,True,nv → nv,0.0090809725,0.021041052,0.010965267,0.01464273,0.09731289,0.8206335,0.026323581
HAM_0007342,ISIC_0030625,nv,histo,35.0,male,back,data/raw/HAM10000_images_part_2/ISIC_0030625.jpg,test,5,5,nv,nv,0.39212552,True,nv → nv,0.07583669,0.032817546,0.21676414,0.083184905,0.18320782,0.39212552,0.016063401
HAM_0002905,ISIC_0029026,nv,histo,40.0,male,neck,data/raw/HAM10000_images_part_1/ISIC_0029026.jpg,test,5,2,nv,bkl,0.4365646,False,nv → bkl,0.08444214,0.11376469,0.4365646,0.028467994,0.21154651,0.112055846,0.013158204
HAM_0005175,ISIC_0029479,nv,histo,60.0,female,back,data/raw/HAM10000_images_part_2/ISIC_0029479.jpg,test,5,2,nv,bkl,0.54659724,False,nv → bkl,0.07275949,0.033214588,0.54659724,0.03427998,0.1835977,0.11668663,0.012864467
HAM_0005175,ISIC_0032278,nv,histo,60.0,female,back,data/raw/HAM10000_images_part_2/ISIC_0032278.jpg,test,5,4,nv,mel,0.32432684,False,nv → mel,0.16133223,0.13986133,0.11496207,0.04667687,0.32432684,0.19783664,0.015003998
HAM_0007284,ISIC_0027255,nv,histo,60.0,female,back,data/raw/HAM10000_images_part_1/ISIC_0027255.jpg,test,5,5,nv,nv,0.5835586,True,nv → nv,0.046086315,0.050599035,0.09752897,0.033317715,0.17770058,0.5835586,0.011208744
HAM_0000889,ISIC_0026581,nv,histo,30.0,female,lower extremity,data/raw/HAM10000_images_part_1/ISIC_0026581.jpg,test,5,5,nv,nv,0.6966615,True,nv → nv,0.00890184,0.005538208,0.034475103,0.021121606,0.18833078,0.6966615,0.044970915
HAM_0000889,ISIC_0025936,nv,histo,30.0,female,lower extremity,data/raw/HAM10000_images_part_1/ISIC_0025936.jpg,test,5,5,nv,nv,0.8103422,True,nv → nv,0.0082540875,0.0038411876,0.0221633,0.015773946,0.11361803,0.8103422,0.026007215
HAM_0000889,ISIC_0026401,nv,histo,30.0,female,lower extremity,data/raw/HAM10000_images_part_1/ISIC_0026401.jpg,test,5,5,nv,nv,0.62738717,True,nv → nv,0.012971748,0.014233107,0.06562368,0.034243934,0.17982805,0.62738717,0.065712295
HAM_0000889,ISIC_0030370,nv,histo,30.0,female,lower extremity,data/raw/HAM10000_images_part_2/ISIC_0030370.jpg,test,5,5,nv,nv,0.7272831,True,nv → nv,0.0075786654,0.008427183,0.041597396,0.018999726,0.14010118,0.7272831,0.05601271
HAM_0006835,ISIC_0026577,nv,histo,75.0,male,chest,data/raw/HAM10000_images_part_1/ISIC_0026577.jpg,test,5,2,nv,bkl,0.43049014,False,nv → bkl,0.09545079,0.13673112,0.43049014,0.036868576,0.1109506,0.17216015,0.017348727
HAM_0006205,ISIC_0031121,nv,histo,55.0,male,chest,data/raw/HAM10000_images_part_2/ISIC_0031121.jpg,test,5,5,nv,nv,0.4474118,True,nv → nv,0.035880376,0.06674885,0.17193612,0.031257935,0.21038933,0.4474118,0.036375508
HAM_0006205,ISIC_0032034,nv,histo,55.0,male,chest,data/raw/HAM10000_images_part_2/ISIC_0032034.jpg,test,5,5,nv,nv,0.402389,True,nv → nv,0.062054686,0.06298242,0.22546017,0.07522993,0.11374323,0.402389,0.05814061
HAM_0000778,ISIC_0028602,nv,histo,30.0,female,back,data/raw/HAM10000_images_part_1/ISIC_0028602.jpg,test,5,5,nv,nv,0.62084854,True,nv → nv,0.03717696,0.111196786,0.035203062,0.035367552,0.12017548,0.62084854,0.040031623
HAM_0000976,ISIC_0030833,nv,histo,40.0,male,chest,data/raw/HAM10000_images_part_2/ISIC_0030833.jpg,test,5,4,nv,mel,0.33148834,False,nv → mel,0.056887124,0.07016008,0.18774182,0.017746313,0.33148834,0.3251049,0.010871385
HAM_0002345,ISIC_0031982,nv,histo,35.0,male,upper extremity,data/raw/HAM10000_images_part_2/ISIC_0031982.jpg,test,5,5,nv,nv,0.63122004,True,nv → nv,0.01738519,0.029899798,0.10673738,0.03368052,0.1358262,0.63122004,0.04525093
HAM_0002271,ISIC_0027840,nv,histo,65.0,female,back,data/raw/HAM10000_images_part_1/ISIC_0027840.jpg,test,5,4,nv,mel,0.4089805,False,nv → mel,0.08196406,0.053323183,0.11174153,0.030826675,0.4089805,0.29436684,0.018797185
HAM_0005197,ISIC_0030922,nv,histo,75.0,male,trunk,data/raw/HAM10000_images_part_2/ISIC_0030922.jpg,test,5,5,nv,nv,0.58337444,True,nv → nv,0.016685596,0.010065306,0.11283052,0.009900128,0.25612935,0.58337444,0.011014762
HAM_0005102,ISIC_0028128,nv,histo,55.0,male,chest,data/raw/HAM10000_images_part_1/ISIC_0028128.jpg,test,5,5,nv,nv,0.30390045,True,nv → nv,0.11119767,0.25695094,0.1502131,0.051129557,0.11376577,0.30390045,0.012842476
HAM_0006420,ISIC_0031074,nv,histo,50.0,female,upper extremity,data/raw/HAM10000_images_part_2/ISIC_0031074.jpg,test,5,2,nv,bkl,0.382571,False,nv → bkl,0.033221122,0.019743234,0.382571,0.015884409,0.23442096,0.2917983,0.022360874
HAM_0000707,ISIC_0024561,nv,histo,70.0,female,abdomen,data/raw/HAM10000_images_part_1/ISIC_0024561.jpg,test,5,5,nv,nv,0.5440312,True,nv → nv,0.019255087,0.02236111,0.12369194,0.030422777,0.1999427,0.5440312,0.060295206
HAM_0002271,ISIC_0026048,nv,histo,65.0,female,back,data/raw/HAM10000_images_part_1/ISIC_0026048.jpg,test,5,5,nv,nv,0.44027343,True,nv → nv,0.0934571,0.08323139,0.06555129,0.041809343,0.25631955,0.44027343,0.019357959
HAM_0002271,ISIC_0031930,nv,histo,65.0,female,back,data/raw/HAM10000_images_part_2/ISIC_0031930.jpg,test,5,5,nv,nv,0.40246975,True,nv → nv,0.09272907,0.039972253,0.057599116,0.03504082,0.35805646,0.40246975,0.014132521
HAM_0003754,ISIC_0029671,nv,histo,60.0,male,foot,data/raw/HAM10000_images_part_2/ISIC_0029671.jpg,test,5,5,nv,nv,0.72591764,True,nv → nv,0.01764671,0.008509618,0.029572671,0.014378986,0.14868593,0.72591764,0.055288386
HAM_0000836,ISIC_0030061,nv,histo,45.0,female,back,data/raw/HAM10000_images_part_2/ISIC_0030061.jpg,test,5,5,nv,nv,0.6138959,True,nv → nv,0.062193427,0.058947645,0.03169039,0.037421122,0.16935714,0.6138959,0.026494408
HAM_0000836,ISIC_0030960,nv,histo,45.0,female,back,data/raw/HAM10000_images_part_2/ISIC_0030960.jpg,test,5,5,nv,nv,0.46842366,True,nv → nv,0.04592355,0.1371654,0.075341664,0.025856478,0.2281079,0.46842366,0.01918126
HAM_0000836,ISIC_0030311,nv,histo,45.0,female,back,data/raw/HAM10000_images_part_2/ISIC_0030311.jpg,test,5,5,nv,nv,0.5400373,True,nv → nv,0.040973723,0.06862362,0.055731673,0.02220406,0.2571235,0.5400373,0.015306163
HAM_0000836,ISIC_0025505,nv,histo,45.0,female,back,data/raw/HAM10000_images_part_1/ISIC_0025505.jpg,test,5,5,nv,nv,0.38511476,True,nv → nv,0.13058554,0.2378714,0.027245233,0.056675576,0.1216504,0.38511476,0.040857125
HAM_0000194,ISIC_0030456,nv,histo,50.0,female,lower extremity,data/raw/HAM10000_images_part_2/ISIC_0030456.jpg,test,5,5,nv,nv,0.7735808,True,nv → nv,0.011239449,0.008235093,0.0241547,0.017591164,0.12496119,0.7735808,0.040237535
HAM_0000194,ISIC_0030942,nv,histo,50.0,female,lower extremity,data/raw/HAM10000_images_part_2/ISIC_0030942.jpg,test,5,5,nv,nv,0.54774153,True,nv → nv,0.022319142,0.038427833,0.07065145,0.029680924,0.22181542,0.54774153,0.06936375
HAM_0000976,ISIC_0031880,nv,histo,40.0,male,chest,data/raw/HAM10000_images_part_2/ISIC_0031880.jpg,test,5,2,nv,bkl,0.31323162,False,nv → bkl,0.055255912,0.036213454,0.31323162,0.033343975,0.2554939,0.29018226,0.016278934
HAM_0000500,ISIC_0029145,nv,histo,45.0,male,lower extremity,data/raw/HAM10000_images_part_1/ISIC_0029145.jpg,test,5,5,nv,nv,0.5011554,True,nv → nv,0.07412844,0.19133504,0.030022614,0.043086983,0.13701516,0.5011554,0.023256378
HAM_0000500,ISIC_0029441,nv,histo,45.0,male,lower extremity,data/raw/HAM10000_images_part_2/ISIC_0029441.jpg,test,5,5,nv,nv,0.5558469,True,nv → nv,0.049411274,0.20884319,0.022314725,0.03730269,0.10650205,0.5558469,0.019779272
HAM_0000778,ISIC_0031039,nv,histo,30.0,female,back,data/raw/HAM10000_images_part_2/ISIC_0031039.jpg,test,5,5,nv,nv,0.49103126,True,nv → nv,0.05113058,0.098096445,0.076297864,0.02493755,0.2478027,0.49103126,0.010703646
HAM_0000778,ISIC_0026665,nv,histo,30.0,female,back,data/raw/HAM10000_images_part_1/ISIC_0026665.jpg,test,5,5,nv,nv,0.6092665,True,nv → nv,0.050085925,0.0670916,0.03859406,0.040131673,0.15866987,0.6092665,0.036160417
HAM_0003434,ISIC_0028608,nv,histo,30.0,female,neck,data/raw/HAM10000_images_part_1/ISIC_0028608.jpg,test,5,5,nv,nv,0.44191676,True,nv → nv,0.046942405,0.09395742,0.161914,0.08300228,0.13143241,0.44191676,0.040834676
HAM_0003754,ISIC_0028649,nv,histo,60.0,male,foot,data/raw/HAM10000_images_part_1/ISIC_0028649.jpg,test,5,5,nv,nv,0.79873574,True,nv → nv,0.007865703,0.002982829,0.022207562,0.010746114,0.132132,0.79873574,0.025329987
HAM_0000562,ISIC_0026166,nv,histo,55.0,male,upper extremity,data/raw/HAM10000_images_part_1/ISIC_0026166.jpg,test,5,0,nv,akiec,0.28268224,False,nv → akiec,0.28268224,0.18427524,0.22285089,0.11477614,0.0905521,0.0779311,0.026932316
HAM_0006910,ISIC_0028504,nv,histo,40.0,female,lower extremity,data/raw/HAM10000_images_part_1/ISIC_0028504.jpg,test,5,5,nv,nv,0.7229344,True,nv → nv,0.022566775,0.023281291,0.024762994,0.034250747,0.115538605,0.7229344,0.056665115
HAM_0006910,ISIC_0029862,nv,histo,40.0,female,lower extremity,data/raw/HAM10000_images_part_2/ISIC_0029862.jpg,test,5,5,nv,nv,0.79893285,True,nv → nv,0.01887181,0.017450072,0.008300712,0.020383533,0.10725563,0.79893285,0.028805356
HAM_0007083,ISIC_0027959,nv,histo,85.0,male,lower extremity,data/raw/HAM10000_images_part_1/ISIC_0027959.jpg,test,5,5,nv,nv,0.5348925,True,nv → nv,0.023964502,0.03000128,0.14073522,0.031267468,0.21088953,0.5348925,0.028249482
HAM_0005450,ISIC_0030176,nv,histo,40.0,female,lower extremity,data/raw/HAM10000_images_part_2/ISIC_0030176.jpg,test,5,5,nv,nv,0.5277164,True,nv → nv,0.033423502,0.07151172,0.105235904,0.05525579,0.12826586,0.5277164,0.07859082
HAM_0000787,ISIC_0026157,nv,histo,35.0,male,back,data/raw/HAM10000_images_part_1/ISIC_0026157.jpg,test,5,4,nv,mel,0.43353313,False,nv → mel,0.041280676,0.02559799,0.22861283,0.029381284,0.43353313,0.23091258,0.010681428
HAM_0002486,ISIC_0028947,nv,histo,35.0,male,abdomen,data/raw/HAM10000_images_part_1/ISIC_0028947.jpg,test,5,5,nv,nv,0.53787553,True,nv → nv,0.020659683,0.020275412,0.106765695,0.04639038,0.15508209,0.53787553,0.11295127
HAM_0004095,ISIC_0029252,nv,histo,65.0,male,back,data/raw/HAM10000_images_part_1/ISIC_0029252.jpg,test,5,2,nv,bkl,0.4526069,False,nv → bkl,0.15660277,0.14007199,0.4526069,0.033134133,0.13516682,0.07101217,0.0114052305
HAM_0004095,ISIC_0026017,nv,histo,65.0,male,back,data/raw/HAM10000_images_part_1/ISIC_0026017.jpg,test,5,2,nv,bkl,0.68229276,False,nv → bkl,0.07513438,0.030743439,0.68229276,0.03525114,0.106127456,0.06415389,0.0062969415
HAM_0001058,ISIC_0024716,nv,histo,75.0,female,upper extremity,data/raw/HAM10000_images_part_1/ISIC_0024716.jpg,test,5,5,nv,nv,0.6075532,True,nv → nv,0.030013006,0.047663536,0.0775296,0.040401462,0.15604779,0.6075532,0.040791497
HAM_0005008,ISIC_0026580,nv,histo,60.0,male,lower extremity,data/raw/HAM10000_images_part_1/ISIC_0026580.jpg,test,5,5,nv,nv,0.48476157,True,nv → nv,0.04750827,0.07852506,0.06577105,0.04199746,0.23359132,0.48476157,0.04784525
HAM_0005008,ISIC_0030919,nv,histo,60.0,male,lower extremity,data/raw/HAM10000_images_part_2/ISIC_0030919.jpg,test,5,5,nv,nv,0.34704337,True,nv → nv,0.046953786,0.18335037,0.16337003,0.05714907,0.14538388,0.34704337,0.056749538
HAM_0004534,ISIC_0030210,nv,histo,40.0,male,back,data/raw/HAM10000_images_part_2/ISIC_0030210.jpg,test,5,5,nv,nv,0.62884414,True,nv → nv,0.02158214,0.020855967,0.040444367,0.045844365,0.11030645,0.62884414,0.13212259
HAM_0003672,ISIC_0030263,nv,histo,55.0,male,back,data/raw/HAM10000_images_part_2/ISIC_0030263.jpg,test,5,5,nv,nv,0.74089825,True,nv → nv,0.037521668,0.021364946,0.03610681,0.063052125,0.0776323,0.74089825,0.023423836
HAM_0000604,ISIC_0029208,nv,histo,35.0,male,ear,data/raw/HAM10000_images_part_1/ISIC_0029208.jpg,test,5,5,nv,nv,0.5780068,True,nv → nv,0.05985719,0.11170606,0.016288372,0.094697274,0.06610094,0.5780068,0.073343396
HAM_0005479,ISIC_0028009,nv,histo,10.0,female,hand,data/raw/HAM10000_images_part_1/ISIC_0028009.jpg,test,5,5,nv,nv,0.7382404,True,nv → nv,0.007546536,0.009590959,0.034119997,0.023872158,0.07929753,0.7382404,0.10733247
HAM_0006600,ISIC_0028891,nv,consensus,25.0,female,lower extremity,data/raw/HAM10000_images_part_1/ISIC_0028891.jpg,test,5,2,nv,bkl,0.35836706,False,nv → bkl,0.013180463,0.018933784,0.35836706,0.053994663,0.15399684,0.23742177,0.16410546
HAM_0006600,ISIC_0032018,nv,consensus,25.0,female,lower extremity,data/raw/HAM10000_images_part_2/ISIC_0032018.jpg,test,5,2,nv,bkl,0.41308552,False,nv → bkl,0.034230735,0.01591828,0.41308552,0.07653545,0.11039373,0.28978088,0.060055386
HAM_0000505,ISIC_0024902,nv,consensus,25.0,male,face,data/raw/HAM10000_images_part_1/ISIC_0024902.jpg,test,5,5,nv,nv,0.5373708,True,nv → nv,0.0120425625,0.007169882,0.07780071,0.041111,0.25708765,0.5373708,0.06741739
HAM_0000505,ISIC_0027415,nv,consensus,25.0,male,face,data/raw/HAM10000_images_part_1/ISIC_0027415.jpg,test,5,5,nv,nv,0.5580376,True,nv → nv,0.027416727,0.023711,0.05666469,0.030683424,0.2667245,0.5580376,0.036762033
HAM_0007543,ISIC_0024519,nv,consensus,55.0,female,lower extremity,data/raw/HAM10000_images_part_1/ISIC_0024519.jpg,test,5,4,nv,mel,0.29411685,False,nv → mel,0.023671536,0.06408604,0.28520876,0.01510591,0.29411685,0.27947056,0.03834035
HAM_0007543,ISIC_0026676,nv,consensus,55.0,female,lower extremity,data/raw/HAM10000_images_part_1/ISIC_0026676.jpg,test,5,4,nv,mel,0.42180848,False,nv → mel,0.026209885,0.05887269,0.1799589,0.01222631,0.42180848,0.27404392,0.026879892
HAM_0001356,ISIC_0029498,nv,consensus,60.0,female,chest,data/raw/HAM10000_images_part_2/ISIC_0029498.jpg,test,5,5,nv,nv,0.62040347,True,nv → nv,0.0079074735,0.0056931498,0.16191982,0.055943858,0.07394933,0.62040347,0.07418289
HAM_0001356,ISIC_0026333,nv,consensus,60.0,female,chest,data/raw/HAM10000_images_part_1/ISIC_0026333.jpg,test,5,5,nv,nv,0.592293,True,nv → nv,0.015922168,0.01567498,0.08613223,0.028600592,0.19766222,0.592293,0.063714854
HAM_0005531,ISIC_0028477,nv,consensus,45.0,male,lower extremity,data/raw/HAM10000_images_part_1/ISIC_0028477.jpg,test,5,5,nv,nv,0.80589867,True,nv → nv,0.005589979,0.019055627,0.039338186,0.027332706,0.06535051,0.80589867,0.037434284
HAM_0005531,ISIC_0024577,nv,consensus,45.0,male,lower extremity,data/raw/HAM10000_images_part_1/ISIC_0024577.jpg,test,5,5,nv,nv,0.75631267,True,nv → nv,0.0108635165,0.014247175,0.020344933,0.020483626,0.107511796,0.75631267,0.070236355
HAM_0004475,ISIC_0029920,nv,consensus,85.0,female,back,data/raw/HAM10000_images_part_2/ISIC_0029920.jpg,test,5,5,nv,nv,0.62043685,True,nv → nv,0.008126087,0.024138048,0.056362506,0.04276966,0.049518127,0.62043685,0.19864877
HAM_0004475,ISIC_0031188,nv,consensus,85.0,female,back,data/raw/HAM10000_images_part_2/ISIC_0031188.jpg,test,5,5,nv,nv,0.6897697,True,nv → nv,0.012748514,0.012303188,0.026339203,0.022479912,0.12910588,0.6897697,0.10725354
HAM_0005193,ISIC_0026742,nv,consensus,50.0,female,ear,data/raw/HAM10000_images_part_1/ISIC_0026742.jpg,test,5,5,nv,nv,0.58868986,True,nv → nv,0.017544553,0.007696261,0.08682512,0.033869136,0.20305729,0.58868986,0.06231781
HAM_0005193,ISIC_0028665,nv,consensus,50.0,female,ear,data/raw/HAM10000_images_part_1/ISIC_0028665.jpg,test,5,5,nv,nv,0.36413434,True,nv → nv,0.11277853,0.08643186,0.14034802,0.04490389,0.20082478,0.36413434,0.050578654
HAM_0002726,ISIC_0025860,nv,consensus,5.0,male,foot,data/raw/HAM10000_images_part_1/ISIC_0025860.jpg,test,5,5,nv,nv,0.3656352,True,nv → nv,0.024015155,0.05103529,0.33398008,0.045829486,0.11289283,0.3656352,0.06661198
HAM_0002726,ISIC_0025473,nv,consensus,5.0,male,foot,data/raw/HAM10000_images_part_1/ISIC_0025473.jpg,test,5,2,nv,bkl,0.5424388,False,nv → bkl,0.023044618,0.041573253,0.5424388,0.03263718,0.1445981,0.17502284,0.0406852
HAM_0007058,ISIC_0029786,nv,consensus,50.0,male,back,data/raw/HAM10000_images_part_2/ISIC_0029786.jpg,test,5,2,nv,bkl,0.34582478,False,nv → bkl,0.007716239,0.044786308,0.34582478,0.030847464,0.11235609,0.2324235,0.22604562
HAM_0007058,ISIC_0027642,nv,consensus,50.0,male,back,data/raw/HAM10000_images_part_1/ISIC_0027642.jpg,test,5,5,nv,nv,0.27610102,True,nv → nv,0.026708513,0.07369278,0.24497725,0.058625292,0.13007982,0.27610102,0.18981534
HAM_0004777,ISIC_0026749,nv,consensus,25.0,female,foot,data/raw/HAM10000_images_part_1/ISIC_0026749.jpg,test,5,5,nv,nv,0.46004137,True,nv → nv,0.016770827,0.025915693,0.30182198,0.049152125,0.093869515,0.46004137,0.05242843
HAM_0004777,ISIC_0029895,nv,consensus,25.0,female,foot,data/raw/HAM10000_images_part_2/ISIC_0029895.jpg,test,5,5,nv,nv,0.44466755,True,nv → nv,0.019267384,0.039234407,0.22013359,0.03651668,0.110701926,0.44466755,0.12947845
HAM_0007566,ISIC_0030479,nv,consensus,50.0,male,back,data/raw/HAM10000_images_part_2/ISIC_0030479.jpg,test,5,5,nv,nv,0.3764645,True,nv → nv,0.11859708,0.20745197,0.05650639,0.044278875,0.17474446,0.3764645,0.021956759
HAM_0007566,ISIC_0028834,nv,consensus,50.0,male,back,data/raw/HAM10000_images_part_1/ISIC_0028834.jpg,test,5,5,nv,nv,0.51427555,True,nv → nv,0.03694653,0.031879,0.12468263,0.020085508,0.24486275,0.51427555,0.027268078
HAM_0000229,ISIC_0030086,nv,consensus,35.0,female,face,data/raw/HAM10000_images_part_2/ISIC_0030086.jpg,test,5,5,nv,nv,0.6916481,True,nv → nv,0.026040055,0.0148925325,0.032799724,0.050043095,0.14371106,0.6916481,0.040865343
HAM_0005122,ISIC_0034265,nv,consensus,70.0,male,trunk,data/raw/HAM10000_images_part_2/ISIC_0034265.jpg,test,5,2,nv,bkl,0.33669123,False,nv → bkl,0.022431593,0.057401728,0.33669123,0.021095825,0.2904797,0.2227083,0.049191654
HAM_0003360,ISIC_0033140,nv,consensus,45.0,female,unknown,data/raw/HAM10000_images_part_2/ISIC_0033140.jpg,test,5,5,nv,nv,0.59640837,True,nv → nv,0.017008603,0.009805382,0.07056226,0.014907357,0.2684364,0.59640837,0.022871697
HAM_0003362,ISIC_0033313,nv,consensus,45.0,female,unknown,data/raw/HAM10000_images_part_2/ISIC_0033313.jpg,test,5,4,nv,mel,0.3523937,False,nv → mel,0.118492976,0.0696229,0.30214715,0.039536215,0.3523937,0.10383031,0.013976712
HAM_0003356,ISIC_0033105,nv,consensus,45.0,female,unknown,data/raw/HAM10000_images_part_2/ISIC_0033105.jpg,test,5,5,nv,nv,0.7595815,True,nv → nv,0.013361986,0.012040374,0.023490518,0.01969105,0.1249274,0.7595815,0.046907067
HAM_0003356,ISIC_0032572,nv,consensus,45.0,female,unknown,data/raw/HAM10000_images_part_2/ISIC_0032572.jpg,test,5,5,nv,nv,0.61159843,True,nv → nv,0.014742726,0.010440164,0.065045476,0.013336662,0.25788987,0.61159843,0.02694667
HAM_0004387,ISIC_0033132,nv,consensus,55.0,female,trunk,data/raw/HAM10000_images_part_2/ISIC_0033132.jpg,test,5,4,nv,mel,0.45501712,False,nv → mel,0.01605824,0.0069476506,0.1730177,0.009975054,0.45501712,0.3320261,0.0069581936
HAM_0004387,ISIC_0033821,nv,consensus,55.0,female,trunk,data/raw/HAM10000_images_part_2/ISIC_0033821.jpg,test,5,4,nv,mel,0.39404458,False,nv → mel,0.016563889,0.009205866,0.24555604,0.008203854,0.39404458,0.3212032,0.0052225776
HAM_0002569,ISIC_0034018,nv,consensus,30.0,male,back,data/raw/HAM10000_images_part_2/ISIC_0034018.jpg,test,5,5,nv,nv,0.7133436,True,nv → nv,0.030978434,0.025208035,0.021728478,0.036062405,0.114132635,0.7133436,0.058546305
HAM_0002074,ISIC_0032575,nv,consensus,40.0,female,face,data/raw/HAM10000_images_part_2/ISIC_0032575.jpg,test,5,5,nv,nv,0.591041,True,nv → nv,0.006918561,0.006913222,0.09763249,0.010329247,0.25377724,0.591041,0.03338822
HAM_0002074,ISIC_0032793,nv,consensus,40.0,female,face,data/raw/HAM10000_images_part_2/ISIC_0032793.jpg,test,5,5,nv,nv,0.4393483,True,nv → nv,0.010642727,0.0073867813,0.17471589,0.008852594,0.31675854,0.4393483,0.042295143
HAM_0004349,ISIC_0033896,nv,consensus,40.0,female,unknown,data/raw/HAM10000_images_part_2/ISIC_0033896.jpg,test,5,5,nv,nv,0.5541597,True,nv → nv,0.05482175,0.05717295,0.044819176,0.041930918,0.22369663,0.5541597,0.02339887
HAM_0004351,ISIC_0034193,nv,consensus,40.0,female,unknown,data/raw/HAM10000_images_part_2/ISIC_0034193.jpg,test,5,5,nv,nv,0.7372302,True,nv → nv,0.014467407,0.009944576,0.026813397,0.018598396,0.12362419,0.7372302,0.06932186
HAM_0003813,ISIC_0033173,nv,consensus,40.0,male,unknown,data/raw/HAM10000_images_part_2/ISIC_0033173.jpg,test,5,5,nv,nv,0.50790346,True,nv → nv,0.041053973,0.05337531,0.05916298,0.064482786,0.15936852,0.50790346,0.11465302
HAM_0006233,ISIC_0033290,nv,consensus,60.0,male,unknown,data/raw/HAM10000_images_part_2/ISIC_0033290.jpg,test,5,5,nv,nv,0.52574575,True,nv → nv,0.047415975,0.050583985,0.08221826,0.035915043,0.20654984,0.52574575,0.051571164
HAM_0006237,ISIC_0034072,nv,consensus,60.0,male,unknown,data/raw/HAM10000_images_part_2/ISIC_0034072.jpg,test,5,2,nv,bkl,0.39268544,False,nv → bkl,0.13684209,0.15646547,0.39268544,0.0502621,0.13049996,0.07156601,0.061678838
HAM_0006236,ISIC_0033741,nv,consensus,60.0,male,unknown,data/raw/HAM10000_images_part_2/ISIC_0033741.jpg,test,5,5,nv,nv,0.3968507,True,nv → nv,0.04526565,0.14538811,0.08946527,0.07010378,0.0725943,0.3968507,0.18033218
HAM_0006232,ISIC_0033043,nv,consensus,60.0,male,unknown,data/raw/HAM10000_images_part_2/ISIC_0033043.jpg,test,5,5,nv,nv,0.33098036,True,nv → nv,0.030891772,0.08402952,0.04471679,0.1386595,0.06969554,0.33098036,0.30102643
HAM_0006230,ISIC_0032632,nv,consensus,60.0,male,unknown,data/raw/HAM10000_images_part_2/ISIC_0032632.jpg,test,5,5,nv,nv,0.45256168,True,nv → nv,0.04530384,0.09134885,0.026464574,0.07246416,0.06647094,0.45256168,0.24538597
HAM_0004214,ISIC_0034248,nv,consensus,40.0,female,unknown,data/raw/HAM10000_images_part_2/ISIC_0034248.jpg,test,5,5,nv,nv,0.3724476,True,nv → nv,0.09196016,0.06551208,0.1388492,0.049348395,0.2594781,0.3724476,0.022404343
HAM_0004208,ISIC_0033892,nv,consensus,40.0,female,unknown,data/raw/HAM10000_images_part_2/ISIC_0033892.jpg,test,5,5,nv,nv,0.38963178,True,nv → nv,0.13389263,0.118351616,0.021498855,0.045799978,0.2645919,0.38963178,0.026233256
HAM_0004181,ISIC_0032571,nv,consensus,40.0,female,unknown,data/raw/HAM10000_images_part_2/ISIC_0032571.jpg,test,5,1,nv,bcc,0.39281234,False,nv → bcc,0.15262534,0.39281234,0.051139273,0.06801776,0.16771881,0.13700126,0.030685259
HAM_0004194,ISIC_0033101,nv,consensus,40.0,female,unknown,data/raw/HAM10000_images_part_2/ISIC_0033101.jpg,test,5,1,nv,bcc,0.39762062,False,nv → bcc,0.13024357,0.39762062,0.07512063,0.03661652,0.20745668,0.11447821,0.038463823
HAM_0004183,ISIC_0032606,nv,consensus,40.0,female,unknown,data/raw/HAM10000_images_part_2/ISIC_0032606.jpg,test,5,5,nv,nv,0.45850345,True,nv → nv,0.03992777,0.027588505,0.095408864,0.032685634,0.33139968,0.45850345,0.014486114
HAM_0004210,ISIC_0034081,nv,consensus,40.0,female,unknown,data/raw/HAM10000_images_part_2/ISIC_0034081.jpg,test,5,5,nv,nv,0.47099608,True,nv → nv,0.04376835,0.11733542,0.06609249,0.06185248,0.19226904,0.47099608,0.047686215
HAM_0004198,ISIC_0033481,nv,consensus,40.0,female,unknown,data/raw/HAM10000_images_part_2/ISIC_0033481.jpg,test,5,5,nv,nv,0.40370548,True,nv → nv,0.062923186,0.10009732,0.12039235,0.05183046,0.23421185,0.40370548,0.02683938
HAM_0004216,ISIC_0034312,nv,consensus,40.0,female,unknown,data/raw/HAM10000_images_part_2/ISIC_0034312.jpg,test,5,5,nv,nv,0.49134377,True,nv → nv,0.087329805,0.16681382,0.025503464,0.08264295,0.086150855,0.49134377,0.06021531
HAM_0002037,ISIC_0033733,nv,consensus,,unknown,unknown,data/raw/HAM10000_images_part_2/ISIC_0033733.jpg,test,5,5,nv,nv,0.51781785,True,nv → nv,0.021502221,0.036968987,0.08986183,0.043623485,0.2350819,0.51781785,0.055143718
HAM_0004430,ISIC_0032789,nv,consensus,,unknown,unknown,data/raw/HAM10000_images_part_2/ISIC_0032789.jpg,test,5,5,nv,nv,0.5998675,True,nv → nv,0.025234599,0.037055105,0.111381456,0.043769706,0.062273186,0.5998675,0.120418414
HAM_0003034,ISIC_0033187,nv,consensus,,unknown,unknown,data/raw/HAM10000_images_part_2/ISIC_0033187.jpg,test,5,5,nv,nv,0.6933044,True,nv → nv,0.008861115,0.006839136,0.06152856,0.016372567,0.16561377,0.6933044,0.047480367
HAM_0002402,ISIC_0033515,nv,consensus,,unknown,unknown,data/raw/HAM10000_images_part_2/ISIC_0033515.jpg,test,5,5,nv,nv,0.5494039,True,nv → nv,0.03609396,0.03788944,0.06812835,0.033624124,0.24709272,0.5494039,0.027767478
HAM_0003300,ISIC_0034195,nv,consensus,,unknown,unknown,data/raw/HAM10000_images_part_2/ISIC_0034195.jpg,test,5,5,nv,nv,0.79489017,True,nv → nv,0.01197506,0.0073243235,0.011040293,0.01677236,0.13610607,0.79489017,0.021891763
HAM_0003808,ISIC_0034040,bkl,consensus,40.0,male,unknown,data/raw/HAM10000_images_part_2/ISIC_0034040.jpg,test,2,5,bkl,nv,0.53196144,False,bkl → nv,0.0031487658,0.0035888497,0.1942789,0.010782913,0.221078,0.53196144,0.035161123
HAM_0001410,ISIC_0029143,nv,consensus,15.0,female,chest,data/raw/HAM10000_images_part_1/ISIC_0029143.jpg,test,5,5,nv,nv,0.41261244,True,nv → nv,0.012271214,0.042903494,0.10755053,0.07241608,0.05271156,0.41261244,0.29953468
HAM_0002554,ISIC_0028585,nv,consensus,30.0,male,back,data/raw/HAM10000_images_part_1/ISIC_0028585.jpg,test,5,5,nv,nv,0.28084633,True,nv → nv,0.1675297,0.15469518,0.076156065,0.051861312,0.19064401,0.28084633,0.07826745
HAM_0007609,ISIC_0026326,nv,consensus,30.0,male,face,data/raw/HAM10000_images_part_1/ISIC_0026326.jpg,test,5,1,nv,bcc,0.39769238,False,nv → bcc,0.078213476,0.39769238,0.14937492,0.044259086,0.12840465,0.108525045,0.09353047
HAM_0002554,ISIC_0032102,nv,consensus,30.0,male,back,data/raw/HAM10000_images_part_2/ISIC_0032102.jpg,test,5,5,nv,nv,0.27576745,True,nv → nv,0.07733551,0.0898237,0.2540625,0.033231292,0.20601103,0.27576745,0.063768566
HAM_0001410,ISIC_0024830,nv,consensus,15.0,female,chest,data/raw/HAM10000_images_part_1/ISIC_0024830.jpg,test,5,6,nv,vasc,0.5489355,False,nv → vasc,0.002098572,0.017180396,0.22287787,0.0168746,0.023895187,0.16813795,0.5489355
HAM_0000673,ISIC_0029659,akiec,histo,70.0,female,face,data/raw/HAM10000_images_part_2/ISIC_0029659.jpg,test,0,0,akiec,akiec,0.44778135,True,akiec → akiec,0.44778135,0.10828986,0.1447443,0.0319106,0.19857645,0.06272986,0.0059674974
HAM_0006898,ISIC_0029041,akiec,histo,80.0,male,scalp,data/raw/HAM10000_images_part_1/ISIC_0029041.jpg,test,0,2,akiec,bkl,0.4551463,False,akiec → bkl,0.17056957,0.049490746,0.4551463,0.034571387,0.21514973,0.065703556,0.009368786
HAM_0006898,ISIC_0031040,akiec,histo,80.0,male,scalp,data/raw/HAM10000_images_part_2/ISIC_0031040.jpg,test,0,2,akiec,bkl,0.31634307,False,akiec → bkl,0.105410196,0.18335336,0.31634307,0.014797435,0.3070387,0.054819934,0.018237263
HAM_0001694,ISIC_0032173,akiec,histo,80.0,female,upper extremity,data/raw/HAM10000_images_part_2/ISIC_0032173.jpg,test,0,0,akiec,akiec,0.27325442,True,akiec → akiec,0.27325442,0.15259096,0.21806823,0.044601202,0.22425856,0.068356976,0.01886958
HAM_0001526,ISIC_0027795,akiec,histo,70.0,male,ear,data/raw/HAM10000_images_part_1/ISIC_0027795.jpg,test,0,4,akiec,mel,0.37516847,False,akiec → mel,0.34454542,0.03549252,0.20008901,0.022189502,0.37516847,0.01912188,0.0033932035
HAM_0005027,ISIC_0032329,akiec,histo,85.0,female,back,data/raw/HAM10000_images_part_2/ISIC_0032329.jpg,test,0,0,akiec,akiec,0.2988899,True,akiec → akiec,0.2988899,0.13641684,0.15048721,0.061096504,0.19147535,0.12314236,0.038491778
HAM_0003422,ISIC_0031198,akiec,histo,55.0,female,neck,data/raw/HAM10000_images_part_2/ISIC_0031198.jpg,test,0,0,akiec,akiec,0.3204397,True,akiec → akiec,0.3204397,0.17579389,0.12029718,0.04028585,0.2712389,0.057820577,0.01412395
HAM_0006898,ISIC_0030242,akiec,histo,80.0,male,scalp,data/raw/HAM10000_images_part_2/ISIC_0030242.jpg,test,0,0,akiec,akiec,0.3141333,True,akiec → akiec,0.3141333,0.097038195,0.19528234,0.037677385,0.270857,0.072301574,0.012710132
HAM_0006893,ISIC_0027084,akiec,histo,65.0,female,lower extremity,data/raw/HAM10000_images_part_1/ISIC_0027084.jpg,test,0,1,akiec,bcc,0.3444138,False,akiec → bcc,0.107325256,0.3444138,0.06804309,0.040468603,0.107267514,0.31893656,0.013545273
HAM_0004522,ISIC_0028381,akiec,histo,55.0,female,neck,data/raw/HAM10000_images_part_1/ISIC_0028381.jpg,test,0,4,akiec,mel,0.4377716,False,akiec → mel,0.12243567,0.05409445,0.191849,0.036876652,0.4377716,0.15114531,0.0058272956
HAM_0005354,ISIC_0026625,akiec,histo,60.0,male,face,data/raw/HAM10000_images_part_1/ISIC_0026625.jpg,test,0,0,akiec,akiec,0.37453005,True,akiec → akiec,0.37453005,0.10016602,0.16783689,0.080551036,0.13947387,0.10667235,0.030769771
HAM_0004441,ISIC_0031852,akiec,histo,85.0,female,upper extremity,data/raw/HAM10000_images_part_2/ISIC_0031852.jpg,test,0,4,akiec,mel,0.3295284,False,akiec → mel,0.14492138,0.057770677,0.12258026,0.02841231,0.3295284,0.30393872,0.012848183
HAM_0003146,ISIC_0026992,akiec,histo,85.0,male,upper extremity,data/raw/HAM10000_images_part_1/ISIC_0026992.jpg,test,0,4,akiec,mel,0.3704897,False,akiec → mel,0.17195588,0.04204241,0.11213793,0.028972194,0.3704897,0.26792973,0.006472266
HAM_0003146,ISIC_0029563,akiec,histo,85.0,male,upper extremity,data/raw/HAM10000_images_part_2/ISIC_0029563.jpg,test,0,4,akiec,mel,0.34747538,False,akiec → mel,0.0906272,0.04116862,0.20447022,0.04958878,0.34747538,0.2523096,0.014360285
HAM_0002441,ISIC_0030491,akiec,histo,80.0,male,scalp,data/raw/HAM10000_images_part_2/ISIC_0030491.jpg,test,0,2,akiec,bkl,0.30456284,False,akiec → bkl,0.29247004,0.07872658,0.30456284,0.02937113,0.21975484,0.06915838,0.0059560826
HAM_0001967,ISIC_0029860,akiec,histo,85.0,male,chest,data/raw/HAM10000_images_part_2/ISIC_0029860.jpg,test,0,4,akiec,mel,0.47119844,False,akiec → mel,0.042590477,0.26024184,0.04470946,0.007454887,0.47119844,0.16385622,0.009948669
HAM_0006434,ISIC_0028314,akiec,histo,60.0,male,lower extremity,data/raw/HAM10000_images_part_1/ISIC_0028314.jpg,test,0,1,akiec,bcc,0.35963678,False,akiec → bcc,0.23647287,0.35963678,0.11555299,0.02427312,0.20368992,0.049320396,0.011053955
HAM_0005027,ISIC_0026138,akiec,histo,85.0,female,back,data/raw/HAM10000_images_part_1/ISIC_0026138.jpg,test,0,0,akiec,akiec,0.27028447,True,akiec → akiec,0.27028447,0.25949714,0.16444103,0.081322044,0.092264995,0.06621937,0.06597102
HAM_0005924,ISIC_0030953,akiec,histo,80.0,female,upper extremity,data/raw/HAM10000_images_part_2/ISIC_0030953.jpg,test,0,4,akiec,mel,0.3223815,False,akiec → mel,0.10357769,0.05925006,0.18520549,0.045066874,0.3223815,0.27190238,0.012616023
HAM_0005924,ISIC_0025196,akiec,histo,80.0,female,upper extremity,data/raw/HAM10000_images_part_1/ISIC_0025196.jpg,test,0,4,akiec,mel,0.32821682,False,akiec → mel,0.15679523,0.09529935,0.31091672,0.025282754,0.32821682,0.07051494,0.012974208
HAM_0006213,ISIC_0025182,akiec,histo,60.0,female,hand,data/raw/HAM10000_images_part_1/ISIC_0025182.jpg,test,0,1,akiec,bcc,0.53219205,False,akiec → bcc,0.07923789,0.53219205,0.02558458,0.072896786,0.046545383,0.19954339,0.043999843
HAM_0003262,ISIC_0026212,akiec,histo,45.0,male,face,data/raw/HAM10000_images_part_1/ISIC_0026212.jpg,test,0,0,akiec,akiec,0.2956948,True,akiec → akiec,0.2956948,0.1267473,0.21178792,0.06847142,0.13464272,0.1387918,0.02386408
HAM_0006483,ISIC_0032371,akiec,histo,75.0,male,upper extremity,data/raw/HAM10000_images_part_2/ISIC_0032371.jpg,test,0,1,akiec,bcc,0.44884923,False,akiec → bcc,0.30034608,0.44884923,0.06327318,0.02471181,0.10866154,0.043159585,0.010998538
HAM_0002441,ISIC_0031381,akiec,histo,80.0,male,scalp,data/raw/HAM10000_images_part_2/ISIC_0031381.jpg,test,0,0,akiec,akiec,0.34591562,True,akiec → akiec,0.34591562,0.056005877,0.20563595,0.030707363,0.24574466,0.102879465,0.013111107
HAM_0002646,ISIC_0028558,akiec,histo,75.0,male,face,data/raw/HAM10000_images_part_1/ISIC_0028558.jpg,test,0,2,akiec,bkl,0.341162,False,akiec → bkl,0.10855711,0.09481048,0.341162,0.048337393,0.11258136,0.21532208,0.07922968
HAM_0006879,ISIC_0029573,akiec,histo,70.0,male,lower extremity,data/raw/HAM10000_images_part_2/ISIC_0029573.jpg,test,0,0,akiec,akiec,0.3515976,True,akiec → akiec,0.3515976,0.17554374,0.13174294,0.028376324,0.23856707,0.063761786,0.0104105305
HAM_0003633,ISIC_0030280,akiec,histo,70.0,male,upper extremity,data/raw/HAM10000_images_part_2/ISIC_0030280.jpg,test,0,0,akiec,akiec,0.34058738,True,akiec → akiec,0.34058738,0.2670201,0.11671497,0.03308527,0.19369057,0.0345702,0.014331573
HAM_0004439,ISIC_0031672,akiec,histo,55.0,female,face,data/raw/HAM10000_images_part_2/ISIC_0031672.jpg,test,0,2,akiec,bkl,0.24654752,False,akiec → bkl,0.21443269,0.15871377,0.24654752,0.07227313,0.1029469,0.1728058,0.03228013
HAM_0004439,ISIC_0030986,akiec,histo,55.0,female,face,data/raw/HAM10000_images_part_2/ISIC_0030986.jpg,test,0,0,akiec,akiec,0.27993324,True,akiec → akiec,0.27993324,0.11186777,0.21353634,0.06379331,0.14954259,0.1565197,0.02480706
HAM_0004439,ISIC_0031431,akiec,histo,55.0,female,face,data/raw/HAM10000_images_part_2/ISIC_0031431.jpg,test,0,5,akiec,nv,0.24183547,False,akiec → nv,0.15644515,0.21082728,0.19906907,0.07075434,0.07278075,0.24183547,0.048287924
HAM_0002646,ISIC_0029781,akiec,histo,75.0,male,face,data/raw/HAM10000_images_part_2/ISIC_0029781.jpg,test,0,2,akiec,bkl,0.22846858,False,akiec → bkl,0.17581216,0.20806028,0.22846858,0.04284891,0.16155279,0.10955971,0.07369757
HAM_0000909,ISIC_0026981,akiec,histo,55.0,male,lower extremity,data/raw/HAM10000_images_part_1/ISIC_0026981.jpg,test,0,5,akiec,nv,0.33513924,False,akiec → nv,0.17661643,0.24542205,0.060610153,0.08474709,0.08478475,0.33513924,0.012680324
HAM_0000909,ISIC_0031286,akiec,histo,55.0,male,lower extremity,data/raw/HAM10000_images_part_2/ISIC_0031286.jpg,test,0,5,akiec,nv,0.4700474,False,akiec → nv,0.113656566,0.10598762,0.06857359,0.041551925,0.1902714,0.4700474,0.009911508
HAM_0006180,ISIC_0026905,akiec,histo,70.0,male,upper extremity,data/raw/HAM10000_images_part_1/ISIC_0026905.jpg,test,0,0,akiec,akiec,0.3359551,True,akiec → akiec,0.3359551,0.07744806,0.23665549,0.014992619,0.30980045,0.023496093,0.0016522409
HAM_0006524,ISIC_0031228,akiec,histo,65.0,male,ear,data/raw/HAM10000_images_part_2/ISIC_0031228.jpg,test,0,0,akiec,akiec,0.31987974,True,akiec → akiec,0.31987974,0.11883565,0.08203524,0.10584468,0.16064605,0.18900958,0.023749044
HAM_0006524,ISIC_0024763,akiec,histo,65.0,male,ear,data/raw/HAM10000_images_part_1/ISIC_0024763.jpg,test,0,0,akiec,akiec,0.4664897,True,akiec → akiec,0.4664897,0.1732976,0.07558601,0.054158345,0.128177,0.08481877,0.017472623
HAM_0006434,ISIC_0028076,akiec,histo,60.0,male,lower extremity,data/raw/HAM10000_images_part_1/ISIC_0028076.jpg,test,0,1,akiec,bcc,0.26297465,False,akiec → bcc,0.17311111,0.26297465,0.19461739,0.027416585,0.19080512,0.14648786,0.0045872247
HAM_0006434,ISIC_0030142,akiec,histo,60.0,male,lower extremity,data/raw/HAM10000_images_part_2/ISIC_0030142.jpg,test,0,1,akiec,bcc,0.5246141,False,akiec → bcc,0.22118361,0.5246141,0.09868895,0.03192162,0.075667545,0.037581053,0.010343138
HAM_0001967,ISIC_0025471,akiec,histo,85.0,male,chest,data/raw/HAM10000_images_part_1/ISIC_0025471.jpg,test,0,1,akiec,bcc,0.47513628,False,akiec → bcc,0.055959497,0.47513628,0.074777424,0.020623926,0.25554094,0.061154112,0.05680773
HAM_0007038,ISIC_0032404,akiec,histo,70.0,male,face,data/raw/HAM10000_images_part_2/ISIC_0032404.jpg,test,0,0,akiec,akiec,0.28222188,True,akiec → akiec,0.28222188,0.123451695,0.20307511,0.06647317,0.18077935,0.109936886,0.034061883
HAM_0007047,ISIC_0025957,akiec,histo,60.0,female,lower extremity,data/raw/HAM10000_images_part_1/ISIC_0025957.jpg,test,0,1,akiec,bcc,0.4452214,False,akiec → bcc,0.09791974,0.4452214,0.055326235,0.019060234,0.2362271,0.13000713,0.01623818
HAM_0007047,ISIC_0025605,akiec,histo,60.0,female,lower extremity,data/raw/HAM10000_images_part_1/ISIC_0025605.jpg,test,0,4,akiec,mel,0.49973837,False,akiec → mel,0.053087957,0.094498344,0.08999126,0.01862605,0.49973837,0.22859675,0.015461327
HAM_0007088,ISIC_0024800,akiec,histo,50.0,male,back,data/raw/HAM10000_images_part_1/ISIC_0024800.jpg,test,0,2,akiec,bkl,0.44400144,False,akiec → bkl,0.18434905,0.12322125,0.44400144,0.018520448,0.111745074,0.101107635,0.017055077
HAM_0007308,ISIC_0026848,akiec,histo,55.0,male,face,data/raw/HAM10000_images_part_1/ISIC_0026848.jpg,test,0,2,akiec,bkl,0.27571452,False,akiec → bkl,0.1255677,0.08357644,0.27571452,0.13714491,0.08822597,0.273056,0.016714543
HAM_0001520,ISIC_0027294,akiec,histo,75.0,female,lower extremity,data/raw/HAM10000_images_part_1/ISIC_0027294.jpg,test,0,5,akiec,nv,0.27233008,False,akiec → nv,0.09647519,0.111720935,0.14527427,0.06848084,0.21784015,0.27233008,0.0878785
HAM_0006587,ISIC_0025780,akiec,histo,70.0,male,face,data/raw/HAM10000_images_part_1/ISIC_0025780.jpg,test,0,0,akiec,akiec,0.41732058,True,akiec → akiec,0.41732058,0.104857564,0.20256147,0.02652503,0.20183294,0.041553523,0.0053488268
HAM_0002699,ISIC_0029827,akiec,histo,60.0,male,back,data/raw/HAM10000_images_part_2/ISIC_0029827.jpg,test,0,4,akiec,mel,0.30738598,False,akiec → mel,0.13165133,0.23205101,0.068029076,0.047989983,0.30738598,0.19987449,0.013018092
HAM_0006902,ISIC_0031506,akiec,histo,70.0,male,hand,data/raw/HAM10000_images_part_2/ISIC_0031506.jpg,test,0,2,akiec,bkl,0.5944886,False,akiec → bkl,0.13878933,0.07427078,0.5944886,0.03136858,0.098605506,0.05880904,0.0036681974
HAM_0001505,ISIC_0024511,akiec,histo,55.0,female,face,data/raw/HAM10000_images_part_1/ISIC_0024511.jpg,test,0,5,akiec,nv,0.35502055,False,akiec → nv,0.14485213,0.09822323,0.1347249,0.057392586,0.1926592,0.35502055,0.017127475
HAM_0006180,ISIC_0027615,akiec,histo,70.0,male,upper extremity,data/raw/HAM10000_images_part_1/ISIC_0027615.jpg,test,0,2,akiec,bkl,0.3603133,False,akiec → bkl,0.18417615,0.0609143,0.3603133,0.02245972,0.31854892,0.048498888,0.005088702
HAM_0006180,ISIC_0028990,akiec,histo,70.0,male,upper extremity,data/raw/HAM10000_images_part_1/ISIC_0028990.jpg,test,0,4,akiec,mel,0.28177872,False,akiec → mel,0.22457138,0.21437259,0.18184559,0.032512367,0.28177872,0.044068474,0.02085079
HAM_0001576,ISIC_0033705,akiec,histo,60.0,male,face,data/raw/HAM10000_images_part_2/ISIC_0033705.jpg,test,0,0,akiec,akiec,0.41420943,True,akiec → akiec,0.41420943,0.11834066,0.103668354,0.046196416,0.14981088,0.15506764,0.012706773
